theme,domain,times_cited,times_appeared,cite_through_ratio,domain_rating
attachment,www.reddit.com,117,348,117/224,95.0
attachment,en.wikipedia.org,82,96,82/135,97.0
attachment,engineerfix.com,41,136,41/92,56.0
attachment,pmc.ncbi.nlm.nih.gov,16,92,16/62,95.0
attachment,www.merriam-webster.com,29,75,29/61,91.0
attachment,www.psychologytoday.com,23,71,23/54,93.0
attachment,pubmed.ncbi.nlm.nih.gov,31,85,31/53,95.0
attachment,dictionary.cambridge.org,13,80,13/48,92.0
attachment,www.sciencedirect.com,13,65,13/45,94.0
attachment,www.homedepot.com,15,71,15/44,90.0
attachment,www.dictionary.com,7,25,7/43,90.0
attachment,www.consumerreports.org,13,51,13/40,90.0
attachment,www.collinsdictionary.com,7,43,7/38,86.0
attachment,en.wiktionary.org,2,29,2/38,91.0
attachment,www.tomsguide.com,12,29,12/37,87.0
attachment,www.osha.gov,31,63,31/36,91.0
attachment,www.wired.com,15,24,15/35,92.0
attachment,www.healthychildren.org,17,62,17/33,89.0
attachment,legalclarity.org,7,45,7/31,76.0
attachment,www.thisoldhouse.com,16,49,16/31,86.0
attachment,www.lowes.com,10,33,10/29,88.0
attachment,www.walmart.com,5,41,5/28,92.0
attachment,www.cdc.gov,10,39,10/27,94.0
attachment,www.goodreads.com,8,45,8/27,92.0
attachment,www.forbes.com,10,18,10/27,94.0
attachment,lifting.com,17,11,17/26,48.0
attachment,my.clevelandclinic.org,12,14,12/26,92.0
attachment,www.travelandleisure.com,14,32,14/26,89.0
attachment,www.researchgate.net,3,24,3/23,93.0
attachment,www.ccohs.ca,15,5,15/23,83.0
attachment,www.theguardian.com,5,18,5/23,93.0
attachment,dictionary.apa.org,12,30,12/23,92.0
attachment,www.caranddriver.com,12,10,12/23,86.0
attachment,www.parents.com,13,9,13/23,87.0
attachment,www.techradar.com,7,21,7/22,91.0
attachment,obis.osha.gov,7,13,7/22,91.0
attachment,www.apple.com,11,66,11/22,97.0
attachment,www.ncbi.nlm.nih.gov,10,24,10/22,95.0
attachment,www.healthline.com,6,17,6/22,92.0
attachment,www.angi.com,9,24,9/20,90.0
attachment,www.which.co.uk,9,12,9/20,89.0
attachment,www.macworld.com,9,16,9/20,85.0
attachment,manuals.plus,6,29,6/19,75.0
attachment,www.youtube.com,5,17,5/19,99.0
attachment,www.cpsc.gov,11,72,11/19,90.0
attachment,www.globalspec.com,4,8,4/19,78.0
attachment,www.babylist.com,5,21,5/19,79.0
attachment,www.rei.com,6,35,6/19,87.0
attachment,www.fda.gov,7,27,7/18,93.0
attachment,medlineplus.gov,4,19,4/18,91.0
attachment,psychcentral.com,8,13,8/18,87.0
attachment,www.oxfordlearnersdictionaries.com,2,25,2/18,81.0
attachment,www.bobvila.com,9,17,9/18,85.0
attachment,health.clevelandclinic.org,8,13,8/18,92.0
attachment,apnews.com,14,7,14/18,92.0
attachment,www.gov.uk,5,39,5/17,94.0
attachment,www.akc.org,10,21,10/17,90.0
attachment,publications.aap.org,5,47,5/17,90.0
attachment,www.alibaba.com,6,28,6/17,92.0
attachment,www.petmd.com,12,15,12/16,85.0
attachment,www.wordreference.com,0,8,,80.0
attachment,www.law.cornell.edu,4,20,4/16,92.0
attachment,www.penguinrandomhouse.com,8,15,8/16,91.0
attachment,www.goodhousekeeping.com,4,12,4/16,90.0
attachment,www.macrumors.com,5,14,5/16,86.0
attachment,www.etrailer.com,10,30,10/15,71.0
attachment,scienceinsights.org,2,11,2/15,70.0
attachment,support.apple.com,13,41,13/15,97.0
attachment,www.simplypsychology.org,4,11,4/14,85.0
attachment,www.instructables.com,5,25,5/14,88.0
attachment,onlinelibrary.wiley.com,4,20,4/14,93.0
attachment,www.cherrypicksreviews.com,0,9,,46.0
attachment,www.thebump.com,4,7,4/14,80.0
attachment,www.techgearlab.com,4,8,4/13,69.0
attachment,www.target.com,3,35,3/13,91.0
attachment,electronics.alibaba.com,5,27,5/13,92.0
attachment,www.nhs.uk,5,10,5/13,92.0
attachment,www.frontiersin.org,3,13,3/13,92.0
attachment,www.chewy.com,4,15,4/13,87.0
attachment,www.imore.com,5,16,5/13,81.0
attachment,biologyinsights.com,1,12,1/12,71.0
attachment,bestreviews.com,6,11,6/12,76.0
attachment,www.mumsnet.com,5,8,5/12,76.0
attachment,www.dogster.com,1,10,1/12,78.0
attachment,books.apple.com,2,10,2/12,97.0
attachment,www.thule.com,9,51,9/12,81.0
attachment,www.blinkist.com,7,10,7/12,76.0
attachment,www.digitalcameraworld.com,4,14,4/12,79.0
attachment,www.shortform.com,6,19,6/12,72.0
attachment,www.packhacker.com,10,9,10/12,61.0
attachment,www.cyclingnews.com,6,11,6/12,77.0
attachment,books.google.com,8,32,8/12,99.0
attachment,www.ehow.com,2,13,2/11,84.0
attachment,osha.prod.pace.dol.gov,7,12,7/11,91.0
attachment,www.imdb.com,4,17,4/11,94.0
attachment,www.verywellmind.com,4,10,4/11,90.0
attachment,www.hunker.com,1,12,1/11,79.0
attachment,www.hgtv.com,3,14,3/11,88.0
attachment,sobrief.com,1,9,1/10,53.0
attachment,patents.justia.com,3,14,3/10,91.0
attachment,www.androidauthority.com,2,6,2/10,85.0
attachment,jamanetwork.com,2,6,2/10,91.0
attachment,www.skdin.com,2,1,2/10,1.9
attachment,www.nbcnews.com,2,7,2/10,91.0
attachment,casebx.com,1,13,1/10,30.0
attachment,www.thesprucepets.com,2,9,2/10,81.0
attachment,safetyculture.com,3,3,3/10,81.0
attachment,www.bikeradar.com,3,14,3/10,77.0
attachment,www.mindbodygreen.com,0,4,,85.0
attachment,uk.rs-online.com,2,10,2/9,83.0
attachment,www.unicef.org,6,13,6/9,91.0
attachment,psychology.com,1,3,1/9,63.0
attachment,www.androidcentral.com,1,6,1/9,83.0
attachment,www.opticsplanet.com,2,17,2/9,75.0
attachment,www.leapaheadapp.com,1,7,1/9,7.0
attachment,www.medicalnewstoday.com,3,9,3/9,91.0
attachment,www.nature.com,6,13,6/9,93.0
attachment,spep.com,3,1,3/9,30.0
attachment,www.deltathree.com,2,4,2/9,28.0
attachment,www.productsafety.gov.au,3,8,3/9,81.0
attachment,carinterior.alibaba.com,5,10,5/9,92.0
attachment,www.cbsnews.com,5,5,5/9,92.0
attachment,www.bestbuy.com,0,19,,89.0
attachment,www.511tactical.com,5,8,5/8,74.0
attachment,www.mayoclinic.org,5,9,5/8,92.0
attachment,www.scribd.com,1,12,1/8,91.0
attachment,www.canada.ca,3,13,3/8,93.0
attachment,doi.org,1,7,1/8,94.0
attachment,www.cambridge.org,3,7,3/8,92.0
attachment,www.bhg.com,5,6,5/8,88.0
attachment,www.webmd.com,1,6,1/8,92.0
attachment,www.outdoorlife.com,4,8,4/8,76.0
attachment,bulletproofzone.com,1,1,1/8,37.0
attachment,www.senmaosafety.com,1,4,1/8,0.0
attachment,www.choice.com.au,3,5,3/8,79.0
attachment,timesofindia.indiatimes.com,4,8,4/8,92.0
attachment,www.engadget.com,5,6,5/8,90.0
attachment,www.dickssportinggoods.com,3,4,3/7,83.0
attachment,cooviphair.com,1,7,1/7,20.0
attachment,www.finehomebuilding.com,3,10,3/7,76.0
attachment,engineersguidebook.com,0,1,,6.0
attachment,booksthatslay.com,1,2,1/7,27.0
attachment,www.safeopedia.com,6,5,6/7,68.0
attachment,www.dc.com,6,13,6/7,80.0
attachment,time.com,3,7,3/7,92.0
attachment,www.nsw.gov.au,1,3,1/7,92.0
attachment,eric.ed.gov,0,7,,91.0
attachment,grandlifting.com,1,3,1/7,24.0
attachment,www.bunnings.com.au,2,8,2/7,81.0
attachment,www.thespruce.com,4,7,4/7,90.0
attachment,www.wayfair.com,5,9,5/7,88.0
attachment,truepicked.com,0,5,,0.6
attachment,www.popularmechanics.com,2,7,2/7,86.0
attachment,www.petshopdirect.com.au,1,1,1/7,43.0
attachment,www.cochrane.org,4,10,4/7,86.0
attachment,progunfighter.com,1,14,1/7,18.0
attachment,www.popsockets.com,5,20,5/7,72.0
attachment,dictionary.reverso.net,0,6,,84.0
attachment,www.madeformums.com,1,10,1/7,70.0
attachment,www.grainger.com,1,7,1/7,80.0
attachment,gearjunkie.com,1,6,1/7,77.0
attachment,journals.sagepub.com,1,10,1/7,92.0
attachment,www.trustpilot.com,1,8,1/7,94.0
attachment,www.outdoorgearlab.com,6,10,6/7,75.0
attachment,testix.co.uk,3,3,3/7,0.3
attachment,link.springer.com,0,6,,93.0
attachment,www.bennetts.co.uk,4,2,4/6,70.0
attachment,bestdogcarseat.com,2,3,2/6,3.1
attachment,www.penguinrandomhouseretail.com,0,3,,62.0
attachment,www.fieldtexcases.com,3,3,3/6,22.0
attachment,www.litcharts.com,5,15,5/6,72.0
attachment,www.nimh.nih.gov,3,6,3/6,95.0
attachment,www.netflix.com,1,11,1/6,92.0
attachment,www.babygearlab.com,3,6,3/6,60.0
attachment,www.bestreviews.guide,0,9,,61.0
attachment,www.nationwidechildrens.org,2,7,2/6,81.0
attachment,papers.ssrn.com,1,4,1/6,91.0
attachment,www.homesandgardens.com,4,6,4/6,83.0
attachment,studylib.net,2,4,2/6,73.0
attachment,www.aap.org,4,4,4/6,90.0
attachment,www.whatcar.com,0,4,,74.0
attachment,www.washingtonpost.com,4,3,4/6,93.0
attachment,www.studocu.com,1,10,1/6,77.0
attachment,worksafesites.delaware.gov,0,1,,89.0
attachment,blog.peli.com,2,1,2/6,64.0
attachment,ehs.usc.edu,1,1,1/6,90.0
attachment,goodreads.com,1,8,1/6,92.0
attachment,click2future.com,2,2,2/6,0.0
attachment,military-history.fandom.com,0,2,,92.0
attachment,www.kdlnc.com,0,2,,21.0
attachment,www.southernliving.com,4,5,4/6,86.0
attachment,comicbook.com,1,7,1/6,79.0
attachment,www.independent.co.uk,2,5,2/6,91.0
attachment,anniewright.com,1,5,1/6,43.0
attachment,www.mscdirect.com,1,2,1/6,74.0
attachment,www.petcircle.com.au,2,2,2/6,67.0
attachment,www.nhtsa.gov,3,10,3/6,91.0
attachment,ehs.ncsu.edu,1,2,1/6,90.0
attachment,www.phonearena.com,2,4,2/6,80.0
attachment,podcasts.apple.com,1,8,1/6,97.0
attachment,9to5mac.com,1,6,1/6,87.0
attachment,pediatricpicks.com,0,4,,0.2
attachment,www.ikea.com,1,8,1/6,91.0
attachment,www.rover.com,2,3,2/6,84.0
attachment,www.urbandictionary.com,1,8,1/6,88.0
attachment,kaweah.freedombox.rocks,0,1,,8.0
attachment,discussions.apple.com,2,10,2/6,97.0
attachment,www.theconsumers.guide,0,7,,14.0
attachment,www.ukessays.com,3,2,3/6,70.0
attachment,www.automoblog.com,2,5,2/6,61.0
attachment,www.concealedcarry.com,4,7,4/6,57.0
attachment,www.mazzellacompanies.com,0,5,,50.0
attachment,pawpackcarrier.com,4,3,4/6,0.0
attachment,www.hhilifting.com,2,4,2/6,33.0
attachment,starwars.fandom.com,0,9,,92.0
attachment,www.creslia.com,0,2,,32.0
attachment,www.hoistmagazine.com,0,1,,44.0
attachment,www.3m.com,1,5,1/5,88.0
attachment,owiki.org,2,1,2/5,4.5
attachment,kitauthority.com,2,4,2/5,5.0
attachment,www.bhphotovideo.com,2,9,2/5,86.0
attachment,play.google.com,0,5,,99.0
attachment,people.com,4,3,4/5,91.0
attachment,www.roadandtrack.com,1,3,1/5,78.0
attachment,www.otterbox.com,0,7,,73.0
attachment,dogpacking.com,0,1,,10.0
attachment,www.doityourself.com,0,6,,77.0
attachment,www.sdwuzhoumed.com,0,1,,0.1
attachment,www.mdpi.com,0,4,,92.0
attachment,www.uscargocontrol.com,1,4,1/5,56.0
attachment,qz.com,0,3,,90.0
attachment,www.topchoice.co.uk,0,9,,27.0
attachment,www.cyclingweekly.com,1,8,1/5,77.0
attachment,www.accessdata.fda.gov,2,13,2/5,93.0
attachment,www.abc.net.au,0,4,,91.0
attachment,www.civil-war.net,1,11,1/5,44.0
attachment,www.visionalloys.com,0,2,,7.0
attachment,toystory.disney.com,2,3,2/5,89.0
attachment,knowavoidant.com,1,3,1/5,0.0
attachment,www.falltech.com,2,2,2/5,53.0
attachment,www.jlconline.com,3,8,3/5,78.0
attachment,www.kirkusreviews.com,1,5,1/5,86.0
attachment,www.architecturaldigest.com,2,5,2/5,90.0
attachment,www.who.int,4,13,4/5,93.0
attachment,www.tandfonline.com,1,4,1/5,92.0
attachment,www.slashgear.com,1,5,1/5,81.0
attachment,www.zagg.com,2,2,2/5,72.0
attachment,dgfloors.com,2,8,2/5,26.0
attachment,officialtoystory.fandom.com,1,1,1/5,92.0
attachment,openlibrary.org,0,9,,86.0
attachment,www.the-independent.com,1,3,1/5,80.0
attachment,openstax.org,4,2,4/5,81.0
attachment,www.charlesmedical.co.uk,4,2,4/5,3.6
attachment,sites.psu.edu,3,3,3/5,91.0
attachment,dogtime.com,1,5,1/5,77.0
attachment,www.cliffsnotes.com,2,2,2/5,73.0
attachment,www.safewise.com,2,5,2/5,78.0
attachment,www.caddiehq.com,5,6,5/5,18.0
attachment,www.tacticalsource.com.au,0,1,,18.0
attachment,amshq.org,3,2,3/5,77.0
attachment,aimsindustrial.com.au,0,3,,38.0
attachment,www.gunvaluesboard.com,1,9,1/5,17.0
attachment,www.perfectlocks.com,1,5,1/5,46.0
attachment,www.supersummary.com,4,6,4/5,65.0
attachment,www.attachedthebook.com,3,2,3/5,57.0
attachment,www.gameslearningsociety.org,0,3,,52.0
attachment,www.verywellhealth.com,2,6,2/5,90.0
attachment,www.pregnancybirthbaby.org.au,1,6,1/5,76.0
attachment,www.access-board.gov,3,16,3/5,86.0
attachment,www.digitaltrends.com,2,7,2/5,89.0
attachment,dogpak.com,2,2,2/5,19.0
attachment,www.yahoo.com,0,5,,94.0
attachment,thedailyfandom.org,0,2,,30.0
attachment,www.curtmfg.com,1,4,1/4,69.0
attachment,woodworkingadvisor.com,1,5,1/4,22.0
attachment,toolstash.com,1,4,1/4,36.0
attachment,www.explorepsychology.com,0,3,,44.0
attachment,cargorigging.com,1,4,1/4,0.0
attachment,pakkapick.in,2,3,2/4,29.0
attachment,www.caninejournal.com,0,3,,72.0
attachment,www.creativebloq.com,0,1,,86.0
attachment,www.eugenefast.com,2,2,2/4,2.2
attachment,dc.fandom.com,3,4,3/4,92.0
attachment,www.apple.com.cn,0,5,,80.0
attachment,hotairtag.com,0,8,,19.0
attachment,kitamaps.ch,3,1,3/4,0.4
attachment,bubsnest.co,0,3,,0.0
attachment,www.vetstreet.com,1,4,1/4,77.0
attachment,www.preventivevet.com,2,4,2/4,73.0
attachment,www.projectorcentral.com,1,5,1/4,73.0
attachment,momlovesbest.com,0,3,,69.0
attachment,www.ticarehealth.com,1,2,1/4,6.0
attachment,todayshomeowner.com,1,2,1/4,80.0
attachment,patents.google.com,1,6,1/4,99.0
attachment,monroeengineering.com,2,3,2/4,60.0
attachment,www.glamour.com,3,4,3/4,86.0
attachment,www.odsdesignerclothing.com,0,1,,29.0
attachment,theclubwasher.com,0,2,,9.0
attachment,www.verywellfamily.com,2,3,2/4,81.0
attachment,forums.macrumors.com,0,4,,86.0
attachment,cosplayadvice.com,2,3,2/4,8.0
attachment,us.msasafety.com,1,7,1/4,75.0
attachment,www.guns.com,1,3,1/4,73.0
attachment,testix.se,0,2,,16.0
attachment,www.coohom.com,1,4,1/4,73.0
attachment,www.aaha.org,3,4,3/4,84.0
attachment,www.susanno.com,2,2,2/4,9.0
attachment,www.rottentomatoes.com,0,6,,87.0
attachment,www.thebabyblog.co.uk,0,2,,0.0
attachment,www.goodrx.com,0,4,,85.0
attachment,crewtags.com,1,2,1/4,30.0
attachment,law.justia.com,1,5,1/4,91.0
attachment,www.pockettactics.com,0,3,,72.0
attachment,developer.apple.com,4,12,4/4,97.0
attachment,www.vanityfair.com,0,3,,89.0
attachment,www.bikeride.com,0,5,,53.0
attachment,www.tractorsupply.com,1,11,1/4,80.0
attachment,www.penguin.co.uk,2,6,2/4,85.0
attachment,www.psychiatry.org,1,5,1/4,89.0
attachment,www.healthcentral.com,0,1,,82.0
attachment,www.khwiki.com,1,1,1/4,51.0
attachment,www.audible.com,3,3,3/4,91.0
attachment,www.sleepfoundation.org,2,3,2/4,90.0
attachment,www.headcovers.com,2,4,2/4,57.0
attachment,wittygolfer.com,1,2,1/4,2.2
attachment,www.americantrucks.com,0,5,,70.0
attachment,www.albanycountyfasteners.com,0,3,,37.0
attachment,automation.honeywell.com,1,3,1/4,88.0
attachment,www.argos.co.uk,1,5,1/4,79.0
attachment,everything.explained.today,0,4,,56.0
attachment,www.coach.com,3,7,3/4,78.0
attachment,www.positioniseverything.net,0,4,,71.0
attachment,www.teenvogue.com,2,4,2/4,86.0
attachment,www.protoolreviews.com,4,15,4/4,70.0
attachment,www.apartmenttherapy.com,3,4,3/4,87.0
attachment,protagonists.fandom.com,0,2,,92.0
attachment,pixar.fandom.com,0,1,,92.0
attachment,www.rspca.org.uk,1,2,1/4,83.0
attachment,www.nyp.org,0,2,,79.0
attachment,www.wirefence.co.uk,1,4,1/4,53.0
attachment,www.gpmedline.com,1,2,1/4,0.5
attachment,www.surefire.com,3,18,3/4,68.0
attachment,arxiv.org,2,4,2/4,93.0
attachment,www.homebuilding.co.uk,1,3,1/4,75.0
attachment,www.carid.com,3,8,3/4,70.0
attachment,www.panmacmillan.com,1,4,1/4,77.0
attachment,xihamontessori.com,1,2,1/4,19.0
attachment,countrybrookdesign.com,2,2,2/4,27.0
attachment,www.igeeksblog.com,0,4,,72.0
attachment,gorillacasestore.com,0,5,,10.0
attachment,www.horseandhound.co.uk,1,4,1/4,74.0
attachment,appleinsider.com,0,4,,84.0
attachment,www.autodoc.co.uk,2,5,2/4,67.0
attachment,writeupcafe.com,0,2,,69.0
attachment,www.uktactical.com,1,1,1/4,16.0
attachment,www.mammut.com,1,4,1/4,76.0
attachment,bannerfi.com,0,1,,3.1
attachment,uk.my-best.com,2,4,2/4,79.0
attachment,characters.disney.com,2,1,2/4,89.0
attachment,www.casebrands.org,0,8,,2.4
attachment,www.justdial.com,0,4,,85.0
attachment,www.sumizeit.com,0,2,,49.0
attachment,www.capitalone.com,1,4,1/4,86.0
attachment,neurolaunch.com,1,3,1/4,71.0
attachment,www.treelinereview.com,1,4,1/4,59.0
attachment,www.safetyevolution.com,2,1,2/4,31.0
attachment,www.decks.com,3,3,3/4,62.0
attachment,www.carparts.com,1,5,1/4,73.0
attachment,packhacker.com,2,2,2/4,61.0
attachment,reefwatch.net,0,1,,23.0
attachment,www.eaton.com,1,6,1/4,85.0
attachment,www.ar15.com,2,6,2/4,64.0
attachment,www.mountguys.com,4,5,4/4,12.0
attachment,www.rchsd.org,0,4,,73.0
attachment,guidesgeek.com,0,2,,0.0
attachment,www.comingsoon.net,1,3,1/4,76.0
attachment,www.weekand.com,1,4,1/4,82.0
attachment,www.hahpets.com,3,1,3/4,12.0
attachment,www.arymedical.com,0,2,,0.0
attachment,www.flipkart.com,2,8,2/4,89.0
attachment,accessgudid.nlm.nih.gov,2,11,2/3,95.0
attachment,vitrinelinguistique.oqlf.gouv.qc.ca,0,5,,91.0
attachment,www.piarc.org,0,1,,69.0
attachment,meddeygo.com,1,2,1/3,28.0
attachment,handwiki.org,0,3,,62.0
attachment,www.expertreviews.co.uk,1,3,1/3,73.0
attachment,www.latterly.org,0,1,,50.0
attachment,talkbeds.com,1,3,1/3,2.5
attachment,www.egdcollective.org,1,1,1/3,34.0
attachment,blog.primaryarms.com,1,3,1/3,67.0
attachment,mycargoracks.com,1,4,1/3,4.7
attachment,www.ifixit.com,1,3,1/3,83.0
attachment,www.peakdesign.com,2,9,2/3,76.0
attachment,www.kobo.com,0,2,,90.0
attachment,www.marieclaire.com,1,2,1/3,84.0
attachment,www.modernpet.com.au,1,1,1/3,43.0
attachment,gredos.usal.es,0,1,,80.0
attachment,www.msdmanuals.com,0,2,,86.0
attachment,www.sigsauer.com,1,3,1/3,77.0
attachment,www.ebay.com,0,3,,93.0
attachment,www.kaprotection.com,0,4,,0.1
attachment,www.camlab.co.uk,0,1,,46.0
attachment,www.thegreatoutdoorsmag.com,0,2,,50.0
attachment,www.outsideonline.com,1,1,1/3,90.0
attachment,safetyequipment.org,0,2,,67.0
attachment,www.crutchfield.com,0,3,,76.0
attachment,www.journeymanhq.com,0,3,,43.0
attachment,acf.gov,1,2,1/3,80.0
attachment,www.rogerebert.com,1,3,1/3,81.0
attachment,www.babybargains.com,0,2,,28.0
attachment,www.nvent.com,2,6,2/3,75.0
attachment,www.latimes.com,0,2,,92.0
attachment,www.commonsensemedia.org,1,3,1/3,86.0
attachment,ghostgolf.com,1,1,1/3,43.0
attachment,www.firearmsnews.com,1,4,1/3,49.0
attachment,wear2am.com,1,1,1/3,4.5
attachment,www.petsmart.com,0,2,,80.0
attachment,toproducts.co.uk,2,4,2/3,9.0
attachment,www.diy.com,0,3,,78.0
attachment,safetosleep.nichd.nih.gov,0,3,,95.0
attachment,www.ailsas.com,1,5,1/3,13.0
attachment,www.veezot.com,0,2,,0.0
attachment,www.centerforpetsafety.org,2,9,2/3,66.0
attachment,www.enrgtech.co.uk,3,2,3/3,56.0
attachment,www.keesafety.ca,0,2,,32.0
attachment,health.choc.org,2,2,2/3,76.0
attachment,longramps.com,0,3,,18.0
attachment,www.rhinousainc.com,0,3,,47.0
attachment,gardeningcalendar.ca,2,1,2/3,27.0
attachment,www.acronymfinder.com,0,6,,74.0
attachment,www.sparknotes.com,2,8,2/3,77.0
attachment,its.co.uk,0,3,,56.0
attachment,needy-streamer-overload.fandom.com,3,7,3/3,92.0
attachment,coupletheory.com,0,2,,0.0
attachment,www.bestproducts.com,1,2,1/3,75.0
attachment,www.liftingsafety.co.uk,0,2,,25.0
attachment,www.ruh.ai,1,1,1/3,31.0
attachment,www.1stdibs.com,2,2,2/3,83.0
attachment,needystreameroverload.wiki.gg,2,8,2/3,79.0
attachment,aettactical.com,1,2,1/3,9.0
attachment,wegotthiscovered.com,1,1,1/3,73.0
attachment,wellwhisk.com,0,3,,13.0
attachment,paxapet.co.uk,2,1,2/3,0.0
attachment,content.govdelivery.com,0,2,,90.0
attachment,www.anker.com,1,4,1/3,81.0
attachment,revistas.usal.es,1,3,1/3,80.0
attachment,petreviewlab.com,0,2,,0.0
attachment,www.publishersweekly.com,0,3,,86.0
attachment,otrucking.com,1,4,1/3,28.0
attachment,www.definitions.net,0,3,,73.0
attachment,blog.fms.org,3,2,3/3,15.0
attachment,www.hallmarkchannel.com,1,3,1/3,77.0
attachment,www.certex.dk,0,1,,46.0
attachment,shop.app,0,3,,88.0
attachment,encompassrl.com,0,2,,30.0
attachment,www.hamiltoncompany.com,0,2,,70.0
attachment,testix.dk,1,1,1/3,0.0
attachment,www.t-mobile.com,1,2,1/3,86.0
attachment,www.byrdie.com,0,2,,85.0
attachment,www.usmagazine.com,0,5,,84.0
attachment,sonichits.com,0,7,,50.0
attachment,galado.com.my,1,2,1/3,8.0
attachment,www.ringly.io,1,1,1/3,71.0
attachment,news.sanfordhealth.org,1,1,1/3,76.0
attachment,www.phonebulletin.com,0,1,,0.1
attachment,www.evo.com,1,3,1/3,74.0
attachment,www.scielo.br,1,1,1/3,88.0
attachment,elderlydaily.com,1,2,1/3,6.0
attachment,www.bestproductsaustralia.com,0,5,,36.0
attachment,www.taylorfrancis.com,0,3,,88.0
attachment,stickgripsgolf.com,1,1,1/3,11.0
attachment,preventiveapproach.com,1,1,1/3,4.3
attachment,babysential.com,1,2,1/3,0.1
attachment,www.fandom.com,0,2,,92.0
attachment,davidjones.ae,0,1,,0.7
attachment,www.timeshighereducation.com,1,1,1/3,85.0
attachment,www.mobilereviews-eh.ca,2,3,2/3,19.0
attachment,www.banners.com,1,3,1/3,55.0
attachment,www.naludamagazine.com,0,1,,57.0
attachment,www.militaryoverstock.com,0,2,,0.1
attachment,www.getvoxbrief.com,0,3,,8.0
attachment,wiki.bme.com,0,1,,57.0
attachment,www.health.com,2,3,2/3,87.0
attachment,www.signs.com,2,2,2/3,71.0
attachment,www.honesthairfactory.com,0,3,,20.0
attachment,ohsonline.com,0,1,,77.0
attachment,ca.trustpilot.com,1,4,1/3,94.0
attachment,nssgroup.com,2,1,2/3,26.0
attachment,www.plotexplained.com,0,5,,15.0
attachment,www.wsj.com,3,3,3/3,92.0
attachment,montereycompany.com,2,2,2/3,48.0
attachment,home.howstuffworks.com,1,3,1/3,90.0
attachment,www.stridepaw.com,1,6,1/3,0.0
attachment,oakcrafts.co.uk,0,3,,7.0
attachment,www.akronchildrens.org,0,2,,72.0
attachment,articles.hepper.com,0,2,,75.0
attachment,www.h-lift.com,0,3,,14.0
attachment,www.scienceofpeople.com,0,3,,77.0
attachment,www.houzz.com,2,4,2/3,92.0
attachment,www.attachmentproject.com,0,4,,74.0
attachment,www.webbikeworld.com,1,2,1/3,68.0
attachment,harleyquinn.fandom.com,1,2,1/3,92.0
attachment,montessoridowntown.com,1,1,1/3,27.0
attachment,www.addictivetips.com,1,1,1/3,74.0
attachment,www.safemaster.net.au,0,2,,8.0
attachment,homesteady.com,1,3,1/3,58.0
attachment,thedogeffect.com,0,2,,1.8
attachment,www.harborfreight.com,2,3,2/3,78.0
attachment,blog.ecoatm.com,0,3,,68.0
attachment,www.cultofmac.com,1,3,1/3,80.0
attachment,www.mcmaster.com,0,3,,78.0
attachment,www.answers.com,0,3,,82.0
attachment,ookhardware.com,1,2,1/3,27.0
attachment,villains.fandom.com,0,5,,92.0
attachment,www.uhaul.com,3,4,3/3,82.0
attachment,www.ashanging.com,1,4,1/3,31.0
attachment,kidshealth.org,3,1,3/3,87.0
attachment,www.finewoodworking.com,0,3,,73.0
attachment,www.aspca.org,0,1,,89.0
attachment,crateclub.com,0,4,,39.0
attachment,skullywullypully.tumblr.com,0,1,,94.0
attachment,www.cntraveler.com,0,2,,88.0
attachment,www.petsblueprint.com,1,2,1/3,0.4
attachment,www.newyorker.com,0,3,,91.0
attachment,owleys.com,2,3,2/3,30.0
attachment,www.parkablogs.com,1,3,1/3,53.0
attachment,www.allure.com,0,3,,87.0
attachment,www.annualreviews.org,3,2,3/3,88.0
attachment,www.understood.org,0,2,,83.0
attachment,marketplace.safetyculture.com,1,3,1/3,81.0
attachment,www.apsf.org,1,2,1/3,70.0
attachment,www.m-acosta.es,0,1,,16.0
attachment,www.harveynorman.com.au,2,5,2/3,75.0
attachment,www.nme.com,1,3,1/3,84.0
attachment,www.hubbell.com,2,10,2/3,77.0
attachment,headstart.gov,1,3,1/3,74.0
attachment,standards.iteh.ai,2,5,2/3,76.0
attachment,www.carwow.co.uk,0,1,,74.0
attachment,fuhrmannmanagement.com,0,3,,20.0
attachment,prezi.com,1,3,1/3,89.0
attachment,www.baby-chick.com,0,2,,59.0
attachment,www.pyramydair.com,1,3,1/3,60.0
attachment,www.reliancedigital.in,1,2,1/3,70.0
attachment,www.knifecenter.com,0,4,,68.0
attachment,www.goodinside.com,3,10,3/3,71.0
attachment,pawholt.com,0,2,,0.0
attachment,www.ar500armor.com,0,1,,44.0
attachment,www.thesun.co.uk,2,3,2/3,89.0
attachment,www.encyclopedia.com,0,3,,84.0
attachment,www.waterstones.com,0,1,,88.0
attachment,www.golfdigest.com,0,2,,81.0
attachment,www.idealhome.co.uk,0,4,,78.0
attachment,parenting.firstcry.com,1,3,1/3,75.0
attachment,device.report,1,5,1/3,65.0
attachment,www.verywellfit.com,0,1,,84.0
attachment,arcane.fandom.com,2,2,2/3,92.0
attachment,saferack.com,0,1,,44.0
attachment,diy.stackexchange.com,1,3,1/3,91.0
attachment,www.plunket.org.nz,2,14,2/3,69.0
attachment,stealthgearusa.com,0,2,,29.0
attachment,www.thebmc.co.uk,2,2,2/3,75.0
attachment,manualzz.com,0,4,,65.0
attachment,wisebabychoices.com,0,4,,0.1
attachment,sprout-kids.com,2,2,2/3,50.0
attachment,us.macmillan.com,1,4,1/3,86.0
attachment,www.nidirect.gov.uk,0,3,,85.0
attachment,www.vice.com,1,2,1/3,91.0
attachment,seniorsmobility.org,1,4,1/3,40.0
attachment,breezsy.com,0,1,,3.3
attachment,golfaccessoriesadvice.com,0,1,,0.6
attachment,www.aafp.org,0,3,,88.0
attachment,d23.com,0,2,,75.0
attachment,www.health.harvard.edu,1,4,1/3,93.0
attachment,www.pampers.com,0,3,,74.0
attachment,www.checkatrade.com,1,3,1/3,90.0
attachment,rockytalkie.com,2,6,2/3,54.0
attachment,carcaretotal.com,1,3,1/3,27.0
attachment,www.cyclist.co.uk,0,2,,71.0
attachment,taktactical.com,0,2,,0.5
attachment,asigncar.com,0,1,,0.0
attachment,rootandvessel.gorgias.help,0,1,,86.0
attachment,www.dogculture.com.au,1,2,1/2,22.0
attachment,www.petplace.com,0,2,,78.0
attachment,www.history.com,1,3,1/2,90.0
attachment,neighborstrailer.com,0,2,,53.0
attachment,www.hitchrider.com,0,1,,23.0
attachment,forums.iboats.com,0,2,,58.0
attachment,mountaintreads.com,0,2,,8.0
attachment,www.fishersqualityfurniture.com,0,2,,1.3
attachment,offroadtents.com,2,3,2/2,33.0
attachment,www.reuters.com,0,2,,93.0
attachment,www.penguin.com.au,1,3,1/2,78.0
attachment,www.housedigest.com,0,2,,75.0
attachment,www.dash.hrecos.org,0,2,,32.0
attachment,www.etsy.com,0,3,,94.0
attachment,techreviewadvisor.com,0,2,,33.0
attachment,www.theodysseyonline.com,0,1,,76.0
attachment,www.desertcart.in,1,3,1/2,54.0
attachment,cycrochet.com,0,4,,8.0
attachment,healthy.kaiserpermanente.org,1,2,1/2,85.0
attachment,www.beginningwell.com,0,1,,21.0
attachment,music.apple.com,0,6,,97.0
attachment,homediyer.com,2,1,2/2,1.6
attachment,www.dvidshub.net,0,2,,82.0
attachment,www.nber.org,0,2,,90.0
attachment,gamefaqs.gamespot.com,1,4,1/2,85.0
attachment,www.beamclamp.com,2,2,2/2,27.0
attachment,www.minimalandmodern.com,0,2,,17.0
attachment,helluva-life.fandom.com,0,3,,92.0
attachment,www.luxurytravelmagazine.com,0,1,,72.0
attachment,www.manomano.co.uk,1,2,1/2,60.0
attachment,jiffyhair.com,1,2,1/2,18.0
attachment,www.bestproductsreviews.com,0,3,,54.0
attachment,www.iza.org,1,2,1/2,82.0
attachment,outdooradept.com,0,2,,35.0
attachment,www.polaris.com,2,1,2/2,80.0
attachment,www.vogue.com,1,2,1/2,91.0
attachment,unistrutohio.com,2,5,2/2,31.0
attachment,www.hanessupply.com,1,2,1/2,40.0
attachment,www.algeos.com,0,1,,44.0
attachment,www.journals.uchicago.edu,0,2,,91.0
attachment,unistrutstore.com,1,4,1/2,15.0
attachment,www.howtogeek.com,2,2,2/2,89.0
attachment,jaapl.org,0,2,,71.0
attachment,www.outdoorcanada.ca,0,1,,52.0
attachment,apps.apple.com,0,2,,97.0
attachment,www.trex-arms.com,0,3,,50.0
attachment,www.blibli.com,2,8,2/2,83.0
attachment,www.rommelag.com,2,1,2/2,47.0
attachment,www.nps.gov,2,5,2/2,92.0
attachment,www.bäst-i-test.se,0,1,,60.0
attachment,www.fliproducts.com,1,4,1/2,29.0
attachment,www.myaleph.com,0,2,,2.1
attachment,www.carsguide.com.au,0,2,,74.0
attachment,www.wallbedsbywilding.com,0,2,,30.0
attachment,www.supermagnete.fi,0,2,,6.0
attachment,borderlineproject.org,0,1,,3.8
attachment,lgbtqia-characters.fandom.com,0,2,,92.0
attachment,www.lsuagcenter.com,1,1,1/2,75.0
attachment,magicdrop.in,1,2,1/2,2.1
attachment,www.niche.com,1,1,1/2,84.0
attachment,vocabdictionary.com,0,2,,19.0
attachment,www.boatingmag.com,1,2,1/2,72.0
attachment,www.gottman.com,0,2,,85.0
attachment,uk.bookshop.org,0,1,,91.0
attachment,www.rch.org.au,1,2,1/2,78.0
attachment,bike-size.com,1,2,1/2,12.0
attachment,hraf.yale.edu,2,2,2/2,91.0
attachment,www.yhw.de,0,4,,0.1
attachment,www.hopkinsmedicine.org,0,2,,91.0
attachment,whatsmyattachmentstyle.com,0,2,,2.1
attachment,www.kent.ac.uk,2,1,2/2,82.0
attachment,iamairsoft.com,0,1,,3.4
attachment,crimesolutions.ojp.gov,0,4,,90.0
attachment,www.safeworkaustralia.gov.au,0,2,,84.0
attachment,www.psychologynoteshq.com,0,1,,51.0
attachment,thecinemaholic.com,0,3,,68.0
attachment,www.fiskars.com,0,2,,75.0
attachment,codes.iccsafe.org,1,2,1/2,87.0
attachment,www.yourdictionary.com,0,2,,81.0
attachment,makeheadway.com,0,2,,72.0
attachment,avatar.fandom.com,0,3,,92.0
attachment,www.intothevoid.blog,0,1,,0.0
attachment,www.bestproductsreviews.co.uk,1,4,1/2,45.0
attachment,resources.pikler.hu,1,1,1/2,44.0
attachment,legalknowledgebase.com,0,2,,25.0
attachment,www.zimbardo.com,1,1,1/2,49.0
attachment,disabledcharacters.fandom.com,0,1,,92.0
attachment,www.duckbrand.com,1,3,1/2,64.0
attachment,www.calm.com,0,2,,87.0
attachment,www.tonosystems.com,0,1,,18.0
attachment,newsroom.clevelandclinic.org,2,1,2/2,92.0
attachment,www.tvguide.com,0,2,,79.0
attachment,shopping.yahoo.com,0,2,,94.0
attachment,kidtravel.org,0,1,,24.0
attachment,www.hair.com,1,2,1/2,70.0
attachment,www.kbb.com,1,2,1/2,89.0
attachment,www.wartsila.com,0,2,,76.0
attachment,www.abbreviations.com,2,2,2/2,69.0
attachment,fda.report,0,2,,69.0
attachment,www.flagpolewarehouse.com,0,1,,9.0
attachment,www.practicaldiy.com,1,2,1/2,17.0
attachment,vdict.com,1,2,1/2,43.0
attachment,www.momjunction.com,0,2,,74.0
attachment,danieldefense.com,1,2,1/2,60.0
attachment,www.michaels.com,0,2,,83.0
attachment,abcnews.go.com,1,2,1/2,92.0
attachment,www.austingallery.org,0,2,,7.0
attachment,larepublica.pe,0,2,,78.0
attachment,hautane.com,0,2,,0.0
attachment,www.fastoscrews.com,1,2,1/2,25.0
attachment,travelandtime.com,0,1,,21.0
attachment,clockworktraining.ca,0,1,,3.3
attachment,uk.ridge.com,0,3,,71.0
attachment,magpul.com,1,8,1/2,71.0
attachment,jinglefix.com,0,2,,0.6
attachment,pupsafari.com.au,1,2,1/2,0.0
attachment,www.pandapatches.com,1,2,1/2,30.0
attachment,www.songmeaningsandfacts.com,0,2,,40.0
attachment,www.guitarworld.com,1,3,1/2,77.0
attachment,montessori.org.au,0,1,,53.0
attachment,nocry.com,0,1,,32.0
attachment,www.gearpatrol.com,0,2,,79.0
attachment,www.usconcealedcarry.com,1,1,1/2,80.0
attachment,www.ytbolt.com,0,1,,2.4
attachment,www.sunnyextensions.com,0,2,,34.0
attachment,suspenderguide.com,1,1,1/2,0.0
attachment,store.steampowered.com,1,6,1/2,92.0
attachment,www.petco.com,1,2,1/2,81.0
attachment,www.blackhound.com.au,1,2,1/2,22.0
attachment,housegrail.com,0,2,,63.0
attachment,www.ilounge.com,0,1,,71.0
attachment,www.self.com,0,2,,86.0
attachment,shopsavvy.com,0,4,,61.0
attachment,www.jeeryzest.com,0,1,,0.0
attachment,www.trekbikes.com,1,5,1/2,82.0
attachment,www.bikeexif.com,0,1,,71.0
attachment,www.nhmrc.gov.au,1,1,1/2,81.0
attachment,www.midlandtool.com,0,1,,18.0
attachment,www.interviewmagazine.com,2,1,2/2,80.0
attachment,www.shopmoment.com,0,3,,74.0
attachment,mdsupplies.com,0,1,,38.0
attachment,road.cc,0,2,,76.0
attachment,ridge.com,2,4,2/2,71.0
attachment,unicat.msf.org,0,3,,82.0
attachment,www.thewrap.com,0,2,,84.0
attachment,unistrut.biz,1,7,1/2,22.0
attachment,www.e-dugme.com,0,1,,30.0
attachment,www.gamespot.com,0,2,,85.0
attachment,www.knifecountryusa.com,0,2,,34.0
attachment,www.ibtimes.co.uk,0,1,,83.0
attachment,www.feefo.com,0,6,,83.0
attachment,www.thedrive.com,2,2,2/2,81.0
attachment,nypost.com,2,2,2/2,91.0
attachment,www.ukhillwalking.com,1,1,1/2,52.0
attachment,www.bravo.de,0,1,,65.0
attachment,www.caring.com,0,1,,82.0
attachment,www.garagejournal.com,0,2,,57.0
attachment,parkingday.org,2,2,2/2,56.0
attachment,www.rhinorack.com,1,2,1/2,67.0
attachment,www.stapleheadquarters.com,1,3,1/2,36.0
attachment,vintagevinylnews.com,0,2,,38.0
attachment,vettedfur.com,0,1,,0.0
attachment,www.differencebetween.net,0,1,,73.0
attachment,www.hse.gov.uk,0,2,,90.0
attachment,ruffwear.com,2,9,2/2,74.0
attachment,www.casemonkey.co.uk,1,2,1/2,18.0
attachment,www.zoomlite.com.au,1,1,1/2,34.0
attachment,babytraveluk.co.uk,0,1,,0.1
attachment,cityrooted.com,0,2,,5.0
attachment,www.slashfilm.com,0,2,,79.0
attachment,www.milwaukeetool.com,2,8,2/2,78.0
attachment,www.goldylost.com,0,2,,32.0
attachment,siemens-mobile.com,0,1,,34.0
attachment,m.media-amazon.com,0,2,,90.0
attachment,www.homequestionsanswered.com,0,2,,67.0
attachment,sunrisebling.com,1,4,1/2,3.6
attachment,elcosh.org,0,1,,66.0
attachment,www.behavenet.com,0,1,,57.0
attachment,learn.kregtool.com,0,1,,68.0
attachment,shapes.inc,0,2,,53.0
attachment,www.lenovo.com,1,3,1/2,90.0
attachment,wheretheroadforks.com,1,3,1/2,38.0
attachment,www.armysurplusworld.com,0,1,,35.0
attachment,journals.plos.org,1,3,1/2,92.0
attachment,www.suspenders.com,2,8,2/2,21.0
attachment,www.scopeproject.org,0,1,,1.2
attachment,gritandhome.com,0,2,,0.6
attachment,motorcycledictionary.com,1,1,1/2,2.8
attachment,www.pbs.org,1,2,1/2,91.0
attachment,economictimes.indiatimes.com,0,2,,92.0
attachment,storage.googleapis.com,0,2,,93.0
attachment,harrysholsters.com,1,2,1/2,23.0
attachment,ozi.in,0,1,,14.0
attachment,new-toy-story.fandom.com,0,1,,92.0
attachment,staging.ulticlip.com,1,1,1/2,57.0
attachment,signprintingusa.com,1,1,1/2,1.9
attachment,lasconcealment.com,0,1,,21.0
attachment,dreamyverse.fandom.com,0,1,,92.0
attachment,watercomfy.com,0,2,,3.1
attachment,www.realsafety.org,1,1,1/2,42.0
attachment,www.alphahairextension.com,0,2,,32.0
attachment,mobile-accessories.in,0,1,,0.0
attachment,www.croma.com,0,3,,73.0
attachment,www.discoverwildlife.com,1,2,1/2,74.0
attachment,www.diy.org,1,2,1/2,70.0
attachment,thaihomeshop.com,0,1,,3.7
attachment,staging.unistrutstore.com,0,2,,15.0
attachment,thewoodenify.com,0,2,,12.0
attachment,studymoose.com,0,1,,58.0
attachment,support.esri.com,1,1,1/2,91.0
attachment,www.pets4homes.co.uk,2,1,2/2,69.0
attachment,aifs.gov.au,1,4,1/2,79.0
attachment,ebikerevolt.com,0,1,,0.4
attachment,paddlesesh.com,1,1,1/2,0.8
attachment,baiqueaccessories.com,0,1,,13.0
attachment,price-history.in,0,2,,19.0
attachment,kinrossresearch.com,0,1,,26.0
attachment,pricehistory.app,0,3,,40.0
attachment,www.childrensmn.org,0,1,,73.0
attachment,hibiscushair.com,1,2,1/2,15.0
attachment,enviroliteracy.org,0,7,,65.0
attachment,fanlore.org,0,1,,66.0
attachment,vcahospitals.com,0,13,,84.0
attachment,support.google.com,1,14,1/2,99.0
attachment,www.caravanclub.co.uk,0,2,,75.0
attachment,www.picturehangsolutions.com,1,2,1/2,33.0
attachment,shopee.co.id,0,10,,91.0
attachment,www.best-i-test.nu,0,1,,44.0
attachment,www.the-criterion.com,0,1,,40.0
attachment,www.diydoctor.org.uk,0,2,,58.0
attachment,www.southwire.com,1,4,1/2,72.0
attachment,www.walraven.com,1,5,1/2,58.0
attachment,quikrstuff.com,0,1,,23.0
attachment,www.techgearinsider.com,0,2,,24.0
attachment,www.attachedapp.com,2,3,2/2,7.0
attachment,novaskola.pfb.ues.rs.ba,0,1,,74.0
attachment,hazbinhotel.fandom.com,2,8,2/2,92.0
attachment,www.netmums.com,0,2,,75.0
attachment,www.mountainside-medical.com,1,4,1/2,55.0
attachment,soulsforpaws.com,0,2,,2.6
attachment,movies.stackexchange.com,1,3,1/2,91.0
attachment,www.meaningfulspaces.com,1,2,1/2,28.0
attachment,www.webpictureframes.com,0,2,,33.0
attachment,pixar-toy-story.fandom.com,0,1,,92.0
attachment,beyond-memories.com,0,2,,30.0
attachment,themollepanel.com,0,1,,0.0
attachment,minimalynn.com,0,1,,7.0
attachment,www.nurseryworld.co.uk,0,1,,69.0
attachment,files.support.epson.com,2,8,2/2,84.0
attachment,dictionnaire.acadpharm.org,1,1,1/2,57.0
attachment,www.mattressnut.com,0,2,,33.0
attachment,support.peakdesign.com,2,8,2/2,76.0
attachment,www.practicalcaravan.com,2,6,2/2,51.0
attachment,thegreatreviewer.com,0,2,,18.0
attachment,dialnet.unirioja.es,0,1,,84.0
attachment,www.yarnneststudio.com,1,2,1/2,32.0
attachment,www.rembrandtcharms.com,1,1,1/2,56.0
attachment,kymee.in,1,1,1/2,14.0
attachment,www.samhsa.gov,0,2,,91.0
attachment,sites.google.com,1,2,1/2,99.0
attachment,www.cruzerlite.com,2,1,2/2,15.0
attachment,kleinspringmontessori.com,0,1,,3.4
attachment,www.imprintnow.com,0,2,,38.0
attachment,www.sleepadvisor.org,0,2,,75.0
attachment,www.ebay.co.uk,0,2,,91.0
attachment,brieflane.com,0,2,,17.0
attachment,blade-tech.com,2,1,2/2,52.0
attachment,le.utah.gov,0,2,,90.0
attachment,www.petsafe.com,1,3,1/2,73.0
attachment,www.ft.com,2,1,2/2,92.0
attachment,www.gematsu.com,1,1,1/2,74.0
attachment,burga.com,1,1,1/2,59.0
attachment,de.wikipedia.org,2,1,2/2,97.0
attachment,www.ollaoscortina.com,0,1,,16.0
attachment,transport.vic.gov.au,0,3,,81.0
attachment,www.bikeprof.com,1,2,1/2,0.7
attachment,www.kmedhealth.com,0,1,,68.0
attachment,www.intertekinform.com,1,5,1/2,73.0
attachment,www.neufeldinstitute.org,0,1,,64.0
attachment,hairextensionsluxe.com,0,3,,9.0
attachment,www.iphoneincanada.ca,1,5,1/2,67.0
attachment,www.menshealth.com,0,2,,87.0
attachment,kidsparkguide.com,0,1,,0.0
attachment,www.herculeslifting.com,1,2,1/2,25.0
attachment,the-jh-movie-collection-official.fandom.com,0,2,,92.0
attachment,www.radiotimes.com,0,2,,80.0
attachment,www.goodto.com,1,2,1/2,73.0
attachment,www.dogly.co.uk,1,1,1/2,15.0
attachment,detective-comics-universe.fandom.com,0,1,,92.0
attachment,www.smokonow.com,0,1,,46.0
attachment,www.pewpewtactical.com,1,2,1/2,63.0
attachment,www.qld.gov.au,1,5,1/2,88.0
attachment,perrology.org,0,1,,0.0
attachment,healthychildren.org,0,2,,89.0
attachment,thecharmworks.com,2,1,2/2,14.0
attachment,www.truckntow.com,1,2,1/2,56.0
attachment,www.pawscarelab.com,0,1,,0.0
attachment,www.nih.gov,1,1,1/2,95.0
attachment,www.printplace.com,1,1,1/2,53.0
attachment,www.moriya-clinic.com,1,2,1/2,23.0
attachment,periodicos.puc-campinas.edu.br,1,1,1/2,66.0
attachment,pdf.lowes.com,2,2,2/2,88.0
attachment,www.randomhousebooks.com,1,1,1/2,75.0
attachment,www.meshdirect.co.uk,1,2,1/2,27.0
attachment,www.knivesandtools.com,0,1,,54.0
attachment,www.aad.org,1,5,1/2,90.0
attachment,www.suspenderstore.com,1,4,1/2,22.0
attachment,support.optomausa.com,2,1,2/2,59.0
attachment,www.livescience.com,1,2,1/2,90.0
attachment,www.autozone.com,0,2,,79.0
attachment,www.cashify.in,0,3,,66.0
attachment,www.vivehealth.com,1,2,1/2,66.0
attachment,www.premierguitar.com,0,5,,74.0
attachment,www.chop.edu,0,2,,84.0
attachment,www.nichd.nih.gov,2,4,2/2,95.0
attachment,www.realsimple.com,2,3,2/2,87.0
attachment,babybabbleblog.com,0,1,,0.0
attachment,forum.purseblog.com,0,6,,69.0
attachment,adc.bmj.com,0,1,,92.0
attachment,cjds.uwaterloo.ca,1,1,1/2,88.0
attachment,taskandpurpose.com,0,1,,76.0
attachment,ruffwear.de,0,3,,25.0
attachment,greenvalleyflags.com,1,1,1/2,0.1
attachment,www.re-design.app,0,2,,1.9
attachment,www.naturesmaterials.net,0,1,,1.4
attachment,procyclinguk.com,2,1,2/2,31.0
attachment,www.buzzfeed.com,0,3,,91.0
attachment,open.spotify.com,0,8,,95.0
attachment,www.blindsgalore.com,1,2,1/2,42.0
attachment,thedeckmaster.com,0,1,,3.8
attachment,golferpros.com,0,1,,11.0
attachment,clinicalpsychologyashoka.blogspot.com,0,2,,95.0
attachment,open.lib.umn.edu,2,1,2/2,91.0
attachment,www.yourmechanic.com,0,2,,72.0
attachment,www.apfelpatient.de,0,1,,50.0
attachment,www.catster.com,0,2,,75.0
attachment,monpetitmontessori.fr,0,1,,0.0
attachment,www.inkl.com,0,2,,73.0
attachment,carta.anthropogeny.org,0,1,,51.0
attachment,www.motortrend.com,1,2,1/2,84.0
attachment,www.lippert.com,1,2,1/2,69.0
attachment,rubberandseal.com,0,2,,24.0
attachment,www.scienceabc.com,0,2,,73.0
attachment,www.applegazette.com,0,1,,62.0
attachment,www.mrhandyman.com,1,2,1/2,71.0
attachment,www.grammy.com,1,2,1/2,83.0
attachment,www.haar-tipps.de,0,1,,25.0
attachment,www.loctiteproducts.com,1,2,1/2,64.0
attachment,www.rosenberryrooms.com,0,2,,33.0
attachment,bannersaver.com,1,1,1/2,15.0
attachment,jxtactical.com,1,3,1/2,18.0
attachment,www.test.se,2,1,2/2,59.0
attachment,www.d-jolly.com,1,2,1/2,35.0
attachment,www.backcountry.com,1,3,1/2,78.0
attachment,www.fraserinstitute.org,0,1,,77.0
attachment,www.mountaineering.scot,1,3,1/2,65.0
attachment,ruckformiles.com,0,1,,14.0
attachment,health.howstuffworks.com,0,1,,90.0
attachment,www.vogue.de,2,1,2/2,78.0
attachment,www.thepursuitoflife.com,0,2,,2.5
attachment,www.rankmaxracing.com,0,1,,3.3
attachment,perspectives.waimh.org,2,1,2/2,59.0
attachment,www.esrtech.com,0,7,,68.0
attachment,www.forbrukertest.no,0,1,,16.0
attachment,shop.tiktok.com,0,2,,97.0
attachment,americansongwriter.com,1,2,1/2,78.0
attachment,www.producthunter.in,0,2,,0.2
attachment,www.askthe.police.uk,1,4,1/2,59.0
attachment,www.simplypsychology.com,0,2,,37.0
attachment,www.marriage.com,0,2,,75.0
attachment,szoneier.com,0,2,,35.0
attachment,www.sequoiabehavioralhealth.org,0,2,,17.0
attachment,www.zevira.net,2,1,2/2,8.0
attachment,www.hourlife.com,1,2,1/2,0.0
attachment,caseteroid.com,1,2,1/2,44.0
attachment,yardrampguy.com,0,1,,4.4
attachment,www.weathertech.com,1,2,1/2,72.0
attachment,www.certex.com,0,2,,31.0
attachment,ww.amshq.org,2,1,2/2,77.0
attachment,www.eticaycine.org,0,1,,32.0
attachment,symptomsofliving.com,0,2,,27.0
attachment,en-academic.com,0,2,,71.0
attachment,www.allgutterinc.com,0,1,,8.0
attachment,en.wikiquote.org,0,2,,86.0
attachment,guides.justwatch.com,0,2,,82.0
attachment,www.mountainlifemedia.ca,1,1,1/2,55.0
attachment,goong.com,0,3,,31.0
attachment,www.thereviewgeek.com,0,2,,51.0
attachment,www.petz.uk,0,2,,29.0
attachment,www.blfspchina.com,0,1,,3.6
attachment,store.springfield-armory.com,1,1,1/2,71.0
attachment,bedsidecrib.no,0,1,,15.0
attachment,www.linkedin.com,0,5,,99.0
attachment,a.osmarks.net,0,2,,34.0
attachment,www.hercampus.com,0,2,,78.0
attachment,www.dm.de,1,1,1/2,79.0
attachment,www.originshair.com,2,1,2/2,0.0
attachment,www.innovativealuminum.com,0,2,,34.0
attachment,spoilertown.com,0,2,,18.0
attachment,www.halosleep.com,1,8,1/2,70.0
attachment,www.thesecurerelationship.com,1,2,1/2,37.0
attachment,www.bd.com,2,10,2/2,80.0
attachment,www.att.com,1,4,1/2,90.0
attachment,www.theverge.com,1,2,1/2,92.0
attachment,www.seriousinsights.net,1,1,1/2,35.0
attachment,paramount.fandom.com,0,1,,92.0
attachment,www.childfriendlygear.com,0,2,,1.0
attachment,www.palmgroveschool.com,0,1,,0.0
attachment,www.aihw.gov.au,0,3,,84.0
attachment,karwan.in,0,2,,8.0
attachment,shipping.fandom.com,0,3,,92.0
attachment,www.ultimategearlists.com,0,2,,37.0
attachment,thegunzone.com,0,2,,49.0
attachment,nailicy.com,0,4,,14.0
attachment,school-daze.fandom.com,0,1,,92.0
attachment,fourleggedguests.com,0,3,,0.6
attachment,mentalhealth.bmj.com,1,2,1/2,92.0
attachment,images.apple.com,0,2,,97.0
attachment,thedairy.com,0,2,,44.0
shame_and_self_worth,directory.goodonyou.eco,353,279,353/413,79.0
shame_and_self_worth,en.wikipedia.org,135,119,135/168,97.0
shame_and_self_worth,www.reddit.com,92,240,92/163,95.0
shame_and_self_worth,www.goodreads.com,43,199,43/122,92.0
shame_and_self_worth,www.supersummary.com,59,73,59/116,65.0
shame_and_self_worth,goodonyou.eco,38,80,38/112,79.0
shame_and_self_worth,www.apartstyle.com,26,73,26/104,26.0
shame_and_self_worth,www.blinkist.com,41,32,41/89,76.0
shame_and_self_worth,www.shortform.com,43,50,43/86,72.0
shame_and_self_worth,www.trustpilot.com,31,97,31/71,94.0
shame_and_self_worth,books.google.com,31,93,31/70,99.0
shame_and_self_worth,www.theguardian.com,18,49,18/67,93.0
shame_and_self_worth,www.sustainabilitytracker.com,12,60,12/63,44.0
shame_and_self_worth,brands.thecommons.earth,7,29,7/53,57.0
shame_and_self_worth,openlibrary.org,9,47,9/51,86.0
shame_and_self_worth,www.bookbase.app,16,8,16/49,26.0
shame_and_self_worth,books.apple.com,11,34,11/45,97.0
shame_and_self_worth,www.editorsreads.com,15,3,15/43,0.1
shame_and_self_worth,uk.trustpilot.com,6,66,6/42,94.0
shame_and_self_worth,www.penguinrandomhouse.com,21,41,21/39,91.0
shame_and_self_worth,www.leapaheadapp.com,9,15,9/37,7.0
shame_and_self_worth,dictionary.cambridge.org,22,79,22/36,92.0
shame_and_self_worth,resources.goodonyou.eco,7,15,7/36,79.0
shame_and_self_worth,tomoria.com,5,2,5/34,13.0
shame_and_self_worth,www.linkedin.com,2,36,2/34,99.0
shame_and_self_worth,sobrief.com,8,27,8/33,53.0
shame_and_self_worth,www.dictionary.com,4,34,4/33,90.0
shame_and_self_worth,goodreads.com,7,26,7/32,92.0
shame_and_self_worth,www.psychologytoday.com,12,45,12/32,93.0
shame_and_self_worth,www.vogue.com,10,37,10/31,91.0
shame_and_self_worth,www.merriam-webster.com,16,45,16/31,91.0
shame_and_self_worth,www.sec.gov,8,47,8/31,92.0
shame_and_self_worth,shiftc.jp,1,27,1/30,44.0
shame_and_self_worth,www.imdb.com,14,57,14/29,94.0
shame_and_self_worth,pitchfork.com,13,35,13/29,86.0
shame_and_self_worth,www.fizzread.ai,14,6,14/28,26.0
shame_and_self_worth,www.washingtonpost.com,2,17,2/27,93.0
shame_and_self_worth,time.com,8,24,8/27,92.0
shame_and_self_worth,gummary.com,8,1,8/27,0.0
shame_and_self_worth,www.bcorporation.net,6,57,6/26,91.0
shame_and_self_worth,www.litcharts.com,15,42,15/25,72.0
shame_and_self_worth,pmc.ncbi.nlm.nih.gov,4,34,4/25,95.0
shame_and_self_worth,us.princesspolly.com,17,11,17/25,71.0
shame_and_self_worth,www.kirkusreviews.com,11,17,11/24,86.0
shame_and_self_worth,ethical.org.au,9,20,9/24,46.0
shame_and_self_worth,www.audible.com,9,9,9/24,91.0
shame_and_self_worth,play.google.com,2,39,2/23,99.0
shame_and_self_worth,ecothes.com,5,13,5/23,35.0
shame_and_self_worth,finance.yahoo.com,4,41,4/23,94.0
shame_and_self_worth,theruggedface.com,4,1,4/23,0.1
shame_and_self_worth,www.ginatricot.com,19,48,19/22,63.0
shame_and_self_worth,www.researchgate.net,2,15,2/21,93.0
shame_and_self_worth,www.forbes.com,6,22,6/21,94.0
shame_and_self_worth,www.collinsdictionary.com,4,25,4/20,86.0
shame_and_self_worth,music.apple.com,6,47,6/20,97.0
shame_and_self_worth,www.simonandschuster.com,5,18,5/20,88.0
shame_and_self_worth,everything.explained.today,0,15,,56.0
shame_and_self_worth,au.trustpilot.com,4,21,4/20,94.0
shame_and_self_worth,www.reuters.com,12,26,12/20,93.0
shame_and_self_worth,www.businessoffashion.com,6,6,6/20,84.0
shame_and_self_worth,www.youtube.com,2,29,2/19,99.0
shame_and_self_worth,ca.trustpilot.com,2,23,2/19,94.0
shame_and_self_worth,motivane.com,4,1,4/18,18.0
shame_and_self_worth,www.investing.com,5,34,5/18,89.0
shame_and_self_worth,dictionary.apa.org,11,21,11/17,92.0
shame_and_self_worth,www.business-humanrights.org,1,19,1/17,80.0
shame_and_self_worth,www.summrize.com,5,1,5/17,13.0
shame_and_self_worth,www.sciencedirect.com,2,21,2/16,94.0
shame_and_self_worth,cosh.eco,7,15,7/16,59.0
shame_and_self_worth,www.enotes.com,6,21,6/16,73.0
shame_and_self_worth,www.nme.com,4,23,4/16,84.0
shame_and_self_worth,www.healthline.com,6,22,6/16,92.0
shame_and_self_worth,www.commonsensemedia.org,2,18,2/15,86.0
shame_and_self_worth,www.publishersweekly.com,5,11,5/15,86.0
shame_and_self_worth,ratings-kb.goodonyou.eco,0,4,,79.0
shame_and_self_worth,www.rottentomatoes.com,5,20,5/15,87.0
shame_and_self_worth,www.tradingview.com,4,18,4/15,91.0
shame_and_self_worth,psychcentral.com,7,14,7/14,87.0
shame_and_self_worth,www.allmusic.com,4,20,4/14,85.0
shame_and_self_worth,www.oxfordlearnersdictionaries.com,6,20,6/14,81.0
shame_and_self_worth,12min.com,3,3,3/14,55.0
shame_and_self_worth,www.mynewsdesk.com,1,10,1/14,88.0
shame_and_self_worth,en.wiktionary.org,0,13,,91.0
shame_and_self_worth,pubmed.ncbi.nlm.nih.gov,7,25,7/14,95.0
shame_and_self_worth,www.fool.com,5,19,5/13,89.0
shame_and_self_worth,de.trustpilot.com,5,20,5/13,94.0
shame_and_self_worth,www.shazam.com,3,13,3/13,80.0
shame_and_self_worth,www.newyorker.com,4,12,4/13,91.0
shame_and_self_worth,apnews.com,10,11,10/13,92.0
shame_and_self_worth,at.trustpilot.com,3,14,3/13,94.0
shame_and_self_worth,ie.trustpilot.com,1,16,1/13,94.0
shame_and_self_worth,singaporejournal.com,1,1,1/13,11.0
shame_and_self_worth,moralscore.org,4,10,4/12,47.0
shame_and_self_worth,simplywall.st,4,18,4/12,74.0
shame_and_self_worth,www.gamespot.com,5,15,5/12,85.0
shame_and_self_worth,www.verywellmind.com,2,10,2/12,90.0
shame_and_self_worth,www.ethicalconsumer.org,3,15,3/12,76.0
shame_and_self_worth,health.clevelandclinic.org,7,10,7/12,92.0
shame_and_self_worth,www.loudersound.com,4,15,4/12,76.0
shame_and_self_worth,www.bbb.org,1,25,1/12,93.0
shame_and_self_worth,www.sumizeit.com,6,10,6/12,49.0
shame_and_self_worth,www.sheingroup.com,4,19,4/12,67.0
shame_and_self_worth,www.panaprium.com,0,8,,49.0
shame_and_self_worth,www.marketbeat.com,2,20,2/12,76.0
shame_and_self_worth,www.simonandschuster.net,2,5,2/11,59.0
shame_and_self_worth,www.curiouslyconscious.com,2,5,2/11,43.0
shame_and_self_worth,ts2.tech,4,17,4/11,71.0
shame_and_self_worth,www.dash.hrecos.org,1,3,1/10,32.0
shame_and_self_worth,gamefaqs.gamespot.com,1,9,1/10,85.0
shame_and_self_worth,apps.apple.com,3,23,3/10,97.0
shame_and_self_worth,ch.trustpilot.com,3,17,3/10,94.0
shame_and_self_worth,store.steampowered.com,5,26,5/10,92.0
shame_and_self_worth,trustburn.com,2,13,2/10,73.0
shame_and_self_worth,www.fairlabor.org,3,14,3/10,74.0
shame_and_self_worth,shapes.inc,0,15,,53.0
shame_and_self_worth,www.selectedreads.com,3,3,3/10,27.0
shame_and_self_worth,luvembooks.com,1,4,1/10,6.0
shame_and_self_worth,www.greenmatters.com,1,7,1/10,76.0
shame_and_self_worth,comicbook.com,2,12,2/10,79.0
shame_and_self_worth,www.mybookadvisor.com,0,1,,0.0
shame_and_self_worth,open.spotify.com,0,19,,95.0
shame_and_self_worth,www.metacritic.com,5,25,5/10,83.0
shame_and_self_worth,bookslegend.com,0,3,,0.0
shame_and_self_worth,partnerships.goodonyou.eco,0,1,,79.0
shame_and_self_worth,www.tikr.com,3,17,3/10,60.0
shame_and_self_worth,www.mayoclinic.org,4,8,4/9,92.0
shame_and_self_worth,legalclarity.org,0,9,,76.0
shame_and_self_worth,www.hachette.co.uk,3,6,3/9,76.0
shame_and_self_worth,nl.trustpilot.com,2,13,2/9,94.0
shame_and_self_worth,www.musicradar.com,4,9,4/9,79.0
shame_and_self_worth,www.wsj.com,3,9,3/9,92.0
shame_and_self_worth,www.webmd.com,1,10,1/9,92.0
shame_and_self_worth,ca.investing.com,4,10,4/9,89.0
shame_and_self_worth,www.marketwatch.com,7,11,7/9,91.0
shame_and_self_worth,www.gq.com,5,9,5/9,88.0
shame_and_self_worth,www.vogue.co.uk,5,14,5/9,86.0
shame_and_self_worth,seekingalpha.com,4,15,4/9,86.0
shame_and_self_worth,app.thestorygraph.com,0,9,,80.0
shame_and_self_worth,www.barrons.com,5,10,5/8,89.0
shame_and_self_worth,www.simplypsychology.org,2,6,2/8,85.0
shame_and_self_worth,www.getstoryshots.com,1,4,1/8,47.0
shame_and_self_worth,www.crossword.in,1,7,1/8,56.0
shame_and_self_worth,www.morningstar.com,1,8,1/8,88.0
shame_and_self_worth,makeheadway.com,0,4,,72.0
shame_and_self_worth,www.latimes.com,2,8,2/8,92.0
shame_and_self_worth,www.marieclaire.co.uk,4,4,4/8,80.0
shame_and_self_worth,doi.org,0,9,,94.0
shame_and_self_worth,www.sparknotes.com,6,20,6/8,77.0
shame_and_self_worth,www.abc.net.au,0,8,,91.0
shame_and_self_worth,booksthatslay.com,1,5,1/8,27.0
shame_and_self_worth,www.facebook.com,1,8,1/8,100.0
shame_and_self_worth,thegoodshoppingguide.com,0,6,,60.0
shame_and_self_worth,www.ft.com,7,7,7/8,92.0
shame_and_self_worth,sustainablereview.com,0,8,,53.0
shame_and_self_worth,www.cliffsnotes.com,3,3,3/8,73.0
shame_and_self_worth,www.sinkproject.com,0,2,,0.0
shame_and_self_worth,www.gradesaver.com,2,11,2/8,68.0
shame_and_self_worth,www.encyclopedia.com,3,7,3/8,84.0
shame_and_self_worth,nz.trustpilot.com,0,8,,94.0
shame_and_self_worth,www.yahoo.com,0,8,,94.0
shame_and_self_worth,www.insta.page,1,5,1/8,0.5
shame_and_self_worth,www.penguin.com.au,1,13,1/7,78.0
shame_and_self_worth,www.kobo.com,2,7,2/7,90.0
shame_and_self_worth,www.ohpolly.com,5,14,5/7,69.0
shame_and_self_worth,www.rogerebert.com,1,5,1/7,81.0
shame_and_self_worth,www.mdpi.com,0,5,,92.0
shame_and_self_worth,www.patagonia.com,2,7,2/7,87.0
shame_and_self_worth,uk.investing.com,1,9,1/7,89.0
shame_and_self_worth,princesspolly.co.uk,0,3,,32.0
shame_and_self_worth,www.albumoftheyear.org,0,9,,67.0
shame_and_self_worth,www.wwf.se,0,1,,77.0
shame_and_self_worth,pestle-analysis.com,0,2,,0.3
shame_and_self_worth,www.cambridge.org,3,11,3/7,92.0
shame_and_self_worth,www.vanityfair.com,3,5,3/7,89.0
shame_and_self_worth,www.wordreference.com,0,9,,80.0
shame_and_self_worth,www.medicalnewstoday.com,4,8,4/7,91.0
shame_and_self_worth,www.viz.com,4,4,4/7,75.0
shame_and_self_worth,milled.com,0,8,,74.0
shame_and_self_worth,www.fhcm.paris,1,5,1/7,72.0
shame_and_self_worth,songtell.com,1,7,1/7,41.0
shame_and_self_worth,www.glassdoor.com,0,8,,91.0
shame_and_self_worth,www.boykotmarket.com,2,2,2/7,0.5
shame_and_self_worth,bindingofisaac.fandom.com,1,6,1/7,92.0
shame_and_self_worth,my.clevelandclinic.org,6,6,6/7,92.0
shame_and_self_worth,www.artofverse.com,1,1,1/7,1.7
shame_and_self_worth,www.vice.com,2,5,2/7,91.0
shame_and_self_worth,www.theenvironmentalblog.org,0,2,,51.0
shame_and_self_worth,medium.com,1,8,1/7,94.0
shame_and_self_worth,www.investors.com,5,8,5/7,85.0
shame_and_self_worth,www.golfmonthly.com,4,7,4/6,75.0
shame_and_self_worth,m.economictimes.com,4,13,4/6,83.0
shame_and_self_worth,www.indeed.com,1,9,1/6,92.0
shame_and_self_worth,www.allencheng.com,0,4,,34.0
shame_and_self_worth,www.techradar.com,0,5,,91.0
shame_and_self_worth,library.unesco.go.ke,4,4,4/6,36.0
shame_and_self_worth,sustainability.rituals.com,4,4,4/6,76.0
shame_and_self_worth,www.songmeaningsandfacts.com,0,7,,40.0
shame_and_self_worth,english.onlinekhabar.com,0,1,,77.0
shame_and_self_worth,www.bc-collection.eu,0,2,,67.0
shame_and_self_worth,www.ndbooks.com,3,3,3/6,71.0
shame_and_self_worth,www.kerrang.com,1,7,1/6,73.0
shame_and_self_worth,www.tally-weijl.com,6,60,6/6,53.0
shame_and_self_worth,www.dictionary.net,1,5,1/6,48.0
shame_and_self_worth,lyricsmeanings.com,1,5,1/6,6.0
shame_and_self_worth,good-measures-help.goodonyou.eco,0,1,,79.0
shame_and_self_worth,silenthill.fandom.com,5,5,5/6,92.0
shame_and_self_worth,www.eco-stylist.com,0,4,,52.0
shame_and_self_worth,www.stocktitan.net,3,13,3/6,75.0
shame_and_self_worth,palomawool.com,6,26,6/6,53.0
shame_and_self_worth,www.nolongerhumanbook.com,1,1,1/6,0.0
shame_and_self_worth,www.teenvogue.com,1,6,1/6,86.0
shame_and_self_worth,tasteofcalm.com,2,1,2/6,0.0
shame_and_self_worth,villains.fandom.com,0,5,,92.0
shame_and_self_worth,durmonski.com,0,1,,40.0
shame_and_self_worth,www.befreed.ai,0,3,,41.0
shame_and_self_worth,m.imdb.com,0,6,,94.0
shame_and_self_worth,www.marketscreener.com,1,9,1/6,80.0
shame_and_self_worth,questionzero.com,0,5,,22.0
shame_and_self_worth,www.sputnikmusic.com,0,13,,61.0
shame_and_self_worth,www.cbsnews.com,3,7,3/6,92.0
shame_and_self_worth,www.investopedia.com,2,5,2/6,92.0
shame_and_self_worth,www.zacks.com,3,7,3/6,81.0
shame_and_self_worth,link.springer.com,0,6,,93.0
shame_and_self_worth,www.prnewswire.com,0,5,,92.0
shame_and_self_worth,www.scifidimensions.com,0,6,,33.0
shame_and_self_worth,www.perplexity.ai,0,6,,91.0
shame_and_self_worth,www.goodnovel.com,0,4,,62.0
shame_and_self_worth,www.scribd.com,0,8,,91.0
shame_and_self_worth,mindfulcircles.org,1,1,1/5,12.0
shame_and_self_worth,www.standard.co.uk,2,5,2/5,89.0
shame_and_self_worth,www.musicianwages.com,1,2,1/5,44.0
shame_and_self_worth,www.voguebusiness.com,2,3,2/5,83.0
shame_and_self_worth,www.tradingkey.com,2,7,2/5,61.0
shame_and_self_worth,www.thewrap.com,2,6,2/5,84.0
shame_and_self_worth,stockstory.org,0,5,,53.0
shame_and_self_worth,www.whowhatwear.com,3,5,3/5,84.0
shame_and_self_worth,www.rituals.com,4,30,4/5,76.0
shame_and_self_worth,www.tandfonline.com,0,7,,92.0
shame_and_self_worth,littlerbooks.com,0,4,,14.0
shame_and_self_worth,www.globenewswire.com,2,7,2/5,92.0
shame_and_self_worth,www.chichiclothing.com,5,13,5/5,46.0
shame_and_self_worth,sportyandrich.com,4,17,4/5,56.0
shame_and_self_worth,www.penguin.co.uk,1,10,1/5,85.0
shame_and_self_worth,www.independent.co.uk,2,8,2/5,91.0
shame_and_self_worth,www.penguin.co.in,1,6,1/5,68.0
shame_and_self_worth,www.plotexplained.com,1,6,1/5,15.0
shame_and_self_worth,us.ohpolly.com,4,11,4/5,69.0
shame_and_self_worth,www.denofgeek.com,1,6,1/5,78.0
shame_and_self_worth,www.bbwinc.com,3,3,3/5,64.0
shame_and_self_worth,bookbrief.io,1,4,1/5,14.0
shame_and_self_worth,www.wordier.com.au,2,1,2/5,0.0
shame_and_self_worth,www.grammy.com,3,5,3/5,83.0
shame_and_self_worth,www.vogue.de,0,3,,78.0
shame_and_self_worth,midsizewoman.com,0,1,,0.3
shame_and_self_worth,artofpoets.com,0,2,,26.0
shame_and_self_worth,fashionunited.uk,2,2,2/5,77.0
shame_and_self_worth,matrixbcg.com,0,2,,45.0
shame_and_self_worth,fashionunited.com,0,5,,76.0
shame_and_self_worth,podcasts.apple.com,0,6,,97.0
shame_and_self_worth,www.euronews.com,0,5,,90.0
shame_and_self_worth,www.goodhousekeeping.com,1,6,1/5,90.0
shame_and_self_worth,247wallst.com,1,9,1/5,78.0
shame_and_self_worth,explainingthebible.com,0,1,,37.0
shame_and_self_worth,mygolfspy.com,1,8,1/5,73.0
shame_and_self_worth,us.macmillan.com,1,7,1/5,86.0
shame_and_self_worth,www.adidas-group.com,2,9,2/5,79.0
shame_and_self_worth,www.japantimes.co.jp,3,4,3/5,86.0
shame_and_self_worth,www.pgatour.com,4,26,4/5,83.0
shame_and_self_worth,trademarks.justia.com,0,9,,91.0
shame_and_self_worth,www.bookrags.com,1,7,1/5,64.0
shame_and_self_worth,katmcadaragh.com,0,1,,0.0
shame_and_self_worth,academic.oup.com,0,6,,92.0
shame_and_self_worth,donegood.co,0,4,,50.0
shame_and_self_worth,www.urbn.com,5,10,5/5,70.0
shame_and_self_worth,readingraphics.com,3,2,3/5,53.0
shame_and_self_worth,www.penguinrandomhouse.ca,2,5,2/5,80.0
shame_and_self_worth,ritual.com,0,4,,74.0
shame_and_self_worth,www.hindustantimes.com,1,5,1/4,89.0
shame_and_self_worth,www.palomaclothing.com,0,2,,12.0
shame_and_self_worth,manganoa.com,1,1,1/4,0.8
shame_and_self_worth,ursummary.com,1,5,1/4,7.0
shame_and_self_worth,owiki.org,0,1,,4.5
shame_and_self_worth,www.simonandschuster.com.au,0,4,,73.0
shame_and_self_worth,www.vogue.es,1,4,1/4,80.0
shame_and_self_worth,corporate.target.com,1,7,1/4,91.0
shame_and_self_worth,customercare.bathandbodyworks.com,2,4,2/4,77.0
shame_and_self_worth,dc.fandom.com,3,6,3/4,92.0
shame_and_self_worth,www.hachette.com.au,1,3,1/4,72.0
shame_and_self_worth,tattoo.uaustral.edu.pe,0,1,,24.0
shame_and_self_worth,www.complex.com,0,5,,86.0
shame_and_self_worth,www.nimh.nih.gov,3,4,3/4,95.0
shame_and_self_worth,www.etymonline.com,0,4,,83.0
shame_and_self_worth,characters.fandom.com,0,1,,92.0
shame_and_self_worth,www.anthropologie.com,2,8,2/4,84.0
shame_and_self_worth,readstacks.com,0,1,,3.2
shame_and_self_worth,www.tvguide.com,1,4,1/4,79.0
shame_and_self_worth,www.kering.com,0,3,,77.0
shame_and_self_worth,www.antidote-thechannel.com,0,1,,0.2
shame_and_self_worth,greenercloset.com,1,2,1/4,4.8
shame_and_self_worth,www.designartmagazine.com,0,1,,28.0
shame_and_self_worth,www.walmart.com,1,9,1/4,92.0
shame_and_self_worth,glasp.co,1,4,1/4,71.0
shame_and_self_worth,adjkjc.github.io,0,1,,94.0
shame_and_self_worth,tatship.com,1,1,1/4,36.0
shame_and_self_worth,www.indmoney.com,1,4,1/4,68.0
shame_and_self_worth,www.engadget.com,1,4,1/4,90.0
shame_and_self_worth,kookai.ch,0,1,,23.0
shame_and_self_worth,psychology.com,2,3,2/4,63.0
shame_and_self_worth,www.slashfilm.com,0,4,,79.0
shame_and_self_worth,www.opensustainabilityindex.org,1,1,1/4,4.0
shame_and_self_worth,www.meshki.us,2,8,2/4,58.0
shame_and_self_worth,financialfilings.com,0,3,,31.0
shame_and_self_worth,economictimes.indiatimes.com,4,7,4/4,92.0
shame_and_self_worth,www.instagram.com,0,6,,100.0
shame_and_self_worth,www.usmagazine.com,0,5,,84.0
shame_and_self_worth,www.gov.uk,2,3,2/4,94.0
shame_and_self_worth,oshawalibrary.ca,2,1,2/4,36.0
shame_and_self_worth,sonichits.com,0,6,,50.0
shame_and_self_worth,grahammann.net,1,5,1/4,37.0
shame_and_self_worth,www.rituals.com.sg,0,1,,14.0
shame_and_self_worth,fourminutebooks.com,3,4,3/4,63.0
shame_and_self_worth,tattoobnb.com,3,1,3/4,34.0
shame_and_self_worth,www.flipkart.com,0,6,,89.0
shame_and_self_worth,www.herinterest.com,2,1,2/4,31.0
shame_and_self_worth,www.quechoisir.org,2,3,2/4,84.0
shame_and_self_worth,www.lemonde.fr,1,4,1/4,91.0
shame_and_self_worth,annualreport.inditex.com,1,7,1/4,75.0
shame_and_self_worth,halaraapp.com,0,2,,0.9
shame_and_self_worth,www.endclothing.com,0,6,,77.0
shame_and_self_worth,symbolismdesk.com,4,1,4/4,5.0
shame_and_self_worth,usdictionary.com,3,4,3/4,31.0
shame_and_self_worth,www.nhs.uk,4,4,4/4,92.0
shame_and_self_worth,www.hrw.org,0,5,,89.0
shame_and_self_worth,www.ncbi.nlm.nih.gov,2,7,2/4,95.0
shame_and_self_worth,blog.12min.com,0,3,,55.0
shame_and_self_worth,www.wired.com,2,5,2/4,92.0
shame_and_self_worth,uk.linkedin.com,1,3,1/4,99.0
shame_and_self_worth,www.realsimple.com,4,3,4/4,87.0
shame_and_self_worth,www.the-independent.com,0,4,,80.0
shame_and_self_worth,www.christianwebsite.com,0,1,,43.0
shame_and_self_worth,www.bloomsbury.com,1,8,1/4,88.0
shame_and_self_worth,www.booksplat.com,0,1,,3.2
shame_and_self_worth,search.worldcat.org,1,5,1/4,88.0
shame_and_self_worth,www.barchart.com,1,4,1/4,80.0
shame_and_self_worth,www.spinmagazine.com,2,3,2/4,78.0
shame_and_self_worth,arxiv.org,3,6,3/4,93.0
shame_and_self_worth,arstechnica.com,3,6,3/4,91.0
shame_and_self_worth,gillian-sarah.com,0,1,,71.0
shame_and_self_worth,redkiwiapp.com,1,2,1/4,43.0
shame_and_self_worth,www.adaysmarch.com,4,7,4/4,36.0
shame_and_self_worth,www.allure.com,1,4,1/4,87.0
shame_and_self_worth,faroutmagazine.co.uk,0,5,,76.0
shame_and_self_worth,qookaiswimwear.com,0,1,,0.0
shame_and_self_worth,impeccablenestdesign.com,1,1,1/4,38.0
shame_and_self_worth,www.elle.com,1,4,1/4,90.0
shame_and_self_worth,www.asosplc.com,2,6,2/4,73.0
shame_and_self_worth,tv.apple.com,0,4,,97.0
shame_and_self_worth,writeforusfashion.co.uk,0,3,,34.0
shame_and_self_worth,golf.com,3,8,3/4,80.0
shame_and_self_worth,www.sezane.com,1,12,1/4,76.0
shame_and_self_worth,www.tcm.com,1,3,1/4,77.0
shame_and_self_worth,www.gamedeveloper.com,1,5,1/4,83.0
shame_and_self_worth,www.tvinsider.com,1,3,1/4,77.0
shame_and_self_worth,www.tatuagemblog.com,3,1,3/4,12.0
shame_and_self_worth,committees.parliament.uk,0,4,,91.0
shame_and_self_worth,imaginarytalks.com,0,1,,19.0
shame_and_self_worth,journals.sagepub.com,1,4,1/4,92.0
shame_and_self_worth,www.mindbodygreen.com,0,4,,85.0
shame_and_self_worth,www.bloomberg.com,0,4,,92.0
shame_and_self_worth,en.wikipedia-on-ipfs.org,0,1,,58.0
shame_and_self_worth,www.tomsguide.com,1,4,1/4,87.0
shame_and_self_worth,www.health.harvard.edu,2,4,2/4,93.0
shame_and_self_worth,www.trefis.com,2,6,2/4,63.0
shame_and_self_worth,www.learnerd.org,1,2,1/4,0.9
shame_and_self_worth,www.oecd.org,0,2,,92.0
shame_and_self_worth,www.lingeriemuseum.com,0,2,,1.3
shame_and_self_worth,www.trillmag.com,1,3,1/3,55.0
shame_and_self_worth,www.tekstilforum.no,0,3,,35.0
shame_and_self_worth,www.benettongroup.com,2,15,2/3,52.0
shame_and_self_worth,www.pluggedin.com,0,3,,71.0
shame_and_self_worth,www.wargamer.com,2,5,2/3,65.0
shame_and_self_worth,www.thegoodtrade.com,1,3,1/3,77.0
shame_and_self_worth,www.pcgamer.com,0,3,,85.0
shame_and_self_worth,www.penguinrandomhouseretail.com,0,3,,62.0
shame_and_self_worth,www.theodysseyonline.com,0,3,,76.0
shame_and_self_worth,www.chartmill.com,2,3,2/3,54.0
shame_and_self_worth,www.asktraders.com,0,3,,49.0
shame_and_self_worth,ww.fashionnetwork.com,0,2,,82.0
shame_and_self_worth,fashionista.com,1,3,1/3,81.0
shame_and_self_worth,investor.urbn.com,0,4,,70.0
shame_and_self_worth,people.com,2,3,2/3,91.0
shame_and_self_worth,biologyinsights.com,0,3,,71.0
shame_and_self_worth,www.cornellsun.com,1,3,1/3,72.0
shame_and_self_worth,www.webnovel.com,0,7,,73.0
shame_and_self_worth,www.musica.com,0,7,,57.0
shame_and_self_worth,medlineplus.gov,1,4,1/3,91.0
shame_and_self_worth,www.missnellyboutique.com.au,0,2,,16.0
shame_and_self_worth,www.kookai.us,1,2,1/3,30.0
shame_and_self_worth,adanola.com,3,9,3/3,51.0
shame_and_self_worth,www.kent.ac.uk,2,1,2/3,82.0
shame_and_self_worth,www.nhsinform.scot,2,2,2/3,84.0
shame_and_self_worth,kookai.fr,0,1,,37.0
shame_and_self_worth,www.trustedshops.de,0,4,,88.0
shame_and_self_worth,www.netflix.com,0,7,,92.0
shame_and_self_worth,www.crunchyroll.com,0,3,,83.0
shame_and_self_worth,www.thearmchairtrader.com,0,5,,52.0
shame_and_self_worth,www.qobuz.com,0,4,,83.0
shame_and_self_worth,www.witbhub.com,1,4,1/3,7.0
shame_and_self_worth,www.gestuz.com,3,9,3/3,40.0
shame_and_self_worth,booksummarydaily.com,0,3,,0.0
shame_and_self_worth,wh40k.lexicanum.com,2,6,2/3,64.0
shame_and_self_worth,ebs.publicnow.com,2,3,2/3,73.0
shame_and_self_worth,qz.com,0,3,,90.0
shame_and_self_worth,dailypaperclothing.com,0,6,,58.0
shame_and_self_worth,www.dstrezzed.com,3,16,3/3,33.0
shame_and_self_worth,about.underarmour.com,3,13,3/3,81.0
shame_and_self_worth,nypost.com,1,3,1/3,91.0
shame_and_self_worth,www.kakarulabel.com,0,1,,0.0
shame_and_self_worth,consequence.net,0,3,,79.0
shame_and_self_worth,www.simonandschuster.biz,0,2,,71.0
shame_and_self_worth,www.radiox.co.uk,1,3,1/3,69.0
shame_and_self_worth,stockinvest.us,1,3,1/3,41.0
shame_and_self_worth,smashingpumpkins.com,0,3,,63.0
shame_and_self_worth,biblehub.com,1,2,1/3,87.0
shame_and_self_worth,www.kiabi.com,2,8,2/3,70.0
shame_and_self_worth,pestel-analysis.com,0,1,,30.0
shame_and_self_worth,www.quince.com,2,15,2/3,74.0
shame_and_self_worth,www.scopeproject.org,0,1,,1.2
shame_and_self_worth,www.helpguide.org,0,3,,87.0
shame_and_self_worth,ca.finance.yahoo.com,1,4,1/3,94.0
shame_and_self_worth,erfahrungenscout.de,0,3,,48.0
shame_and_self_worth,www.retaildive.com,0,3,,86.0
shame_and_self_worth,warhammer40k.fandom.com,2,4,2/3,92.0
shame_and_self_worth,www.metalmusicarchives.com,0,3,,35.0
shame_and_self_worth,www.dearmanga.com,1,1,1/3,0.0
shame_and_self_worth,www.promod.com,3,8,3/3,47.0
shame_and_self_worth,www.capitalfm.com,1,3,1/3,74.0
shame_and_self_worth,www.kookai.eu,2,3,2/3,20.0
shame_and_self_worth,thefashionglobe.com,0,2,,41.0
shame_and_self_worth,vean-tattoo.ca,1,1,1/3,9.0
shame_and_self_worth,www.byrdie.com,3,3,3/3,85.0
shame_and_self_worth,en-sa.rituals.com,0,3,,76.0
shame_and_self_worth,tumbleweedthrift.com,0,3,,0.2
shame_and_self_worth,www.photobookmagazine.com,0,1,,58.0
shame_and_self_worth,public.com,0,3,,75.0
shame_and_self_worth,www.karhu.fi,0,3,,26.0
shame_and_self_worth,www.dol.gov,0,5,,91.0
shame_and_self_worth,www.ragtrader.com.au,0,3,,67.0
shame_and_self_worth,karhu.com,2,6,2/3,61.0
shame_and_self_worth,www.avclub.com,0,3,,82.0
shame_and_self_worth,archive.worldbenchmarkingalliance.org,2,5,2/3,75.0
shame_and_self_worth,sites.google.com,2,2,2/3,99.0
shame_and_self_worth,gameranx.com,0,3,,70.0
shame_and_self_worth,www.lpp.com,3,19,3/3,63.0
shame_and_self_worth,www.which.co.uk,0,3,,89.0
shame_and_self_worth,a.storyblok.com,3,3,3/3,88.0
shame_and_self_worth,live.euronext.com,1,4,1/3,83.0
shame_and_self_worth,www.carhartt.com,0,2,,76.0
shame_and_self_worth,ew.com,2,3,2/3,86.0
shame_and_self_worth,www.promod.fr,0,4,,61.0
shame_and_self_worth,static.inditex.com,0,4,,75.0
shame_and_self_worth,www.vogue.fr,0,4,,82.0
shame_and_self_worth,www.peta.org,1,2,1/3,84.0
shame_and_self_worth,www.radiotimes.com,1,3,1/3,80.0
shame_and_self_worth,world.benetton.com,0,7,,72.0
shame_and_self_worth,knowyourmeme.com,2,9,2/3,86.0
shame_and_self_worth,se.trustpilot.com,0,3,,94.0
shame_and_self_worth,circleoffashion.ssmu.ca,0,1,,52.0
shame_and_self_worth,wanderlog.com,1,3,1/3,77.0
shame_and_self_worth,www.esrb.org,1,3,1/3,82.0
shame_and_self_worth,cfda.com,2,4,2/3,77.0
shame_and_self_worth,www.spanishdict.com,1,4,1/3,77.0
shame_and_self_worth,brusselsmorning.com,0,2,,53.0
shame_and_self_worth,dc-comics-cinematic-universe.fandom.com,1,3,1/3,92.0
shame_and_self_worth,hb.diva-portal.org,0,1,,86.0
shame_and_self_worth,www.whatsafterthemovie.com,0,4,,22.0
shame_and_self_worth,hero.fandom.com,0,3,,92.0
shame_and_self_worth,www.fastretailing.com,0,5,,73.0
shame_and_self_worth,music.amazon.com,0,2,,96.0
shame_and_self_worth,www.frontiersin.org,1,4,1/3,92.0
shame_and_self_worth,stereogum.com,1,3,1/3,79.0
shame_and_self_worth,factually.co,1,4,1/3,60.0
shame_and_self_worth,en-academic.com,0,3,,71.0
shame_and_self_worth,mypaloma.co,0,2,,0.7
shame_and_self_worth,elpais.com,1,3,1/3,91.0
shame_and_self_worth,www.dtcetc.com,0,4,,16.0
shame_and_self_worth,www.business-standard.com,0,5,,89.0
shame_and_self_worth,ch.linkedin.com,0,2,,99.0
shame_and_self_worth,www.theverge.com,2,3,2/3,92.0
shame_and_self_worth,dictionary.reverso.net,0,3,,84.0
shame_and_self_worth,www.businessinsider.com,2,3,2/3,92.0
shame_and_self_worth,timesofindia.indiatimes.com,0,3,,92.0
shame_and_self_worth,series.unibo.it,2,1,2/3,85.0
shame_and_self_worth,www.zara.com,1,6,1/3,86.0
shame_and_self_worth,www.littlebrown.co.uk,0,1,,71.0
shame_and_self_worth,www.irishtimes.com,2,3,2/3,89.0
shame_and_self_worth,www.rmit.edu.au,0,1,,83.0
shame_and_self_worth,www.simonandschuster.ca,0,3,,71.0
shame_and_self_worth,www.summary.com,2,3,2/3,53.0
shame_and_self_worth,www.storaenso.com,0,1,,76.0
shame_and_self_worth,www.twelfthmagpie.com,1,6,1/3,54.0
shame_and_self_worth,www.thesun.co.uk,2,3,2/3,89.0
shame_and_self_worth,myreadshelf.com,0,2,,3.2
shame_and_self_worth,slangdefine.org,0,3,,56.0
shame_and_self_worth,www.gurufocus.com,2,4,2/3,76.0
shame_and_self_worth,us.chichiclothing.com,0,2,,46.0
shame_and_self_worth,www.listennotes.com,0,2,,85.0
shame_and_self_worth,www.urbandictionary.com,0,7,,88.0
shame_and_self_worth,inkartbykate.com,0,1,,0.8
shame_and_self_worth,neurolaunch.com,2,3,2/3,71.0
shame_and_self_worth,ginatricot-cms.imgix.net,2,1,2/3,88.0
shame_and_self_worth,culturehub.blog,0,1,,0.0
shame_and_self_worth,www.opumo.com,1,3,1/3,60.0
shame_and_self_worth,www.playstation.com,0,4,,91.0
shame_and_self_worth,www.allsaints.com,3,9,3/3,72.0
shame_and_self_worth,www.alphaspread.com,0,3,,55.0
shame_and_self_worth,www.justwatch.com,0,3,,82.0
shame_and_self_worth,www.urbanoutfitters.com,0,4,,82.0
shame_and_self_worth,www.digitaltrends.com,1,4,1/3,89.0
shame_and_self_worth,hanzifocus.com,0,1,,1.0
shame_and_self_worth,www.formula1.com,2,8,2/3,85.0
shame_and_self_worth,www.macys.com,0,7,,85.0
shame_and_self_worth,thedailyfandom.org,0,2,,30.0
shame_and_self_worth,uk.dailypaperclothing.com,0,3,,58.0
shame_and_self_worth,gaza.nu,1,2,1/3,6.0
shame_and_self_worth,www.pgaclubtracker.com,2,17,2/3,27.0
shame_and_self_worth,melodyinsight.com,1,3,1/3,3.4
shame_and_self_worth,ericsandroni.com,2,2,2/3,10.0
shame_and_self_worth,notesbythalia.com,2,1,2/3,41.0
shame_and_self_worth,www.consumerreports.org,1,3,1/3,90.0
shame_and_self_worth,books.google.co.in,2,3,2/3,91.0
shame_and_self_worth,www.glassdoor.de,0,2,,75.0
shame_and_self_worth,40k.hammerlore.com,1,2,1/2,0.0
shame_and_self_worth,corporate.lululemon.com,1,14,1/2,83.0
shame_and_self_worth,tureng.com,0,4,,75.0
shame_and_self_worth,carseatheadrest.bandcamp.com,2,1,2/2,93.0
shame_and_self_worth,mindfulspark.org,0,2,,26.0
shame_and_self_worth,careers.jlindeberg.com,0,6,,62.0
shame_and_self_worth,help.cottonon.com,0,2,,73.0
shame_and_self_worth,glosbe.com,0,2,,74.0
shame_and_self_worth,mejuri.com,0,2,,75.0
shame_and_self_worth,www.timeout.com,0,2,,90.0
shame_and_self_worth,modernslaveryregister.gov.au,2,2,2/2,71.0
shame_and_self_worth,handwiki.org,0,1,,62.0
shame_and_self_worth,www.cdc.gov,1,6,1/2,94.0
shame_and_self_worth,de.linkedin.com,0,2,,99.0
shame_and_self_worth,40kfaq.com,0,2,,0.2
shame_and_self_worth,riffology.co,0,1,,23.0
shame_and_self_worth,www.hindipronotes.com,0,1,,19.0
shame_and_self_worth,stepheniemeyer.com,2,2,2/2,64.0
shame_and_self_worth,www.test.de,1,3,1/2,86.0
shame_and_self_worth,www.thisisaday.com,0,1,,54.0
shame_and_self_worth,positivity.org,0,2,,23.0
shame_and_self_worth,www.braun-hamburg.com,0,3,,40.0
shame_and_self_worth,compass.onlinelibrary.wiley.com,0,3,,93.0
shame_and_self_worth,www.erfahrungen.com,0,2,,48.0
shame_and_self_worth,nikibruce.com,0,1,,2.0
shame_and_self_worth,fr.trustpilot.com,0,2,,94.0
shame_and_self_worth,www.endource.com,0,2,,53.0
shame_and_self_worth,www.ndl.go.jp,1,1,1/2,86.0
shame_and_self_worth,www.thehotline.org,1,2,1/2,88.0
shame_and_self_worth,www.lyricslayers.com,0,2,,18.0
shame_and_self_worth,readingwithk.substack.com,0,1,,94.0
shame_and_self_worth,reactormag.com,0,2,,77.0
shame_and_self_worth,www.ofcom.org.uk,1,6,1/2,88.0
shame_and_self_worth,twominutebooks.com,0,1,,14.0
shame_and_self_worth,www.teddy.it,0,4,,47.0
shame_and_self_worth,www.prospectmagazine.co.uk,0,2,,76.0
shame_and_self_worth,www.projectjust.com,0,2,,32.0
shame_and_self_worth,www.them.us,1,2,1/2,80.0
shame_and_self_worth,growthsummary.com,0,1,,20.0
shame_and_self_worth,fleurdumal.com,2,4,2/2,63.0
shame_and_self_worth,etam-groupe.com,1,8,1/2,45.0
shame_and_self_worth,gina-prod-storefront.ginatricot.com,0,3,,63.0
shame_and_self_worth,www.frontlist.in,0,1,,34.0
shame_and_self_worth,www.maglieriagina.it,0,2,,0.0
shame_and_self_worth,tiue.uz,1,1,1/2,31.0
shame_and_self_worth,help.allsaints.com,1,2,1/2,72.0
shame_and_self_worth,www.takingcharge.csh.umn.edu,0,2,,91.0
shame_and_self_worth,vocabdictionary.com,0,1,,19.0
shame_and_self_worth,www.chefsresource.com,0,2,,54.0
shame_and_self_worth,research.ethicalconsumer.org,0,1,,76.0
shame_and_self_worth,www.mumsnet.com,0,2,,76.0
shame_and_self_worth,albumism.com,0,2,,52.0
shame_and_self_worth,uk.karhu.com,0,3,,61.0
shame_and_self_worth,www.mckinsey.com,0,1,,92.0
shame_and_self_worth,cottonon.com,1,3,1/2,73.0
shame_and_self_worth,steamcommunity.com,0,2,,91.0
shame_and_self_worth,www.yumpu.com,0,3,,90.0
shame_and_self_worth,cbsd.ilo.org,0,1,,91.0
shame_and_self_worth,www.yourdictionary.com,0,2,,81.0
shame_and_self_worth,www.therealreal.com,1,5,1/2,78.0
shame_and_self_worth,therapist.com,0,2,,66.0
shame_and_self_worth,www.silenthillmemories.net,1,5,1/2,37.0
shame_and_self_worth,www.meandem.com,2,6,2/2,58.0
shame_and_self_worth,www.statista.com,0,2,,93.0
shame_and_self_worth,www.target.com,0,6,,91.0
shame_and_self_worth,www.slantmagazine.com,0,2,,74.0
shame_and_self_worth,www.thecrimson.com,1,2,1/2,81.0
shame_and_self_worth,www.huffmanwrites.org,1,2,1/2,0.1
shame_and_self_worth,www.keenfootwear.com,1,13,1/2,74.0
shame_and_self_worth,mmlafleur.com,0,1,,67.0
shame_and_self_worth,www.sahi.com,1,3,1/2,34.0
shame_and_self_worth,blisstulle.com,0,2,,31.0
shame_and_self_worth,www.overdrive.com,0,2,,85.0
shame_and_self_worth,transparencypledge.org,0,1,,53.0
shame_and_self_worth,www.on.com,0,2,,79.0
shame_and_self_worth,geekscovery.com,0,1,,1.4
shame_and_self_worth,wenyuan-clothing.com,0,2,,3.2
shame_and_self_worth,globalnews.ca,0,2,,89.0
shame_and_self_worth,www.showpo.com,2,4,2/2,67.0
shame_and_self_worth,thequeensreadingroom.co.uk,0,1,,49.0
shame_and_self_worth,usca.bcorporation.net,1,2,1/2,91.0
shame_and_self_worth,www.carpisa.it,2,17,2/2,53.0
shame_and_self_worth,explanipedia.com,0,1,,6.0
shame_and_self_worth,fashionunited.nl,0,2,,65.0
shame_and_self_worth,assets.bettybarclay.com,0,2,,51.0
shame_and_self_worth,pl.linkedin.com,0,2,,99.0
shame_and_self_worth,www.sonymusic.co.uk,0,1,,73.0
shame_and_self_worth,blabbermouth.net,0,4,,73.0
shame_and_self_worth,catwalkjunkie.com,2,8,2/2,26.0
shame_and_self_worth,archive.transformativeworks.org,0,2,,69.0
shame_and_self_worth,investors.aritzia.com,1,1,1/2,75.0
shame_and_self_worth,twentyonepilots.fandom.com,1,6,1/2,92.0
shame_and_self_worth,all-worlds-alliance.fandom.com,0,2,,92.0
shame_and_self_worth,www.guitarworld.com,1,4,1/2,77.0
shame_and_self_worth,www.doctorwhotv.co.uk,1,2,1/2,45.0
shame_and_self_worth,www.sonymusic.ch,0,1,,38.0
shame_and_self_worth,papers.ssrn.com,0,2,,91.0
shame_and_self_worth,www.beautydecoded.com,1,1,1/2,50.0
shame_and_self_worth,www.livemint.com,0,2,,88.0
shame_and_self_worth,www.theninhotline.com,0,2,,33.0
shame_and_self_worth,www.calzedoniagroup.com,1,1,1/2,47.0
shame_and_self_worth,support.meshki.us,1,6,1/2,58.0
shame_and_self_worth,uk.indeed.com,0,3,,92.0
shame_and_self_worth,www.vogue.co.jp,0,2,,78.0
shame_and_self_worth,coveti.com,1,1,1/2,78.0
shame_and_self_worth,www.patagonia.ca,1,2,1/2,68.0
shame_and_self_worth,actionablebooks.com,0,2,,43.0
shame_and_self_worth,www.cyclingweekly.com,1,2,1/2,77.0
shame_and_self_worth,readtm.com,0,1,,0.3
shame_and_self_worth,uk.finance.yahoo.com,0,4,,94.0
shame_and_self_worth,theslingsandarrows.com,1,1,1/2,35.0
shame_and_self_worth,warhammerguild.com,1,3,1/2,26.0
shame_and_self_worth,moneywithbeans.substack.com,0,1,,94.0
shame_and_self_worth,www.imd.org,0,2,,81.0
shame_and_self_worth,them0vieblog.com,0,2,,42.0
shame_and_self_worth,www.book-filter.com,0,2,,5.0
shame_and_self_worth,www.na-kd.com,2,5,2/2,73.0
shame_and_self_worth,www.drrichardshuster.com,0,1,,18.0
shame_and_self_worth,vendor.urbn.com,1,4,1/2,70.0
shame_and_self_worth,help-us.cottonon.com,1,2,1/2,73.0
shame_and_self_worth,www.nin.com,0,2,,72.0
shame_and_self_worth,www.ecomcrew.com,0,1,,61.0
shame_and_self_worth,www.rcpe.ac.uk,1,1,1/2,70.0
shame_and_self_worth,news.sky.com,0,2,,90.0
shame_and_self_worth,aibooksummarizer.com,0,2,,15.0
shame_and_self_worth,studylib.net,0,2,,73.0
shame_and_self_worth,www.thecooldown.com,0,1,,74.0
shame_and_self_worth,au.investing.com,1,4,1/2,89.0
shame_and_self_worth,kenthospitals.com,0,1,,7.0
shame_and_self_worth,www.zalando.de,0,4,,78.0
shame_and_self_worth,en-qa.rituals.com,0,2,,76.0
shame_and_self_worth,herewear.tcbl.eu,0,1,,41.0
shame_and_self_worth,moviesense.io,0,2,,24.0
shame_and_self_worth,mx.investing.com,0,3,,89.0
shame_and_self_worth,onlinelibrary.wiley.com,1,3,1/2,93.0
shame_and_self_worth,kr.linkedin.com,0,2,,99.0
shame_and_self_worth,thehalara.co.uk,1,1,1/2,33.0
shame_and_self_worth,fan-arrowverse.fandom.com,0,1,,92.0
shame_and_self_worth,www.doctorwho.tv,2,7,2/2,67.0
shame_and_self_worth,www.successbooks.com,0,1,,0.3
shame_and_self_worth,academy.thebusinessprofessor.com,1,1,1/2,62.0
shame_and_self_worth,www.mangakakalots.co.uk,0,1,,0.0
shame_and_self_worth,www.oxfam.org.au,0,2,,72.0
shame_and_self_worth,www.myntra.com,1,7,1/2,81.0
shame_and_self_worth,www.syfy.com,1,2,1/2,80.0
shame_and_self_worth,www.androidauthority.com,0,2,,85.0
shame_and_self_worth,www.libraryjournal.com,0,1,,79.0
shame_and_self_worth,www.glamour.com,0,2,,86.0
shame_and_self_worth,www.tuftsdaily.com,0,2,,68.0
shame_and_self_worth,www.gu.se,0,1,,84.0
shame_and_self_worth,www.justbrands.eu,1,2,1/2,34.0
shame_and_self_worth,www.glassdoor.co.uk,0,2,,82.0
shame_and_self_worth,kookai.co.uk,0,2,,27.0
shame_and_self_worth,lilianeting.com,1,1,1/2,0.0
shame_and_self_worth,the-musical-directory.fandom.com,0,2,,92.0
shame_and_self_worth,www.philosophyaustralia.com.au,0,2,,32.0
shame_and_self_worth,www.dc.com,0,2,,80.0
shame_and_self_worth,www.techspot.com,1,3,1/2,82.0
shame_and_self_worth,www.highsnobiety.com,0,2,,83.0
shame_and_self_worth,www.dazeddigital.com,0,2,,84.0
shame_and_self_worth,www.treccani.it,0,1,,83.0
shame_and_self_worth,www.pcgamesn.com,0,2,,78.0
shame_and_self_worth,www.salon.com,0,2,,87.0
shame_and_self_worth,corporate.abercrombie.com,1,14,1/2,78.0
shame_and_self_worth,abcnews.com,0,3,,91.0
shame_and_self_worth,punpun.fandom.com,0,1,,92.0
shame_and_self_worth,dictionary.langeek.co,1,4,1/2,52.0
shame_and_self_worth,www.autoexpress.co.uk,0,2,,79.0
shame_and_self_worth,www.aritzia.com,2,1,2/2,75.0
shame_and_self_worth,www.popsongprofessor.com,0,2,,25.0
shame_and_self_worth,thebookinsight.com,0,2,,0.4
shame_and_self_worth,codamusic.me,0,2,,52.0
shame_and_self_worth,self-compassion.org,0,2,,82.0
shame_and_self_worth,hendricks.com,0,4,,59.0
shame_and_self_worth,www.golfchannel.com,0,1,,77.0
shame_and_self_worth,builtbythefoot.com,0,2,,0.0
shame_and_self_worth,truekung.com,0,3,,18.0
shame_and_self_worth,www.harvard.com,0,2,,74.0
shame_and_self_worth,femfounded.org,0,2,,9.0
shame_and_self_worth,positivepsychology.com,1,2,1/2,86.0
shame_and_self_worth,www.street-one.be,0,2,,12.0
shame_and_self_worth,remake.world,0,1,,71.0
shame_and_self_worth,ohpolly.ae,1,4,1/2,23.0
shame_and_self_worth,www.reserved.com,1,5,1/2,72.0
shame_and_self_worth,stg07.penguin.co.in,0,2,,68.0
shame_and_self_worth,www.investorschronicle.co.uk,0,3,,70.0
shame_and_self_worth,careers.ginatricot.com,0,2,,63.0
shame_and_self_worth,www.rhcbooks.com,1,2,1/2,70.0
shame_and_self_worth,cottonongroup.com.au,1,6,1/2,44.0
shame_and_self_worth,www.autoblog.com,1,2,1/2,81.0
shame_and_self_worth,www.digitalcameraworld.com,2,3,2/2,79.0
shame_and_self_worth,palomaliving.com,0,1,,14.0
shame_and_self_worth,www.birkenstock.com,2,9,2/2,76.0
shame_and_self_worth,amcob.org,1,2,1/2,9.0
shame_and_self_worth,www.bustle.com,0,2,,88.0
shame_and_self_worth,cr.linkedin.com,0,2,,99.0
shame_and_self_worth,sustainably-chic.com,0,2,,66.0
shame_and_self_worth,licc.org.uk,0,1,,60.0
shame_and_self_worth,www.vanafhier.nl,0,1,,44.0
shame_and_self_worth,zlk.com,0,1,,48.0
shame_and_self_worth,www.seattlepi.com,0,2,,80.0
shame_and_self_worth,theanalyticalgeek.com,0,1,,1.6
shame_and_self_worth,eauclairepartners.com,0,1,,30.0
shame_and_self_worth,hr.benetton.com,0,1,,72.0
shame_and_self_worth,rd.me,1,2,1/2,26.0
shame_and_self_worth,www.oliverbonas.com,2,18,2/2,70.0
shame_and_self_worth,core-ombuds.canada.ca,0,1,,93.0
shame_and_self_worth,eric.ed.gov,1,2,1/2,91.0
shame_and_self_worth,www.asa.org.uk,1,2,1/2,84.0
shame_and_self_worth,movies.stackexchange.com,0,2,,91.0
shame_and_self_worth,www.bookey.app,0,2,,61.0
shame_and_self_worth,www.humanrights.unsw.edu.au,0,1,,88.0
shame_and_self_worth,mindsetandskills.com,0,2,,27.0
shame_and_self_worth,www.liewood.com,2,18,2/2,56.0
shame_and_self_worth,www.usingenglish.com,0,1,,70.0
shame_and_self_worth,scanx.trade,1,5,1/2,58.0
shame_and_self_worth,www.sgieurope.com,1,2,1/2,51.0
shame_and_self_worth,au.rollingstone.com,0,2,,90.0
shame_and_self_worth,vintageclothingguides.com,0,1,,33.0
shame_and_self_worth,www.thetimes.co.uk,0,2,,90.0
shame_and_self_worth,www.whensarasmiles.nl,0,2,,34.0
shame_and_self_worth,movies.fandom.com,0,2,,92.0
shame_and_self_worth,www.cecc.gov,1,1,1/2,70.0
shame_and_self_worth,storyofsong.com,1,1,1/2,26.0
shame_and_self_worth,www.louisehay.com,1,1,1/2,71.0
shame_and_self_worth,www.princesspolly.com.au,1,2,1/2,56.0
shame_and_self_worth,thehorusheresylegions.fandom.com,0,2,,92.0
shame_and_self_worth,brieflane.com,0,2,,17.0
shame_and_self_worth,eveningreport.nz,0,1,,36.0
shame_and_self_worth,www.getvoxbrief.com,0,2,,8.0
shame_and_self_worth,www.psychiatry.org,0,2,,89.0
shame_and_self_worth,editorial.rottentomatoes.com,0,3,,87.0
shame_and_self_worth,bookmarks.reviews,1,4,1/2,61.0
shame_and_self_worth,showaliterature.omeka.net,1,1,1/2,79.0
shame_and_self_worth,thinking-expedition.com,2,1,2/2,9.0
shame_and_self_worth,colinsreview.com,0,2,,12.0
shame_and_self_worth,www.thevillageidiom.org,1,1,1/2,12.0
shame_and_self_worth,www.soyaconcept.de,1,4,1/2,25.0
shame_and_self_worth,www.healthcentral.com,0,1,,82.0
shame_and_self_worth,www.universalpicturesathome.com,0,1,,76.0
shame_and_self_worth,aibooksummary.com,2,2,2/2,10.0
shame_and_self_worth,profoundadvices.com,0,1,,0.9
shame_and_self_worth,dictionary.goo.ne.jp,1,2,1/2,90.0
shame_and_self_worth,www.tezenis.com,2,5,2/2,57.0
shame_and_self_worth,readlearnshare.blog,0,1,,1.3
shame_and_self_worth,www.betterhealth.vic.gov.au,0,4,,87.0
shame_and_self_worth,taylorswiftswitzerland.ch,1,2,1/2,23.0
shame_and_self_worth,dk.trustpilot.com,1,2,1/2,94.0
shame_and_self_worth,mindsetonline.com,1,3,1/2,70.0
shame_and_self_worth,vegpursuits.com,0,1,,4.1
shame_and_self_worth,www.hachettebookgroup.com,1,3,1/2,85.0
shame_and_self_worth,www.jlindebergusa.com,0,1,,43.0
shame_and_self_worth,thebriefnetwork.com,0,1,,4.3
shame_and_self_worth,www.olsenfashion.com,0,3,,34.0
shame_and_self_worth,brenebrown.com,1,5,1/2,84.0
shame_and_self_worth,www.slashgear.com,0,2,,81.0
shame_and_self_worth,www.golf365.com,0,2,,53.0
shame_and_self_worth,brasilescola.uol.com.br,0,1,,91.0
shame_and_self_worth,themichaelteaching.com,1,1,1/2,4.7
shame_and_self_worth,www.bathandbodyworks.hk,0,2,,31.0
shame_and_self_worth,swiftlysungstories.com,0,2,,5.0
shame_and_self_worth,www.kustomkit.com,0,1,,47.0
shame_and_self_worth,www.destructoid.com,1,1,1/2,78.0
shame_and_self_worth,www.investegate.co.uk,0,3,,70.0
shame_and_self_worth,www.more-and-more.de,1,7,1/2,44.0
shame_and_self_worth,golfingfocus.com,1,2,1/2,24.0
shame_and_self_worth,www.kookai.com.au,1,2,1/2,56.0
shame_and_self_worth,oe-magazine.de,0,1,,43.0
shame_and_self_worth,www.threads.com,0,2,,92.0
shame_and_self_worth,www.deepfocusreview.com,0,2,,44.0
shame_and_self_worth,www.news.com.au,0,2,,88.0
shame_and_self_worth,partnerhelp.netflixstudios.com,1,3,1/2,72.0
shame_and_self_worth,www.modernreformation.org,1,1,1/2,56.0
shame_and_self_worth,www.vogue.it,0,2,,82.0
shame_and_self_worth,bbwinc.gcs-web.com,0,3,,83.0
shame_and_self_worth,www.smcp.com,1,1,1/2,50.0
shame_and_self_worth,rollasjeans.com,2,5,2/2,47.0
shame_and_self_worth,www.talonmarks.com,0,1,,34.0
shame_and_self_worth,leolinofficial.com,1,3,1/2,42.0
shame_and_self_worth,www.freemalaysiatoday.com,2,4,2/2,77.0
shame_and_self_worth,www.shu.ac.uk,0,1,,80.0
shame_and_self_worth,www.bizslash.com,0,1,,0.0
shame_and_self_worth,www.elcompanies.com,0,2,,78.0
shame_and_self_worth,thenerdd.com,0,1,,26.0
shame_and_self_worth,readbycritics.com,1,1,1/2,26.0
shame_and_self_worth,silenthillforum.com,0,2,,22.0
shame_and_self_worth,wisdomproject.beehiiv.com,0,1,,91.0
shame_and_self_worth,in.investing.com,1,3,1/2,89.0
shame_and_self_worth,www.hachetteindia.com,0,2,,41.0
shame_and_self_worth,great-american-adventures.com,0,1,,15.0
shame_and_self_worth,www.scienceofpeople.com,0,2,,77.0
shame_and_self_worth,www.street-one.nl,1,2,1/2,28.0
shame_and_self_worth,www.selfridges.com,0,5,,81.0
shame_and_self_worth,warhammer40karchives.com,1,4,1/2,13.0
shame_and_self_worth,www.alaindebotton.com,1,3,1/2,66.0
shame_and_self_worth,kotobank.jp,2,5,2/2,82.0
shame_and_self_worth,int.undiz.com,1,15,1/2,57.0
shame_and_self_worth,www.spglobal.com,1,2,1/2,90.0
shame_and_self_worth,github.com,1,1,1/2,97.0
shame_and_self_worth,www.benzinga.com,0,3,,87.0
shame_and_self_worth,www.innovationintextiles.com,0,2,,62.0
shame_and_self_worth,consciousbunny.com,1,2,1/2,29.0
shame_and_self_worth,www.nature.com,0,2,,93.0
shame_and_self_worth,distiller.com,0,2,,60.0
shame_and_self_worth,www.lager157.com,2,7,2/2,51.0
shame_and_self_worth,www.motortrend.com,0,2,,84.0
shame_and_self_worth,hmgroup.com,0,6,,75.0
shame_and_self_worth,www.themodernnovel.org,0,1,,38.0
shame_and_self_worth,www.youridioms.com,0,2,,11.0
shame_and_self_worth,thinkr.org,0,2,,21.0
shame_and_self_worth,www.oniverse.it,1,2,1/2,50.0
shame_and_self_worth,www.xbox.com,0,3,,91.0
shame_and_self_worth,sustainability.bosideng.com,1,4,1/2,55.0
shame_and_self_worth,www.historytools.org,0,2,,58.0
shame_and_self_worth,www.quiverquant.com,0,2,,71.0
shame_and_self_worth,www.sorel.com,0,1,,64.0
shame_and_self_worth,khosmos.com,0,1,,0.0
shame_and_self_worth,plato.stanford.edu,1,3,1/2,92.0
shame_and_self_worth,bookanalysis.com,1,2,1/2,35.0
shame_and_self_worth,www.scmp.com,0,2,,90.0
shame_and_self_worth,wear-next.com,0,2,,41.0
shame_and_self_worth,www.publicnow.com,1,2,1/2,73.0
shame_and_self_worth,whatculture.com,1,2,1/2,71.0
shame_and_self_worth,extension.okstate.edu,0,2,,84.0
shame_and_self_worth,www.enneagraminstitute.com,0,1,,78.0
shame_and_self_worth,m.shein.com,0,1,,84.0
shame_and_self_worth,explainsong.com,0,2,,4.3
shame_and_self_worth,linktr.ee,0,1,,94.0
shame_and_self_worth,context.reverso.net,0,5,,84.0
shame_and_self_worth,www.calzedonia.com,2,7,2/2,71.0
shame_and_self_worth,commongoods.ca,0,1,,13.0
shame_and_self_worth,www.reviewed.com,0,2,,79.0
shame_and_self_worth,sg.finance.yahoo.com,1,2,1/2,94.0
shame_and_self_worth,gildancorp.com,0,2,,71.0
shame_and_self_worth,www.bathandbodyworks.com.sg,1,1,1/2,33.0
shame_and_self_worth,smmry.com,0,1,,50.0
shame_and_self_worth,www.weavabel.com,1,1,1/2,41.0
shame_and_self_worth,pagesix.com,2,2,2/2,83.0
shame_and_self_worth,www.nausicaa.net,0,3,,55.0
shame_and_self_worth,www.londonstockexchange.com,0,2,,82.0
shame_and_self_worth,exclaim.ca,0,2,,75.0
shame_and_self_worth,wwnorton.co.uk,0,1,,60.0
shame_and_self_worth,research.tilburguniversity.edu,0,1,,79.0
shame_and_self_worth,wrbbradio.org,0,1,,39.0
shame_and_self_worth,the-weeknd.fandom.com,1,1,1/2,92.0
shame_and_self_worth,cactusacademy.vn,0,1,,0.0
shame_and_self_worth,www.mind.org.uk,0,1,,90.0
shame_and_self_worth,goong.com,0,2,,31.0
shame_and_self_worth,www.productreview.com.au,2,3,2/2,79.0
shame_and_self_worth,www.beyondthestagemagazine.com,0,2,,32.0
shame_and_self_worth,www.disneyplus.com,0,2,,90.0
shame_and_self_worth,nl.linkedin.com,0,2,,99.0
shame_and_self_worth,nl-be.trustpilot.com,2,2,2/2,94.0
shame_and_self_worth,www.google.com,0,2,,99.0
shame_and_self_worth,www.jlindeberg.com,2,9,2/2,62.0
shame_and_self_worth,www.esquire.com,0,2,,87.0
shame_and_self_worth,byjus.com,0,1,,80.0
shame_and_self_worth,www.choice.com.au,1,2,1/2,79.0
shame_and_self_worth,fluidself.org,2,1,2/2,9.0
shame_and_self_worth,meshki.co.uk,1,3,1/2,43.0
shame_and_self_worth,www.samsoe.com,2,5,2/2,59.0
shame_and_self_worth,tattoo-art.com,0,1,,9.0
shame_and_self_worth,boykotdedektifi.com,0,2,,25.0
shame_and_self_worth,lareviewofbooks.org,2,2,2/2,81.0
shame_and_self_worth,urbanclassics.com.au,2,1,2/2,0.1
shame_and_self_worth,reference.org,0,2,,32.0
shame_and_self_worth,www.spring.org.uk,0,1,,75.0
shame_and_self_worth,bdsmovement.net,0,1,,76.0
shame_and_self_worth,hero.epa.gov,1,3,1/2,93.0
shame_and_self_worth,www.tvline.com,1,2,1/2,78.0
shame_and_self_worth,www.aeropostale.com,1,2,1/2,69.0
shame_and_self_worth,wellfr.com,0,1,,6.0
shame_and_self_worth,www.understood.org,1,2,1/2,83.0
shame_and_self_worth,www.cheatsheet.com,2,5,2/2,77.0
shame_and_self_worth,fr-be.trustpilot.com,0,2,,94.0
shame_and_self_worth,www.booking.com,0,5,,93.0
shame_and_self_worth,www.street-one.de,1,3,1/2,56.0
shame_and_self_worth,www.thetimes.com,0,3,,91.0
shame_and_self_worth,es.undiz.com,0,2,,57.0
shame_and_self_worth,summarybook.net,0,1,,0.9
shame_and_self_worth,www.thewhitecompany.com,1,13,1/2,71.0
shame_and_self_worth,www.instrumentchoice.com.au,1,1,1/2,36.0
shame_and_self_worth,sustainability.aboutamazon.com,0,2,,90.0
shame_and_self_worth,bettybarclay.com,0,2,,51.0
shame_and_self_worth,www.motor1.com,0,3,,80.0
shame_and_self_worth,static1.squarespace.com,0,2,,95.0
shame_and_self_worth,es.investing.com,0,3,,89.0
shame_and_self_worth,www.bathandbodyworks.co.th,0,2,,33.0
shame_and_self_worth,www.renttherunway.com,1,2,1/2,78.0
shame_and_self_worth,www.moneycontrol.com,0,7,,86.0
shame_and_self_worth,www.caranddriver.com,2,6,2/2,86.0
shame_and_self_worth,filmcolossus.com,2,2,2/2,30.0
shame_and_self_worth,up-west.net,1,1,1/2,0.0
shame_and_self_worth,www.harpersbazaar.com,0,2,,89.0
shame_and_self_worth,www.otto.de,0,9,,81.0
shame_and_self_worth,www.gameslearningsociety.org,0,3,,52.0
shame_and_self_worth,www.verywellhealth.com,0,2,,90.0
shame_and_self_worth,www.soyaconcept.dk,2,1,2/2,31.0
shame_and_self_worth,knitrowan.com,1,7,1/2,60.0
shame_and_self_worth,lifeclub.org,0,2,,35.0
shame_and_self_worth,www.womenshealthmag.com,0,2,,87.0
shame_and_self_worth,taylorswift.fandom.com,1,3,1/2,92.0
shame_and_self_worth,www.asiae.co.kr,0,3,,79.0
shame_and_self_worth,www.gudrunsjoden.com,2,11,2/2,51.0
shame_and_self_worth,theweek.com,0,2,,84.0
shame_and_self_worth,news.bloomberglaw.com,0,5,,87.0
shame_and_self_worth,crueltyfree.peta.org,1,2,1/2,84.0
shame_and_self_worth,www.housebrand.com,1,8,1/2,61.0
shame_and_self_worth,unanswered.io,0,2,,27.0
shame_and_self_worth,manga.fandom.com,0,2,,92.0
shame_and_self_worth,www.equip.org,2,1,2/2,70.0
shame_and_self_worth,www.moneysavingexpert.com,0,2,,84.0
shame_and_self_worth,penguinrandomhousehighereducation.com,0,3,,64.0
shame_and_self_worth,upstox.com,1,21,1/2,77.0
shame_and_self_worth,www.adl.org,0,1,,83.0
shame_and_self_worth,www.golfdigest.com,0,1,,81.0
shame_and_self_worth,comicvine.gamespot.com,0,4,,85.0
shame_and_self_worth,psychology.stackexchange.com,0,2,,91.0
shame_and_self_worth,www.boxofficemojo.com,0,2,,82.0
shame_and_self_worth,www.bbfc.co.uk,0,2,,76.0
shame_and_self_worth,www.businesswire.com,0,3,,92.0
shame_and_self_worth,www.birkenstock-group.com,1,1,1/2,54.0
shame_and_self_worth,www.bosidengfashion.com,1,2,1/2,28.0
shame_and_self_worth,www.barnesandnoble.com,0,2,,92.0
shame_and_self_worth,www.glossy.co,0,1,,81.0
shame_and_self_worth,palomawool.worthepenny.com,0,1,,55.0
shame_and_self_worth,thebookerprizes.com,1,1,1/2,75.0
shame_and_self_worth,www.bosideng.com,1,5,1/2,55.0
shame_and_self_worth,symboliy.com,0,1,,0.0
shame_and_self_worth,yenpress.com,0,6,,62.0
shame_and_self_worth,it.scribd.com,0,2,,91.0
shame_and_self_worth,www.asos.com,1,4,1/2,86.0
shame_and_self_worth,www.lse.co.uk,1,8,1/2,66.0
shame_and_self_worth,rascaldoesnotdream.com,2,3,2/2,15.0
shame_and_self_worth,www.trustedshops.nl,1,3,1/2,77.0
shame_and_self_worth,literary-reviews.com,0,1,,0.0
shame_and_self_worth,gameinformer.com,2,2,2/2,79.0
shame_and_self_worth,guestinresidence.com,2,4,2/2,41.0
shame_and_self_worth,www.itmedia.co.jp,0,3,,88.0
shame_and_self_worth,gb.benetton.com,0,2,,72.0
shame_and_self_worth,fashionunited.fr,0,2,,66.0
shame_and_self_worth,www.pedestrian.tv,0,1,,73.0
shame_and_self_worth,www.intelligentinvestor.com.au,0,2,,54.0
shame_and_self_worth,www.newswire.com,0,2,,83.0
shame_and_self_worth,skims.com,2,5,2/2,77.0
shame_and_self_worth,www.kiabi.nl,0,2,,38.0
shame_and_self_worth,amslang.en-academic.com,0,2,,71.0
shame_and_self_worth,www.besttattoohub.com,0,1,,0.1
shame_and_self_worth,www.halara.com,0,5,,60.0
shame_and_self_worth,www.bonasgroup.com,0,1,,44.0
shame_and_self_worth,www.trigema.de,0,2,,57.0
shame_and_self_worth,lingolandedu.com,0,1,,34.0
shame_and_self_worth,www.pacsun.com,2,3,2/2,73.0
shame_and_self_worth,www.briannawiest.com,0,1,,37.0
shame_and_self_worth,eastasianliteratureintranslation.com,1,1,1/2,0.1
shame_and_self_worth,www.keokai.com,0,1,,2.5
shame_and_self_worth,bettybarclay-group.com,2,12,2/2,31.0
shame_and_self_worth,www.comingsoon.net,2,2,2/2,76.0
shame_and_self_worth,www.theinformation.com,0,2,,85.0
shame_and_self_worth,militarybudget.org,0,1,,7.0
shame_and_self_worth,www.pistoladenim.com,0,13,,37.0
shame_and_self_worth,www.alibaba.com,1,2,1/2,92.0
shame_and_self_worth,www.undiz.com,1,4,1/2,57.0
shame_and_self_worth,oraclesdccomicsencyclopedia.wordpress.com,0,1,,96.0
shame_and_self_worth,www.joinparallel.io,0,2,,39.0
shame_and_self_worth,wheelofwisdom.online,1,1,1/2,0.0
shame_and_self_worth,www.glassdoor.fr,0,1,,75.0
shame_and_self_worth,openintel.uk,0,1,,7.0
boundaries_and_people_pleasing,www.goodreads.com,60,345,60/187,92.0
boundaries_and_people_pleasing,www.reddit.com,93,238,93/186,95.0
boundaries_and_people_pleasing,www.psychologytoday.com,86,218,86/151,93.0
boundaries_and_people_pleasing,en.wikipedia.org,109,93,109/137,97.0
boundaries_and_people_pleasing,www.shortform.com,62,95,62/126,72.0
boundaries_and_people_pleasing,books.google.com,42,233,42/109,99.0
boundaries_and_people_pleasing,www.supersummary.com,39,63,39/94,65.0
boundaries_and_people_pleasing,dictionary.cambridge.org,46,124,46/85,92.0
boundaries_and_people_pleasing,www.blinkist.com,35,46,35/82,76.0
boundaries_and_people_pleasing,www.merriam-webster.com,38,93,38/82,91.0
boundaries_and_people_pleasing,health.clevelandclinic.org,40,42,40/76,92.0
boundaries_and_people_pleasing,www.penguinrandomhouse.com,24,85,24/74,91.0
boundaries_and_people_pleasing,books.apple.com,12,71,12/69,97.0
boundaries_and_people_pleasing,www.dictionary.com,15,57,15/69,90.0
boundaries_and_people_pleasing,www.verywellmind.com,28,35,28/68,90.0
boundaries_and_people_pleasing,www.theguardian.com,25,36,25/62,93.0
boundaries_and_people_pleasing,www.healthline.com,26,48,26/62,92.0
boundaries_and_people_pleasing,www.kirkusreviews.com,18,39,18/61,86.0
boundaries_and_people_pleasing,www.sumizeit.com,32,19,32/60,49.0
boundaries_and_people_pleasing,www.medicalnewstoday.com,35,22,35/55,91.0
boundaries_and_people_pleasing,sobrief.com,17,43,17/51,53.0
boundaries_and_people_pleasing,pubmed.ncbi.nlm.nih.gov,22,96,22/46,95.0
boundaries_and_people_pleasing,pmc.ncbi.nlm.nih.gov,13,70,13/45,95.0
boundaries_and_people_pleasing,www.sciencedirect.com,11,57,11/42,94.0
boundaries_and_people_pleasing,www.washingtonpost.com,9,22,9/41,93.0
boundaries_and_people_pleasing,psychcentral.com,10,29,10/40,87.0
boundaries_and_people_pleasing,openlibrary.org,2,60,2/40,86.0
boundaries_and_people_pleasing,www.collinsdictionary.com,11,39,11/39,86.0
boundaries_and_people_pleasing,en.wiktionary.org,7,30,7/39,91.0
boundaries_and_people_pleasing,play.google.com,6,49,6/36,99.0
boundaries_and_people_pleasing,www.webmd.com,10,18,10/35,92.0
boundaries_and_people_pleasing,www.learnerd.org,10,4,10/35,0.9
boundaries_and_people_pleasing,goodreads.com,4,30,4/34,92.0
boundaries_and_people_pleasing,www.oxfordlearnersdictionaries.com,10,42,10/31,81.0
boundaries_and_people_pleasing,www.leapaheadapp.com,4,21,4/30,7.0
boundaries_and_people_pleasing,www.publishersweekly.com,9,22,9/29,86.0
boundaries_and_people_pleasing,www.simonandschuster.com,11,31,11/28,88.0
boundaries_and_people_pleasing,dictionary.apa.org,13,40,13/28,92.0
boundaries_and_people_pleasing,timesofindia.indiatimes.com,12,28,12/28,92.0
boundaries_and_people_pleasing,ericsandroni.com,6,6,6/27,10.0
boundaries_and_people_pleasing,grahammann.net,7,9,7/27,37.0
boundaries_and_people_pleasing,scienceinsights.org,1,14,1/25,70.0
boundaries_and_people_pleasing,www.melrobbins.com,19,19,19/24,75.0
boundaries_and_people_pleasing,www.commonsensemedia.org,11,25,11/23,86.0
boundaries_and_people_pleasing,time.com,11,19,11/23,92.0
boundaries_and_people_pleasing,www.scienceofpeople.com,11,11,11/23,77.0
boundaries_and_people_pleasing,www.ncbi.nlm.nih.gov,6,33,6/22,95.0
boundaries_and_people_pleasing,www.forbes.com,5,20,5/22,94.0
boundaries_and_people_pleasing,booksthatslay.com,5,11,5/20,27.0
boundaries_and_people_pleasing,www.gottman.com,6,12,6/19,85.0
boundaries_and_people_pleasing,makeheadway.com,3,8,3/19,72.0
boundaries_and_people_pleasing,knowyourmeme.com,8,12,8/19,86.0
boundaries_and_people_pleasing,anniewright.com,2,17,2/19,43.0
boundaries_and_people_pleasing,www.newyorker.com,9,14,9/19,91.0
boundaries_and_people_pleasing,www.astrology.com,15,14,15/19,73.0
boundaries_and_people_pleasing,people.com,10,17,10/18,91.0
boundaries_and_people_pleasing,www.imdb.com,4,33,4/18,94.0
boundaries_and_people_pleasing,podcasts.apple.com,1,28,1/18,97.0
boundaries_and_people_pleasing,www.urbandictionary.com,1,34,1/18,88.0
boundaries_and_people_pleasing,www.mayoclinic.org,6,18,6/16,92.0
boundaries_and_people_pleasing,www.rottentomatoes.com,7,23,7/16,87.0
boundaries_and_people_pleasing,thecriticalthoughtlab.com,3,1,3/16,10.0
boundaries_and_people_pleasing,my.clevelandclinic.org,9,9,9/16,92.0
boundaries_and_people_pleasing,www.fizzread.ai,1,4,1/16,26.0
boundaries_and_people_pleasing,www.hachettebookgroup.com,9,11,9/16,85.0
boundaries_and_people_pleasing,www.abc.net.au,10,10,10/15,91.0
boundaries_and_people_pleasing,www.prindleinstitute.org,10,5,10/15,51.0
boundaries_and_people_pleasing,www.simplypsychology.com,3,10,3/15,37.0
boundaries_and_people_pleasing,www.bookbase.app,6,6,6/15,26.0
boundaries_and_people_pleasing,www.littlerbooks.com,2,7,2/14,14.0
boundaries_and_people_pleasing,www.wordreference.com,0,10,,80.0
boundaries_and_people_pleasing,www.realsimple.com,6,7,6/14,87.0
boundaries_and_people_pleasing,www.summary.com,3,8,3/14,53.0
boundaries_and_people_pleasing,us.macmillan.com,5,27,5/14,86.0
boundaries_and_people_pleasing,www.getstoryshots.com,4,8,4/13,47.0
boundaries_and_people_pleasing,ursummary.com,0,9,,7.0
boundaries_and_people_pleasing,www.kobo.com,1,13,1/13,90.0
boundaries_and_people_pleasing,luvembooks.com,4,8,4/13,6.0
boundaries_and_people_pleasing,www.senzoapp.com,3,3,3/13,0.0
boundaries_and_people_pleasing,www.usingenglish.com,3,1,3/13,70.0
boundaries_and_people_pleasing,journals.sagepub.com,7,14,7/13,92.0
boundaries_and_people_pleasing,www.cbsnews.com,2,6,2/13,92.0
boundaries_and_people_pleasing,nomoremrniceguy.com,8,4,8/13,20.0
boundaries_and_people_pleasing,www.mindbodygreen.com,1,13,1/13,85.0
boundaries_and_people_pleasing,www.researchgate.net,2,12,2/12,93.0
boundaries_and_people_pleasing,parade.com,3,9,3/12,85.0
boundaries_and_people_pleasing,amcob.org,3,2,3/12,9.0
boundaries_and_people_pleasing,gummary.com,1,3,1/12,0.0
boundaries_and_people_pleasing,www.linkedin.com,0,13,,99.0
boundaries_and_people_pleasing,www.etymonline.com,1,8,1/11,83.0
boundaries_and_people_pleasing,www.glamour.com,6,8,6/11,86.0
boundaries_and_people_pleasing,www.harvard.com,4,11,4/11,74.0
boundaries_and_people_pleasing,www.penguinrandomhouse.ca,2,11,2/11,80.0
boundaries_and_people_pleasing,www.cdc.gov,5,16,5/10,94.0
boundaries_and_people_pleasing,www.simplypsychology.org,1,6,1/10,85.0
boundaries_and_people_pleasing,www.litcharts.com,2,15,2/10,72.0
boundaries_and_people_pleasing,www.target.com,2,15,2/10,91.0
boundaries_and_people_pleasing,www.rogerebert.com,3,8,3/10,81.0
boundaries_and_people_pleasing,justhateme.com,0,1,,0.0
boundaries_and_people_pleasing,onlinelibrary.wiley.com,1,14,1/10,93.0
boundaries_and_people_pleasing,12min.com,2,6,2/10,55.0
boundaries_and_people_pleasing,www.readingandthinking.com,1,2,1/10,2.3
boundaries_and_people_pleasing,arxiv.org,4,7,4/10,93.0
boundaries_and_people_pleasing,www.allure.com,7,6,7/10,87.0
boundaries_and_people_pleasing,apnews.com,5,8,5/10,92.0
boundaries_and_people_pleasing,medlineplus.gov,5,17,5/10,91.0
boundaries_and_people_pleasing,www.healthychildren.org,3,18,3/9,89.0
boundaries_and_people_pleasing,m.economictimes.com,5,5,5/9,83.0
boundaries_and_people_pleasing,www.vogue.com,2,10,2/9,91.0
boundaries_and_people_pleasing,legalclarity.org,2,16,2/9,76.0
boundaries_and_people_pleasing,jamesmchristensen.com,0,1,,27.0
boundaries_and_people_pleasing,www.latimes.com,2,9,2/9,92.0
boundaries_and_people_pleasing,doi.org,1,10,1/9,94.0
boundaries_and_people_pleasing,www.capitalfm.com,3,6,3/9,74.0
boundaries_and_people_pleasing,www.tandfonline.com,1,10,1/9,92.0
boundaries_and_people_pleasing,resilientwisdom.com,4,3,4/9,0.9
boundaries_and_people_pleasing,www.penguin.co.uk,3,11,3/9,85.0
boundaries_and_people_pleasing,thalira.com,0,6,,19.0
boundaries_and_people_pleasing,www.editorsreads.com,4,4,4/9,0.1
boundaries_and_people_pleasing,mymythos.org,7,3,7/9,25.0
boundaries_and_people_pleasing,www.health.harvard.edu,2,6,2/9,93.0
boundaries_and_people_pleasing,www.successbooks.com,7,2,7/9,0.3
boundaries_and_people_pleasing,www.penguin.com.au,2,15,2/8,78.0
boundaries_and_people_pleasing,biologyinsights.com,0,6,,71.0
boundaries_and_people_pleasing,apps.apple.com,4,15,4/8,97.0
boundaries_and_people_pleasing,readsprint.app,0,1,,4.8
boundaries_and_people_pleasing,store.steampowered.com,8,15,8/8,92.0
boundaries_and_people_pleasing,www.sparknotes.com,3,7,3/8,77.0
boundaries_and_people_pleasing,www.cosmopolitan.com,6,6,6/8,89.0
boundaries_and_people_pleasing,library.fresnostate.edu,3,1,3/8,76.0
boundaries_and_people_pleasing,www.cambridge.org,2,7,2/8,92.0
boundaries_and_people_pleasing,www.youtube.com,4,9,4/8,99.0
boundaries_and_people_pleasing,www.audible.com,2,7,2/8,91.0
boundaries_and_people_pleasing,www.plotexplained.com,1,11,1/8,15.0
boundaries_and_people_pleasing,www.spanishdict.com,0,15,,77.0
boundaries_and_people_pleasing,www.abct.org,7,5,7/8,75.0
boundaries_and_people_pleasing,andrewconner.com,1,1,1/8,35.0
boundaries_and_people_pleasing,www.wisdomlib.org,2,11,2/8,74.0
boundaries_and_people_pleasing,www.frontiersin.org,2,8,2/8,92.0
boundaries_and_people_pleasing,www.enotes.com,5,13,5/8,73.0
boundaries_and_people_pleasing,dictionary.reverso.net,0,7,,84.0
boundaries_and_people_pleasing,www.parents.com,5,8,5/8,87.0
boundaries_and_people_pleasing,www.barnesandnoble.com,2,8,2/8,92.0
boundaries_and_people_pleasing,www.yahoo.com,1,6,1/8,94.0
boundaries_and_people_pleasing,www.bookrags.com,1,15,1/8,64.0
boundaries_and_people_pleasing,link.springer.com,1,4,1/7,93.0
boundaries_and_people_pleasing,blackink.ai,2,4,2/7,49.0
boundaries_and_people_pleasing,www.simonandschuster.net,0,8,,59.0
boundaries_and_people_pleasing,www.bhawnapatkar.com,0,1,,1.0
boundaries_and_people_pleasing,aibooksummarizer.com,0,1,,15.0
boundaries_and_people_pleasing,www.bookey.app,1,7,1/7,61.0
boundaries_and_people_pleasing,jamesclear.com,6,2,6/7,86.0
boundaries_and_people_pleasing,brieflane.com,0,5,,17.0
boundaries_and_people_pleasing,www.ryandelaney.co,1,4,1/7,29.0
boundaries_and_people_pleasing,www.zondervan.com,7,5,7/7,75.0
boundaries_and_people_pleasing,www.penguin.co.in,1,4,1/7,68.0
boundaries_and_people_pleasing,publications.aap.org,6,25,6/7,90.0
boundaries_and_people_pleasing,www.bloomsbury.com,1,6,1/7,88.0
boundaries_and_people_pleasing,www.grammy.com,3,3,3/7,83.0
boundaries_and_people_pleasing,everything.explained.today,0,7,,56.0
boundaries_and_people_pleasing,www.apa.org,1,38,1/7,92.0
boundaries_and_people_pleasing,people.howstuffworks.com,6,4,6/7,90.0
boundaries_and_people_pleasing,www.encyclopedia.com,3,7,3/7,84.0
boundaries_and_people_pleasing,www.tatuagemblog.com,1,3,1/7,12.0
boundaries_and_people_pleasing,www.crystalmeaning.com,4,6,4/7,0.4
boundaries_and_people_pleasing,www.walturn.com,1,1,1/7,42.0
boundaries_and_people_pleasing,www.hindustantimes.com,0,4,,89.0
boundaries_and_people_pleasing,boundaryplaybook.com,0,6,,0.2
boundaries_and_people_pleasing,app.thestorygraph.com,0,10,,80.0
boundaries_and_people_pleasing,www.indeed.com,2,7,2/6,92.0
boundaries_and_people_pleasing,www.webnovel.com,0,7,,73.0
boundaries_and_people_pleasing,www.petmd.com,3,7,3/6,85.0
boundaries_and_people_pleasing,www.hachette.co.uk,1,7,1/6,76.0
boundaries_and_people_pleasing,www.nimh.nih.gov,5,4,5/6,95.0
boundaries_and_people_pleasing,www.spiritualmarker.com,2,4,2/6,10.0
boundaries_and_people_pleasing,www.counselling-directory.org.uk,1,5,1/6,85.0
boundaries_and_people_pleasing,www.monash.edu,0,1,,86.0
boundaries_and_people_pleasing,www.walmart.com,0,6,,92.0
boundaries_and_people_pleasing,bookiquette.com,0,1,,28.0
boundaries_and_people_pleasing,www.upworthy.com,2,3,2/6,80.0
boundaries_and_people_pleasing,nypost.com,5,5,5/6,91.0
boundaries_and_people_pleasing,www.helpguide.org,1,3,1/6,87.0
boundaries_and_people_pleasing,www.dc.com,5,6,5/6,80.0
boundaries_and_people_pleasing,www.ojp.gov,2,8,2/6,90.0
boundaries_and_people_pleasing,tomoria.com,0,4,,13.0
boundaries_and_people_pleasing,www.usmagazine.com,1,6,1/6,84.0
boundaries_and_people_pleasing,www.gov.uk,2,10,2/6,94.0
boundaries_and_people_pleasing,readlite.in,0,1,,17.0
boundaries_and_people_pleasing,www.indigo.ca,1,5,1/6,87.0
boundaries_and_people_pleasing,sonichits.com,0,4,,50.0
boundaries_and_people_pleasing,ipsychology.net,0,2,,2.8
boundaries_and_people_pleasing,www.samhsa.gov,1,7,1/6,91.0
boundaries_and_people_pleasing,sites.google.com,0,3,,99.0
boundaries_and_people_pleasing,www.getvoxbrief.com,0,5,,8.0
boundaries_and_people_pleasing,bookmarks.reviews,2,4,2/6,61.0
boundaries_and_people_pleasing,harleyquinn.fandom.com,5,3,5/6,92.0
boundaries_and_people_pleasing,songtell.com,1,3,1/6,41.0
boundaries_and_people_pleasing,www.teenvogue.com,0,7,,86.0
boundaries_and_people_pleasing,www.rnz.co.nz,2,2,2/6,85.0
boundaries_and_people_pleasing,www.businessinsider.com,2,3,2/6,92.0
boundaries_and_people_pleasing,www.gradesaver.com,0,7,,68.0
boundaries_and_people_pleasing,www.understood.org,4,6,4/6,83.0
boundaries_and_people_pleasing,www.whatyouwilllearn.com,0,3,,35.0
boundaries_and_people_pleasing,www.verywellhealth.com,6,5,6/6,90.0
boundaries_and_people_pleasing,slangdefine.org,0,5,,56.0
boundaries_and_people_pleasing,www.dxpnet.com,0,3,,26.0
boundaries_and_people_pleasing,therespectproject.org,4,5,4/6,34.0
boundaries_and_people_pleasing,batman.fandom.com,0,3,,92.0
boundaries_and_people_pleasing,rainn.org,3,3,3/6,87.0
boundaries_and_people_pleasing,www.penguinrandomhouseretail.com,0,5,,62.0
boundaries_and_people_pleasing,burakbakay.com,1,1,1/5,34.0
boundaries_and_people_pleasing,www.dalecarnegie.com,3,3,3/5,75.0
boundaries_and_people_pleasing,magickalspot.com,2,4,2/5,54.0
boundaries_and_people_pleasing,www.dream-dictionary.com,1,2,1/5,8.0
boundaries_and_people_pleasing,www.goodnovel.com,0,5,,62.0
boundaries_and_people_pleasing,psychologydictionary.org,0,4,,62.0
boundaries_and_people_pleasing,dc.fandom.com,3,2,3/5,92.0
boundaries_and_people_pleasing,www.scarymommy.com,2,2,2/5,79.0
boundaries_and_people_pleasing,climbtheladder.com,3,1,3/5,64.0
boundaries_and_people_pleasing,www.allencheng.com,0,4,,34.0
boundaries_and_people_pleasing,psychiatrymagazine.com,2,1,2/5,18.0
boundaries_and_people_pleasing,www.parfumo.com,2,11,2/5,67.0
boundaries_and_people_pleasing,www.calm.com,0,6,,87.0
boundaries_and_people_pleasing,www.overdrive.com,0,7,,85.0
boundaries_and_people_pleasing,www.yourtango.com,0,4,,78.0
boundaries_and_people_pleasing,www.parentherald.com,1,1,1/5,63.0
boundaries_and_people_pleasing,whatdoesthatsongmean.com,3,1,3/5,0.4
boundaries_and_people_pleasing,books.razvantudorica.net,3,1,3/5,0.0
boundaries_and_people_pleasing,psychology.org.au,3,10,3/5,82.0
boundaries_and_people_pleasing,www.tvmaze.com,0,1,,73.0
boundaries_and_people_pleasing,kjonnsforskning.no,1,1,1/5,56.0
boundaries_and_people_pleasing,biblehub.com,1,8,1/5,87.0
boundaries_and_people_pleasing,www.solacely.co,3,5,3/5,36.0
boundaries_and_people_pleasing,www.crystals.com,1,6,1/5,45.0
boundaries_and_people_pleasing,book.themodel.be,2,1,2/5,0.0
boundaries_and_people_pleasing,hbr.org,1,7,1/5,92.0
boundaries_and_people_pleasing,tattoosymbolism.com,4,2,4/5,1.1
boundaries_and_people_pleasing,science.howstuffworks.com,1,4,1/5,90.0
boundaries_and_people_pleasing,www.bustle.com,0,5,,88.0
boundaries_and_people_pleasing,www.vanityfair.com,3,5,3/5,89.0
boundaries_and_people_pleasing,drgabormate.com,2,6,2/5,75.0
boundaries_and_people_pleasing,ew.com,4,5,4/5,86.0
boundaries_and_people_pleasing,de.wikipedia.org,5,3,5/5,97.0
boundaries_and_people_pleasing,tafc.fandom.com,0,3,,92.0
boundaries_and_people_pleasing,www.centreofexcellence.com,4,4,4/5,67.0
boundaries_and_people_pleasing,bishrulhaq.com,0,1,,35.0
boundaries_and_people_pleasing,detective-comics-universe.fandom.com,0,1,,92.0
boundaries_and_people_pleasing,rockidentifier.io,2,6,2/5,31.0
boundaries_and_people_pleasing,www.anahana.com,2,5,2/5,62.0
boundaries_and_people_pleasing,books.disney.com,0,2,,89.0
boundaries_and_people_pleasing,www.rte.ie,1,1,1/5,86.0
boundaries_and_people_pleasing,www.hourlife.com,4,4,4/5,0.0
boundaries_and_people_pleasing,goong.com,0,4,,31.0
boundaries_and_people_pleasing,www.elle.com,1,5,1/5,90.0
boundaries_and_people_pleasing,tv.apple.com,1,5,1/5,97.0
boundaries_and_people_pleasing,www.simonandschuster.co.in,1,5,1/5,39.0
boundaries_and_people_pleasing,www.summrize.com,0,2,,13.0
boundaries_and_people_pleasing,www.jewishbookcouncil.org,0,3,,72.0
boundaries_and_people_pleasing,www.bannerhealth.com,3,3,3/5,78.0
boundaries_and_people_pleasing,slang.net,1,5,1/5,56.0
boundaries_and_people_pleasing,academic.oup.com,2,8,2/5,92.0
boundaries_and_people_pleasing,www.businessfloss.com,0,1,,2.3
boundaries_and_people_pleasing,www.insta.page,0,3,,0.5
boundaries_and_people_pleasing,www.enchantedrealm.ca,4,5,4/5,0.9
boundaries_and_people_pleasing,artisticpurity.com,0,1,,0.0
boundaries_and_people_pleasing,growingupaimi.com,3,1,3/4,1.3
boundaries_and_people_pleasing,astrostyle.com,1,4,1/4,68.0
boundaries_and_people_pleasing,www.timeout.com,1,4,1/4,90.0
boundaries_and_people_pleasing,bookversion.com,0,1,,0.0
boundaries_and_people_pleasing,beauty.onehowto.com,2,2,2/4,59.0
boundaries_and_people_pleasing,www.aarp.org,2,7,2/4,91.0
boundaries_and_people_pleasing,www.gotquestions.org,2,4,2/4,83.0
boundaries_and_people_pleasing,www.ardalpha.de,1,1,1/4,76.0
boundaries_and_people_pleasing,www.therapywithveneta.com,1,1,1/4,0.0
boundaries_and_people_pleasing,www.marieclaire.com,2,3,2/4,84.0
boundaries_and_people_pleasing,ajluxe.com,0,4,,19.0
boundaries_and_people_pleasing,booksclub.com,0,2,,1.7
boundaries_and_people_pleasing,www.tosummarise.com,0,2,,25.0
boundaries_and_people_pleasing,vocabdictionary.com,0,4,,19.0
boundaries_and_people_pleasing,www.hopkinsmedicine.org,0,4,,91.0
boundaries_and_people_pleasing,www.metmuseum.org,3,8,3/4,90.0
boundaries_and_people_pleasing,www.scribd.com,0,5,,91.0
boundaries_and_people_pleasing,characters.fandom.com,0,2,,92.0
boundaries_and_people_pleasing,emojipedia.org,3,1,3/4,91.0
boundaries_and_people_pleasing,legalknowledgebase.com,0,4,,25.0
boundaries_and_people_pleasing,www.songmeaningsandfacts.com,0,2,,40.0
boundaries_and_people_pleasing,mentalhealthhotline.org,0,3,,63.0
boundaries_and_people_pleasing,www.thomasnelson.com,4,6,4/4,72.0
boundaries_and_people_pleasing,newsnetwork.mayoclinic.org,4,4,4/4,92.0
boundaries_and_people_pleasing,www.bikerringshop.com,2,3,2/4,55.0
boundaries_and_people_pleasing,www.thewrap.com,0,4,,84.0
boundaries_and_people_pleasing,www.healthdirect.gov.au,2,6,2/4,87.0
boundaries_and_people_pleasing,later.com,2,3,2/4,86.0
boundaries_and_people_pleasing,arkhamcity.fandom.com,0,1,,92.0
boundaries_and_people_pleasing,www.purewow.com,0,4,,81.0
boundaries_and_people_pleasing,adlerpsy.ca,1,1,1/4,0.0
boundaries_and_people_pleasing,www.aap.org,3,9,3/4,90.0
boundaries_and_people_pleasing,needystreameroverload.wiki.gg,4,6,4/4,79.0
boundaries_and_people_pleasing,shapes.inc,2,5,2/4,53.0
boundaries_and_people_pleasing,www.yalemedicine.org,2,1,2/4,82.0
boundaries_and_people_pleasing,www.pbs.org,1,3,1/4,91.0
boundaries_and_people_pleasing,storage.googleapis.com,1,3,1/4,93.0
boundaries_and_people_pleasing,www.selectedreads.com,0,3,,27.0
boundaries_and_people_pleasing,www.16personalities.com,2,5,2/4,85.0
boundaries_and_people_pleasing,www.slj.com,1,3,1/4,78.0
boundaries_and_people_pleasing,fivebooks.com,1,3,1/4,71.0
boundaries_and_people_pleasing,www.addictionhelp.com,0,3,,70.0
boundaries_and_people_pleasing,untamedbook.com,3,1,3/4,51.0
boundaries_and_people_pleasing,acibademinternational.com,0,4,,56.0
boundaries_and_people_pleasing,symbolopedia.com,0,3,,21.0
boundaries_and_people_pleasing,www.ontariotherapists.com,1,1,1/4,11.0
boundaries_and_people_pleasing,eric.ed.gov,1,4,1/4,91.0
boundaries_and_people_pleasing,www.rif.org,0,4,,73.0
boundaries_and_people_pleasing,comicbook.com,1,7,1/4,79.0
boundaries_and_people_pleasing,www.akc.org,4,13,4/4,90.0
boundaries_and_people_pleasing,www.thetimes.co.uk,2,4,2/4,90.0
boundaries_and_people_pleasing,www.mybookadvisor.com,2,2,2/4,0.0
boundaries_and_people_pleasing,www.newharbinger.com,0,4,,74.0
boundaries_and_people_pleasing,digital-circus.net,1,1,1/4,0.2
boundaries_and_people_pleasing,swiftlysungstories.com,0,1,,5.0
boundaries_and_people_pleasing,www.nhs.uk,3,9,3/4,92.0
boundaries_and_people_pleasing,www.readingvine.com,0,2,,39.0
boundaries_and_people_pleasing,www.wsj.com,1,3,1/4,92.0
boundaries_and_people_pleasing,aussiechildcarenetwork.com.au,3,1,3/4,50.0
boundaries_and_people_pleasing,www.attachmentproject.com,1,1,1/4,74.0
boundaries_and_people_pleasing,www.ala.org,1,4,1/4,86.0
boundaries_and_people_pleasing,open.spotify.com,0,4,,95.0
boundaries_and_people_pleasing,clubs.scholastic.com,1,3,1/4,87.0
boundaries_and_people_pleasing,www.nature.com,1,5,1/4,93.0
boundaries_and_people_pleasing,bookbrief.io,1,4,1/4,14.0
boundaries_and_people_pleasing,www.astrologyanswers.com,3,4,3/4,49.0
boundaries_and_people_pleasing,rapdictionary.com,0,2,,35.0
boundaries_and_people_pleasing,americansongwriter.com,0,1,,78.0
boundaries_and_people_pleasing,search.worldcat.org,2,4,2/4,88.0
boundaries_and_people_pleasing,preventionservices.acf.hhs.gov,0,1,,92.0
boundaries_and_people_pleasing,www.kiplinger.com,2,2,2/4,86.0
boundaries_and_people_pleasing,context.reverso.net,0,6,,84.0
boundaries_and_people_pleasing,childmind.org,0,4,,85.0
boundaries_and_people_pleasing,tasteofcalm.com,0,3,,0.0
boundaries_and_people_pleasing,skyryedesign.com,1,2,1/4,45.0
boundaries_and_people_pleasing,www.mind.org.uk,2,4,2/4,90.0
boundaries_and_people_pleasing,en.wikiquote.org,2,2,2/4,86.0
boundaries_and_people_pleasing,www.bworldonline.com,0,1,,78.0
boundaries_and_people_pleasing,atimelesslens.ca,1,2,1/4,0.0
boundaries_and_people_pleasing,honey.nine.com.au,2,1,2/4,83.0
boundaries_and_people_pleasing,www.nme.com,1,4,1/4,84.0
boundaries_and_people_pleasing,www.hayhouse.co.in,1,4,1/4,25.0
boundaries_and_people_pleasing,www.whistleout.com,1,1,1/4,70.0
boundaries_and_people_pleasing,www.horoscope.com,0,4,,69.0
boundaries_and_people_pleasing,lobab.com,0,3,,14.0
boundaries_and_people_pleasing,www.simonandschuster.ca,1,4,1/4,71.0
boundaries_and_people_pleasing,www.womenshealthmag.com,0,4,,87.0
boundaries_and_people_pleasing,taylorswift.fandom.com,0,1,,92.0
boundaries_and_people_pleasing,theweek.com,1,1,1/4,84.0
boundaries_and_people_pleasing,www.simonandschuster.co.uk,0,4,,73.0
boundaries_and_people_pleasing,neurolaunch.com,0,3,,71.0
boundaries_and_people_pleasing,pitchfork.com,2,7,2/4,86.0
boundaries_and_people_pleasing,tadc.fandom.com,3,6,3/4,92.0
boundaries_and_people_pleasing,bi.org,1,3,1/4,62.0
boundaries_and_people_pleasing,melodyinsight.com,0,1,,3.4
boundaries_and_people_pleasing,www.findgemstone.com,1,3,1/4,18.0
boundaries_and_people_pleasing,whysoserious.jp,2,2,2/3,33.0
boundaries_and_people_pleasing,findtattoodesign.net,1,1,1/3,22.0
boundaries_and_people_pleasing,rainbow-fish.fandom.com,0,1,,92.0
boundaries_and_people_pleasing,newbookrecommendation.com,0,3,,31.0
boundaries_and_people_pleasing,www.ebsco.com,0,3,,87.0
boundaries_and_people_pleasing,crystalsalchemy.com,2,2,2/3,23.0
boundaries_and_people_pleasing,www.scifidimensions.com,0,4,,33.0
boundaries_and_people_pleasing,rightasrain.uwmedicine.org,1,2,1/3,77.0
boundaries_and_people_pleasing,www.psychicsource.com,0,2,,56.0
boundaries_and_people_pleasing,www.purina.com,1,3,1/3,80.0
boundaries_and_people_pleasing,www.bls.gov,0,3,,92.0
boundaries_and_people_pleasing,dbt-mind.com,1,2,1/3,14.0
boundaries_and_people_pleasing,www.touchvintage.com,0,2,,0.2
boundaries_and_people_pleasing,www.gooddog.com,0,3,,80.0
boundaries_and_people_pleasing,www.fda.gov,1,3,1/3,93.0
boundaries_and_people_pleasing,writingatlarge.com,0,1,,15.0
boundaries_and_people_pleasing,www.llewellyn.com,2,4,2/3,72.0
boundaries_and_people_pleasing,www.idntimes.com,0,4,,79.0
boundaries_and_people_pleasing,www.aureusboutique.com,0,3,,27.0
boundaries_and_people_pleasing,www.theknot.com,0,3,,91.0
boundaries_and_people_pleasing,www.choosingtherapy.com,2,3,2/3,77.0
boundaries_and_people_pleasing,www.psychologicalscience.org,1,3,1/3,84.0
boundaries_and_people_pleasing,www.t-online.de,1,1,1/3,90.0
boundaries_and_people_pleasing,www.icontattoo.ca,1,1,1/3,10.0
boundaries_and_people_pleasing,socialself.com,1,3,1/3,55.0
boundaries_and_people_pleasing,www.coursera.org,3,5,3/3,91.0
boundaries_and_people_pleasing,repository.law.umich.edu,2,1,2/3,91.0
boundaries_and_people_pleasing,www.eomega.org,0,2,,74.0
boundaries_and_people_pleasing,www.techradar.com,1,3,1/3,91.0
boundaries_and_people_pleasing,www.phrases.com,0,1,,24.0
boundaries_and_people_pleasing,www.yourdictionary.com,0,3,,81.0
boundaries_and_people_pleasing,therapist.com,2,2,2/3,66.0
boundaries_and_people_pleasing,ojp.gov,1,2,1/3,90.0
boundaries_and_people_pleasing,www.etonline.com,1,3,1/3,81.0
boundaries_and_people_pleasing,www.thecrimson.com,0,3,,81.0
boundaries_and_people_pleasing,www.huffmanwrites.org,0,1,,0.1
boundaries_and_people_pleasing,www.mdpi.com,0,2,,92.0
boundaries_and_people_pleasing,bound2books.co,0,1,,14.0
boundaries_and_people_pleasing,booklabbybjorn.com,2,2,2/3,15.0
boundaries_and_people_pleasing,abcnews.go.com,0,3,,92.0
boundaries_and_people_pleasing,www.e-counseling.com,0,3,,63.0
boundaries_and_people_pleasing,www.cloudtownsend.com,2,5,2/3,45.0
boundaries_and_people_pleasing,www.usconcealedcarry.com,2,2,2/3,80.0
boundaries_and_people_pleasing,tattooscribes.com,2,3,2/3,0.1
boundaries_and_people_pleasing,en.wikisource.org,0,3,,89.0
boundaries_and_people_pleasing,crystalhealing.guide,3,1,3/3,0.0
boundaries_and_people_pleasing,bookshop.org,0,3,,91.0
boundaries_and_people_pleasing,uk.indeed.com,0,4,,92.0
boundaries_and_people_pleasing,www.canada.ca,1,2,1/3,93.0
boundaries_and_people_pleasing,spiritualityshepherd.com,1,3,1/3,27.0
boundaries_and_people_pleasing,northsouth.com,2,5,2/3,43.0
boundaries_and_people_pleasing,www.psychotherapynetworker.org,2,3,2/3,73.0
boundaries_and_people_pleasing,www.ksl.com,0,2,,82.0
boundaries_and_people_pleasing,www.simonandschuster.biz,0,3,,71.0
boundaries_and_people_pleasing,englishstudyonline.org,0,2,,26.0
boundaries_and_people_pleasing,thebooksuite.com,0,1,,54.0
boundaries_and_people_pleasing,www.crystalindex.co.uk,2,2,2/3,2.3
boundaries_and_people_pleasing,knowavoidant.com,0,2,,0.0
boundaries_and_people_pleasing,www.studocu.com,0,3,,77.0
boundaries_and_people_pleasing,iffaglobal.com,1,1,1/3,0.2
boundaries_and_people_pleasing,economictimes.indiatimes.com,0,3,,92.0
boundaries_and_people_pleasing,www.anchortherapy.org,0,3,,30.0
boundaries_and_people_pleasing,www.facebook.com,0,3,,100.0
boundaries_and_people_pleasing,www.who.int,2,6,2/3,93.0
boundaries_and_people_pleasing,www.pustakh.com,0,2,,2.9
boundaries_and_people_pleasing,jamanetwork.com,0,3,,91.0
boundaries_and_people_pleasing,www.potalastore.com,1,3,1/3,22.0
boundaries_and_people_pleasing,www.myenglishpages.com,0,1,,54.0
boundaries_and_people_pleasing,www.eatingwell.com,3,3,3/3,85.0
boundaries_and_people_pleasing,extension.usu.edu,0,2,,85.0
boundaries_and_people_pleasing,depts.washington.edu,2,1,2/3,91.0
boundaries_and_people_pleasing,sumsumsum.com,1,1,1/3,6.0
boundaries_and_people_pleasing,www.fandom.com,0,3,,92.0
boundaries_and_people_pleasing,psicologiainfantilmallorca.com,0,1,,6.0
boundaries_and_people_pleasing,www.ft.com,1,1,1/3,92.0
boundaries_and_people_pleasing,www.gematsu.com,0,1,,74.0
boundaries_and_people_pleasing,www.spiritualityandpractice.com,0,1,,71.0
boundaries_and_people_pleasing,www.essence.com,1,2,1/3,84.0
boundaries_and_people_pleasing,www.vogue.fr,1,3,1/3,82.0
boundaries_and_people_pleasing,streetslang.com,0,4,,31.0
boundaries_and_people_pleasing,cptsdfoundation.org,0,1,,66.0
boundaries_and_people_pleasing,help.cuddlecomfort.com,1,2,1/3,42.0
boundaries_and_people_pleasing,brenebrown.com,3,4,3/3,84.0
boundaries_and_people_pleasing,www.yalom.com,0,3,,56.0
boundaries_and_people_pleasing,www.law.cornell.edu,1,2,1/3,92.0
boundaries_and_people_pleasing,www.ideandigest.com,0,2,,0.0
boundaries_and_people_pleasing,www.almanac.com,1,2,1/3,84.0
boundaries_and_people_pleasing,www.randomhousebooks.com,1,1,1/3,75.0
boundaries_and_people_pleasing,www.biblegateway.com,3,13,3/3,91.0
boundaries_and_people_pleasing,www.aad.org,2,6,2/3,90.0
boundaries_and_people_pleasing,digitalcircus.online,0,1,,40.0
boundaries_and_people_pleasing,www.jotform.com,0,1,,94.0
boundaries_and_people_pleasing,www.wired.com,0,3,,92.0
boundaries_and_people_pleasing,www.fragrantica.com,1,4,1/3,83.0
boundaries_and_people_pleasing,www.deine-gesundheitswelt.de,1,1,1/3,68.0
boundaries_and_people_pleasing,www.slang.org,0,2,,31.0
boundaries_and_people_pleasing,www.themarysue.com,1,2,1/3,77.0
boundaries_and_people_pleasing,gregmckeown.com,2,2,2/3,71.0
boundaries_and_people_pleasing,scripturesavvy.com,0,3,,35.0
boundaries_and_people_pleasing,www.highonfilms.com,0,3,,64.0
boundaries_and_people_pleasing,www.whatsafterthemovie.com,0,3,,22.0
boundaries_and_people_pleasing,hero.fandom.com,0,2,,92.0
boundaries_and_people_pleasing,learnofchrist.com,3,1,3/3,24.0
boundaries_and_people_pleasing,shop.tiktok.com,1,3,1/3,97.0
boundaries_and_people_pleasing,www.enneagraminstitute.com,3,4,3/3,78.0
boundaries_and_people_pleasing,www.marriage.com,0,3,,75.0
boundaries_and_people_pleasing,simulacra.ink,0,1,,0.2
boundaries_and_people_pleasing,www.jobscan.co,0,1,,78.0
boundaries_and_people_pleasing,scholarsarchive.byu.edu,1,1,1/3,86.0
boundaries_and_people_pleasing,waxspiritual.com,0,3,,9.0
boundaries_and_people_pleasing,www.halodoc.com,0,1,,78.0
boundaries_and_people_pleasing,bookdna.com,0,4,,68.0
boundaries_and_people_pleasing,www.euronews.com,3,2,3/3,90.0
boundaries_and_people_pleasing,womenshealth.gov,3,4,3/3,85.0
boundaries_and_people_pleasing,www.japansociety.org.uk,0,1,,55.0
boundaries_and_people_pleasing,nikihawkes.com,0,1,,3.0
boundaries_and_people_pleasing,cuddlesanctuary.com,3,4,3/3,35.0
boundaries_and_people_pleasing,marthabeck.com,3,17,3/3,69.0
boundaries_and_people_pleasing,www.lifeline.org.au,2,2,2/3,88.0
boundaries_and_people_pleasing,support.petsafe.net,1,16,1/3,72.0
boundaries_and_people_pleasing,www.vox.com,0,3,,91.0
boundaries_and_people_pleasing,lifeclub.org,0,2,,35.0
boundaries_and_people_pleasing,www.tattoosai.com,1,1,1/3,49.0
boundaries_and_people_pleasing,www.cuddlecomfort.com,2,4,2/3,42.0
boundaries_and_people_pleasing,www.nccih.nih.gov,2,3,2/3,95.0
boundaries_and_people_pleasing,www.seba.health,1,2,1/3,15.0
boundaries_and_people_pleasing,grammarist.com,0,1,,73.0
boundaries_and_people_pleasing,www.vogue.co.uk,0,3,,86.0
boundaries_and_people_pleasing,meaningslang.com,0,1,,52.0
boundaries_and_people_pleasing,michiganlawreview.org,2,1,2/3,60.0
boundaries_and_people_pleasing,www.audible.ca,0,2,,76.0
boundaries_and_people_pleasing,menwomenpsychology.com,0,2,,0.5
boundaries_and_people_pleasing,poemanalysis.com,1,1,1/3,61.0
boundaries_and_people_pleasing,www.ark.no,0,4,,75.0
boundaries_and_people_pleasing,grist.org,2,1,2/3,83.0
boundaries_and_people_pleasing,www.melodybeattie.com,2,5,2/3,53.0
boundaries_and_people_pleasing,www.famousbirthdays.com,1,3,1/3,77.0
boundaries_and_people_pleasing,www.babylist.com,2,4,2/3,79.0
boundaries_and_people_pleasing,inkppl.com,1,1,1/3,57.0
boundaries_and_people_pleasing,www.digitaltrends.com,0,2,,89.0
boundaries_and_people_pleasing,www.fastcompany.com,1,2,1/3,92.0
boundaries_and_people_pleasing,www.jeffersonfisher.com,3,13,3/3,47.0
boundaries_and_people_pleasing,psychiatryonline.org,0,3,,86.0
boundaries_and_people_pleasing,the-bibliofile.com,1,4,1/3,56.0
boundaries_and_people_pleasing,www.crystaldestiny.com,2,2,2/3,7.0
boundaries_and_people_pleasing,medium.com,1,3,1/3,94.0
boundaries_and_people_pleasing,tech.yahoo.com,1,1,1/3,94.0
boundaries_and_people_pleasing,thedailyfandom.org,1,2,1/3,30.0
boundaries_and_people_pleasing,glennondoyle.com,3,3,3/3,52.0
boundaries_and_people_pleasing,web.de,2,7,2/3,87.0
boundaries_and_people_pleasing,chronicinktattoo.com,0,1,,47.0
boundaries_and_people_pleasing,www.alibaba.com,1,3,1/3,92.0
boundaries_and_people_pleasing,mouthsofmums.com.au,0,1,,54.0
boundaries_and_people_pleasing,www.cosmopolitan.in,0,2,,64.0
boundaries_and_people_pleasing,www.issm.info,0,1,,74.0
boundaries_and_people_pleasing,awaken.com,0,1,,52.0
boundaries_and_people_pleasing,ifs-institute.com,2,4,2/2,82.0
boundaries_and_people_pleasing,www.collinspsychology.com,2,1,2/2,6.0
boundaries_and_people_pleasing,innernurture.com.au,1,2,1/2,0.6
boundaries_and_people_pleasing,coffin.wiki,1,5,1/2,1.4
boundaries_and_people_pleasing,www.womens-self-defense.org,1,2,1/2,2.6
boundaries_and_people_pleasing,slanginsights.com,0,1,,53.0
boundaries_and_people_pleasing,datadailey.com,0,1,,6.0
boundaries_and_people_pleasing,ipfs.ssi.eecc.de,0,1,,27.0
boundaries_and_people_pleasing,artfultattoos.com,0,1,,8.0
boundaries_and_people_pleasing,www.healingcrystals.com,2,2,2/2,55.0
boundaries_and_people_pleasing,www.emojimeaning.com,0,1,,38.0
boundaries_and_people_pleasing,www.dash.hrecos.org,0,2,,32.0
boundaries_and_people_pleasing,www.toastmasters.org,1,2,1/2,82.0
boundaries_and_people_pleasing,www.fakespot.com,0,1,,71.0
boundaries_and_people_pleasing,www.nationalgeographic.com,1,2,1/2,91.0
boundaries_and_people_pleasing,www.crossword.in,0,2,,56.0
boundaries_and_people_pleasing,mcpress.mayoclinic.org,1,3,1/2,92.0
boundaries_and_people_pleasing,www.heartwisesupport.org,1,1,1/2,32.0
boundaries_and_people_pleasing,thetattooforge.com,0,1,,0.0
boundaries_and_people_pleasing,www.lemon8-app.com,0,3,,81.0
boundaries_and_people_pleasing,music.apple.com,0,4,,97.0
boundaries_and_people_pleasing,www.biography.com,0,2,,85.0
boundaries_and_people_pleasing,www.tarabrach.com,1,2,1/2,77.0
boundaries_and_people_pleasing,meanvault.com,0,1,,0.7
boundaries_and_people_pleasing,www.caninejournal.com,1,6,1/2,72.0
boundaries_and_people_pleasing,www.probinism.com,0,1,,10.0
boundaries_and_people_pleasing,elevatesociety.com,1,2,1/2,46.0
boundaries_and_people_pleasing,positivity.org,0,2,,23.0
boundaries_and_people_pleasing,www.goodbooksummary.com,0,2,,11.0
boundaries_and_people_pleasing,www.aok.de,1,1,1/2,86.0
boundaries_and_people_pleasing,www.hindu-blog.com,2,3,2/2,51.0
boundaries_and_people_pleasing,cms.guilford.com,0,2,,78.0
boundaries_and_people_pleasing,www.changingminds.org,0,1,,74.0
boundaries_and_people_pleasing,www.hachette.com.au,0,2,,72.0
boundaries_and_people_pleasing,meridiannh.org,0,1,,0.0
boundaries_and_people_pleasing,rainbowfish.us,0,1,,27.0
boundaries_and_people_pleasing,books.google.ca,0,2,,92.0
boundaries_and_people_pleasing,www.them.us,0,1,,80.0
boundaries_and_people_pleasing,www.emorahealth.com,1,1,1/2,36.0
boundaries_and_people_pleasing,trotons.com,0,1,,20.0
boundaries_and_people_pleasing,www.careeraddict.com,0,2,,72.0
boundaries_and_people_pleasing,lgbtqia-characters.fandom.com,0,1,,92.0
boundaries_and_people_pleasing,www.rawspiritual.com,1,2,1/2,10.0
boundaries_and_people_pleasing,enneagramtest.com,1,2,1/2,50.0
boundaries_and_people_pleasing,www.ulta.com,0,2,,83.0
boundaries_and_people_pleasing,myinklink.io,0,1,,26.0
boundaries_and_people_pleasing,www.chefsresource.com,0,3,,54.0
boundaries_and_people_pleasing,www.grouporttherapy.com,0,1,,47.0
boundaries_and_people_pleasing,steamcommunity.com,1,5,1/2,91.0
boundaries_and_people_pleasing,www.originalsources.com,0,1,,27.0
boundaries_and_people_pleasing,www.hostelworld.com,2,5,2/2,81.0
boundaries_and_people_pleasing,thewritepractice.com,0,1,,72.0
boundaries_and_people_pleasing,www.subba.org,0,1,,0.0
boundaries_and_people_pleasing,www.philosophy-foundation.org,0,1,,52.0
boundaries_and_people_pleasing,www.hoffmaninstitute.co.uk,1,1,1/2,42.0
boundaries_and_people_pleasing,thecinemaholic.com,2,2,2/2,68.0
boundaries_and_people_pleasing,www.linguee.nl,0,2,,39.0
boundaries_and_people_pleasing,revistasdemo.untumbes.edu.pe,0,1,,57.0
boundaries_and_people_pleasing,jennifersbody.fandom.com,0,2,,92.0
boundaries_and_people_pleasing,www.addictiongroup.org,0,2,,69.0
boundaries_and_people_pleasing,www.oprahdaily.com,1,2,1/2,84.0
boundaries_and_people_pleasing,www.herbmagic.com,1,2,1/2,28.0
boundaries_and_people_pleasing,www.healthyplace.com,0,2,,74.0
boundaries_and_people_pleasing,mirrorwithin.org,1,2,1/2,7.0
boundaries_and_people_pleasing,www.thefilmagazine.com,0,2,,41.0
boundaries_and_people_pleasing,frtc.ltd,1,1,1/2,39.0
boundaries_and_people_pleasing,www.glamourmagazine.co.uk,0,2,,81.0
boundaries_and_people_pleasing,oboe.com,0,1,,33.0
boundaries_and_people_pleasing,www.gpb.org,0,2,,77.0
boundaries_and_people_pleasing,listofdeaths.fandom.com,0,1,,92.0
boundaries_and_people_pleasing,www.unicef.org,1,3,1/2,91.0
boundaries_and_people_pleasing,www.duden.de,0,2,,82.0
boundaries_and_people_pleasing,dock.hkk.de,1,1,1/2,69.0
boundaries_and_people_pleasing,www.surroundedbyidiots.com,2,1,2/2,41.0
boundaries_and_people_pleasing,bpspsychub.onlinelibrary.wiley.com,0,2,,93.0
boundaries_and_people_pleasing,www.londontherapyonline.co.uk,0,1,,0.0
boundaries_and_people_pleasing,university.awakenche.org,0,2,,39.0
boundaries_and_people_pleasing,www.celebritycolumn.com,0,2,,7.0
boundaries_and_people_pleasing,nextluxury.com,0,2,,62.0
boundaries_and_people_pleasing,michaelcarbonara.com,0,2,,27.0
boundaries_and_people_pleasing,papers.ssrn.com,1,2,1/2,91.0
boundaries_and_people_pleasing,www.dogster.com,1,2,1/2,78.0
boundaries_and_people_pleasing,getidiom.com,0,4,,32.0
boundaries_and_people_pleasing,spiritualdesk.com,0,2,,27.0
boundaries_and_people_pleasing,www.doulaboard.org,0,3,,22.0
boundaries_and_people_pleasing,www.self.com,0,2,,86.0
boundaries_and_people_pleasing,www.zendaily.org,0,1,,0.0
boundaries_and_people_pleasing,www.challengerschool.com,0,1,,39.0
boundaries_and_people_pleasing,themensworkdirectory.com,1,1,1/2,0.0
boundaries_and_people_pleasing,www.ahrq.gov,1,2,1/2,87.0
boundaries_and_people_pleasing,studylib.net,0,3,,73.0
boundaries_and_people_pleasing,needy-streamer-overload.fandom.com,1,4,1/2,92.0
boundaries_and_people_pleasing,psychology.com,0,2,,63.0
boundaries_and_people_pleasing,mediahub.lazada.sg,1,1,1/2,91.0
boundaries_and_people_pleasing,morganrichardolivier.com,1,3,1/2,1.1
boundaries_and_people_pleasing,www.goodmorningamerica.com,1,2,1/2,86.0
boundaries_and_people_pleasing,worldbirds.com,0,1,,63.0
boundaries_and_people_pleasing,www.netgalley.com,0,2,,76.0
boundaries_and_people_pleasing,www.zorluna.com,0,1,,2.0
boundaries_and_people_pleasing,www.relationallifefoundation.org,2,3,2/2,33.0
boundaries_and_people_pleasing,siemens-mobile.com,0,2,,34.0
boundaries_and_people_pleasing,www.inc.com,0,2,,91.0
boundaries_and_people_pleasing,www.gaslightingcheck.com,0,2,,46.0
boundaries_and_people_pleasing,www.teamgate.com,0,1,,65.0
boundaries_and_people_pleasing,www.arcanalabs.ca,0,1,,13.0
boundaries_and_people_pleasing,www.everand.com,0,2,,79.0
boundaries_and_people_pleasing,www.syfy.com,1,2,1/2,80.0
boundaries_and_people_pleasing,www.libraryjournal.com,1,2,1/2,79.0
boundaries_and_people_pleasing,englishguidex.com,0,1,,37.0
boundaries_and_people_pleasing,stellarwhispers.com,0,2,,18.0
boundaries_and_people_pleasing,www.whowhatwear.com,1,2,1/2,84.0
boundaries_and_people_pleasing,www.techspot.com,0,1,,82.0
boundaries_and_people_pleasing,whatemoji.org,0,2,,16.0
boundaries_and_people_pleasing,www.verywellfamily.com,1,1,1/2,81.0
boundaries_and_people_pleasing,www.wolftattoo.net,2,2,2/2,0.0
boundaries_and_people_pleasing,blackwickwax.com,2,1,2/2,0.0
boundaries_and_people_pleasing,www.selfpublishingtitans.com,0,2,,36.0
boundaries_and_people_pleasing,www.tarot.com,1,1,1/2,70.0
boundaries_and_people_pleasing,dictionary.langeek.co,1,3,1/2,52.0
boundaries_and_people_pleasing,kindsoulpsych.co.uk,2,1,2/2,12.0
boundaries_and_people_pleasing,aquamarise.com,1,2,1/2,44.0
boundaries_and_people_pleasing,thebookinsight.com,0,1,,0.4
boundaries_and_people_pleasing,www.adoptapet.com,0,2,,82.0
boundaries_and_people_pleasing,skepticalinquirer.org,1,1,1/2,72.0
boundaries_and_people_pleasing,www.wellmeright.com,0,1,,56.0
boundaries_and_people_pleasing,beeclassifieds.beenews.com,0,2,,53.0
boundaries_and_people_pleasing,aesthetics.fandom.com,0,2,,92.0
boundaries_and_people_pleasing,biblerepository.com,1,3,1/2,28.0
boundaries_and_people_pleasing,stylr.us,1,1,1/2,1.5
boundaries_and_people_pleasing,www.instagram.com,0,2,,100.0
boundaries_and_people_pleasing,www.icanotes.com,1,2,1/2,69.0
boundaries_and_people_pleasing,www.calendar-canada.ca,0,2,,32.0
boundaries_and_people_pleasing,www.osha.gov,0,6,,91.0
boundaries_and_people_pleasing,stg07.penguin.co.in,0,2,,68.0
boundaries_and_people_pleasing,catholiccourier.com,0,1,,51.0
boundaries_and_people_pleasing,www.byrdie.com,0,2,,85.0
boundaries_and_people_pleasing,www.wearfortune.com,0,2,,41.0
boundaries_and_people_pleasing,support.google.com,2,5,2/2,99.0
boundaries_and_people_pleasing,www.elitedaily.com,0,1,,82.0
boundaries_and_people_pleasing,littlerbooks.com,0,2,,14.0
boundaries_and_people_pleasing,greatergood.berkeley.edu,0,1,,92.0
boundaries_and_people_pleasing,consciouspresence.eu,0,1,,4.5
boundaries_and_people_pleasing,miaastrology.com,2,1,2/2,0.0
boundaries_and_people_pleasing,wisdomofthespirit.com,0,2,,32.0
boundaries_and_people_pleasing,www.justologist.com,1,2,1/2,3.4
boundaries_and_people_pleasing,www.japanpsychology.com,0,1,,0.2
boundaries_and_people_pleasing,www.affinity.com,0,2,,54.0
boundaries_and_people_pleasing,www.markwk.com,0,1,,36.0
boundaries_and_people_pleasing,www.practo.com,0,1,,80.0
boundaries_and_people_pleasing,www.openbible.info,2,10,2/2,75.0
boundaries_and_people_pleasing,www.england.nhs.uk,0,2,,89.0
boundaries_and_people_pleasing,www.glam.com,0,1,,72.0
boundaries_and_people_pleasing,www.airdroid.com,0,1,,74.0
boundaries_and_people_pleasing,deymondlaplasa.com,0,1,,0.4
boundaries_and_people_pleasing,dreamyo.com,1,2,1/2,0.9
boundaries_and_people_pleasing,www.va.gov,2,2,2/2,91.0
boundaries_and_people_pleasing,sharonmartincounseling.com,0,1,,26.0
boundaries_and_people_pleasing,nataa.net,0,1,,36.0
boundaries_and_people_pleasing,dreamophile.com,0,2,,0.3
boundaries_and_people_pleasing,coachfoundation.com,0,1,,75.0
boundaries_and_people_pleasing,ravenwitch.net,1,1,1/2,0.0
boundaries_and_people_pleasing,www.spiritualgemmologist.com,1,2,1/2,11.0
boundaries_and_people_pleasing,astrologycalculator.com,1,1,1/2,0.0
boundaries_and_people_pleasing,www.jotapas.com,1,3,1/2,0.8
boundaries_and_people_pleasing,www.scalabl.com,0,2,,42.0
boundaries_and_people_pleasing,www.bolde.com,0,2,,56.0
boundaries_and_people_pleasing,www.movieinsider.com,1,2,1/2,57.0
boundaries_and_people_pleasing,calvinrosser.com,0,1,,45.0
boundaries_and_people_pleasing,www.dictionary.net,0,2,,48.0
boundaries_and_people_pleasing,www.psychology-lexicon.com,0,2,,31.0
boundaries_and_people_pleasing,www.bookreviewguide.com,1,1,1/2,0.0
boundaries_and_people_pleasing,www.songsummaries.com,1,2,1/2,2.9
boundaries_and_people_pleasing,crystalance.com,0,2,,0.7
boundaries_and_people_pleasing,www.nybooks.com,1,2,1/2,82.0
boundaries_and_people_pleasing,parents.simonandschuster.com,1,2,1/2,88.0
boundaries_and_people_pleasing,spiritualmeanings.net,1,1,1/2,6.0
boundaries_and_people_pleasing,www.sallyhepworthauthor.com,2,1,2/2,34.0
boundaries_and_people_pleasing,www.psychiatry.org,1,1,1/2,89.0
boundaries_and_people_pleasing,satyori.com,0,2,,19.0
boundaries_and_people_pleasing,scrabble.merriam.com,0,2,,51.0
boundaries_and_people_pleasing,www.independent.co.uk,0,2,,91.0
boundaries_and_people_pleasing,thereader.mitpress.mit.edu,0,1,,92.0
boundaries_and_people_pleasing,www.cvs.com,2,1,2/2,84.0
boundaries_and_people_pleasing,staging.itaaworld.org,2,1,2/2,59.0
boundaries_and_people_pleasing,www.open.edu,1,3,1/2,81.0
boundaries_and_people_pleasing,insightbooks.app,1,2,1/2,29.0
boundaries_and_people_pleasing,www.mentalfloss.com,0,1,,86.0
boundaries_and_people_pleasing,otterspirit.com,0,2,,37.0
boundaries_and_people_pleasing,www.ncfr.org,0,1,,70.0
boundaries_and_people_pleasing,tatufoto.com,0,2,,41.0
boundaries_and_people_pleasing,www.zoosk.com,1,1,1/2,71.0
boundaries_and_people_pleasing,www.sciencenorway.no,1,1,1/2,68.0
boundaries_and_people_pleasing,thecrystalcouncil.com,0,1,,66.0
boundaries_and_people_pleasing,www.quotecurate.com,0,1,,0.0
boundaries_and_people_pleasing,slangmeaning.online,0,2,,0.0
boundaries_and_people_pleasing,www.legalmatch.com,0,2,,74.0
boundaries_and_people_pleasing,usdictionary.com,0,1,,31.0
boundaries_and_people_pleasing,www.femina.in,0,1,,73.0
boundaries_and_people_pleasing,suninme.org,0,1,,9.0
boundaries_and_people_pleasing,bookreviewsonline.org,0,2,,0.0
boundaries_and_people_pleasing,www.astrologyjuno.com,1,1,1/2,6.0
boundaries_and_people_pleasing,www.tonboriday.com,0,1,,40.0
boundaries_and_people_pleasing,www.nbcwashington.com,0,1,,81.0
boundaries_and_people_pleasing,goroundtable.com,1,2,1/2,30.0
boundaries_and_people_pleasing,www.parenting.org,1,2,1/2,56.0
boundaries_and_people_pleasing,vanishingtattoo.com,1,1,1/2,44.0
boundaries_and_people_pleasing,dermnetnz.org,0,2,,82.0
boundaries_and_people_pleasing,www.findlaw.com,0,2,,90.0
boundaries_and_people_pleasing,www.gadgetreview.com,0,1,,72.0
boundaries_and_people_pleasing,www.livescience.com,0,2,,90.0
boundaries_and_people_pleasing,www.affinity.co,0,8,,73.0
boundaries_and_people_pleasing,www.hachetteindia.com,0,2,,41.0
boundaries_and_people_pleasing,www.denofgeek.com,0,1,,78.0
boundaries_and_people_pleasing,dialecticalbehaviortherapy.com,1,2,1/2,67.0
boundaries_and_people_pleasing,worldofoorja.com,0,1,,11.0
boundaries_and_people_pleasing,moonfallmetaphysical.com,1,1,1/2,24.0
boundaries_and_people_pleasing,courageousconversation.com,1,3,1/2,50.0
boundaries_and_people_pleasing,sandiego.bibliocommons.com,0,1,,82.0
boundaries_and_people_pleasing,www.itsprime.media,1,1,1/2,1.8
boundaries_and_people_pleasing,infobuzzdaily.com,0,1,,0.0
boundaries_and_people_pleasing,www.brigitte.de,0,3,,78.0
boundaries_and_people_pleasing,kahveokuma.com,0,1,,3.7
boundaries_and_people_pleasing,therapytips.org,0,2,,42.0
boundaries_and_people_pleasing,www.dexerto.com,0,1,,79.0
boundaries_and_people_pleasing,12step.org,1,4,1/2,55.0
boundaries_and_people_pleasing,psychology.iresearchnet.com,0,3,,71.0
boundaries_and_people_pleasing,www.christianwebsite.com,0,2,,43.0
boundaries_and_people_pleasing,dbtacademy.com,2,2,2/2,6.0
boundaries_and_people_pleasing,lisawehden.substack.com,0,1,,94.0
boundaries_and_people_pleasing,tattoostyleguide.com,0,2,,0.0
boundaries_and_people_pleasing,www.ptsd.va.gov,2,1,2/2,91.0
boundaries_and_people_pleasing,dc-universe-franchise.fandom.com,0,1,,92.0
boundaries_and_people_pleasing,www.prpbooks.com,1,1,1/2,61.0
boundaries_and_people_pleasing,grammaratlas.com,0,1,,71.0
boundaries_and_people_pleasing,symbolicsecrets.com,1,1,1/2,3.3
boundaries_and_people_pleasing,www.elephantjournal.com,0,2,,79.0
boundaries_and_people_pleasing,www.jaroeducation.com,0,1,,57.0
boundaries_and_people_pleasing,thinkr.org,0,2,,21.0
boundaries_and_people_pleasing,www.taylortailored.co.uk,0,1,,1.7
boundaries_and_people_pleasing,filmthreat.com,1,2,1/2,76.0
boundaries_and_people_pleasing,www.booknotification.com,0,2,,33.0
boundaries_and_people_pleasing,blackwitchcoven.com,0,2,,20.0
boundaries_and_people_pleasing,www.sciencetimes.com,0,1,,74.0
boundaries_and_people_pleasing,darkfilmtheories.com,0,2,,0.9
boundaries_and_people_pleasing,vertu.com,0,1,,70.0
boundaries_and_people_pleasing,plato.stanford.edu,0,2,,92.0
boundaries_and_people_pleasing,www.eclipticjew.com,1,2,1/2,3.6
boundaries_and_people_pleasing,www.denisonforum.org,0,1,,54.0
boundaries_and_people_pleasing,www.democracynow.org,0,2,,81.0
boundaries_and_people_pleasing,www.kpbs.org,2,2,2/2,79.0
boundaries_and_people_pleasing,thedecisionlab.com,0,1,,82.0
boundaries_and_people_pleasing,www.thesprucepets.com,1,4,1/2,81.0
boundaries_and_people_pleasing,scholars.unh.edu,0,1,,85.0
boundaries_and_people_pleasing,music.amazon.com,0,2,,96.0
boundaries_and_people_pleasing,www.waldenu.edu,0,2,,80.0
boundaries_and_people_pleasing,www.shazam.com,0,4,,80.0
boundaries_and_people_pleasing,crystalstones.com,1,2,1/2,31.0
boundaries_and_people_pleasing,www.despertarmagia.com,0,2,,6.0
boundaries_and_people_pleasing,m-p-a.org,0,2,,4.1
boundaries_and_people_pleasing,www.cvpsd.org,1,5,1/2,44.0
boundaries_and_people_pleasing,knowworldnow.com,0,1,,32.0
boundaries_and_people_pleasing,www.martialytics.com,1,2,1/2,61.0
boundaries_and_people_pleasing,definxa.com,0,2,,2.7
boundaries_and_people_pleasing,www.nia.nih.gov,0,3,,95.0
boundaries_and_people_pleasing,mysticryst.com,0,2,,24.0
boundaries_and_people_pleasing,www.deseret.com,0,1,,84.0
boundaries_and_people_pleasing,badoo.com,0,1,,76.0
boundaries_and_people_pleasing,www.lifeinsightcenter.com,1,1,1/2,6.0
boundaries_and_people_pleasing,www.zevira.net,0,2,,8.0
boundaries_and_people_pleasing,bodyartguru.com,2,2,2/2,39.0
boundaries_and_people_pleasing,blisscrystals.com,1,2,1/2,29.0
boundaries_and_people_pleasing,shepherd.com,0,3,,74.0
boundaries_and_people_pleasing,mother.ly,1,2,1/2,78.0
boundaries_and_people_pleasing,sites.psu.edu,0,2,,91.0
boundaries_and_people_pleasing,www.cancer.gov,1,2,1/2,91.0
boundaries_and_people_pleasing,www.aucrystals.com,0,1,,0.0
boundaries_and_people_pleasing,spiritualmojo.com,1,2,1/2,16.0
boundaries_and_people_pleasing,www.bookbrowse.com,0,2,,69.0
boundaries_and_people_pleasing,mimeticus.com,0,1,,0.0
boundaries_and_people_pleasing,skibiditimes.com,0,2,,15.0
boundaries_and_people_pleasing,crystalpedia.co.uk,0,1,,0.0
boundaries_and_people_pleasing,anibase.net,1,2,1/2,28.0
boundaries_and_people_pleasing,www.hercampus.com,0,2,,78.0
boundaries_and_people_pleasing,www.theclaritycircle.com,2,1,2/2,0.8
boundaries_and_people_pleasing,irgst.org,0,1,,3.7
boundaries_and_people_pleasing,www.vibesabi.com,1,1,1/2,0.9
boundaries_and_people_pleasing,www.sacredessence.co.uk,0,1,,17.0
boundaries_and_people_pleasing,meme.com,1,1,1/2,38.0
boundaries_and_people_pleasing,www.luxyin.com,1,2,1/2,13.0
boundaries_and_people_pleasing,dspace.ut.ee,1,2,1/2,81.0
boundaries_and_people_pleasing,www.pewresearch.org,2,5,2/2,92.0
boundaries_and_people_pleasing,www.pamperedpup.pet,0,2,,40.0
boundaries_and_people_pleasing,news.err.ee,1,1,1/2,82.0
boundaries_and_people_pleasing,mentalhealth.bmj.com,1,2,1/2,92.0
boundaries_and_people_pleasing,www.farmersalmanac.com,2,2,2/2,77.0
boundaries_and_people_pleasing,monolithstudio.com,0,1,,34.0
boundaries_and_people_pleasing,www.growingingracecounselingpllc.com,0,1,,2.7
boundaries_and_people_pleasing,www.quo.com,0,2,,78.0
boundaries_and_people_pleasing,www.timely.com,0,1,,76.0
boundaries_and_people_pleasing,impeccablenestdesign.com,0,2,,38.0
boundaries_and_people_pleasing,affity.io,0,1,,8.0
boundaries_and_people_pleasing,www.gq.com,1,2,1/2,88.0
boundaries_and_people_pleasing,repliesworld.com,0,2,,15.0
boundaries_and_people_pleasing,blog.practicaljournal.com,0,2,,4.0
boundaries_and_people_pleasing,m.imdb.com,0,3,,94.0
boundaries_and_people_pleasing,www.nedratawwab.com,0,1,,62.0
boundaries_and_people_pleasing,certifiedtattoo.com,0,2,,46.0
boundaries_and_people_pleasing,blog.nli.org.il,2,1,2/2,76.0
boundaries_and_people_pleasing,www.bmj.com,0,2,,92.0
boundaries_and_people_pleasing,iglatattoo.com,0,1,,11.0
boundaries_and_people_pleasing,www.ourspiritanimal.com,0,2,,14.0
boundaries_and_people_pleasing,geology.com,1,1,1/2,79.0
boundaries_and_people_pleasing,www.goodgirlsyndrome.eu,0,1,,2.3
boundaries_and_people_pleasing,www.indiatimes.com,1,2,1/2,92.0
boundaries_and_people_pleasing,www.krista-mitchell.com,0,1,,38.0
boundaries_and_people_pleasing,musik.kapanlagi.com,0,2,,73.0
boundaries_and_people_pleasing,ifp.nyu.edu,0,2,,91.0
boundaries_and_people_pleasing,9to5mac.com,2,1,2/2,87.0
boundaries_and_people_pleasing,www.reachlink.com,0,2,,66.0
boundaries_and_people_pleasing,beadage.net,0,2,,40.0
boundaries_and_people_pleasing,books.atenu.org,0,1,,1.7
boundaries_and_people_pleasing,davenportpsychology.com,0,1,,38.0
boundaries_and_people_pleasing,www.panmacmillan.com.au,0,4,,71.0
boundaries_and_people_pleasing,4cs.gia.edu,2,2,2/2,87.0
boundaries_and_people_pleasing,relationallife.com,2,2,2/2,61.0
boundaries_and_people_pleasing,myreadshelf.com,1,2,1/2,3.2
boundaries_and_people_pleasing,cafeastrology.com,1,2,1/2,75.0
boundaries_and_people_pleasing,singaporejournal.com,0,1,,11.0
boundaries_and_people_pleasing,www.minutereads.io,0,1,,9.0
boundaries_and_people_pleasing,beta.thestorygraph.com,0,3,,80.0
boundaries_and_people_pleasing,penguinrandomhousehighereducation.com,1,2,1/2,64.0
boundaries_and_people_pleasing,www.magzter.com,0,1,,78.0
boundaries_and_people_pleasing,www.listennotes.com,0,2,,85.0
boundaries_and_people_pleasing,explainingthebible.com,0,3,,37.0
boundaries_and_people_pleasing,www.citywitch.co.uk,0,2,,3.7
boundaries_and_people_pleasing,www.metacritic.com,1,2,1/2,83.0
boundaries_and_people_pleasing,www.internationalenneagram.org,1,1,1/2,60.0
boundaries_and_people_pleasing,veraluna.net,1,1,1/2,0.0
boundaries_and_people_pleasing,www.khanianpsychologicalservices.com,0,1,,0.0
boundaries_and_people_pleasing,kreafolk.com,1,2,1/2,71.0
boundaries_and_people_pleasing,www.gia.edu,2,2,2/2,87.0
boundaries_and_people_pleasing,crystaldatabase.com,0,2,,3.9
boundaries_and_people_pleasing,thisvsthat.io,0,2,,41.0
boundaries_and_people_pleasing,www.coachranks.com,0,1,,44.0
boundaries_and_people_pleasing,thebookprescription.wordpress.com,1,1,1/2,96.0
boundaries_and_people_pleasing,www.chewy.com,0,4,,87.0
boundaries_and_people_pleasing,scalar.usc.edu,2,2,2/2,90.0
boundaries_and_people_pleasing,www.aljaleestimes.com,0,1,,3.3
boundaries_and_people_pleasing,www.hannahgrace.co.uk,1,1,1/2,13.0
boundaries_and_people_pleasing,read.bookscribe.io,0,1,,0.0
boundaries_and_people_pleasing,fortune.com,0,2,,91.0
boundaries_and_people_pleasing,www.thebump.com,0,2,,80.0
boundaries_and_people_pleasing,dadreader.com,0,1,,0.0
boundaries_and_people_pleasing,www.mindtalk.in,0,1,,22.0
boundaries_and_people_pleasing,theruggedface.com,0,1,,0.1
boundaries_and_people_pleasing,theartofcharm.com,1,2,1/2,64.0
boundaries_and_people_pleasing,www.drcloud.com,0,1,,61.0
boundaries_and_people_pleasing,experteditor.com.au,0,2,,50.0
boundaries_and_people_pleasing,indianexpress.com,2,2,2/2,89.0
boundaries_and_people_pleasing,several.com,1,1,1/2,32.0
boundaries_and_people_pleasing,www.psypost.org,0,2,,78.0
boundaries_and_people_pleasing,www.trustpilot.com,2,2,2/2,94.0
boundaries_and_people_pleasing,symbolsage.com,0,2,,56.0
boundaries_and_people_pleasing,asana.com,0,1,,91.0
boundaries_and_people_pleasing,www.nidirect.gov.uk,2,2,2/2,85.0
boundaries_and_people_pleasing,pro.morningconsult.com,1,1,1/2,83.0
boundaries_and_people_pleasing,www.vice.com,0,2,,91.0
boundaries_and_people_pleasing,www.therapyexplained.com,1,3,1/2,6.0
boundaries_and_people_pleasing,store.playstation.com,0,2,,91.0
boundaries_and_people_pleasing,www.praktijkvoorbij.nl,0,1,,3.7
boundaries_and_people_pleasing,aitextreply.greenrobot.com,0,1,,18.0
boundaries_and_people_pleasing,www.tomsguide.com,2,1,2/2,87.0
boundaries_and_people_pleasing,www.nhpr.org,0,2,,77.0
boundaries_and_people_pleasing,iptrauma.org,1,2,1/2,35.0
boundaries_and_people_pleasing,www.scientificamerican.com,0,1,,91.0
boundaries_and_people_pleasing,www.android.com,1,1,1/2,92.0
boundaries_and_people_pleasing,www.penguin.co.nz,1,3,1/2,71.0
boundaries_and_people_pleasing,www.leicspart.nhs.uk,0,2,,64.0
boundaries_and_people_pleasing,www.thedailybeast.com,0,2,,88.0
boundaries_and_people_pleasing,testix.co.uk,0,2,,0.3
boundaries_and_people_pleasing,www.sciencefocus.com,0,1,,82.0
boundaries_and_people_pleasing,www.bark.us,0,2,,76.0
boundaries_and_people_pleasing,www.beliefnet.com,0,2,,77.0
boundaries_and_people_pleasing,www.harperacademic.com,1,1,1/2,49.0
boundaries_and_people_pleasing,boomerecocrusader.com,0,2,,11.0
boundaries_and_people_pleasing,embraceclub.com,1,2,1/2,2.0
boundaries_and_people_pleasing,www.jeffserini.com,0,1,,0.9
boundaries_and_people_pleasing,family.norton.com,0,1,,90.0
boundaries_and_people_pleasing,www.tbqtalks.com,0,1,,3.3
boundaries_and_people_pleasing,tiltcharades.com,0,1,,4.3
boundaries_and_people_pleasing,www.beitnesicha.org,0,1,,0.0
boundaries_and_people_pleasing,www.aliciagalvan.com,0,1,,36.0
boundaries_and_people_pleasing,tapas.io,0,2,,80.0
boundaries_and_people_pleasing,store.crunchyroll.com,0,1,,83.0
boundaries_and_people_pleasing,uk.trustpilot.com,0,1,,94.0
boundaries_and_people_pleasing,more.bibliocommons.com,0,1,,82.0
boundaries_and_people_pleasing,www.safetyandquality.gov.au,0,1,,80.0
boundaries_and_people_pleasing,wingmantools.app,0,1,,27.0
boundaries_and_people_pleasing,www.finedictionary.com,0,1,,39.0
boundaries_and_people_pleasing,developers.google.com,0,2,,99.0
boundaries_and_people_pleasing,auratella.com,1,1,1/1,1.1
boundaries_and_people_pleasing,www.impactpublications.com,0,1,,27.0
boundaries_and_people_pleasing,www.abundancenolimits.com,0,1,,29.0
boundaries_and_people_pleasing,chibuntu.com,0,1,,15.0
boundaries_and_people_pleasing,thefederalist.com,0,1,,78.0
boundaries_and_people_pleasing,www.apotheken-umschau.de,0,1,,82.0
boundaries_and_people_pleasing,tureng.com,0,3,,75.0
boundaries_and_people_pleasing,www.ensie.nl,0,1,,71.0
boundaries_and_people_pleasing,powersof10.com,0,1,,52.0
boundaries_and_people_pleasing,www.psychologistworld.com,0,1,,72.0
boundaries_and_people_pleasing,blog.hoodoo-online.com,1,2,1/1,1.0
boundaries_and_people_pleasing,www.northcountrypublicradio.org,0,1,,72.0
boundaries_and_people_pleasing,www.ypc.co.uk,0,1,,29.0
boundaries_and_people_pleasing,www.deepjung.com,0,1,,12.0
boundaries_and_people_pleasing,www.lboro.ac.uk,1,1,1/1,82.0
boundaries_and_people_pleasing,learningwithguru.com,0,1,,1.3
boundaries_and_people_pleasing,sunshine-aupair.com,0,1,,11.0
boundaries_and_people_pleasing,type-fusion.com,0,1,,0.0
boundaries_and_people_pleasing,www.theaesthetic.shop,0,1,,34.0
boundaries_and_people_pleasing,www.drglover.net,1,1,1/1,1.3
boundaries_and_people_pleasing,curiocharlotte.com,0,1,,16.0
boundaries_and_people_pleasing,mwnlifestyle.com,0,1,,29.0
boundaries_and_people_pleasing,www.ziprecruiter.com,0,1,,87.0
boundaries_and_people_pleasing,www.linda-goodman.com,0,1,,27.0
boundaries_and_people_pleasing,www.fastemote.com,0,1,,15.0
boundaries_and_people_pleasing,canecorsofamily.com,0,1,,0.0
boundaries_and_people_pleasing,feetpik.com,0,1,,64.0
boundaries_and_people_pleasing,ocdinkstudio.com,0,1,,6.0
boundaries_and_people_pleasing,ideas.repec.org,0,1,,86.0
boundaries_and_people_pleasing,open.library.okstate.edu,1,1,1/1,84.0
boundaries_and_people_pleasing,www.prada.com,1,2,1/1,79.0
boundaries_and_people_pleasing,hspapp.com,0,1,,15.0
boundaries_and_people_pleasing,streatpsych.com,0,1,,1.0
boundaries_and_people_pleasing,www.abbieamescounseling.com,0,1,,10.0
boundaries_and_people_pleasing,www.anagrammer.com,0,1,,33.0
boundaries_and_people_pleasing,www.ditchtheditty.com,1,1,1/1,17.0
boundaries_and_people_pleasing,www.prnewswire.com,1,1,1/1,92.0
boundaries_and_people_pleasing,uk.practicallaw.thomsonreuters.com,1,1,1/1,90.0
boundaries_and_people_pleasing,ergo.lbl.gov,0,1,,87.0
boundaries_and_people_pleasing,www.hp-lexicon.org,0,1,,64.0
boundaries_and_people_pleasing,executivefunctiontoolkit.com,0,2,,3.1
boundaries_and_people_pleasing,gambia.desertcart.com,0,1,,58.0
boundaries_and_people_pleasing,openbooksummary.com,0,1,,0.0
boundaries_and_people_pleasing,hastyreader.com,0,1,,41.0
boundaries_and_people_pleasing,www.wordnik.com,0,1,,75.0
boundaries_and_people_pleasing,theamazingdigitalpast.fandom.com,0,1,,92.0
boundaries_and_people_pleasing,chantaldempsey.com,1,1,1/1,7.0
boundaries_and_people_pleasing,www.crystalage.com,1,1,1/1,40.0
boundaries_and_people_pleasing,lifebuilderscounseling.org,0,1,,15.0
boundaries_and_people_pleasing,pineriver.marmot.org,0,1,,60.0
boundaries_and_people_pleasing,www.talked.com.au,0,1,,38.0
boundaries_and_people_pleasing,mindfulpick.com,0,1,,0.0
boundaries_and_people_pleasing,doodledoods.com,0,1,,46.0
boundaries_and_people_pleasing,www.maxsarasiniphotography.co.uk,0,1,,2.8
boundaries_and_people_pleasing,www.barrons.com,0,1,,89.0
boundaries_and_people_pleasing,www.americangemsociety.org,1,1,1/1,76.0
boundaries_and_people_pleasing,www.zarc.com,0,1,,25.0
boundaries_and_people_pleasing,www.npr.org,1,1,1/1,92.0
boundaries_and_people_pleasing,shop.drneetikaushik.com,0,1,,40.0
boundaries_and_people_pleasing,www.bottomlineinc.com,1,1,1/1,62.0
boundaries_and_people_pleasing,seifelhakim.com,0,1,,15.0
boundaries_and_people_pleasing,www.healingcrystalsco.com,0,1,,28.0
boundaries_and_people_pleasing,www.modernwitchuniversity.com,1,1,1/1,17.0
boundaries_and_people_pleasing,www.earthfairyholistics.com,0,1,,6.0
boundaries_and_people_pleasing,alcoholtreatment.niaaa.nih.gov,0,1,,95.0
boundaries_and_people_pleasing,crystaltyche.com,0,1,,0.0
boundaries_and_people_pleasing,www.techtarget.com,0,1,,91.0
boundaries_and_people_pleasing,magneta.tech,0,1,,0.0
boundaries_and_people_pleasing,www.gale.care,0,1,,2.0
boundaries_and_people_pleasing,www.podiatrylegends.com,0,1,,10.0
boundaries_and_people_pleasing,adventhelp.com,0,1,,4.9
boundaries_and_people_pleasing,katiebennettwrites.com,0,1,,1.7
boundaries_and_people_pleasing,news.tv-asahi.co.jp,0,1,,87.0
boundaries_and_people_pleasing,how-to-play-charades.com,0,1,,0.0
boundaries_and_people_pleasing,www.legacy.com,0,2,,89.0
boundaries_and_people_pleasing,bible-study.com,0,1,,0.0
boundaries_and_people_pleasing,www.etsy.com,0,2,,94.0
boundaries_and_people_pleasing,slovar-vocab.com,0,1,,45.0
boundaries_and_people_pleasing,www.turkiyepsikologlari.com,1,1,1/1,11.0
boundaries_and_people_pleasing,www.theodysseyonline.com,0,1,,76.0
boundaries_and_people_pleasing,www.americanoccultist.store,0,1,,0.0
boundaries_and_people_pleasing,www.tinymixtapes.com,0,1,,66.0
boundaries_and_people_pleasing,highlandscentreforhealing.com.au,0,1,,12.0
family_and_childhood_patterns,www.psychologytoday.com,17,39,17/28,93.0
family_and_childhood_patterns,www.reddit.com,7,19,7/16,95.0
family_and_childhood_patterns,www.goodreads.com,6,26,6/15,92.0
family_and_childhood_patterns,www.healthline.com,8,13,8/15,92.0
family_and_childhood_patterns,psychcentral.com,7,10,7/12,87.0
family_and_childhood_patterns,en.wikipedia.org,8,9,8/11,97.0
family_and_childhood_patterns,pubmed.ncbi.nlm.nih.gov,4,21,4/11,95.0
family_and_childhood_patterns,pmc.ncbi.nlm.nih.gov,3,15,3/11,95.0
family_and_childhood_patterns,www.sciencedirect.com,3,11,3/10,94.0
family_and_childhood_patterns,www.abbreviations.com,6,6,6/10,69.0
family_and_childhood_patterns,acronymsandslang.com,8,3,8/10,34.0
family_and_childhood_patterns,www.verywellmind.com,2,6,2/8,90.0
family_and_childhood_patterns,www.shortform.com,3,7,3/7,72.0
family_and_childhood_patterns,www.medicalnewstoday.com,4,7,4/7,91.0
family_and_childhood_patterns,anniewright.com,1,5,1/7,43.0
family_and_childhood_patterns,health.clevelandclinic.org,5,8,5/7,92.0
family_and_childhood_patterns,www.collinsdictionary.com,1,8,1/6,86.0
family_and_childhood_patterns,www.wargamer.com,3,3,3/6,65.0
family_and_childhood_patterns,dictionary.cambridge.org,4,14,4/6,92.0
family_and_childhood_patterns,en.wiktionary.org,2,4,2/6,91.0
family_and_childhood_patterns,www.ncbi.nlm.nih.gov,2,11,2/6,95.0
family_and_childhood_patterns,books.google.com,2,13,2/6,99.0
family_and_childhood_patterns,www.bbts.org.uk,3,3,3/5,41.0
family_and_childhood_patterns,www.todosiglas.com,0,4,,19.0
family_and_childhood_patterns,realdictionary.com,0,1,,13.0
family_and_childhood_patterns,books.apple.com,1,4,1/5,97.0
family_and_childhood_patterns,parade.com,2,2,2/5,85.0
family_and_childhood_patterns,www.englishdbs.com,0,1,,17.0
family_and_childhood_patterns,www.mindbodygreen.com,1,5,1/5,85.0
family_and_childhood_patterns,militarywords.com,0,1,,29.0
family_and_childhood_patterns,idiominsider.com,0,1,,81.0
family_and_childhood_patterns,how-to-play-charades.com,1,1,1/4,0.0
family_and_childhood_patterns,www.gottman.com,2,5,2/4,85.0
family_and_childhood_patterns,idiomsmadeeasy.com,0,1,,26.0
family_and_childhood_patterns,www.commonsensemedia.org,2,10,2/4,86.0
family_and_childhood_patterns,acronym24.com,1,3,1/4,27.0
family_and_childhood_patterns,www.oxfordlearnersdictionaries.com,2,7,2/4,81.0
family_and_childhood_patterns,www.101planners.com,0,1,,51.0
family_and_childhood_patterns,wordscity.com,0,1,,8.0
family_and_childhood_patterns,www.ontariotherapists.com,1,2,1/4,11.0
family_and_childhood_patterns,idiomsforall.com,1,3,1/4,27.0
family_and_childhood_patterns,www.webmd.com,1,5,1/4,92.0
family_and_childhood_patterns,www.penguinrandomhouse.com,1,6,1/4,91.0
family_and_childhood_patterns,www.fullformexpand.com,0,6,,5.0
family_and_childhood_patterns,www.merriam-webster.com,2,5,2/4,91.0
family_and_childhood_patterns,scienceinsights.org,0,4,,70.0
family_and_childhood_patterns,my.clevelandclinic.org,1,4,1/4,92.0
family_and_childhood_patterns,app.thestorygraph.com,0,5,,80.0
family_and_childhood_patterns,sleepoverpartyideas.com,2,1,2/3,11.0
family_and_childhood_patterns,www.thehotline.org,2,13,2/3,88.0
family_and_childhood_patterns,www.theknot.com,1,4,1/3,91.0
family_and_childhood_patterns,sobrief.com,1,3,1/3,53.0
family_and_childhood_patterns,www.brighterenglish.com,0,1,,0.0
family_and_childhood_patterns,www.acog.org,3,1,3/3,88.0
family_and_childhood_patterns,psychology.com,1,2,1/3,63.0
family_and_childhood_patterns,onlinelibrary.wiley.com,1,5,1/3,93.0
family_and_childhood_patterns,booksthatslay.com,1,2,1/3,27.0
family_and_childhood_patterns,goodreads.com,0,5,,92.0
family_and_childhood_patterns,www.theguardian.com,0,3,,93.0
family_and_childhood_patterns,www.cardyard.ai,0,1,,0.0
family_and_childhood_patterns,www.goodrx.com,0,3,,85.0
family_and_childhood_patterns,www.imdb.com,1,5,1/3,94.0
family_and_childhood_patterns,www.youtube.com,1,3,1/3,99.0
family_and_childhood_patterns,cptsdfoundation.org,1,2,1/3,66.0
family_and_childhood_patterns,www.therapyutah.org,1,3,1/3,23.0
family_and_childhood_patterns,www.halloweencostumes.com,0,1,,72.0
family_and_childhood_patterns,openlibrary.org,1,5,1/3,86.0
family_and_childhood_patterns,www.attachmentproject.com,1,1,1/3,74.0
family_and_childhood_patterns,www.nature.com,2,3,2/3,93.0
family_and_childhood_patterns,www.supersummary.com,2,4,2/3,65.0
family_and_childhood_patterns,www.verywellhealth.com,1,4,1/3,90.0
family_and_childhood_patterns,www.getcharadesideas.com,0,1,,38.0
family_and_childhood_patterns,journals.sagepub.com,1,3,1/3,92.0
family_and_childhood_patterns,www.playpictionarygame.com,0,4,,30.0
family_and_childhood_patterns,www.mass.gov,2,1,2/2,91.0
family_and_childhood_patterns,healthy.kaiserpermanente.org,0,1,,85.0
family_and_childhood_patterns,play.google.com,0,3,,99.0
family_and_childhood_patterns,livingfree.today,1,1,1/2,3.4
family_and_childhood_patterns,biologyinsights.com,0,2,,71.0
family_and_childhood_patterns,charades.io,0,1,,8.0
family_and_childhood_patterns,www.mayoclinic.org,1,4,1/2,92.0
family_and_childhood_patterns,legalclarity.org,0,2,,76.0
family_and_childhood_patterns,www.hachette.co.uk,1,1,1/2,76.0
family_and_childhood_patterns,www.logoshealinginstitute.org,2,1,2/2,22.0
family_and_childhood_patterns,dynamic.uoregon.edu,1,2,1/2,86.0
family_and_childhood_patterns,www.scribd.com,0,2,,91.0
family_and_childhood_patterns,idiomsacademy.com,0,3,,9.0
family_and_childhood_patterns,www.etymonline.com,0,1,,83.0
family_and_childhood_patterns,thebridgehealthrecovery.com,0,1,,33.0
family_and_childhood_patterns,www.researchgate.net,1,2,1/2,93.0
family_and_childhood_patterns,www.legit.ng,0,2,,75.0
family_and_childhood_patterns,drjonicewebb.com,2,3,2/2,52.0
family_and_childhood_patterns,bbts.com.br,2,5,2/2,34.0
family_and_childhood_patterns,www.gov.br,2,2,2/2,92.0
family_and_childhood_patterns,counselinglibrary.org,0,1,,20.0
family_and_childhood_patterns,www.canada.ca,0,2,,93.0
family_and_childhood_patterns,charadesideasgenerator.com,1,3,1/2,0.1
family_and_childhood_patterns,randomlyfun.app,1,2,1/2,0.6
family_and_childhood_patterns,blog.prepscholar.com,1,1,1/2,74.0
family_and_childhood_patterns,www.healthdirect.gov.au,0,1,,87.0
family_and_childhood_patterns,doi.org,0,2,,94.0
family_and_childhood_patterns,www.abc.net.au,2,2,2/2,91.0
family_and_childhood_patterns,care.ucdavis.edu,2,1,2/2,90.0
family_and_childhood_patterns,www.helpguide.org,0,2,,87.0
family_and_childhood_patterns,www.kirkusreviews.com,0,3,,86.0
family_and_childhood_patterns,time.com,1,3,1/2,92.0
family_and_childhood_patterns,dictionary.apa.org,1,3,1/2,92.0
family_and_childhood_patterns,idiomsmaster.com,0,1,,27.0
family_and_childhood_patterns,www.harvard.com,0,2,,74.0
family_and_childhood_patterns,www.blinkist.com,2,2,2/2,76.0
family_and_childhood_patterns,www.tandfonline.com,0,3,,92.0
family_and_childhood_patterns,bookriot.com,0,1,,80.0
family_and_childhood_patterns,eshopex.cl,0,1,,23.0
family_and_childhood_patterns,www.indigo.ca,0,1,,87.0
family_and_childhood_patterns,traumainformedmedicine.com,0,1,,0.0
family_and_childhood_patterns,extension.usu.edu,1,2,1/2,85.0
family_and_childhood_patterns,www.penguin.co.uk,0,4,,85.0
family_and_childhood_patterns,www.psychiatry.org,1,3,1/2,89.0
family_and_childhood_patterns,study.com,0,3,,85.0
family_and_childhood_patterns,www.bbts.com,1,2,1/2,7.0
family_and_childhood_patterns,www.wordreference.com,0,2,,80.0
family_and_childhood_patterns,dev.mrarch.com,0,1,,32.0
family_and_childhood_patterns,bbts.intevia.com.br,0,1,,0.0
family_and_childhood_patterns,www.lawinsider.com,0,1,,83.0
family_and_childhood_patterns,www.denofgeek.com,1,2,1/2,78.0
family_and_childhood_patterns,www.dictionary.com,0,2,,90.0
family_and_childhood_patterns,www.aabb.org,1,2,1/2,77.0
family_and_childhood_patterns,www.simplypsychology.com,0,2,,37.0
family_and_childhood_patterns,www.lovetoknow.com,0,2,,80.0
family_and_childhood_patterns,www.frontiersin.org,0,2,,92.0
family_and_childhood_patterns,acuresearchbank.acu.edu.au,0,1,,76.0
family_and_childhood_patterns,www.enotes.com,0,2,,73.0
family_and_childhood_patterns,www.linkedin.com,0,3,,99.0
family_and_childhood_patterns,pictionarygen.com,0,3,,0.8
family_and_childhood_patterns,psycatgames.com,0,2,,58.0
family_and_childhood_patterns,www.businessinsider.com,1,1,1/2,92.0
family_and_childhood_patterns,timesofindia.indiatimes.com,1,3,1/2,92.0
family_and_childhood_patterns,www.bbts.com.br,2,1,2/2,34.0
family_and_childhood_patterns,www.goodhousekeeping.com,1,2,1/2,90.0
family_and_childhood_patterns,theecards.com,0,1,,44.0
family_and_childhood_patterns,www.bbb.org,0,1,,93.0
family_and_childhood_patterns,www.traumainformedny.org,0,1,,43.0
family_and_childhood_patterns,www.urbandictionary.com,1,3,1/2,88.0
family_and_childhood_patterns,www.bannerhealth.com,1,1,1/2,78.0
family_and_childhood_patterns,trademarks.justia.com,1,1,1/2,91.0
family_and_childhood_patterns,beginagaininstitute.com,1,3,1/2,32.0
family_and_childhood_patterns,sexaddictionservices.com,0,1,,4.2
family_and_childhood_patterns,www.kold.com,0,1,,74.0
family_and_childhood_patterns,link.springer.com,0,1,,93.0
family_and_childhood_patterns,www.hindustantimes.com,0,1,,89.0
family_and_childhood_patterns,newbookrecommendation.com,0,1,,31.0
family_and_childhood_patterns,www.ef.com,0,1,,79.0
family_and_childhood_patterns,pugetpress.com,0,1,,7.0
family_and_childhood_patterns,www.littlerbooks.com,0,1,,14.0
family_and_childhood_patterns,meanfind.com,0,1,,61.0
family_and_childhood_patterns,www.cdc.gov,1,1,1/1,94.0
family_and_childhood_patterns,pictionaryhub.com,0,1,,8.0
family_and_childhood_patterns,www.simplypsychology.org,0,1,,85.0
family_and_childhood_patterns,www.ebsco.com,0,1,,87.0
family_and_childhood_patterns,www.penguinrandomhouseretail.com,0,1,,62.0
family_and_childhood_patterns,blackink.ai,0,1,,49.0
family_and_childhood_patterns,childhelphotline.org,0,1,,74.0
family_and_childhood_patterns,www.scifidimensions.com,0,1,,33.0
family_and_childhood_patterns,rightasrain.uwmedicine.org,0,1,,77.0
family_and_childhood_patterns,www.fakespot.com,0,1,,71.0
family_and_childhood_patterns,seattle.bibliocommons.com,0,1,,82.0
family_and_childhood_patterns,pictionarywordgenerators.com,0,1,,1.6
family_and_childhood_patterns,drmatthewpaldy.com,0,1,,2.3
family_and_childhood_patterns,quizlet.com,0,1,,85.0
family_and_childhood_patterns,www.drmarikovanen.co.uk,0,1,,18.0
family_and_childhood_patterns,ursummary.com,0,1,,7.0
family_and_childhood_patterns,movieidioms.com,0,1,,9.0
family_and_childhood_patterns,www.pookpress.co.uk,0,1,,41.0
family_and_childhood_patterns,wellness.uchicago.edu,1,1,1/1,91.0
family_and_childhood_patterns,www.kobo.com,0,1,,90.0
family_and_childhood_patterns,www.indeed.com,0,1,,92.0
family_and_childhood_patterns,www.goodnovel.com,0,1,,62.0
family_and_childhood_patterns,psychologydictionary.org,0,1,,62.0
family_and_childhood_patterns,www.vogue.com,0,1,,91.0
family_and_childhood_patterns,www.freescrabbledictionary.com,0,1,,28.0
family_and_childhood_patterns,dungeoncrawlercarl.renegadegamestudios.com,0,1,,67.0
family_and_childhood_patterns,magicalclan.com,0,1,,4.4
family_and_childhood_patterns,qr.netflix.com,1,2,1/1,92.0
family_and_childhood_patterns,romancelandia.fandom.com,0,1,,92.0
family_and_childhood_patterns,www.headspace.com,1,1,1/1,89.0
family_and_childhood_patterns,www.inkitt.com,1,1,1/1,74.0
family_and_childhood_patterns,vi.web-platforms-vi.nyti.nyt.net,0,1,,39.0
family_and_childhood_patterns,librarycatalog.cityofwoodland.gov,0,1,,47.0
family_and_childhood_patterns,www.them.us,1,1,1/1,80.0
family_and_childhood_patterns,spoookly.com,0,1,,3.0
family_and_childhood_patterns,www.allencheng.com,0,1,,34.0
family_and_childhood_patterns,chuka-chuka.com,0,1,,12.0
family_and_childhood_patterns,www.seattlemet.com,0,1,,77.0
family_and_childhood_patterns,psychiatrymagazine.com,0,1,,18.0
family_and_childhood_patterns,colebycentre.com,0,1,,3.8
family_and_childhood_patterns,www.firststepmenstherapy.com,0,1,,18.0
family_and_childhood_patterns,www.addrc.org,0,1,,53.0
family_and_childhood_patterns,www.nctsn.org,0,1,,82.0
family_and_childhood_patterns,animesuperhero.com,0,1,,51.0
family_and_childhood_patterns,litrpgcritic.com,0,1,,2.5
family_and_childhood_patterns,www.stuartbruce.net,0,1,,2.3
family_and_childhood_patterns,crimesolutions.ojp.gov,0,1,,90.0
family_and_childhood_patterns,www.respectvictoria.vic.gov.au,0,1,,56.0
family_and_childhood_patterns,www.psychiatrist.com,0,1,,80.0
family_and_childhood_patterns,www.factsmostly.com,0,1,,11.0
family_and_childhood_patterns,therapist.com,0,1,,66.0
family_and_childhood_patterns,tankobonbon.com,0,1,,12.0
family_and_childhood_patterns,www.oprahdaily.com,0,1,,84.0
family_and_childhood_patterns,www.hhs.gov,0,2,,92.0
family_and_childhood_patterns,www.topworksheets.com,0,1,,42.0
family_and_childhood_patterns,kitabnagri.store,0,1,,52.0
family_and_childhood_patterns,legalknowledgebase.com,1,1,1/1,25.0
family_and_childhood_patterns,www.psychdb.com,0,1,,53.0
family_and_childhood_patterns,www.target.com,0,2,,91.0
family_and_childhood_patterns,www.netflix.com,0,2,,92.0
family_and_childhood_patterns,theenvoyweb.com,0,1,,23.0
family_and_childhood_patterns,company.overdrive.com,0,1,,85.0
family_and_childhood_patterns,www.soberrecovery.com,0,4,,53.0
family_and_childhood_patterns,wellbeingmagazine.com,0,1,,60.0
family_and_childhood_patterns,www.tvguide.com,0,1,,79.0
family_and_childhood_patterns,www.mdpi.com,0,1,,92.0
family_and_childhood_patterns,fairytale.fandom.com,1,1,1/1,92.0
family_and_childhood_patterns,www.elle.be,1,1,1/1,73.0
family_and_childhood_patterns,www.charades.org.uk,0,1,,13.0
family_and_childhood_patterns,www.psychmechanics.com,0,1,,47.0
family_and_childhood_patterns,www.oreateai.com,0,1,,72.0
family_and_childhood_patterns,catalog.ncwlibraries.org,0,1,,44.0
family_and_childhood_patterns,justhateme.com,0,1,,0.0
family_and_childhood_patterns,flickdirect.com,0,1,,42.0
family_and_childhood_patterns,www.counselling-directory.org.uk,0,1,,85.0
family_and_childhood_patterns,www.pulse.ng,0,1,,74.0
family_and_childhood_patterns,www.idiomsmeaning.info,0,1,,0.0
family_and_childhood_patterns,www.lindsaycgibson.com,1,2,1/1,33.0
family_and_childhood_patterns,betweenusparents.com,0,1,,18.0
family_and_childhood_patterns,bpspsychub.onlinelibrary.wiley.com,0,1,,93.0
family_and_childhood_patterns,www.heyuguys.com,1,1,1/1,66.0
family_and_childhood_patterns,dev-housing.rice.edu,0,1,,86.0
family_and_childhood_patterns,libcatalog.neit.edu,0,1,,63.0
family_and_childhood_patterns,www.lwf.org,0,1,,59.0
family_and_childhood_patterns,getidiom.com,0,1,,32.0
family_and_childhood_patterns,www.sharethestruggle.org,0,1,,21.0
family_and_childhood_patterns,www.sdp.org,0,1,,15.0
family_and_childhood_patterns,www.twinkl.co.uk,0,1,,76.0
family_and_childhood_patterns,www.pearson.com,0,1,,87.0
family_and_childhood_patterns,www.self.com,0,1,,86.0
family_and_childhood_patterns,jimmcgeecoaching.com,0,1,,2.3
family_and_childhood_patterns,trustaftertrauma.com,0,2,,31.0
family_and_childhood_patterns,aifreeforever.com,0,1,,31.0
family_and_childhood_patterns,web.uri.edu,0,1,,82.0
family_and_childhood_patterns,meaningloom.com,0,1,,0.1
family_and_childhood_patterns,counseling.rockbridgehealth.org,0,1,,21.0
family_and_childhood_patterns,www.viki.com,0,1,,76.0
family_and_childhood_patterns,www.phrases.org.uk,0,1,,76.0
family_and_childhood_patterns,www.colebycentre.com,0,1,,3.8
family_and_childhood_patterns,www.acronymfinder.com,0,2,,74.0
family_and_childhood_patterns,elibrary.judiciary.gov.ph,0,1,,77.0
family_and_childhood_patterns,www.womenslaw.org,1,1,1/1,76.0
family_and_childhood_patterns,psychology.org.au,1,1,1/1,82.0
family_and_childhood_patterns,toxicmessages.com,0,1,,65.0
family_and_childhood_patterns,knowavoidant.com,1,1,1/1,0.0
family_and_childhood_patterns,www.everand.com,0,1,,79.0
family_and_childhood_patterns,www.washingtonpost.com,0,1,,93.0
family_and_childhood_patterns,www.teacherspayteachers.com,0,1,,88.0
family_and_childhood_patterns,shapes.inc,0,1,,53.0
family_and_childhood_patterns,wellbeing.jhu.edu,1,1,1/1,91.0
family_and_childhood_patterns,www.glamour.com,1,1,1/1,86.0
family_and_childhood_patterns,www.indulgexpress.com,0,1,,73.0
family_and_childhood_patterns,www.hasbro.com,1,1,1/1,82.0
family_and_childhood_patterns,www.elsevier.com,0,1,,93.0
family_and_childhood_patterns,booksofbrilliance.com,0,1,,33.0
family_and_childhood_patterns,www.goodtherapy.org,0,1,,84.0
family_and_childhood_patterns,www.ojp.gov,0,1,,90.0
family_and_childhood_patterns,ojjdp.ojp.gov,1,1,1/1,90.0
family_and_childhood_patterns,www.anewmode.com,0,1,,37.0
family_and_childhood_patterns,the-ultimate-evil.fandom.com,0,1,,92.0
family_and_childhood_patterns,www.gse.harvard.edu,0,1,,93.0
family_and_childhood_patterns,www.parents.fr,0,1,,75.0
family_and_childhood_patterns,illinoisrecoverycenter.com,1,1,1/1,34.0
family_and_childhood_patterns,collectorfreaks.com,0,1,,28.0
family_and_childhood_patterns,dvdizzy.com,0,1,,41.0
family_and_childhood_patterns,aithor.com,0,1,,58.0
family_and_childhood_patterns,www.cambridge.org,0,2,,92.0
family_and_childhood_patterns,www.psychologies.co.uk,0,1,,70.0
family_and_childhood_patterns,www.filmibeat.com,0,1,,71.0
family_and_childhood_patterns,childhood101.com,0,1,,68.0
family_and_childhood_patterns,wiki.d-addicts.com,0,1,,62.0
family_and_childhood_patterns,rarelyradiant.com,1,1,1/1,64.0
family_and_childhood_patterns,www.curiousjr.com,0,1,,29.0
family_and_childhood_patterns,fr.wiktionary.org,0,1,,91.0
family_and_childhood_patterns,charadesgenerator.org,0,1,,0.0
family_and_childhood_patterns,leisurebyte.com,0,1,,45.0
family_and_childhood_patterns,www.behindthename.com,0,1,,76.0
family_and_childhood_patterns,www.movienco.co.uk,0,1,,20.0
family_and_childhood_patterns,www.thehistoryofenglish.com,0,1,,42.0
family_and_childhood_patterns,dirkwernerbooks.com,0,1,,13.0
family_and_childhood_patterns,giaallana.com,0,1,,2.7
family_and_childhood_patterns,ipsychology.net,0,1,,2.8
family_and_childhood_patterns,www.nurturingwillowtherapy.com,0,1,,3.5
family_and_childhood_patterns,www.usingenglish.com,0,1,,70.0
family_and_childhood_patterns,comicbook.com,0,5,,79.0
family_and_childhood_patterns,www.btr.org,0,1,,38.0
family_and_childhood_patterns,www.riverstonecounselling.ca,1,1,1/1,0.6
family_and_childhood_patterns,preply.com,0,1,,83.0
family_and_childhood_patterns,dictionnaire.reverso.net,0,2,,84.0
family_and_childhood_patterns,uk.ereaderiq.com,0,1,,45.0
family_and_childhood_patterns,www.enotalone.com,0,1,,51.0
family_and_childhood_patterns,soundcy.com,0,2,,14.0
family_and_childhood_patterns,book.douban.com,0,1,,91.0
family_and_childhood_patterns,www.healthymarriageinfo.org,1,2,1/1,53.0
family_and_childhood_patterns,www.ryandelaney.co,1,1,1/1,29.0
family_and_childhood_patterns,www.thevillageidiom.org,0,1,,12.0
family_and_childhood_patterns,www.health.com,1,1,1/1,87.0
family_and_childhood_patterns,ew.com,1,1,1/1,86.0
family_and_childhood_patterns,www.lemonde.fr,0,1,,91.0
family_and_childhood_patterns,www.ebooks.com,0,1,,75.0
family_and_childhood_patterns,itsstillabuse.org,0,1,,0.5
family_and_childhood_patterns,quilltherapysolutions.com,0,1,,25.0
family_and_childhood_patterns,cen.edu.au,1,1,1/1,36.0
family_and_childhood_patterns,penguinrandomhousesecondaryeducation.com,0,2,,58.0
family_and_childhood_patterns,transformers.fandom.com,1,1,1/1,92.0
family_and_childhood_patterns,blog.dallascollege.edu,0,1,,72.0
family_and_childhood_patterns,www.mentalfloss.com,0,1,,86.0
family_and_childhood_patterns,dungeon-crawler-carl.fandom.com,0,1,,92.0
family_and_childhood_patterns,streetslang.com,1,1,1/1,31.0
family_and_childhood_patterns,www.bigbadtoystore.com,0,1,,71.0
family_and_childhood_patterns,static.rottentomatoes.com,1,1,1/1,87.0
family_and_childhood_patterns,tatufoto.com,0,1,,41.0
family_and_childhood_patterns,www.hachettebookgroup.com,1,1,1/1,85.0
family_and_childhood_patterns,www.newharbinger.com,0,1,,74.0
family_and_childhood_patterns,www.postmagazine.com,0,1,,65.0
family_and_childhood_patterns,www.tattoopro.ai,1,1,1/1,11.0
family_and_childhood_patterns,www.brit.co,0,1,,81.0
family_and_childhood_patterns,transformers-one-movie.fandom.com,1,1,1/1,92.0
family_and_childhood_patterns,www.playiro.com,0,1,,36.0
family_and_childhood_patterns,www.adornedheart.com,0,1,,23.0
family_and_childhood_patterns,punzterly.com,1,1,1/1,56.0
family_and_childhood_patterns,www.audible.com,0,1,,91.0
family_and_childhood_patterns,www.bs4.jp,0,1,,76.0
family_and_childhood_patterns,www.investors.com,1,1,1/1,85.0
family_and_childhood_patterns,www.ny.gov,1,1,1/1,92.0
family_and_childhood_patterns,bigshinyrobot.com,0,1,,43.0
family_and_childhood_patterns,www.plotexplained.com,0,1,,15.0
family_and_childhood_patterns,www.digitbin.com,0,1,,43.0
family_and_childhood_patterns,healthyhappyimpactful.com,0,1,,48.0
family_and_childhood_patterns,mightykidsacademy.com,0,1,,46.0
family_and_childhood_patterns,www.refinery29.com,0,1,,88.0
family_and_childhood_patterns,publications.aap.org,0,1,,90.0
family_and_childhood_patterns,laughinglmao.com,0,1,,4.6
family_and_childhood_patterns,pt.linkedin.com,0,1,,99.0
family_and_childhood_patterns,millionsimiles.com,0,1,,3.7
family_and_childhood_patterns,www.languagehumanities.org,0,1,,53.0
family_and_childhood_patterns,www.jbamft.com,0,1,,27.0
family_and_childhood_patterns,www.getoncourse.ai,0,1,,6.0
family_and_childhood_patterns,studyguides.com,0,2,,28.0
family_and_childhood_patterns,bunnypuns.com,1,1,1/1,47.0
family_and_childhood_patterns,therulebook.com,0,1,,0.3
family_and_childhood_patterns,www.bhg.com,0,1,,88.0
family_and_childhood_patterns,www.esrb.org,0,1,,82.0
family_and_childhood_patterns,www.spanishdict.com,0,1,,77.0
family_and_childhood_patterns,stopwalkingoneggshells.com,0,1,,50.0
family_and_childhood_patterns,midnight-dynasty-world.fandom.com,0,1,,92.0
family_and_childhood_patterns,www.rediff.com,0,1,,80.0
family_and_childhood_patterns,awwsam.com,0,1,,52.0
family_and_childhood_patterns,www.playmime.com,0,1,,2.6
family_and_childhood_patterns,totalitytreatment.com,1,1,1/1,7.0
family_and_childhood_patterns,peasinapodlessons.com,0,1,,1.9
family_and_childhood_patterns,taylorjoymurray.substack.com,0,1,,94.0
family_and_childhood_patterns,corpsebride.fandom.com,0,1,,92.0
family_and_childhood_patterns,pakword.com,0,1,,6.0
family_and_childhood_patterns,www.philadelphiacouplestherapy.com,0,1,,24.0
family_and_childhood_patterns,www.koreandrama.org,1,2,1/1,41.0
family_and_childhood_patterns,br.linkedin.com,0,1,,99.0
family_and_childhood_patterns,scripturesavvy.com,0,1,,35.0
family_and_childhood_patterns,theprojectionroom.org,1,1,1/1,0.0
family_and_childhood_patterns,www.ptsd.va.gov,1,1,1/1,91.0
family_and_childhood_patterns,www.quiminet.com,0,1,,54.0
family_and_childhood_patterns,www.child-encyclopedia.com,0,1,,71.0
family_and_childhood_patterns,www.elephantjournal.com,0,1,,79.0
family_and_childhood_patterns,www.betterup.com,0,1,,83.0
family_and_childhood_patterns,youngwomenshealth.org,0,1,,71.0
family_and_childhood_patterns,www.clubcrafted.com,1,1,1/1,49.0
family_and_childhood_patterns,ask.ifas.ufl.edu,0,2,,90.0
family_and_childhood_patterns,cdn.ultraboardgames.com,0,1,,53.0
family_and_childhood_patterns,www.pvcnr.com,0,1,,4.7
family_and_childhood_patterns,www.justice.gov,1,2,1/1,91.0
family_and_childhood_patterns,lifesuccessjournal.com,0,1,,15.0
family_and_childhood_patterns,nshcs.hee.nhs.uk,1,1,1/1,79.0
family_and_childhood_patterns,www.sciencetimes.com,0,1,,74.0
family_and_childhood_patterns,www.typesetwriting.com,0,1,,0.6
family_and_childhood_patterns,counselingcenter.illinois.edu,0,1,,90.0
family_and_childhood_patterns,everything.explained.today,0,1,,56.0
family_and_childhood_patterns,www.cochrane.org,1,1,1/1,86.0
family_and_childhood_patterns,screenwiseapp.com,0,1,,19.0
family_and_childhood_patterns,www.teenvogue.com,1,1,1/1,86.0
family_and_childhood_patterns,openstax.org,0,1,,81.0
family_and_childhood_patterns,studyres.com,0,1,,53.0
family_and_childhood_patterns,www.marriage.com,0,1,,75.0
family_and_childhood_patterns,www.answers.com,0,1,,82.0
family_and_childhood_patterns,context.reverso.net,0,2,,84.0
family_and_childhood_patterns,www.rte.ie,1,1,1/1,86.0
family_and_childhood_patterns,www.toyark.com,1,1,1/1,55.0
family_and_childhood_patterns,indianfolktales.com,0,1,,0.3
family_and_childhood_patterns,iitap.com,0,1,,66.0
family_and_childhood_patterns,charadegenerator.com,0,1,,0.0
family_and_childhood_patterns,www.bobgerace.com,1,1,1/1,11.0
family_and_childhood_patterns,pagesix.com,0,1,,83.0
family_and_childhood_patterns,www.childrenslifetime.org,0,1,,8.0
family_and_childhood_patterns,www.roottobloomtherapy.com,0,1,,13.0
family_and_childhood_patterns,www.um.edu.mt,0,1,,78.0
family_and_childhood_patterns,villains.fandom.com,0,1,,92.0
family_and_childhood_patterns,icebreakerclub.com,0,1,,0.9
family_and_childhood_patterns,www.loveshack.org,0,1,,27.0
family_and_childhood_patterns,www.demotivateur.fr,0,1,,70.0
family_and_childhood_patterns,www.gamesradar.com,0,1,,84.0
family_and_childhood_patterns,www.cliffsnotes.com,0,1,,73.0
family_and_childhood_patterns,arxiv.org,1,1,1/1,93.0
family_and_childhood_patterns,www.cronemillercounseling.com,0,1,,4.9
family_and_childhood_patterns,letstalkpsychotherapy.org,0,1,,0.0
family_and_childhood_patterns,englishteststore.net,0,1,,42.0
family_and_childhood_patterns,www.webtoons.com,0,1,,84.0
family_and_childhood_patterns,dictionary.reverso.net,0,1,,84.0
family_and_childhood_patterns,www.forbes.com,0,1,,94.0
family_and_childhood_patterns,podcasts.apple.com,1,2,1/1,97.0
family_and_childhood_patterns,www.newyorker.com,1,1,1/1,91.0
family_and_childhood_patterns,www.leisurebyte.com,0,1,,45.0
family_and_childhood_patterns,www.englishclub.com,0,2,,75.0
family_and_childhood_patterns,www.counselingreviews.com,0,1,,14.0
family_and_childhood_patterns,reader.digitalbooks.pro,0,1,,37.0
family_and_childhood_patterns,www.tf1info.fr,1,1,1/1,83.0
family_and_childhood_patterns,ladygeeksmedia.com,0,1,,14.0
family_and_childhood_patterns,www.jpost.com,0,1,,86.0
family_and_childhood_patterns,es.investing.com,0,1,,89.0
family_and_childhood_patterns,whatdoesmeanings.com,1,1,1/1,30.0
family_and_childhood_patterns,charadesclues.com,0,2,,10.0
family_and_childhood_patterns,www.relate.org.uk,0,1,,78.0
family_and_childhood_patterns,tv.apple.com,1,2,1/1,97.0
family_and_childhood_patterns,www.zhihu.com,0,2,,91.0
family_and_childhood_patterns,fairy-folk-tale.fandom.com,0,1,,92.0
family_and_childhood_patterns,med.libretexts.org,0,1,,81.0
family_and_childhood_patterns,breeze-wellbeing.com,0,1,,50.0
family_and_childhood_patterns,punparade.com,0,1,,46.0
family_and_childhood_patterns,ifp.nyu.edu,0,1,,91.0
family_and_childhood_patterns,www.simonandschuster.ca,0,1,,71.0
family_and_childhood_patterns,kdramahappyendingaddict.home.blog,0,1,,85.0
family_and_childhood_patterns,thewrightinitiative.com,0,1,,13.0
family_and_childhood_patterns,www.parents.com,0,1,,87.0
family_and_childhood_patterns,bluejayreads.wordpress.com,0,1,,96.0
family_and_childhood_patterns,es.wiktionary.org,0,1,,91.0
family_and_childhood_patterns,www.strides-ddd.com,0,1,,1.5
family_and_childhood_patterns,www.paperdue.com,0,1,,34.0
family_and_childhood_patterns,www.whamcounseling.com,0,1,,0.0
family_and_childhood_patterns,www.entangledpublishing.com,1,1,1/1,57.0
family_and_childhood_patterns,slangdefine.org,0,1,,56.0
family_and_childhood_patterns,kitaabnagri.com,0,1,,50.0
family_and_childhood_patterns,www.1stbookreview.com,0,1,,0.1
family_and_childhood_patterns,www.simonandschuster.co.uk,0,1,,73.0
family_and_childhood_patterns,www.girlsaskguys.com,0,1,,51.0
family_and_childhood_patterns,www.listennotes.com,0,1,,85.0
family_and_childhood_patterns,kutabnagri.com,0,1,,0.0
family_and_childhood_patterns,diccionario.reverso.net,0,1,,84.0
family_and_childhood_patterns,whysoblu.com,1,1,1/1,35.0
family_and_childhood_patterns,www.seba.health,0,1,,15.0
family_and_childhood_patterns,digital.darkhorse.com,1,3,1/1,75.0
family_and_childhood_patterns,www.jewishbookcouncil.org,0,1,,72.0
family_and_childhood_patterns,www.sumizeit.com,0,1,,49.0
family_and_childhood_patterns,www.khanianpsychologicalservices.com,0,1,,0.0
family_and_childhood_patterns,www.unr.edu,0,1,,82.0
family_and_childhood_patterns,tagomagazine.com,0,1,,21.0
family_and_childhood_patterns,unchainedleader.com,0,1,,18.0
family_and_childhood_patterns,usca.edu,0,1,,64.0
family_and_childhood_patterns,paperandvinebooks.com,0,1,,1.9
family_and_childhood_patterns,gamerules.com,0,1,,60.0
family_and_childhood_patterns,iris.siue.edu,1,1,1/1,76.0
family_and_childhood_patterns,woodlandpathways.com,0,1,,9.0
family_and_childhood_patterns,charades-generator.com,0,1,,2.7
family_and_childhood_patterns,librarycatalog.ssw.edu,0,1,,53.0
family_and_childhood_patterns,www.bet.com,0,1,,80.0
family_and_childhood_patterns,michaelbaystransformers.fandom.com,0,1,,92.0
family_and_childhood_patterns,thepleasantrelationship.com,0,1,,20.0
family_and_childhood_patterns,facilita.bbts.com.br,1,1,1/1,34.0
family_and_childhood_patterns,www.justwatch.com,1,2,1/1,82.0
family_and_childhood_patterns,thedirect.com,0,1,,72.0
family_and_childhood_patterns,www.papaorg.co.uk,0,1,,27.0
family_and_childhood_patterns,apkpure.net,0,1,,74.0
family_and_childhood_patterns,us.macmillan.com,0,1,,86.0
family_and_childhood_patterns,www.monicamurphyauthor.com,1,1,1/1,36.0
family_and_childhood_patterns,www.noslang.com,0,1,,53.0
family_and_childhood_patterns,www.lalanguefrancaise.com,0,1,,71.0
family_and_childhood_patterns,www.babylist.com,0,1,,79.0
family_and_childhood_patterns,www.vice.com,0,1,,91.0
family_and_childhood_patterns,osotl.org,0,1,,26.0
family_and_childhood_patterns,thebtrc.com,0,1,,23.0
family_and_childhood_patterns,www.peacocktv.com,0,1,,82.0
family_and_childhood_patterns,croswaitecounselingpllc.com,0,1,,27.0
family_and_childhood_patterns,ask.metafilter.com,0,1,,77.0
family_and_childhood_patterns,www.terricole.com,1,1,1/1,56.0
family_and_childhood_patterns,ccbc.education.wisc.edu,1,1,1/1,91.0
family_and_childhood_patterns,www.loveisrespect.org,0,12,,81.0
family_and_childhood_patterns,psychiatryonline.org,0,2,,86.0
family_and_childhood_patterns,www.cbsnews.com,1,1,1/1,92.0
family_and_childhood_patterns,medium.com,0,1,,94.0
family_and_childhood_patterns,www.annaluxpoetry.com,0,1,,21.0
family_and_childhood_patterns,integrativelifecenter.com,0,1,,43.0
family_and_childhood_patterns,nerdologists.com,0,1,,9.0
family_and_childhood_patterns,d23.com,0,1,,75.0
family_and_childhood_patterns,www.catherinecheek.com,0,1,,5.0
family_and_childhood_patterns,academic.oup.com,0,2,,92.0
family_and_childhood_patterns,www.simplepractice.com,0,1,,80.0
family_and_childhood_patterns,www.disneydining.com,1,1,1/1,51.0
family_and_childhood_patterns,myenglishteacher.co.uk,0,1,,6.0
family_and_childhood_patterns,fliphtml5.com,0,1,,91.0
exhaustion_and_overwhelm,www.reddit.com,2176,5527,2176/4085,95.0
exhaustion_and_overwhelm,en.wikipedia.org,1121,1334,1121/1596,97.0
exhaustion_and_overwhelm,www.whowhatwear.com,551,828,551/1119,84.0
exhaustion_and_overwhelm,pmc.ncbi.nlm.nih.gov,395,1311,395/1005,95.0
exhaustion_and_overwhelm,www.tellar.co.uk,478,384,478/967,26.0
exhaustion_and_overwhelm,pubmed.ncbi.nlm.nih.gov,405,1352,405/788,95.0
exhaustion_and_overwhelm,www.outfittrends.com,167,249,167/694,51.0
exhaustion_and_overwhelm,www.vogue.com,325,397,325/652,91.0
exhaustion_and_overwhelm,blog.petitedressing.com,374,216,374/624,38.0
exhaustion_and_overwhelm,www.sciencedirect.com,207,779,207/613,94.0
exhaustion_and_overwhelm,www.healthline.com,273,472,273/607,92.0
exhaustion_and_overwhelm,www.glamour.com,282,200,282/602,86.0
exhaustion_and_overwhelm,www.theguardian.com,204,544,204/552,93.0
exhaustion_and_overwhelm,www.gamespot.com,268,373,268/513,85.0
exhaustion_and_overwhelm,www.homesandgardens.com,265,412,265/493,83.0
exhaustion_and_overwhelm,www.merriam-webster.com,174,564,174/426,91.0
exhaustion_and_overwhelm,www.youtube.com,100,530,100/421,99.0
exhaustion_and_overwhelm,www.forbes.com,133,388,133/401,94.0
exhaustion_and_overwhelm,dictionary.cambridge.org,154,680,154/389,92.0
exhaustion_and_overwhelm,www.thespruce.com,217,236,217/367,90.0
exhaustion_and_overwhelm,engineerfix.com,129,465,129/365,56.0
exhaustion_and_overwhelm,www.womanandhome.com,154,108,154/346,76.0
exhaustion_and_overwhelm,health.clevelandclinic.org,147,218,147/321,92.0
exhaustion_and_overwhelm,www.gq.com,135,184,135/313,88.0
exhaustion_and_overwhelm,www.instyle.com,164,158,164/312,85.0
exhaustion_and_overwhelm,parade.com,83,110,83/305,85.0
exhaustion_and_overwhelm,www.ncbi.nlm.nih.gov,89,323,89/294,95.0
exhaustion_and_overwhelm,www.goodhousekeeping.com,136,191,136/292,90.0
exhaustion_and_overwhelm,people.com,142,176,142/291,91.0
exhaustion_and_overwhelm,www.metacritic.com,140,323,140/288,83.0
exhaustion_and_overwhelm,www.allaboutvision.com,189,65,189/283,80.0
exhaustion_and_overwhelm,gamefaqs.gamespot.com,54,415,54/283,85.0
exhaustion_and_overwhelm,www.farnelli.com,148,93,148/281,21.0
exhaustion_and_overwhelm,oglmove.com,147,89,147/281,36.0
exhaustion_and_overwhelm,scienceinsights.org,64,227,64/279,70.0
exhaustion_and_overwhelm,www.techradar.com,132,227,132/278,91.0
exhaustion_and_overwhelm,my.clevelandclinic.org,134,211,134/275,92.0
exhaustion_and_overwhelm,www.fragrantica.com,167,403,167/256,83.0
exhaustion_and_overwhelm,www.psychologytoday.com,115,316,115/254,93.0
exhaustion_and_overwhelm,www.realsimple.com,120,133,120/254,87.0
exhaustion_and_overwhelm,www.gamesradar.com,108,108,108/253,84.0
exhaustion_and_overwhelm,timesofindia.indiatimes.com,93,183,93/251,92.0
exhaustion_and_overwhelm,www.dictionary.com,30,247,30/249,90.0
exhaustion_and_overwhelm,www.warbyparker.com,155,85,155/247,82.0
exhaustion_and_overwhelm,www.alibaba.com,40,236,40/247,92.0
exhaustion_and_overwhelm,www.vogue.co.uk,106,166,106/246,86.0
exhaustion_and_overwhelm,www.ndtvshopping.com,92,106,92/245,49.0
exhaustion_and_overwhelm,www.bhg.com,119,154,119/244,88.0
exhaustion_and_overwhelm,www.livingetc.com,110,170,110/239,78.0
exhaustion_and_overwhelm,www.cdc.gov,131,291,131/239,94.0
exhaustion_and_overwhelm,www.mayoclinic.org,130,216,130/238,92.0
exhaustion_and_overwhelm,www.goodreads.com,55,432,55/229,92.0
exhaustion_and_overwhelm,arxiv.org,100,171,100/224,93.0
exhaustion_and_overwhelm,www.glamourmagazine.co.uk,86,107,86/222,81.0
exhaustion_and_overwhelm,www.medicalnewstoday.com,92,142,92/221,91.0
exhaustion_and_overwhelm,medlineplus.gov,82,206,82/216,91.0
exhaustion_and_overwhelm,www.webmd.com,70,146,70/210,92.0
exhaustion_and_overwhelm,www.washingtonpost.com,78,178,78/209,93.0
exhaustion_and_overwhelm,www.collinsdictionary.com,28,274,28/208,86.0
exhaustion_and_overwhelm,www.tomsguide.com,93,179,93/207,87.0
exhaustion_and_overwhelm,www.azafashions.com,85,93,85/207,64.0
exhaustion_and_overwhelm,www.coohom.com,76,297,76/206,73.0
exhaustion_and_overwhelm,www.playstation.com,82,257,82/203,91.0
exhaustion_and_overwhelm,www.fashionbeans.com,76,110,76/201,73.0
exhaustion_and_overwhelm,www.rhs.org.uk,133,373,133/201,87.0
exhaustion_and_overwhelm,www.southernliving.com,121,126,121/199,86.0
exhaustion_and_overwhelm,www.aarp.org,125,117,125/197,91.0
exhaustion_and_overwhelm,biologyinsights.com,43,202,43/193,71.0
exhaustion_and_overwhelm,www.idealhome.co.uk,85,154,85/193,78.0
exhaustion_and_overwhelm,www.marthastewart.com,70,144,70/192,88.0
exhaustion_and_overwhelm,www.pushsquare.com,63,97,63/188,74.0
exhaustion_and_overwhelm,tumbleweedthrift.com,35,68,35/183,0.2
exhaustion_and_overwhelm,www.parfumo.com,84,242,84/182,67.0
exhaustion_and_overwhelm,www.indeed.com,82,428,82/178,92.0
exhaustion_and_overwhelm,www.imdb.com,49,272,49/177,94.0
exhaustion_and_overwhelm,www.marieclaire.com,48,118,48/169,84.0
exhaustion_and_overwhelm,www.digitaltrends.com,44,66,44/168,89.0
exhaustion_and_overwhelm,www.wayfair.com,80,151,80/168,88.0
exhaustion_and_overwhelm,www.jovani.com,68,76,68/166,63.0
exhaustion_and_overwhelm,www.marksandspencer.com,75,69,75/165,82.0
exhaustion_and_overwhelm,www.pcgamer.com,80,137,80/163,85.0
exhaustion_and_overwhelm,www.macys.com,58,129,58/163,85.0
exhaustion_and_overwhelm,www.verywellmind.com,74,105,74/161,90.0
exhaustion_and_overwhelm,www.verywellhealth.com,87,108,87/161,90.0
exhaustion_and_overwhelm,www.byrdie.com,96,44,96/160,85.0
exhaustion_and_overwhelm,www.wired.com,68,130,68/158,92.0
exhaustion_and_overwhelm,www.architecturaldigest.com,74,110,74/158,90.0
exhaustion_and_overwhelm,www.chefsresource.com,50,238,50/157,54.0
exhaustion_and_overwhelm,www.marieclaire.co.uk,76,86,76/157,80.0
exhaustion_and_overwhelm,ask.extension.org,62,281,62/157,79.0
exhaustion_and_overwhelm,www.nature.com,45,140,45/154,93.0
exhaustion_and_overwhelm,www.nccih.nih.gov,79,119,79/153,95.0
exhaustion_and_overwhelm,www.purewow.com,46,52,46/152,81.0
exhaustion_and_overwhelm,www.azazie.com,53,96,53/151,71.0
exhaustion_and_overwhelm,basenotes.com,44,186,44/151,70.0
exhaustion_and_overwhelm,www.frontiersin.org,30,133,30/151,92.0
exhaustion_and_overwhelm,www.adriannapapell.com,77,45,77/151,68.0
exhaustion_and_overwhelm,www.consumerreports.org,63,188,63/150,90.0
exhaustion_and_overwhelm,apps.apple.com,67,336,67/149,97.0
exhaustion_and_overwhelm,www.oxfordlearnersdictionaries.com,30,233,30/149,81.0
exhaustion_and_overwhelm,play.google.com,31,207,31/148,99.0
exhaustion_and_overwhelm,www.researchgate.net,14,169,14/148,93.0
exhaustion_and_overwhelm,en.wiktionary.org,35,132,35/146,91.0
exhaustion_and_overwhelm,www.astrology.com,86,64,86/146,73.0
exhaustion_and_overwhelm,www.masterclass.com,34,92,34/143,87.0
exhaustion_and_overwhelm,legalclarity.org,35,194,35/142,76.0
exhaustion_and_overwhelm,time.com,52,104,52/142,92.0
exhaustion_and_overwhelm,www.facebook.com,10,168,10/141,100.0
exhaustion_and_overwhelm,www.thisoldhouse.com,74,134,74/141,86.0
exhaustion_and_overwhelm,www.tataneu.com,42,73,42/140,60.0
exhaustion_and_overwhelm,comicbook.com,44,147,44/139,79.0
exhaustion_and_overwhelm,www.hgtv.com,46,113,46/138,88.0
exhaustion_and_overwhelm,www.apartmenttherapy.com,45,116,45/138,87.0
exhaustion_and_overwhelm,shopping.yahoo.com,12,90,12/137,94.0
exhaustion_and_overwhelm,doi.org,32,129,32/137,94.0
exhaustion_and_overwhelm,www.warhammer-community.com,97,342,97/137,76.0
exhaustion_and_overwhelm,www.today.com,54,35,54/136,90.0
exhaustion_and_overwhelm,www.supersummary.com,46,133,46/136,65.0
exhaustion_and_overwhelm,apnews.com,76,95,76/136,92.0
exhaustion_and_overwhelm,www.ea.com,92,209,92/135,89.0
exhaustion_and_overwhelm,www.visioncenter.org,50,21,50/135,68.0
exhaustion_and_overwhelm,www.rtings.com,87,181,87/135,78.0
exhaustion_and_overwhelm,www.allure.com,64,95,64/135,87.0
exhaustion_and_overwhelm,www.primark.com,90,33,90/133,76.0
exhaustion_and_overwhelm,www.lowes.com,59,134,59/133,88.0
exhaustion_and_overwhelm,store.steampowered.com,55,302,55/130,92.0
exhaustion_and_overwhelm,wh40k.lexicanum.com,80,306,80/128,64.0
exhaustion_and_overwhelm,www.yahoo.com,18,124,18/128,94.0
exhaustion_and_overwhelm,plants.ces.ncsu.edu,71,143,71/126,90.0
exhaustion_and_overwhelm,link.springer.com,18,87,18/125,93.0
exhaustion_and_overwhelm,www.hindustantimes.com,41,118,41/125,89.0
exhaustion_and_overwhelm,onlinelibrary.wiley.com,27,143,27/124,93.0
exhaustion_and_overwhelm,www.instagram.com,13,161,13/124,100.0
exhaustion_and_overwhelm,www.houzz.com,28,115,28/124,92.0
exhaustion_and_overwhelm,truekung.com,12,30,12/122,18.0
exhaustion_and_overwhelm,looqs.me,29,27,29/122,10.0
exhaustion_and_overwhelm,journals.sagepub.com,27,167,27/120,92.0
exhaustion_and_overwhelm,www.cbsnews.com,49,112,49/119,92.0
exhaustion_and_overwhelm,shunvogue.com,30,157,30/118,28.0
exhaustion_and_overwhelm,www.homedepot.com,31,147,31/118,90.0
exhaustion_and_overwhelm,www.nme.com,50,153,50/118,84.0
exhaustion_and_overwhelm,www.themodestman.com,47,60,47/117,66.0
exhaustion_and_overwhelm,www.businessinsider.com,58,79,58/117,92.0
exhaustion_and_overwhelm,www.penguinrandomhouse.com,59,139,59/115,91.0
exhaustion_and_overwhelm,www.health.harvard.edu,49,97,49/115,93.0
exhaustion_and_overwhelm,www.latimes.com,32,129,32/114,92.0
exhaustion_and_overwhelm,www.linkedin.com,14,135,14/114,99.0
exhaustion_and_overwhelm,www.asos.com,28,77,28/114,86.0
exhaustion_and_overwhelm,www.xbox.com,35,204,35/112,91.0
exhaustion_and_overwhelm,www.foodandwine.com,53,103,53/111,88.0
exhaustion_and_overwhelm,www.gardenersworld.com,42,104,42/111,77.0
exhaustion_and_overwhelm,www.bonappetit.com,52,110,52/111,89.0
exhaustion_and_overwhelm,www.thebudgetfashionista.com,31,27,31/108,53.0
exhaustion_and_overwhelm,www.foodnetwork.com,43,123,43/108,90.0
exhaustion_and_overwhelm,www.petitefashion.org,49,18,49/107,4.5
exhaustion_and_overwhelm,www.soundguys.com,61,106,61/107,74.0
exhaustion_and_overwhelm,warhammer40k.fandom.com,52,152,52/106,92.0
exhaustion_and_overwhelm,sewguide.com,15,26,15/106,60.0
exhaustion_and_overwhelm,www.davidsbridal.com,57,36,57/105,75.0
exhaustion_and_overwhelm,www.nhs.uk,58,147,58/105,92.0
exhaustion_and_overwhelm,www.target.com,16,179,16/105,91.0
exhaustion_and_overwhelm,www.tandfonline.com,23,118,23/104,92.0
exhaustion_and_overwhelm,www.angi.com,47,101,47/104,90.0
exhaustion_and_overwhelm,www.walmart.com,25,191,25/104,92.0
exhaustion_and_overwhelm,www.elle.com,44,73,44/104,90.0
exhaustion_and_overwhelm,www.wargamer.com,31,80,31/103,65.0
exhaustion_and_overwhelm,gaminglist.gg,1,2,1/103,0.0
exhaustion_and_overwhelm,www.gq-magazine.co.uk,36,74,36/103,83.0
exhaustion_and_overwhelm,www.healthychildren.org,55,139,55/101,89.0
exhaustion_and_overwhelm,steamcommunity.com,24,161,24/101,91.0
exhaustion_and_overwhelm,www.gameslearningsociety.org,10,84,10/101,52.0
exhaustion_and_overwhelm,everything.explained.today,2,78,2/100,56.0
exhaustion_and_overwhelm,hctbeauty.com,28,9,28/100,0.0
exhaustion_and_overwhelm,www.commonsensemedia.org,30,85,30/100,86.0
exhaustion_and_overwhelm,books.google.com,32,175,32/100,99.0
exhaustion_and_overwhelm,www.mdpi.com,17,85,17/99,92.0
exhaustion_and_overwhelm,www.wsj.com,51,66,51/99,92.0
exhaustion_and_overwhelm,tellar.co.uk,14,38,14/99,26.0
exhaustion_and_overwhelm,www.glassdoor.com,63,314,63/99,91.0
exhaustion_and_overwhelm,www.vogue.in,31,65,31/97,81.0
exhaustion_and_overwhelm,blisstulle.com,29,60,29/96,31.0
exhaustion_and_overwhelm,www.independent.co.uk,29,76,29/96,91.0
exhaustion_and_overwhelm,www.newyorker.com,32,71,32/95,91.0
exhaustion_and_overwhelm,www.discoverfashions.com,38,19,38/94,4.3
exhaustion_and_overwhelm,www.mobygames.com,38,107,38/94,80.0
exhaustion_and_overwhelm,www.stitchfix.com,31,28,31/94,79.0
exhaustion_and_overwhelm,jinfengapparel.com,19,32,19/93,18.0
exhaustion_and_overwhelm,www.harpersbazaar.com,37,81,37/93,89.0
exhaustion_and_overwhelm,www.pockettactics.com,48,16,48/91,72.0
exhaustion_and_overwhelm,www.shortform.com,25,106,25/91,72.0
exhaustion_and_overwhelm,www.bobvila.com,30,77,30/91,85.0
exhaustion_and_overwhelm,apparel.alibaba.com,14,61,14/90,92.0
exhaustion_and_overwhelm,www.which.co.uk,46,99,46/90,89.0
exhaustion_and_overwhelm,beta.fragrantica.com,4,91,4/90,83.0
exhaustion_and_overwhelm,www.cosmopolitan.com,27,51,27/89,89.0
exhaustion_and_overwhelm,www.blinkist.com,25,64,25/89,76.0
exhaustion_and_overwhelm,www.elledecor.com,43,58,43/89,85.0
exhaustion_and_overwhelm,www.gentlemansgazette.com,37,45,37/89,71.0
exhaustion_and_overwhelm,www.abc.net.au,32,94,32/88,91.0
exhaustion_and_overwhelm,www.anthropologie.com,47,53,47/88,84.0
exhaustion_and_overwhelm,www.theknot.com,46,79,46/87,91.0
exhaustion_and_overwhelm,www.ft.com,43,44,43/87,92.0
exhaustion_and_overwhelm,fashion-a-holic.com,33,6,33/87,5.0
exhaustion_and_overwhelm,www.tastingtable.com,31,94,31/86,82.0
exhaustion_and_overwhelm,www.cochrane.org,35,86,35/86,86.0
exhaustion_and_overwhelm,www.thekitchn.com,28,86,28/86,86.0
exhaustion_and_overwhelm,lookastic.com,26,99,26/86,56.0
exhaustion_and_overwhelm,www.tcgplayer.com,56,158,56/86,82.0
exhaustion_and_overwhelm,www.zeelool.com,28,23,28/84,52.0
exhaustion_and_overwhelm,psychcentral.com,19,74,19/83,87.0
exhaustion_and_overwhelm,acibademinternational.com,31,37,31/81,56.0
exhaustion_and_overwhelm,www.housebeautiful.com,36,42,36/80,86.0
exhaustion_and_overwhelm,books.apple.com,11,74,11/80,97.0
exhaustion_and_overwhelm,www.cambridge.org,17,67,17/80,92.0
exhaustion_and_overwhelm,www.firstresort.in,33,25,33/80,22.0
exhaustion_and_overwhelm,pitchfork.com,42,110,42/80,86.0
exhaustion_and_overwhelm,www.whathifi.com,43,82,43/78,78.0
exhaustion_and_overwhelm,www.fabulousafter40.com,27,49,27/78,43.0
exhaustion_and_overwhelm,www.usmagazine.com,15,78,15/77,84.0
exhaustion_and_overwhelm,editorialist.com,21,59,21/77,72.0
exhaustion_and_overwhelm,hometosight.com,19,41,19/77,9.0
exhaustion_and_overwhelm,www.styleatacertainage.com,20,28,20/77,40.0
exhaustion_and_overwhelm,jamanetwork.com,19,70,19/76,91.0
exhaustion_and_overwhelm,www.wardrobeoxygen.com,12,21,12/76,53.0
exhaustion_and_overwhelm,www.sarahexpress.com,15,38,15/76,62.0
exhaustion_and_overwhelm,www.caranddriver.com,30,104,30/76,86.0
exhaustion_and_overwhelm,www.panaprium.com,17,17,17/75,49.0
exhaustion_and_overwhelm,www.motortrend.com,27,89,27/75,84.0
exhaustion_and_overwhelm,www.bls.gov,51,89,51/74,92.0
exhaustion_and_overwhelm,www.kirkusreviews.com,21,57,21/74,86.0
exhaustion_and_overwhelm,gardeningsolutions.ifas.ufl.edu,41,37,41/74,90.0
exhaustion_and_overwhelm,www.reuters.com,46,70,46/74,93.0
exhaustion_and_overwhelm,www.hunker.com,17,63,17/73,79.0
exhaustion_and_overwhelm,www.mindbodygreen.com,27,40,27/73,85.0
exhaustion_and_overwhelm,store.playstation.com,14,184,14/73,91.0
exhaustion_and_overwhelm,fashioninformed.com,23,12,23/72,32.0
exhaustion_and_overwhelm,www.health.com,34,51,34/72,87.0
exhaustion_and_overwhelm,podcasts.apple.com,20,94,20/71,97.0
exhaustion_and_overwhelm,www.menshealth.com,31,54,31/70,87.0
exhaustion_and_overwhelm,edhrec.com,40,179,40/70,70.0
exhaustion_and_overwhelm,www.realmenrealstyle.com,15,49,15/70,71.0
exhaustion_and_overwhelm,www.nimh.nih.gov,49,47,49/69,95.0
exhaustion_and_overwhelm,theshortlistshop.co.uk,27,8,27/69,6.0
exhaustion_and_overwhelm,www.destructoid.com,5,19,5/69,78.0
exhaustion_and_overwhelm,ask.ifas.ufl.edu,33,59,33/69,90.0
exhaustion_and_overwhelm,eathealthy365.com,11,79,11/68,52.0
exhaustion_and_overwhelm,www.wordreference.com,1,64,1/68,80.0
exhaustion_and_overwhelm,www.epicurious.com,21,69,21/68,84.0
exhaustion_and_overwhelm,www.yoursclothing.com,15,19,15/68,64.0
exhaustion_and_overwhelm,deavita.net,14,17,14/67,45.0
exhaustion_and_overwhelm,www.gardeningknowhow.com,23,52,23/67,81.0
exhaustion_and_overwhelm,www.fashionacy.com,12,44,12/67,34.0
exhaustion_and_overwhelm,open.spotify.com,6,87,6/67,95.0
exhaustion_and_overwhelm,www.hellomagazine.com,21,29,21/67,81.0
exhaustion_and_overwhelm,www.bitsandbangles.com,18,16,18/67,9.0
exhaustion_and_overwhelm,music.apple.com,14,105,14/67,97.0
exhaustion_and_overwhelm,nypost.com,36,48,36/66,91.0
exhaustion_and_overwhelm,www.gov.uk,32,115,32/66,94.0
exhaustion_and_overwhelm,www.lemon8-app.com,8,82,8/65,81.0
exhaustion_and_overwhelm,www.nintendolife.com,25,64,25/65,77.0
exhaustion_and_overwhelm,knowyourmeme.com,25,98,25/65,86.0
exhaustion_and_overwhelm,vandal.elespanol.com,27,42,27/65,86.0
exhaustion_and_overwhelm,indianexpress.com,24,52,24/65,89.0
exhaustion_and_overwhelm,www.beautyandblog.com,13,8,13/64,2.6
exhaustion_and_overwhelm,www.theperfectwedding.com,14,14,14/64,29.0
exhaustion_and_overwhelm,www.dexerto.com,6,21,6/64,79.0
exhaustion_and_overwhelm,www.esquire.com,19,47,19/64,87.0
exhaustion_and_overwhelm,www.moneycontrol.com,15,30,15/64,86.0
exhaustion_and_overwhelm,warhammerguild.com,9,54,9/63,26.0
exhaustion_and_overwhelm,www.wineenthusiast.com,27,84,27/62,82.0
exhaustion_and_overwhelm,www.designonheels.com,20,6,20/62,26.0
exhaustion_and_overwhelm,www.allrecipes.com,31,54,31/62,89.0
exhaustion_and_overwhelm,www.aol.com,1,56,1/62,91.0
exhaustion_and_overwhelm,www.autumlove.com,11,17,11/62,26.0
exhaustion_and_overwhelm,www.chowhound.com,17,56,17/62,77.0
exhaustion_and_overwhelm,floradress.com,10,24,10/62,43.0
exhaustion_and_overwhelm,www.anarchylabel.com,18,26,18/62,38.0
exhaustion_and_overwhelm,www.nationalgeographic.com,25,51,25/61,91.0
exhaustion_and_overwhelm,www.who.int,33,102,33/61,93.0
exhaustion_and_overwhelm,www.rottentomatoes.com,31,102,31/61,87.0
exhaustion_and_overwhelm,www.missouribotanicalgarden.org,22,68,22/61,79.0
exhaustion_and_overwhelm,www.enotes.com,29,68,29/61,73.0
exhaustion_and_overwhelm,www.prismnews.com,22,24,22/61,51.0
exhaustion_and_overwhelm,www.trustpilot.com,18,72,18/61,94.0
exhaustion_and_overwhelm,enviroliteracy.org,24,96,24/60,65.0
exhaustion_and_overwhelm,diesel.com,16,10,16/59,74.0
exhaustion_and_overwhelm,www.foodrepublic.com,16,52,16/59,76.0
exhaustion_and_overwhelm,www.drugs.com,25,72,25/59,88.0
exhaustion_and_overwhelm,www.landsend.com,12,7,12/58,80.0
exhaustion_and_overwhelm,seakoff.com,21,9,21/58,28.0
exhaustion_and_overwhelm,www.levi.com,33,90,33/58,81.0
exhaustion_and_overwhelm,ods.od.nih.gov,42,34,42/58,95.0
exhaustion_and_overwhelm,dweva.com,11,45,11/57,44.0
exhaustion_and_overwhelm,www.yoursclothing.co.uk,19,26,19/57,53.0
exhaustion_and_overwhelm,www.sewmamasew.com,8,48,8/57,60.0
exhaustion_and_overwhelm,www.shreekama.com,24,29,24/57,39.0
exhaustion_and_overwhelm,www.nykaafashion.com,10,24,10/57,68.0
exhaustion_and_overwhelm,www.fda.gov,19,116,19/57,93.0
exhaustion_and_overwhelm,www.c-and-a.com,22,5,22/56,78.0
exhaustion_and_overwhelm,www.litcharts.com,33,99,33/56,72.0
exhaustion_and_overwhelm,www.kraywoods.com,12,18,12/56,33.0
exhaustion_and_overwhelm,www.nintendo.com,21,87,21/56,90.0
exhaustion_and_overwhelm,nowi.fashion,15,12,15/56,0.0
exhaustion_and_overwhelm,www.edmunds.com,21,94,21/56,86.0
exhaustion_and_overwhelm,www.nerdwallet.com,26,114,26/55,90.0
exhaustion_and_overwhelm,dianaisabela.com,47,12,47/55,16.0
exhaustion_and_overwhelm,www.sparknotes.com,38,74,38/55,77.0
exhaustion_and_overwhelm,www.merckmanuals.com,20,44,20/55,82.0
exhaustion_and_overwhelm,www.understood.org,28,45,28/55,83.0
exhaustion_and_overwhelm,gameinformer.com,10,29,10/55,79.0
exhaustion_and_overwhelm,www.vivienlauren.co.uk,27,27,27/55,32.0
exhaustion_and_overwhelm,www.gardenia.net,19,48,19/54,73.0
exhaustion_and_overwhelm,insideoutstyleblog.com,10,22,10/54,47.0
exhaustion_and_overwhelm,www.lorealparisusa.com,15,30,15/54,78.0
exhaustion_and_overwhelm,www.urbanoutfitters.com,20,18,20/54,82.0
exhaustion_and_overwhelm,academic.oup.com,10,53,10/54,92.0
exhaustion_and_overwhelm,www.self.com,26,27,26/54,86.0
exhaustion_and_overwhelm,www.houseandgarden.co.uk,29,29,29/53,81.0
exhaustion_and_overwhelm,www.musicradar.com,24,68,24/53,79.0
exhaustion_and_overwhelm,www.roxy.com,13,10,13/53,66.0
exhaustion_and_overwhelm,shop.tiktok.com,1,60,1/53,97.0
exhaustion_and_overwhelm,www.parents.com,21,31,21/53,87.0
exhaustion_and_overwhelm,www.lamplibrary.co.uk,36,29,36/53,0.0
exhaustion_and_overwhelm,www.allmusic.com,8,52,8/52,85.0
exhaustion_and_overwhelm,www.crystals.com,23,40,23/52,45.0
exhaustion_and_overwhelm,www.bbcgoodfood.com,27,63,27/52,87.0
exhaustion_and_overwhelm,www.eonline.com,9,51,9/52,85.0
exhaustion_and_overwhelm,www.slashgear.com,15,37,15/52,81.0
exhaustion_and_overwhelm,www.sec.gov,14,81,14/52,92.0
exhaustion_and_overwhelm,bodytypefashion.com,16,33,16/52,7.0
exhaustion_and_overwhelm,www.povison.com,18,41,18/52,46.0
exhaustion_and_overwhelm,www.newsbytesapp.com,13,41,13/52,74.0
exhaustion_and_overwhelm,www.1800contacts.com,37,2,37/52,65.0
exhaustion_and_overwhelm,www.pcgamesn.com,18,45,18/52,78.0
exhaustion_and_overwhelm,www.techgearlab.com,17,35,17/51,69.0
exhaustion_and_overwhelm,www.the-independent.com,15,42,15/51,80.0
exhaustion_and_overwhelm,www.kutfromthekloth.com,20,9,20/51,46.0
exhaustion_and_overwhelm,fashonation.com,28,14,28/51,37.0
exhaustion_and_overwhelm,www.choice.com.au,26,67,26/51,79.0
exhaustion_and_overwhelm,www.theverge.com,29,31,29/51,92.0
exhaustion_and_overwhelm,zalinae.com,10,11,10/51,2.7
exhaustion_and_overwhelm,www.windowscentral.com,20,33,20/51,84.0
exhaustion_and_overwhelm,www.microsoft.com,29,64,29/51,96.0
exhaustion_and_overwhelm,ucanr.edu,26,41,26/51,84.0
exhaustion_and_overwhelm,tech.yahoo.com,7,38,7/51,94.0
exhaustion_and_overwhelm,www.techtarget.com,25,44,25/51,91.0
exhaustion_and_overwhelm,canaltech.com.br,16,17,16/50,80.0
exhaustion_and_overwhelm,theconceptwardrobe.com,15,17,15/50,59.0
exhaustion_and_overwhelm,www.frenchconnection.com,9,16,9/50,68.0
exhaustion_and_overwhelm,www.1mg.com,17,141,17/50,79.0
exhaustion_and_overwhelm,www.eatingwell.com,32,33,32/50,85.0
exhaustion_and_overwhelm,www.lensmartonline.com,20,34,20/50,43.0
exhaustion_and_overwhelm,www.denofgeek.com,6,32,6/50,78.0
exhaustion_and_overwhelm,www.thetimes.com,17,35,17/50,91.0
exhaustion_and_overwhelm,www.thesun.co.uk,20,36,20/50,89.0
exhaustion_and_overwhelm,www.urbandictionary.com,4,100,4/50,88.0
exhaustion_and_overwhelm,www.veranda.com,18,27,18/50,78.0
exhaustion_and_overwhelm,www.petmd.com,23,55,23/49,85.0
exhaustion_and_overwhelm,www.g2.com,13,67,13/49,91.0
exhaustion_and_overwhelm,www.femina.in,22,23,22/49,73.0
exhaustion_and_overwhelm,www.kimlud.com,21,2,21/49,28.0
exhaustion_and_overwhelm,www.yesglasses.com,11,9,11/49,39.0
exhaustion_and_overwhelm,as.com,21,23,21/48,84.0
exhaustion_and_overwhelm,offduty.in,15,13,15/48,29.0
exhaustion_and_overwhelm,dictionary.apa.org,18,60,18/48,92.0
exhaustion_and_overwhelm,www.petite.fyi,16,3,16/48,0.0
exhaustion_and_overwhelm,www.divasclub.in,12,9,12/48,18.0
exhaustion_and_overwhelm,www.akc.org,34,95,34/48,90.0
exhaustion_and_overwhelm,www.miik.ca,13,4,13/47,45.0
exhaustion_and_overwhelm,www.goodrx.com,10,43,10/47,85.0
exhaustion_and_overwhelm,warhammer40000.com,26,21,26/47,62.0
exhaustion_and_overwhelm,www.themanual.com,17,40,17/47,77.0
exhaustion_and_overwhelm,www.thestylgem.com,25,2,25/47,31.0
exhaustion_and_overwhelm,www.gamepur.com,11,4,11/47,59.0
exhaustion_and_overwhelm,www.mriganka.in,19,18,19/47,20.0
exhaustion_and_overwhelm,dailymed.nlm.nih.gov,24,100,24/47,95.0
exhaustion_and_overwhelm,www.ulta.com,12,67,12/46,83.0
exhaustion_and_overwhelm,smytten.com,5,4,5/46,52.0
exhaustion_and_overwhelm,gameranx.com,19,29,19/46,70.0
exhaustion_and_overwhelm,www.radiotimes.com,13,26,13/46,80.0
exhaustion_and_overwhelm,www.nice.org.uk,20,69,20/46,89.0
exhaustion_and_overwhelm,sasforshort.com,13,19,13/46,14.0
exhaustion_and_overwhelm,burnout.fandom.com,16,43,16/46,92.0
exhaustion_and_overwhelm,www.adobe.com,23,46,23/46,96.0
exhaustion_and_overwhelm,magic.wizards.com,37,114,37/46,85.0
exhaustion_and_overwhelm,es.wikipedia.org,34,30,34/46,97.0
exhaustion_and_overwhelm,www.vanityfair.com,17,44,17/46,89.0
exhaustion_and_overwhelm,openlibrary.org,7,72,7/46,86.0
exhaustion_and_overwhelm,clothingdigest.com,12,12,12/46,41.0
exhaustion_and_overwhelm,wyshlist.io,14,10,14/45,12.0
exhaustion_and_overwhelm,www.optometrists.org,16,1,16/45,74.0
exhaustion_and_overwhelm,www.inkl.com,2,40,2/45,73.0
exhaustion_and_overwhelm,finance.yahoo.com,6,55,6/45,94.0
exhaustion_and_overwhelm,www.expertreviews.co.uk,11,36,11/44,73.0
exhaustion_and_overwhelm,www.projectxparis.com,23,7,23/44,58.0
exhaustion_and_overwhelm,www.aoolia.com,7,15,7/44,13.0
exhaustion_and_overwhelm,vinepair.com,14,50,14/44,80.0
exhaustion_and_overwhelm,www.fcilondon.co.uk,16,25,16/44,46.0
exhaustion_and_overwhelm,www.techspot.com,13,61,13/44,82.0
exhaustion_and_overwhelm,www.glambutfirstcoffee.com,4,12,4/44,8.0
exhaustion_and_overwhelm,www.teenvogue.com,13,41,13/44,86.0
exhaustion_and_overwhelm,www.gradesaver.com,2,41,2/44,68.0
exhaustion_and_overwhelm,www.nike.com,35,39,35/44,90.0
exhaustion_and_overwhelm,www.housedigest.com,4,34,4/43,75.0
exhaustion_and_overwhelm,mcpress.mayoclinic.org,18,15,18/43,92.0
exhaustion_and_overwhelm,ipm.ucanr.edu,19,33,19/43,84.0
exhaustion_and_overwhelm,www.efeglasses.com,6,17,6/43,28.0
exhaustion_and_overwhelm,costumepeti.com,26,6,26/43,12.0
exhaustion_and_overwhelm,www.samhsa.gov,22,23,22/43,91.0
exhaustion_and_overwhelm,news.xbox.com,11,53,11/43,91.0
exhaustion_and_overwhelm,crystaldatabase.com,9,25,9/43,3.9
exhaustion_and_overwhelm,www.prnewswire.com,7,42,7/43,92.0
exhaustion_and_overwhelm,www.ikea.com,31,83,31/43,91.0
exhaustion_and_overwhelm,www.cloudflare.com,38,41,38/43,94.0
exhaustion_and_overwhelm,www.creativebloq.com,15,36,15/42,86.0
exhaustion_and_overwhelm,game8.co,21,44,21/42,72.0
exhaustion_and_overwhelm,www.liquor.com,20,48,20/42,78.0
exhaustion_and_overwhelm,www.womenshealthmag.com,17,21,17/42,87.0
exhaustion_and_overwhelm,www.framesdirect.com,14,17,14/42,68.0
exhaustion_and_overwhelm,www.rarereach.com,13,13,13/41,0.0
exhaustion_and_overwhelm,www.nps.gov,22,49,22/41,92.0
exhaustion_and_overwhelm,www.complex.com,2,28,2/41,86.0
exhaustion_and_overwhelm,www.brides.com,24,31,24/41,85.0
exhaustion_and_overwhelm,abcnews.go.com,10,35,10/41,92.0
exhaustion_and_overwhelm,careers.ea.com,10,22,10/41,89.0
exhaustion_and_overwhelm,youlookfab.com,9,31,9/41,44.0
exhaustion_and_overwhelm,toireviews.com,3,5,3/41,42.0
exhaustion_and_overwhelm,www.cntraveler.com,18,38,18/41,88.0
exhaustion_and_overwhelm,modaknits.com,13,14,13/41,38.0
exhaustion_and_overwhelm,www.designcafe.com,13,28,13/41,64.0
exhaustion_and_overwhelm,www.masarishop.com,12,15,12/41,56.0
exhaustion_and_overwhelm,fashionfitz.store,13,18,13/41,29.0
exhaustion_and_overwhelm,www.ashleystewart.com,9,16,9/41,57.0
exhaustion_and_overwhelm,www.scribd.com,1,45,1/40,91.0
exhaustion_and_overwhelm,www.petite.co.uk,25,32,25/40,6.0
exhaustion_and_overwhelm,extension.psu.edu,17,33,17/40,91.0
exhaustion_and_overwhelm,www.thetimes.co.uk,16,38,16/40,90.0
exhaustion_and_overwhelm,www.essence.com,14,16,14/40,84.0
exhaustion_and_overwhelm,edwinvonholy.com,12,15,12/40,26.0
exhaustion_and_overwhelm,escentual.com,13,40,13/40,57.0
exhaustion_and_overwhelm,www.homebuilding.co.uk,15,37,15/40,75.0
exhaustion_and_overwhelm,mtg.wtf,17,80,17/40,40.0
exhaustion_and_overwhelm,yardandgarden.extension.iastate.edu,16,25,16/40,88.0
exhaustion_and_overwhelm,www.seyuri.com,17,14,17/40,7.0
exhaustion_and_overwhelm,www.rogerebert.com,22,39,22/39,81.0
exhaustion_and_overwhelm,www.herstylecode.com,8,17,8/39,46.0
exhaustion_and_overwhelm,www.glassdoor.co.uk,7,52,7/39,82.0
exhaustion_and_overwhelm,www.neishh.com,9,2,9/39,0.0
exhaustion_and_overwhelm,guide.michelin.com,24,39,24/39,90.0
exhaustion_and_overwhelm,www.decorlane.com,20,12,20/39,32.0
exhaustion_and_overwhelm,www.cancer.gov,16,39,16/39,91.0
exhaustion_and_overwhelm,www.realtor.com,14,48,14/39,91.0
exhaustion_and_overwhelm,www.loudersound.com,15,54,15/39,76.0
exhaustion_and_overwhelm,writeupcafe.com,6,13,6/39,69.0
exhaustion_and_overwhelm,www.aliceandolivia.com,5,4,5/39,70.0
exhaustion_and_overwhelm,neurolaunch.com,7,31,7/39,71.0
exhaustion_and_overwhelm,extension.umd.edu,15,27,15/39,90.0
exhaustion_and_overwhelm,developers.cloudflare.com,34,37,34/39,94.0
exhaustion_and_overwhelm,www.aad.org,24,69,24/39,90.0
exhaustion_and_overwhelm,dictionary.reverso.net,5,40,5/39,84.0
exhaustion_and_overwhelm,www.timeout.com,13,41,13/38,90.0
exhaustion_and_overwhelm,ir.ea.com,7,21,7/38,89.0
exhaustion_and_overwhelm,www.artofmanliness.com,17,19,17/38,79.0
exhaustion_and_overwhelm,www.cycleworld.com,13,49,13/38,73.0
exhaustion_and_overwhelm,goodreads.com,2,39,2/38,92.0
exhaustion_and_overwhelm,www.furnitureinfashion.net,10,45,10/38,52.0
exhaustion_and_overwhelm,www.townandcountrymag.com,13,13,13/38,83.0
exhaustion_and_overwhelm,www.urbanofashion.com,5,9,5/38,21.0
exhaustion_and_overwhelm,wisdomofthespirit.com,8,28,8/38,32.0
exhaustion_and_overwhelm,blog.playstation.com,7,26,7/38,91.0
exhaustion_and_overwhelm,www.crystalvaults.com,15,27,15/38,68.0
exhaustion_and_overwhelm,magickwear.com,12,27,12/37,8.0
exhaustion_and_overwhelm,www.leaf.tv,12,33,12/37,71.0
exhaustion_and_overwhelm,www.voguearabia.com,13,17,13/37,75.0
exhaustion_and_overwhelm,www.aosom.com,16,16,16/37,54.0
exhaustion_and_overwhelm,www.publishersweekly.com,15,30,15/37,86.0
exhaustion_and_overwhelm,www.magicbricks.com,11,35,11/37,77.0
exhaustion_and_overwhelm,housing.com,14,31,14/37,77.0
exhaustion_and_overwhelm,www.almanac.com,9,28,9/37,84.0
exhaustion_and_overwhelm,www.seriouseats.com,21,35,21/37,86.0
exhaustion_and_overwhelm,www.irishtimes.com,11,40,11/37,89.0
exhaustion_and_overwhelm,www.bmj.com,14,19,14/37,92.0
exhaustion_and_overwhelm,www.encyclopedia.com,8,33,8/37,84.0
exhaustion_and_overwhelm,www.seatcraft.com,25,11,25/37,10.0
exhaustion_and_overwhelm,www.glassdoor.ca,6,59,6/37,77.0
exhaustion_and_overwhelm,www.opumo.com,13,20,13/37,60.0
exhaustion_and_overwhelm,www.houzz.co.uk,10,36,10/37,85.0
exhaustion_and_overwhelm,www.hannabannaclothing.com,11,18,11/36,34.0
exhaustion_and_overwhelm,www.finder.com.au,13,48,13/36,78.0
exhaustion_and_overwhelm,www.fashionabc.org,16,2,16/36,83.0
exhaustion_and_overwhelm,www.standard.co.uk,6,39,6/36,89.0
exhaustion_and_overwhelm,www.ama-assn.org,22,50,22/36,90.0
exhaustion_and_overwhelm,hgic.clemson.edu,16,31,16/36,85.0
exhaustion_and_overwhelm,help.ea.com,14,28,14/36,89.0
exhaustion_and_overwhelm,dreamophile.com,14,28,14/36,0.3
exhaustion_and_overwhelm,www.gardendesign.com,15,20,15/36,75.0
exhaustion_and_overwhelm,publications.aap.org,16,36,16/36,90.0
exhaustion_and_overwhelm,zeagoo.com,7,7,7/36,39.0
exhaustion_and_overwhelm,www.primermagazine.com,16,12,16/36,63.0
exhaustion_and_overwhelm,tucsonspiritualdirection.org,10,24,10/36,22.0
exhaustion_and_overwhelm,pinkfemme.com,11,9,11/36,32.0
exhaustion_and_overwhelm,test40k.lexicanum.com,1,37,1/36,64.0
exhaustion_and_overwhelm,www.axios.com,12,34,12/36,91.0
exhaustion_and_overwhelm,edh.wiki,22,46,22/36,29.0
exhaustion_and_overwhelm,www.realhomes.com,13,37,13/36,75.0
exhaustion_and_overwhelm,thebearhouse.com,2,3,2/36,36.0
exhaustion_and_overwhelm,www.bestbuy.com,3,49,3/35,89.0
exhaustion_and_overwhelm,www.hopkinsmedicine.org,7,29,7/35,91.0
exhaustion_and_overwhelm,sobrief.com,5,34,5/35,53.0
exhaustion_and_overwhelm,www.rimloo.com,13,5,13/35,0.0
exhaustion_and_overwhelm,cravebyfw.com,24,7,24/35,1.5
exhaustion_and_overwhelm,faceshapedetector.app,7,10,7/35,36.0
exhaustion_and_overwhelm,ew.com,20,22,20/35,86.0
exhaustion_and_overwhelm,www.edwardmartin.com,20,24,20/35,47.0
exhaustion_and_overwhelm,dgfloors.com,9,38,9/35,26.0
exhaustion_and_overwhelm,glance.com,10,7,10/35,67.0
exhaustion_and_overwhelm,cicybell.com,24,3,24/35,14.0
exhaustion_and_overwhelm,www.consumerlab.com,11,28,11/35,76.0
exhaustion_and_overwhelm,www.bonmarche.co.uk,20,11,20/35,45.0
exhaustion_and_overwhelm,www.net-a-porter.com,15,37,15/35,82.0
exhaustion_and_overwhelm,www.zola.com,16,10,16/35,89.0
exhaustion_and_overwhelm,www.cbazaar.com,16,16,16/35,65.0
exhaustion_and_overwhelm,common-ground.in,15,8,15/34,4.7
exhaustion_and_overwhelm,www.simplypsychology.org,12,25,12/34,85.0
exhaustion_and_overwhelm,www2.hm.com,12,45,12/34,87.0
exhaustion_and_overwhelm,www.colorpaletteanalysis.com,28,5,28/34,0.0
exhaustion_and_overwhelm,ruesophie.com,13,15,13/34,32.0
exhaustion_and_overwhelm,au.yoursclothing.com,7,12,7/34,64.0
exhaustion_and_overwhelm,www.fragrancereview.com,4,27,4/34,29.0
exhaustion_and_overwhelm,www.nia.nih.gov,23,46,23/34,95.0
exhaustion_and_overwhelm,spiritualmojo.com,8,19,8/34,16.0
exhaustion_and_overwhelm,www.crystalmeaning.com,19,13,19/34,0.4
exhaustion_and_overwhelm,www.thedailymeal.com,7,26,7/34,79.0
exhaustion_and_overwhelm,www.vice.com,6,30,6/34,91.0
exhaustion_and_overwhelm,www.aafp.org,14,32,14/34,88.0
exhaustion_and_overwhelm,www.penguin.co.uk,9,31,9/34,85.0
exhaustion_and_overwhelm,www.iconik.pro,11,6,11/34,0.7
exhaustion_and_overwhelm,manuals.plus,6,51,6/33,75.0
exhaustion_and_overwhelm,www.crunchyroll.com,10,26,10/33,83.0
exhaustion_and_overwhelm,www.tripadvisor.com,10,54,10/33,93.0
exhaustion_and_overwhelm,www.revzilla.com,13,35,13/33,75.0
exhaustion_and_overwhelm,science.howstuffworks.com,17,17,17/33,90.0
exhaustion_and_overwhelm,journals.physiology.org,17,11,17/33,88.0
exhaustion_and_overwhelm,eric.ed.gov,9,41,9/33,91.0
exhaustion_and_overwhelm,www.manyavar.com,9,21,9/33,58.0
exhaustion_and_overwhelm,www.audible.com,4,20,4/33,91.0
exhaustion_and_overwhelm,eluno.co,3,13,3/33,8.0
exhaustion_and_overwhelm,calqulate.net,12,1,12/33,0.1
exhaustion_and_overwhelm,www.johnlewis.com,13,36,13/33,82.0
exhaustion_and_overwhelm,themmstyles.com,11,3,11/33,8.0
exhaustion_and_overwhelm,50isnotold.com,7,22,7/33,47.0
exhaustion_and_overwhelm,www.apa.org,17,61,17/33,92.0
exhaustion_and_overwhelm,m.economictimes.com,14,28,14/32,83.0
exhaustion_and_overwhelm,ajluxe.com,9,29,9/32,19.0
exhaustion_and_overwhelm,www.wayfair.co.uk,11,28,11/32,71.0
exhaustion_and_overwhelm,www.odhanonapparel.com,4,1,4/32,0.0
exhaustion_and_overwhelm,www.1stdibs.com,15,24,15/32,83.0
exhaustion_and_overwhelm,www.palettehunt.com,15,42,15/32,35.0
exhaustion_and_overwhelm,aeo.abfrl.in,7,15,7/32,62.0
exhaustion_and_overwhelm,www.bustle.com,3,27,3/32,88.0
exhaustion_and_overwhelm,www.pcworld.com,17,42,17/32,88.0
exhaustion_and_overwhelm,lookiero.co.uk,13,11,13/32,47.0
exhaustion_and_overwhelm,www.esrb.org,7,36,7/32,82.0
exhaustion_and_overwhelm,www.travelandleisure.com,11,31,11/32,89.0
exhaustion_and_overwhelm,arstechnica.com,7,32,7/32,91.0
exhaustion_and_overwhelm,pumpsandpushups.com,4,20,4/32,29.0
exhaustion_and_overwhelm,www.gamedeveloper.com,12,31,12/32,83.0
exhaustion_and_overwhelm,us.meeeshop.com,0,3,,10.0
exhaustion_and_overwhelm,blessdenim.com,7,9,7/32,7.0
exhaustion_and_overwhelm,www.ptsd.va.gov,21,38,21/32,91.0
exhaustion_and_overwhelm,www.sonverdano.com,4,16,4/31,0.1
exhaustion_and_overwhelm,pt.wikipedia.org,25,18,25/31,97.0
exhaustion_and_overwhelm,www.pbs.org,7,32,7/31,91.0
exhaustion_and_overwhelm,www.androidcentral.com,5,18,5/31,83.0
exhaustion_and_overwhelm,www.kerrang.com,12,32,12/31,73.0
exhaustion_and_overwhelm,www.glam.com,5,19,5/31,72.0
exhaustion_and_overwhelm,www.aurcue.com,11,1,11/31,4.6
exhaustion_and_overwhelm,www.thetakeout.com,6,29,6/31,76.0
exhaustion_and_overwhelm,www.kpbs.org,3,13,3/31,79.0
exhaustion_and_overwhelm,www.marketwatch.com,20,23,20/31,91.0
exhaustion_and_overwhelm,www.stuff.tv,1,14,1/31,74.0
exhaustion_and_overwhelm,vsbattles.fandom.com,2,33,2/31,92.0
exhaustion_and_overwhelm,mavenaco.com,7,7,7/31,1.9
exhaustion_and_overwhelm,www.acclaimedvideogames.com,10,5,10/31,12.0
exhaustion_and_overwhelm,www.nih.gov,15,20,15/31,95.0
exhaustion_and_overwhelm,www.cars.com,14,36,14/31,85.0
exhaustion_and_overwhelm,www.bennetts.co.uk,7,42,7/30,70.0
exhaustion_and_overwhelm,klodsy.com,12,6,12/30,31.0
exhaustion_and_overwhelm,smartbuy.alibaba.com,12,34,12/30,92.0
exhaustion_and_overwhelm,propercloth.com,11,8,11/30,60.0
exhaustion_and_overwhelm,uk.indeed.com,9,38,9/30,92.0
exhaustion_and_overwhelm,www.rabricstores.com,16,9,16/30,1.5
exhaustion_and_overwhelm,www.indiatoday.in,10,33,10/30,86.0
exhaustion_and_overwhelm,shapes.inc,3,34,3/30,53.0
exhaustion_and_overwhelm,house-of-arti.com,0,11,,3.8
exhaustion_and_overwhelm,www.readers.com,11,3,11/30,56.0
exhaustion_and_overwhelm,m2magazine.co.uk,18,1,18/30,27.0
exhaustion_and_overwhelm,www.popularmechanics.com,7,29,7/30,86.0
exhaustion_and_overwhelm,hanshcouture.com,4,9,4/30,2.4
exhaustion_and_overwhelm,www.trueachievements.com,6,18,6/30,71.0
exhaustion_and_overwhelm,www.potterybarn.com,9,9,9/30,81.0
exhaustion_and_overwhelm,www.gia.edu,15,59,15/30,87.0
exhaustion_and_overwhelm,fortune.com,10,29,10/30,91.0
exhaustion_and_overwhelm,www.livspace.com,15,41,15/30,69.0
exhaustion_and_overwhelm,www.counselingpsychology.org,9,30,9/30,49.0
exhaustion_and_overwhelm,www.bookrags.com,1,36,1/30,64.0
exhaustion_and_overwhelm,www.canada.ca,15,50,15/30,93.0
exhaustion_and_overwhelm,www.simonandschuster.com,12,31,12/30,88.0
exhaustion_and_overwhelm,www.myfashionlife.com,8,10,8/29,38.0
exhaustion_and_overwhelm,www.tasteatlas.com,9,28,9/29,79.0
exhaustion_and_overwhelm,www.boots.com,7,31,7/29,82.0
exhaustion_and_overwhelm,www.castlery.com,15,25,15/29,68.0
exhaustion_and_overwhelm,www.coursera.org,12,37,12/29,91.0
exhaustion_and_overwhelm,mtg.fandom.com,8,36,8/29,92.0
exhaustion_and_overwhelm,www.hairfinder.com,5,11,5/29,55.0
exhaustion_and_overwhelm,www.healthdirect.gov.au,16,40,16/29,87.0
exhaustion_and_overwhelm,www.endocrine.org,18,15,18/29,84.0
exhaustion_and_overwhelm,journals.plos.org,8,30,8/29,92.0
exhaustion_and_overwhelm,www.thewardrobeconsultant.com,8,13,8/29,45.0
exhaustion_and_overwhelm,www.womansworld.com,9,14,9/29,76.0
exhaustion_and_overwhelm,madebycovl.com,10,8,10/29,1.8
exhaustion_and_overwhelm,de.wikipedia.org,22,25,22/29,97.0
exhaustion_and_overwhelm,gesund.bund.de,18,27,18/29,94.0
exhaustion_and_overwhelm,www.syhfashion.com,6,3,6/29,22.0
exhaustion_and_overwhelm,rashikamittal.com,8,12,8/29,1.2
exhaustion_and_overwhelm,topchicwear.com,3,6,3/29,0.0
exhaustion_and_overwhelm,www.eurekahealth.com,16,3,16/29,34.0
exhaustion_and_overwhelm,roseandmews.co.uk,13,6,13/29,4.4
exhaustion_and_overwhelm,www.eater.com,11,28,11/29,90.0
exhaustion_and_overwhelm,www.sumizeit.com,15,19,15/29,49.0
exhaustion_and_overwhelm,clinicaltrials.gov,8,40,8/29,91.0
exhaustion_and_overwhelm,www.terra.com.br,5,21,5/29,86.0
exhaustion_and_overwhelm,www.etsy.com,4,46,4/29,94.0
exhaustion_and_overwhelm,bodytypecalc.com,9,3,9/29,0.4
exhaustion_and_overwhelm,www.grammy.com,18,18,18/29,83.0
exhaustion_and_overwhelm,www.bhphotovideo.com,3,32,3/28,86.0
exhaustion_and_overwhelm,thecurvyfashionista.com,6,13,6/28,66.0
exhaustion_and_overwhelm,www.nordstrom.com,8,38,8/28,86.0
exhaustion_and_overwhelm,www.epa.gov,13,61,13/28,93.0
exhaustion_and_overwhelm,www.opss.org,13,7,13/28,72.0
exhaustion_and_overwhelm,www.oprahdaily.com,11,9,11/28,84.0
exhaustion_and_overwhelm,www.kbb.com,8,48,8/28,89.0
exhaustion_and_overwhelm,blogs.ifas.ufl.edu,9,33,9/28,90.0
exhaustion_and_overwhelm,www.thewrap.com,5,33,5/28,84.0
exhaustion_and_overwhelm,www.masterofmalt.com,8,38,8/28,75.0
exhaustion_and_overwhelm,www.beckershospitalreview.com,6,29,6/28,85.0
exhaustion_and_overwhelm,www.3djuegos.com,4,28,4/28,68.0
exhaustion_and_overwhelm,www.additudemag.com,11,34,11/28,83.0
exhaustion_and_overwhelm,whatoplay.com,10,16,10/28,42.0
exhaustion_and_overwhelm,www.extension.umd.edu,12,16,12/28,90.0
exhaustion_and_overwhelm,www.happyprom.co.uk,16,20,16/28,11.0
exhaustion_and_overwhelm,research.fs.usda.gov,9,30,9/28,92.0
exhaustion_and_overwhelm,uberdecor.in,4,16,4/28,0.1
exhaustion_and_overwhelm,www.stylecraze.com,1,16,1/28,77.0
exhaustion_and_overwhelm,www.newgamenetwork.com,0,4,,57.0
exhaustion_and_overwhelm,www.einharu.com,9,1,9/28,0.0
exhaustion_and_overwhelm,www.neimanmarcus.com,8,16,8/28,80.0
exhaustion_and_overwhelm,www.tvinsider.com,9,29,9/28,77.0
exhaustion_and_overwhelm,marelia.co,2,8,2/28,0.7
exhaustion_and_overwhelm,au.rollingstone.com,10,21,10/28,90.0
exhaustion_and_overwhelm,www.wayfair.ca,11,24,11/27,72.0
exhaustion_and_overwhelm,www.aok.de,14,26,14/27,86.0
exhaustion_and_overwhelm,decgarment.com,17,1,17/27,4.0
exhaustion_and_overwhelm,www.guitarworld.com,9,38,9/27,77.0
exhaustion_and_overwhelm,dotesports.com,9,20,9/27,75.0
exhaustion_and_overwhelm,veirdo.in,5,4,5/27,28.0
exhaustion_and_overwhelm,outfitnotes.com,2,2,2/27,0.0
exhaustion_and_overwhelm,dressinsight.com,1,4,1/27,1.6
exhaustion_and_overwhelm,www.joyofclothes.com,0,6,,26.0
exhaustion_and_overwhelm,news.ea.com,16,15,16/27,89.0
exhaustion_and_overwhelm,colorislab.com,7,16,7/27,0.5
exhaustion_and_overwhelm,www.timeextension.com,1,10,1/27,63.0
exhaustion_and_overwhelm,www.kiplinger.com,13,20,13/27,86.0
exhaustion_and_overwhelm,www.shopify.com,9,36,9/27,96.0
exhaustion_and_overwhelm,snyvia.com,6,6,6/27,0.0
exhaustion_and_overwhelm,www.uol.com.br,4,32,4/27,91.0
exhaustion_and_overwhelm,blog.cloudflare.com,0,6,,94.0
exhaustion_and_overwhelm,terilynadams.com,8,5,8/27,51.0
exhaustion_and_overwhelm,www.capterra.com,7,29,7/27,91.0
exhaustion_and_overwhelm,taangerinetiger.in,10,6,10/27,2.9
exhaustion_and_overwhelm,www.vox.com,14,15,14/27,91.0
exhaustion_and_overwhelm,clickup.com,13,37,13/27,90.0
exhaustion_and_overwhelm,www.polygon.com,14,25,14/27,86.0
exhaustion_and_overwhelm,www.pcheebum.com,7,2,7/27,25.0
exhaustion_and_overwhelm,petitefashionadvice.com,8,3,8/27,0.0
exhaustion_and_overwhelm,playgroup.gg,6,21,6/27,35.0
exhaustion_and_overwhelm,add.org,16,10,16/27,79.0
exhaustion_and_overwhelm,www.livingspaces.com,6,24,6/26,71.0
exhaustion_and_overwhelm,eaura.co.uk,8,6,8/26,20.0
exhaustion_and_overwhelm,motoryk.com,11,37,11/26,2.6
exhaustion_and_overwhelm,research.com,3,30,3/26,83.0
exhaustion_and_overwhelm,www.pronovias.com,11,3,11/26,73.0
exhaustion_and_overwhelm,thevou.com,6,14,6/26,59.0
exhaustion_and_overwhelm,forums.ea.com,4,31,4/26,89.0
exhaustion_and_overwhelm,legalknowledgebase.com,5,20,5/26,25.0
exhaustion_and_overwhelm,sporked.com,6,27,6/26,65.0
exhaustion_and_overwhelm,yourstyle.fashion,7,4,7/26,2.7
exhaustion_and_overwhelm,www.techtudo.com.br,12,4,12/26,80.0
exhaustion_and_overwhelm,www.vivorae.com,11,1,11/26,0.0
exhaustion_and_overwhelm,newsnetwork.mayoclinic.org,6,18,6/26,92.0
exhaustion_and_overwhelm,www.oscarwylee.com.au,15,6,15/26,46.0
exhaustion_and_overwhelm,extension.usu.edu,5,20,5/26,85.0
exhaustion_and_overwhelm,thecrystalcouncil.com,7,23,7/26,66.0
exhaustion_and_overwhelm,www.furnitureinstore.co.uk,10,12,10/26,30.0
exhaustion_and_overwhelm,www.distractify.com,13,19,13/26,76.0
exhaustion_and_overwhelm,www.psychology.org,10,21,10/26,73.0
exhaustion_and_overwhelm,geology.com,18,20,18/26,79.0
exhaustion_and_overwhelm,www.bbb.org,7,50,7/26,93.0
exhaustion_and_overwhelm,www.optical-center.co.uk,8,7,8/26,69.0
exhaustion_and_overwhelm,www.zenottic.com,7,15,7/26,8.0
exhaustion_and_overwhelm,www.thebump.com,12,17,12/26,80.0
exhaustion_and_overwhelm,stoggles.com,8,2,8/26,34.0
exhaustion_and_overwhelm,www.zennioptical.com,4,18,4/26,73.0
exhaustion_and_overwhelm,www.babylist.com,8,27,8/26,79.0
exhaustion_and_overwhelm,www.myseasoncolors.com,11,12,11/25,22.0
exhaustion_and_overwhelm,www.ifixit.com,7,54,7/25,83.0
exhaustion_and_overwhelm,www.kobo.com,2,23,2/25,90.0
exhaustion_and_overwhelm,www.bhg.com.au,13,20,13/25,73.0
exhaustion_and_overwhelm,niori.co.uk,11,27,11/25,4.1
exhaustion_and_overwhelm,www.etymonline.com,4,27,4/25,83.0
exhaustion_and_overwhelm,www.abbreviations.com,11,27,11/25,69.0
exhaustion_and_overwhelm,www.dress-it.com,7,1,7/25,8.0
exhaustion_and_overwhelm,www.zenithdenim.com,14,1,14/25,0.0
exhaustion_and_overwhelm,houseofisabella.co.uk,8,34,8/25,39.0
exhaustion_and_overwhelm,thirstyle.com,5,4,5/25,2.5
exhaustion_and_overwhelm,economictimes.indiatimes.com,12,29,12/25,92.0
exhaustion_and_overwhelm,www.autismspeaks.org,15,45,15/25,86.0
exhaustion_and_overwhelm,gadgetsfeed.com,3,7,3/25,6.0
exhaustion_and_overwhelm,truesociety.com,7,8,7/25,57.0
exhaustion_and_overwhelm,www.shrm.org,16,31,16/25,90.0
exhaustion_and_overwhelm,fashally.com,5,17,5/25,3.4
exhaustion_and_overwhelm,www.tecmundo.com.br,7,13,7/25,79.0
exhaustion_and_overwhelm,www.anahana.com,8,15,8/25,62.0
exhaustion_and_overwhelm,wear-next.com,1,8,1/25,41.0
exhaustion_and_overwhelm,www.productreview.com.au,10,32,10/25,79.0
exhaustion_and_overwhelm,www.thefashionstation.in,8,12,8/25,47.0
exhaustion_and_overwhelm,www.decoist.com,8,17,8/25,73.0
exhaustion_and_overwhelm,www.apollopharmacy.in,11,50,11/25,68.0
exhaustion_and_overwhelm,www.esports.net,4,11,4/25,80.0
exhaustion_and_overwhelm,extension.illinois.edu,11,25,11/25,90.0
exhaustion_and_overwhelm,uk.trustpilot.com,5,27,5/24,94.0
exhaustion_and_overwhelm,www.mayoclinichealthsystem.org,8,14,8/24,84.0
exhaustion_and_overwhelm,www.charliebcollection.ca,12,11,12/24,33.0
exhaustion_and_overwhelm,fashionista.com,11,15,11/24,81.0
exhaustion_and_overwhelm,www.aureusboutique.com,11,10,11/24,27.0
exhaustion_and_overwhelm,www.trendyrompers.com,5,6,5/24,15.0
exhaustion_and_overwhelm,www.thefashionisto.com,3,16,3/24,65.0
exhaustion_and_overwhelm,www.sarojjain.com,8,13,8/24,7.0
exhaustion_and_overwhelm,cnalifestyle.channelnewsasia.com,8,16,8/24,86.0
exhaustion_and_overwhelm,www.thedrive.com,4,11,4/24,81.0
exhaustion_and_overwhelm,psychology.com,6,17,6/24,63.0
exhaustion_and_overwhelm,www.myntra.com,7,31,7/24,81.0
exhaustion_and_overwhelm,www.media.io,5,18,5/24,75.0
exhaustion_and_overwhelm,www.charliebcollection.com,3,11,3/24,37.0
exhaustion_and_overwhelm,umatechnology.org,4,5,4/24,56.0
exhaustion_and_overwhelm,www.dwr.com,14,8,14/24,77.0
exhaustion_and_overwhelm,crystalance.com,6,14,6/24,0.7
exhaustion_and_overwhelm,www.smogon.com,18,97,18/24,71.0
exhaustion_and_overwhelm,www.livescience.com,5,19,5/24,90.0
exhaustion_and_overwhelm,www.womanandhomemagazine.co.za,8,12,8/24,46.0
exhaustion_and_overwhelm,www.cuindependent.com,1,5,1/24,54.0
exhaustion_and_overwhelm,hero.fandom.com,1,23,1/24,92.0
exhaustion_and_overwhelm,www.glasses.com,14,8,14/24,68.0
exhaustion_and_overwhelm,www.uclahealth.org,5,13,5/24,86.0
exhaustion_and_overwhelm,www.josbank.com,10,9,10/24,68.0
exhaustion_and_overwhelm,www.psu.com,1,9,1/24,71.0
exhaustion_and_overwhelm,www.soyaconcept.com,8,11,8/24,40.0
exhaustion_and_overwhelm,uk.my-best.com,3,13,3/24,79.0
exhaustion_and_overwhelm,curvygirljournal.com,1,4,1/24,0.3
exhaustion_and_overwhelm,www.lentiamo.co.uk,4,7,4/24,34.0
exhaustion_and_overwhelm,www.starwars.com,20,40,20/24,83.0
exhaustion_and_overwhelm,www.lightopia.com,2,14,2/24,48.0
exhaustion_and_overwhelm,starwars.fandom.com,14,60,14/23,92.0
exhaustion_and_overwhelm,www.ziprecruiter.com,5,38,5/23,87.0
exhaustion_and_overwhelm,www.healingcrystalsco.com,3,18,3/23,28.0
exhaustion_and_overwhelm,d37id5jfbyuoag.cloudfront.net,8,7,8/23,94.0
exhaustion_and_overwhelm,www.canstar.com.au,10,38,10/23,77.0
exhaustion_and_overwhelm,www.dear-lover.com,7,10,7/23,68.0
exhaustion_and_overwhelm,www.nykaa.com,4,36,4/23,77.0
exhaustion_and_overwhelm,www.firemountaingems.com,7,16,7/23,70.0
exhaustion_and_overwhelm,www.evans.co.uk,5,10,5/23,52.0
exhaustion_and_overwhelm,www.whosthat360.com,4,10,4/23,52.0
exhaustion_and_overwhelm,www.crutchfield.com,9,25,9/23,76.0
exhaustion_and_overwhelm,mortonarb.org,12,20,12/23,75.0
exhaustion_and_overwhelm,www.streetally.com,7,1,7/23,18.0
exhaustion_and_overwhelm,www.finehomebuilding.com,5,24,5/23,76.0
exhaustion_and_overwhelm,www.hobbs.com,6,12,6/23,56.0
exhaustion_and_overwhelm,www.engadget.com,3,20,3/23,90.0
exhaustion_and_overwhelm,www.slashfilm.com,7,21,7/23,79.0
exhaustion_and_overwhelm,www.uoozee.com,11,10,11/23,40.0
exhaustion_and_overwhelm,www.samsung.com,10,34,10/23,92.0
exhaustion_and_overwhelm,www.ticketmaster.com,2,26,2/23,90.0
exhaustion_and_overwhelm,www.bewakoof.com,5,9,5/23,69.0
exhaustion_and_overwhelm,kotaku.com,1,23,1/23,85.0
exhaustion_and_overwhelm,sites.google.com,2,18,2/23,99.0
exhaustion_and_overwhelm,www.zeiss.com,9,3,9/23,83.0
exhaustion_and_overwhelm,www.ezcontacts.com,3,7,3/23,47.0
exhaustion_and_overwhelm,www.ndtv.com,2,21,2/23,89.0
exhaustion_and_overwhelm,ultimatepopculture.fandom.com,0,14,,92.0
exhaustion_and_overwhelm,daintyjewells.com,10,2,10/23,37.0
exhaustion_and_overwhelm,support.microsoft.com,13,27,13/23,96.0
exhaustion_and_overwhelm,thewearify.com,3,21,3/23,17.0
exhaustion_and_overwhelm,thesize.net,3,18,3/23,12.0
exhaustion_and_overwhelm,youthguidelines.nba.com,18,1,18/23,90.0
exhaustion_and_overwhelm,www.protoolreviews.com,10,31,10/23,70.0
exhaustion_and_overwhelm,piktochart.com,8,16,8/23,83.0
exhaustion_and_overwhelm,www.retreatvault.com,8,13,8/23,5.0
exhaustion_and_overwhelm,www.hercampus.com,4,16,4/23,78.0
exhaustion_and_overwhelm,stylera.co,3,9,3/23,14.0
exhaustion_and_overwhelm,kitchenjournal.net,7,23,7/23,26.0
exhaustion_and_overwhelm,slangdefine.org,3,27,3/23,56.0
exhaustion_and_overwhelm,www.beautyanswered.com,7,10,7/23,60.0
exhaustion_and_overwhelm,www.marvel.com,16,92,16/23,84.0
exhaustion_and_overwhelm,wellnesszing.com,0,1,,34.0
exhaustion_and_overwhelm,www.wear2am.com,6,11,6/23,4.5
exhaustion_and_overwhelm,www.thezoereport.com,9,13,9/23,80.0
exhaustion_and_overwhelm,psychiatryonline.org,3,20,3/23,86.0
exhaustion_and_overwhelm,www.checkatrade.com,8,16,8/23,90.0
exhaustion_and_overwhelm,www.prevention.com,11,14,11/23,84.0
exhaustion_and_overwhelm,pepperscale.com,10,27,10/22,62.0
exhaustion_and_overwhelm,www.simplyrecipes.com,12,17,12/22,81.0
exhaustion_and_overwhelm,www.netflix.com,9,31,9/22,92.0
exhaustion_and_overwhelm,www.aachho.com,7,7,7/22,47.0
exhaustion_and_overwhelm,www.totalwine.com,8,22,8/22,78.0
exhaustion_and_overwhelm,todayshomeowner.com,7,15,7/22,80.0
exhaustion_and_overwhelm,www.evatrends.com,6,9,6/22,25.0
exhaustion_and_overwhelm,www.bloomingexpert.com,5,19,5/22,18.0
exhaustion_and_overwhelm,www.ghelter.com,11,10,11/22,28.0
exhaustion_and_overwhelm,www.experian.com,3,21,3/22,90.0
exhaustion_and_overwhelm,www.canadianliving.com,8,13,8/22,74.0
exhaustion_and_overwhelm,shop.app,1,23,1/22,88.0
exhaustion_and_overwhelm,www.food.com,6,23,6/22,82.0
exhaustion_and_overwhelm,robemarie.com,8,9,8/22,3.6
exhaustion_and_overwhelm,support.google.com,17,60,17/22,99.0
exhaustion_and_overwhelm,www.digitalcameraworld.com,9,25,9/22,79.0
exhaustion_and_overwhelm,assets.warhammer-community.com,17,24,17/22,76.0
exhaustion_and_overwhelm,wtop.com,4,21,4/22,82.0
exhaustion_and_overwhelm,wjshomestore.com,2,12,2/22,27.0
exhaustion_and_overwhelm,www.nbcnews.com,7,21,7/22,91.0
exhaustion_and_overwhelm,www.ellecanada.com,8,12,8/22,75.0
exhaustion_and_overwhelm,jcathell.com,6,3,6/22,19.0
exhaustion_and_overwhelm,www.fashiongonerogue.com,5,15,5/22,70.0
exhaustion_and_overwhelm,www.sleepfoundation.org,9,26,9/22,90.0
exhaustion_and_overwhelm,gundam.fandom.com,14,44,14/22,92.0
exhaustion_and_overwhelm,warhammer40karchives.com,1,15,1/22,13.0
exhaustion_and_overwhelm,www.extrapetite.com,6,12,6/22,50.0
exhaustion_and_overwhelm,www.clearly.ca,4,7,4/22,60.0
exhaustion_and_overwhelm,madegooddesigns.com,11,12,11/22,9.0
exhaustion_and_overwhelm,www.lensdirect.com,2,6,2/22,67.0
exhaustion_and_overwhelm,www.glassesdirect.co.uk,2,9,2/22,52.0
exhaustion_and_overwhelm,www.nepafurniture.com,9,7,9/22,10.0
exhaustion_and_overwhelm,www.maxihome.com.sg,6,4,6/22,52.0
exhaustion_and_overwhelm,bulbapedia.bulbagarden.net,6,43,6/22,80.0
exhaustion_and_overwhelm,gameranks.gg,1,4,1/22,4.0
exhaustion_and_overwhelm,www.olderin.com,10,27,10/22,1.1
exhaustion_and_overwhelm,www.rei.com,11,44,11/22,87.0
exhaustion_and_overwhelm,dcfashionweek.org,6,8,6/22,43.0
exhaustion_and_overwhelm,www.fragrancenet.com,7,28,7/22,70.0
exhaustion_and_overwhelm,www.sciencefocus.com,6,17,6/22,82.0
exhaustion_and_overwhelm,www.redfin.com,9,29,9/22,91.0
exhaustion_and_overwhelm,www.freepeople.com,10,11,10/22,81.0
exhaustion_and_overwhelm,xzapparel.com,6,9,6/21,6.0
exhaustion_and_overwhelm,www.penguinrandomhouseretail.com,2,23,2/21,62.0
exhaustion_and_overwhelm,www.seuslighting.com,9,14,9/21,48.0
exhaustion_and_overwhelm,www.lisbonneatelier.com,5,2,5/21,16.0
exhaustion_and_overwhelm,comfythread.com,14,10,14/21,29.0
exhaustion_and_overwhelm,www.decanter.com,9,22,9/21,80.0
exhaustion_and_overwhelm,forums.forza.net,11,8,11/21,74.0
exhaustion_and_overwhelm,aoeyewear.com,13,6,13/21,45.0
exhaustion_and_overwhelm,stacks.cdc.gov,6,79,6/21,94.0
exhaustion_and_overwhelm,www.webstaurantstore.com,5,16,5/21,80.0
exhaustion_and_overwhelm,www.apetogentleman.com,5,15,5/21,64.0
exhaustion_and_overwhelm,hbr.org,10,29,10/21,92.0
exhaustion_and_overwhelm,crystalmeanings.org,0,13,,1.3
exhaustion_and_overwhelm,www.chamaripashoes.com,1,8,1/21,48.0
exhaustion_and_overwhelm,www.pinterest.com,1,27,1/21,97.0
exhaustion_and_overwhelm,yhknits.wixsite.com,12,2,12/21,94.0
exhaustion_and_overwhelm,www.g-star.com,9,7,9/21,72.0
exhaustion_and_overwhelm,raydarmagazine.com,2,19,2/21,40.0
exhaustion_and_overwhelm,coralturner.com,7,1,7/21,1.3
exhaustion_and_overwhelm,www.niddk.nih.gov,16,41,16/21,95.0
exhaustion_and_overwhelm,www.gardenguides.com,3,22,3/21,69.0
exhaustion_and_overwhelm,www.newbeauty.com,5,21,5/21,78.0
exhaustion_and_overwhelm,www.yournextshoes.com,5,5,5/21,58.0
exhaustion_and_overwhelm,uk.style.yahoo.com,3,19,3/21,94.0
exhaustion_and_overwhelm,www.deweyclothing.com,4,4,4/21,27.0
exhaustion_and_overwhelm,www.chop.edu,2,4,2/21,84.0
exhaustion_and_overwhelm,www.spanishdict.com,3,33,3/21,77.0
exhaustion_and_overwhelm,face-shapes-detector.com,0,4,,0.0
exhaustion_and_overwhelm,expertbeacon.com,6,15,6/21,65.0
exhaustion_and_overwhelm,tangerina.uol.com.br,1,2,1/21,91.0
exhaustion_and_overwhelm,www.nba.com,17,12,17/21,90.0
exhaustion_and_overwhelm,www.simplypsychology.com,4,19,4/21,37.0
exhaustion_and_overwhelm,www.outdoorlife.com,11,23,11/21,76.0
exhaustion_and_overwhelm,www.yesstyle.com,7,8,7/21,77.0
exhaustion_and_overwhelm,www.urbancitystyles.net,5,3,5/21,21.0
exhaustion_and_overwhelm,warmspacegloves.com,4,18,4/21,3.5
exhaustion_and_overwhelm,www.aspca.org,14,19,14/21,89.0
exhaustion_and_overwhelm,greenyplace.com,4,13,4/21,17.0
exhaustion_and_overwhelm,www.uniqlo.com,3,12,3/21,85.0
exhaustion_and_overwhelm,thalira.com,4,16,4/21,19.0
exhaustion_and_overwhelm,learn.microsoft.com,5,37,5/21,96.0
exhaustion_and_overwhelm,www.verywellfit.com,8,21,8/21,84.0
exhaustion_and_overwhelm,www.autism.org.uk,14,23,14/21,84.0
exhaustion_and_overwhelm,www.crystaldigest.com,3,18,3/21,40.0
exhaustion_and_overwhelm,www.nobroker.in,7,33,7/21,69.0
exhaustion_and_overwhelm,crystalsalchemy.com,7,11,7/20,23.0
exhaustion_and_overwhelm,stridewise.com,10,13,10/20,58.0
exhaustion_and_overwhelm,styleandlatte.com,3,3,3/20,1.4
exhaustion_and_overwhelm,www.glamcheck.com,3,6,3/20,26.0
exhaustion_and_overwhelm,www.goodnovel.com,2,16,2/20,62.0
exhaustion_and_overwhelm,color-analysis.app,5,23,5/20,27.0
exhaustion_and_overwhelm,www.investopedia.com,8,16,8/20,92.0
exhaustion_and_overwhelm,www.sicotas.com,3,16,3/20,40.0
exhaustion_and_overwhelm,besuitedaroma.com,2,15,2/20,19.0
exhaustion_and_overwhelm,www.hair.com,11,15,11/20,70.0
exhaustion_and_overwhelm,roxy-uk.co.uk,1,7,1/20,40.0
exhaustion_and_overwhelm,decentfoot.com,1,26,1/20,28.0
exhaustion_and_overwhelm,peonybloom.in,4,4,4/20,0.0
exhaustion_and_overwhelm,coutureshopla.com,2,4,2/20,32.0
exhaustion_and_overwhelm,www.tuasaude.com,5,22,5/20,78.0
exhaustion_and_overwhelm,www.molecularcloud.org,8,1,8/20,50.0
exhaustion_and_overwhelm,gethealthyu.com,7,1,7/20,56.0
exhaustion_and_overwhelm,www.solacely.co,5,16,5/20,36.0
exhaustion_and_overwhelm,labeldc.com,7,6,7/20,38.0
exhaustion_and_overwhelm,www.rihoas.com,7,13,7/20,72.0
exhaustion_and_overwhelm,www.shyaway.com,1,1,1/20,42.0
exhaustion_and_overwhelm,eatingchoice.com,4,15,4/20,4.3
exhaustion_and_overwhelm,metalinjection.net,12,16,12/20,71.0
exhaustion_and_overwhelm,elevenloves.co.uk,5,7,5/20,34.0
exhaustion_and_overwhelm,xtclothes.com,5,8,5/20,9.0
exhaustion_and_overwhelm,www.thedressoutlet.com,6,7,6/20,60.0
exhaustion_and_overwhelm,www.england.nhs.uk,7,43,7/20,89.0
exhaustion_and_overwhelm,www.bookey.app,2,17,2/20,61.0
exhaustion_and_overwhelm,bondiresortwear.com.au,9,9,9/20,26.0
exhaustion_and_overwhelm,www.mtg.wtf,1,24,1/20,40.0
exhaustion_and_overwhelm,www.weddingwire.in,6,25,6/20,76.0
exhaustion_and_overwhelm,www.barilla.com,9,22,9/20,75.0
exhaustion_and_overwhelm,fragplace.com,5,31,5/20,28.0
exhaustion_and_overwhelm,www.wedmegood.com,9,12,9/20,72.0
exhaustion_and_overwhelm,www.argos.co.uk,3,35,3/20,79.0
exhaustion_and_overwhelm,www.influenster.com,1,24,1/20,72.0
exhaustion_and_overwhelm,www.glassdoor.co.in,5,29,5/20,80.0
exhaustion_and_overwhelm,www.reviewed.com,3,16,3/20,79.0
exhaustion_and_overwhelm,childmind.org,7,26,7/20,85.0
exhaustion_and_overwhelm,www.zevira.net,6,16,6/20,8.0
exhaustion_and_overwhelm,www.labelsakshinayyar.com,12,1,12/20,0.2
exhaustion_and_overwhelm,momskoop.com,1,12,1/20,29.0
exhaustion_and_overwhelm,jorts.com,17,2,17/20,6.0
exhaustion_and_overwhelm,www.kraywoods.ca,7,10,7/20,5.0
exhaustion_and_overwhelm,www.vgchartz.com,2,25,2/20,72.0
exhaustion_and_overwhelm,hero.epa.gov,2,20,2/20,93.0
exhaustion_and_overwhelm,www.zocdoc.com,3,7,3/20,89.0
exhaustion_and_overwhelm,www.moreoptical.com,4,3,4/20,3.4
exhaustion_and_overwhelm,ontherunwayfashion.com,7,2,7/20,10.0
exhaustion_and_overwhelm,outfitlovers.com,4,17,4/20,8.0
exhaustion_and_overwhelm,manualzz.com,1,28,1/20,65.0
exhaustion_and_overwhelm,us.macmillan.com,10,38,10/20,86.0
exhaustion_and_overwhelm,www.notebookcheck.net,7,37,7/20,79.0
exhaustion_and_overwhelm,www.cloris.co,4,11,4/20,19.0
exhaustion_and_overwhelm,www.tomshardware.com,7,35,7/20,87.0
exhaustion_and_overwhelm,www.goodrichglobal.com,7,11,7/19,45.0
exhaustion_and_overwhelm,ca.indeed.com,5,37,5/19,92.0
exhaustion_and_overwhelm,ielfs.com,4,3,4/19,14.0
exhaustion_and_overwhelm,store.epicgames.com,8,18,8/19,90.0
exhaustion_and_overwhelm,www.shoezone.com,3,13,3/19,55.0
exhaustion_and_overwhelm,www.bikewale.com,11,41,11/19,71.0
exhaustion_and_overwhelm,www.mtgassist.com,4,54,4/19,6.0
exhaustion_and_overwhelm,www.hotdrops.com,7,16,7/19,12.0
exhaustion_and_overwhelm,hellamaid.ca,7,2,7/19,47.0
exhaustion_and_overwhelm,www.premieroptical.ca,5,2,5/19,2.7
exhaustion_and_overwhelm,stylisteer.com,8,7,8/19,0.4
exhaustion_and_overwhelm,blabbermouth.net,8,24,8/19,73.0
exhaustion_and_overwhelm,www.women.com,7,11,7/19,67.0
exhaustion_and_overwhelm,whatscent.app,8,17,8/19,20.0
exhaustion_and_overwhelm,homeworlddesign.com,5,3,5/19,61.0
exhaustion_and_overwhelm,www.accessdata.fda.gov,11,54,11/19,93.0
exhaustion_and_overwhelm,www.homelane.com,7,17,7/19,61.0
exhaustion_and_overwhelm,www.theaustralian.com.au,14,15,14/19,86.0
exhaustion_and_overwhelm,content.govdelivery.com,1,20,1/19,90.0
exhaustion_and_overwhelm,www.mims.com,7,17,7/19,68.0
exhaustion_and_overwhelm,www.techrepublic.com,6,12,6/19,89.0
exhaustion_and_overwhelm,manuals.playstation.net,7,36,7/19,76.0
exhaustion_and_overwhelm,www.guinnessworldrecords.com,7,24,7/19,87.0
exhaustion_and_overwhelm,www.demodemagazine.com,4,8,4/19,35.0
exhaustion_and_overwhelm,www.sydnestyle.com,8,4,8/19,44.0
exhaustion_and_overwhelm,builtin.com,3,19,3/19,86.0
exhaustion_and_overwhelm,www.kingarthurbaking.com,11,27,11/19,83.0
exhaustion_and_overwhelm,www.gemselect.com,9,12,9/19,68.0
exhaustion_and_overwhelm,jamesclear.com,13,12,13/19,86.0
exhaustion_and_overwhelm,winefolly.com,5,19,5/19,78.0
exhaustion_and_overwhelm,www.gaming.net,3,21,3/19,47.0
exhaustion_and_overwhelm,www.lovingclothing.com,2,5,2/19,0.5
exhaustion_and_overwhelm,tigc.in,10,3,10/19,26.0
exhaustion_and_overwhelm,www.wisdomlib.org,1,24,1/19,74.0
exhaustion_and_overwhelm,www.finder.com,2,16,2/19,82.0
exhaustion_and_overwhelm,www.videogamer.com,7,11,7/19,78.0
exhaustion_and_overwhelm,www.rugs-direct.com,8,23,8/19,57.0
exhaustion_and_overwhelm,bayeas.com,8,1,8/19,34.0
exhaustion_and_overwhelm,www.askdifference.com,3,17,3/19,40.0
trust_and_betrayal,en.wikipedia.org,99,114,99/127,97.0
trust_and_betrayal,www.reddit.com,67,192,67/123,95.0
trust_and_betrayal,www.goodreads.com,17,151,17/71,92.0
trust_and_betrayal,www.astrology.com,45,75,45/58,73.0
trust_and_betrayal,books.google.com,24,69,24/47,99.0
trust_and_betrayal,www.psychologytoday.com,21,46,21/39,93.0
trust_and_betrayal,www.gottman.com,20,60,20/32,85.0
trust_and_betrayal,www.supersummary.com,19,50,19/32,65.0
trust_and_betrayal,pubmed.ncbi.nlm.nih.gov,20,63,20/32,95.0
trust_and_betrayal,pmc.ncbi.nlm.nih.gov,8,32,8/30,95.0
trust_and_betrayal,www.forbes.com,9,25,9/27,94.0
trust_and_betrayal,techcrunch.com,8,31,8/25,92.0
trust_and_betrayal,www.techradar.com,10,28,10/25,91.0
trust_and_betrayal,www.theguardian.com,10,26,10/25,93.0
trust_and_betrayal,legalclarity.org,11,56,11/24,76.0
trust_and_betrayal,www.imdb.com,6,41,6/24,94.0
trust_and_betrayal,www.merriam-webster.com,9,49,9/24,91.0
trust_and_betrayal,www.reuters.com,13,24,13/23,93.0
trust_and_betrayal,dictionary.cambridge.org,9,49,9/23,92.0
trust_and_betrayal,www.sciencedirect.com,5,31,5/23,94.0
trust_and_betrayal,books.apple.com,3,24,3/23,97.0
trust_and_betrayal,www.youtube.com,2,35,2/23,99.0
trust_and_betrayal,finance.yahoo.com,5,30,5/23,94.0
trust_and_betrayal,www.kirkusreviews.com,9,19,9/22,86.0
trust_and_betrayal,numerologist.com,11,22,11/21,68.0
trust_and_betrayal,www.dictionary.com,3,19,3/21,90.0
trust_and_betrayal,people.com,13,20,13/21,91.0
trust_and_betrayal,www.penguinrandomhouse.com,5,21,5/20,91.0
trust_and_betrayal,openlibrary.org,2,36,2/19,86.0
trust_and_betrayal,timesofindia.indiatimes.com,5,20,5/19,92.0
trust_and_betrayal,www.healthline.com,8,22,8/19,92.0
trust_and_betrayal,play.google.com,4,24,4/18,99.0
trust_and_betrayal,www.commonsensemedia.org,5,16,5/18,86.0
trust_and_betrayal,www.rottentomatoes.com,6,34,6/18,87.0
trust_and_betrayal,www.verywellmind.com,12,12,12/18,90.0
trust_and_betrayal,www.wired.com,11,15,11/18,92.0
trust_and_betrayal,science.howstuffworks.com,4,12,4/17,90.0
trust_and_betrayal,psychcentral.com,8,14,8/16,87.0
trust_and_betrayal,onlinelibrary.wiley.com,2,19,2/16,93.0
trust_and_betrayal,www.usmagazine.com,4,30,4/16,84.0
trust_and_betrayal,www.investing.com,9,13,9/16,89.0
trust_and_betrayal,www.tomsguide.com,7,18,7/16,87.0
trust_and_betrayal,simplywall.st,4,15,4/15,74.0
trust_and_betrayal,time.com,7,13,7/15,92.0
trust_and_betrayal,www.blinkist.com,7,17,7/15,76.0
trust_and_betrayal,www.zevira.net,4,7,4/15,8.0
trust_and_betrayal,www.ifate.com,5,14,5/15,30.0
trust_and_betrayal,www.yahoo.com,2,17,2/15,94.0
trust_and_betrayal,www.vogue.com,5,10,5/14,91.0
trust_and_betrayal,parade.com,7,14,7/14,85.0
trust_and_betrayal,www.facebook.com,2,20,2/14,100.0
trust_and_betrayal,www.medicalnewstoday.com,3,10,3/14,91.0
trust_and_betrayal,www.businessinsider.com,8,13,8/14,92.0
trust_and_betrayal,ifp.nyu.edu,6,5,6/14,91.0
trust_and_betrayal,www.mindbodygreen.com,6,11,6/14,85.0
trust_and_betrayal,www.collinsdictionary.com,1,19,1/13,86.0
trust_and_betrayal,www.simonandschuster.com,4,15,4/13,88.0
trust_and_betrayal,www.sec.gov,5,31,5/13,92.0
trust_and_betrayal,numeroscop.net,1,13,1/13,13.0
trust_and_betrayal,www.hindustantimes.com,2,14,2/12,89.0
trust_and_betrayal,www.zodiacsigns-horoscope.com,0,11,,41.0
trust_and_betrayal,www.kobo.com,0,12,,90.0
trust_and_betrayal,www.indeed.com,3,9,3/11,92.0
trust_and_betrayal,apps.apple.com,3,23,3/11,97.0
trust_and_betrayal,sobrief.com,1,13,1/11,53.0
trust_and_betrayal,www.tikr.com,1,8,1/11,60.0
trust_and_betrayal,goodreads.com,2,12,2/11,92.0
trust_and_betrayal,www.capitalfm.com,3,7,3/11,74.0
trust_and_betrayal,www.linkedin.com,1,12,1/11,99.0
trust_and_betrayal,www.theverge.com,6,8,6/11,92.0
trust_and_betrayal,www.trustpilot.com,5,14,5/11,94.0
trust_and_betrayal,www.health.harvard.edu,7,4,7/11,93.0
trust_and_betrayal,www.glamour.com,6,6,6/11,86.0
trust_and_betrayal,m.economictimes.com,5,14,5/10,83.0
trust_and_betrayal,peelerie.com,0,1,,5.0
trust_and_betrayal,www.abiza.co.uk,3,8,3/10,22.0
trust_and_betrayal,www.researchgate.net,1,11,1/10,93.0
trust_and_betrayal,www.huntertrove.com,6,1,6/10,1.4
trust_and_betrayal,www.gamespot.com,4,12,4/10,85.0
trust_and_betrayal,www.instagram.com,0,17,,100.0
trust_and_betrayal,tucsonspiritualdirection.org,4,7,4/10,22.0
trust_and_betrayal,www.gia.edu,8,8,8/10,87.0
trust_and_betrayal,ideas.hallmark.com,7,5,7/10,79.0
trust_and_betrayal,www.adobe.com,2,9,2/9,96.0
trust_and_betrayal,www.litcharts.com,6,21,6/9,72.0
trust_and_betrayal,www.investopedia.com,4,5,4/9,92.0
trust_and_betrayal,www.fool.com,3,13,3/9,89.0
trust_and_betrayal,www.etonline.com,2,11,2/9,81.0
trust_and_betrayal,www.latimes.com,2,10,2/9,92.0
trust_and_betrayal,www.bikerringshop.com,5,2,5/9,55.0
trust_and_betrayal,doi.org,0,8,,94.0
trust_and_betrayal,www.washingtonpost.com,1,10,1/9,93.0
trust_and_betrayal,economictimes.indiatimes.com,4,13,4/9,92.0
trust_and_betrayal,public.com,3,7,3/9,75.0
trust_and_betrayal,www.mozerisfineantiques.com,1,2,1/9,18.0
trust_and_betrayal,www.vanityfair.com,2,9,2/9,89.0
trust_and_betrayal,www.uniguide.com,5,9,5/9,41.0
trust_and_betrayal,www.marketbeat.com,2,10,2/9,76.0
trust_and_betrayal,www.ncbi.nlm.nih.gov,4,8,4/9,95.0
trust_and_betrayal,investors.unity.com,9,10,9/9,91.0
trust_and_betrayal,arxiv.org,4,11,4/9,93.0
trust_and_betrayal,arstechnica.com,5,10,5/9,91.0
trust_and_betrayal,www.allure.com,3,4,3/9,87.0
trust_and_betrayal,www.elle.com,7,8,7/9,90.0
trust_and_betrayal,www.sacredscribes.org,2,8,2/8,10.0
trust_and_betrayal,www.rogerebert.com,4,10,4/8,81.0
trust_and_betrayal,www.helpguide.org,0,4,,87.0
trust_and_betrayal,enviroliteracy.org,4,9,4/8,65.0
trust_and_betrayal,www.gov.uk,5,14,5/8,94.0
trust_and_betrayal,www.tmz.com,1,7,1/8,84.0
trust_and_betrayal,numerologynation.com,0,7,,28.0
trust_and_betrayal,www.shortform.com,4,15,4/8,72.0
trust_and_betrayal,www.audible.com,3,9,3/8,91.0
trust_and_betrayal,www.shutterfly.com,4,8,4/8,84.0
trust_and_betrayal,tagvault.org,0,7,,44.0
trust_and_betrayal,www.tradingview.com,0,9,,91.0
trust_and_betrayal,crystaldatabase.com,3,5,3/8,3.9
trust_and_betrayal,journals.sagepub.com,1,17,1/8,92.0
trust_and_betrayal,us.macmillan.com,4,13,4/8,86.0
trust_and_betrayal,unity.com,5,8,5/8,91.0
trust_and_betrayal,www.theinformation.com,1,4,1/8,85.0
trust_and_betrayal,geology.com,6,7,6/8,79.0
trust_and_betrayal,ursummary.com,0,7,,7.0
trust_and_betrayal,www.sparknotes.com,4,14,4/7,77.0
trust_and_betrayal,psychology.com,3,4,3/7,63.0
trust_and_betrayal,www.abc.net.au,3,10,3/7,91.0
trust_and_betrayal,www.cosmopolitan.com,5,9,5/7,89.0
trust_and_betrayal,www.crystals.com,1,7,1/7,45.0
trust_and_betrayal,aquamarise.com,2,1,2/7,44.0
trust_and_betrayal,support.google.com,4,9,4/7,99.0
trust_and_betrayal,mintandlily.com,4,1,4/7,57.0
trust_and_betrayal,ew.com,4,8,4/7,86.0
trust_and_betrayal,www.centreofexcellence.com,2,7,2/7,67.0
trust_and_betrayal,affinitynumerology.com,3,5,3/7,37.0
trust_and_betrayal,www.wsj.com,4,7,4/7,92.0
trust_and_betrayal,www.marriage.com,1,9,1/7,75.0
trust_and_betrayal,health.clevelandclinic.org,4,9,4/7,92.0
trust_and_betrayal,www.gamesradar.com,1,3,1/7,84.0
trust_and_betrayal,247wallst.com,3,3,3/7,78.0
trust_and_betrayal,tv.apple.com,2,12,2/7,97.0
trust_and_betrayal,www.bbb.org,3,11,3/7,93.0
trust_and_betrayal,indianexpress.com,0,7,,89.0
trust_and_betrayal,www.crystalvaults.com,4,2,4/7,68.0
trust_and_betrayal,newbookrecommendation.com,0,7,,31.0
trust_and_betrayal,www.bls.gov,4,3,4/6,92.0
trust_and_betrayal,music.apple.com,6,13,6/6,97.0
trust_and_betrayal,blog.google,5,3,5/6,91.0
trust_and_betrayal,www.perplexity.ai,3,3,3/6,91.0
trust_and_betrayal,www.hachette.co.uk,2,11,2/6,76.0
trust_and_betrayal,angelnumber.org,1,6,1/6,26.0
trust_and_betrayal,www.scribd.com,0,4,,91.0
trust_and_betrayal,mediaondemand.overdrive.com,0,1,,85.0
trust_and_betrayal,www.netflix.com,3,15,3/6,92.0
trust_and_betrayal,www.calm.com,5,3,5/6,87.0
trust_and_betrayal,www.tvguide.com,1,7,1/6,79.0
trust_and_betrayal,stockstory.org,3,5,3/6,53.0
trust_and_betrayal,www.oxfordlearnersdictionaries.com,1,13,1/6,81.0
trust_and_betrayal,www.tandfonline.com,2,8,2/6,92.0
trust_and_betrayal,www.androidcentral.com,0,2,,83.0
trust_and_betrayal,www.bustle.com,0,6,,88.0
trust_and_betrayal,www.pcworld.com,2,5,2/6,88.0
trust_and_betrayal,symbolopedia.com,3,6,3/6,21.0
trust_and_betrayal,stockanalysis.com,2,3,2/6,75.0
trust_and_betrayal,www.tjgold.co.nz,5,1,5/6,38.0
trust_and_betrayal,ca.trustpilot.com,1,6,1/6,94.0
trust_and_betrayal,www.wordreference.com,1,10,1/6,80.0
trust_and_betrayal,www.radiotimes.com,0,4,,80.0
trust_and_betrayal,www.plotexplained.com,0,6,,15.0
trust_and_betrayal,www.findlaw.com,6,9,6/6,90.0
trust_and_betrayal,9to5google.com,0,2,,83.0
trust_and_betrayal,www.enotes.com,1,7,1/6,73.0
trust_and_betrayal,scienceinsights.org,0,6,,70.0
trust_and_betrayal,apnews.com,4,6,4/6,92.0
trust_and_betrayal,sciety.org,1,1,1/6,63.0
trust_and_betrayal,www.verywellhealth.com,2,4,2/6,90.0
trust_and_betrayal,www.irs.gov,3,17,3/6,93.0
trust_and_betrayal,www.tvinsider.com,1,11,1/6,77.0
trust_and_betrayal,jackiebledsoe.com,4,1,4/6,35.0
trust_and_betrayal,www.chabad.org,2,2,2/6,85.0
trust_and_betrayal,www.cbsnews.com,2,8,2/6,92.0
trust_and_betrayal,www.bookrags.com,0,7,,64.0
trust_and_betrayal,www.capitalxtra.com,2,1,2/5,60.0
trust_and_betrayal,www.etsy.com,2,9,2/5,94.0
trust_and_betrayal,soultheory.in,3,4,3/5,3.4
trust_and_betrayal,www.biography.com,2,5,2/5,85.0
trust_and_betrayal,blog.bluestone.com,0,1,,61.0
trust_and_betrayal,piabarcelona.com,2,1,2/5,6.0
trust_and_betrayal,ajluxe.com,1,5,1/5,19.0
trust_and_betrayal,www.nolo.com,4,7,4/5,86.0
trust_and_betrayal,support.life360.com,3,7,3/5,79.0
trust_and_betrayal,therapist.com,0,3,,66.0
trust_and_betrayal,wazirx.com,4,17,4/5,72.0
trust_and_betrayal,treehut.co,2,3,2/5,46.0
trust_and_betrayal,www.mdpi.com,1,6,1/5,92.0
trust_and_betrayal,www.joumontfort.com,0,3,,6.0
trust_and_betrayal,www.livemint.com,1,5,1/5,88.0
trust_and_betrayal,www.self.com,1,5,1/5,86.0
trust_and_betrayal,grindsuccess.com,0,3,,48.0
trust_and_betrayal,booksthatslay.com,1,4,1/5,27.0
trust_and_betrayal,moonraven.com,3,2,3/5,2.2
trust_and_betrayal,florence-london.com,0,2,,33.0
trust_and_betrayal,www.selectedreads.com,1,5,1/5,27.0
trust_and_betrayal,www.publishersweekly.com,2,6,2/5,86.0
trust_and_betrayal,www.angara.com,2,2,2/5,66.0
trust_and_betrayal,www.experian.com,2,10,2/5,90.0
trust_and_betrayal,ohhdeer.com,2,1,2/5,56.0
trust_and_betrayal,gemkrishna.com,2,4,2/5,0.0
trust_and_betrayal,wisdomofthespirit.com,2,6,2/5,32.0
trust_and_betrayal,peopleenespanol.com,4,4,4/5,75.0
trust_and_betrayal,foundationgift.com,0,1,,10.0
trust_and_betrayal,crystalance.com,2,3,2/5,0.7
trust_and_betrayal,www.ft.com,3,4,3/5,92.0
trust_and_betrayal,www.eonline.com,1,3,1/5,85.0
trust_and_betrayal,en.wiktionary.org,1,5,1/5,91.0
trust_and_betrayal,altenew.com,0,1,,60.0
trust_and_betrayal,open.spotify.com,0,4,,95.0
trust_and_betrayal,www.alllaw.com,2,1,2/5,74.0
trust_and_betrayal,everything.explained.today,0,5,,56.0
trust_and_betrayal,nautical-bracelets.eu,1,1,1/5,1.0
trust_and_betrayal,www.saracura.com,0,2,,7.0
trust_and_betrayal,www.barchart.com,3,5,3/5,80.0
trust_and_betrayal,www.frontiersin.org,1,10,1/5,92.0
trust_and_betrayal,www.business-standard.com,2,12,2/5,89.0
trust_and_betrayal,podcasts.apple.com,1,6,1/5,97.0
trust_and_betrayal,info.gottman.com,0,2,,85.0
trust_and_betrayal,www.nme.com,1,5,1/5,84.0
trust_and_betrayal,articles.numerologistpro.com,0,4,,28.0
trust_and_betrayal,my.clevelandclinic.org,4,3,4/5,92.0
trust_and_betrayal,www.axios.com,3,4,3/5,91.0
trust_and_betrayal,www.metacritic.com,1,8,1/5,83.0
trust_and_betrayal,www.ifshe.co.uk,0,4,,45.0
trust_and_betrayal,www.zacks.com,2,5,2/5,81.0
trust_and_betrayal,pitchfork.com,1,5,1/5,86.0
trust_and_betrayal,www.celestiacrystal.com,0,1,,0.0
trust_and_betrayal,www.justwatch.com,1,5,1/5,82.0
trust_and_betrayal,symbonest.com,1,5,1/5,38.0
trust_and_betrayal,www.counselingpsychology.org,0,2,,49.0
trust_and_betrayal,seekingalpha.com,2,8,2/5,86.0
trust_and_betrayal,online-english.britishcouncil.org,0,1,,87.0
trust_and_betrayal,masteringconflict.com,0,1,,43.0
trust_and_betrayal,www.security.org,3,6,3/4,82.0
trust_and_betrayal,www.barrons.com,0,3,,89.0
trust_and_betrayal,www.angelnumberguides.com,2,3,2/4,0.0
trust_and_betrayal,www.creativebloq.com,2,3,2/4,86.0
trust_and_betrayal,cmr.biola.edu,0,1,,77.0
trust_and_betrayal,www.cardmessages.com,0,1,,41.0
trust_and_betrayal,thatscaring.com,0,1,,34.0
trust_and_betrayal,www.directorstalkinterviews.com,0,3,,51.0
trust_and_betrayal,www.etymonline.com,1,3,1/4,83.0
trust_and_betrayal,thecinemaholic.com,0,5,,68.0
trust_and_betrayal,www.marriagefamilytherapist.org,0,3,,18.0
trust_and_betrayal,gemsmantra.com,0,2,,49.0
trust_and_betrayal,crystals-for-healing.com,3,1,3/4,0.6
trust_and_betrayal,www.crunchyroll.com,2,2,2/4,83.0
trust_and_betrayal,www.seventeen.com,0,1,,77.0
trust_and_betrayal,www.citizendailypost.com,0,2,,16.0
trust_and_betrayal,x.com,1,4,1/4,97.0
trust_and_betrayal,www.kavout.com,3,1,3/4,55.0
trust_and_betrayal,www.consumerreports.org,2,6,2/4,90.0
trust_and_betrayal,www.top10vpn.com,1,4,1/4,73.0
trust_and_betrayal,www.thewrap.com,0,4,,84.0
trust_and_betrayal,www.g2.com,4,12,4/4,91.0
trust_and_betrayal,shapes.inc,0,5,,53.0
trust_and_betrayal,www.solacely.co,1,4,1/4,36.0
trust_and_betrayal,knowledgecompendium.com,0,4,,3.3
trust_and_betrayal,www.techrepublic.com,2,4,2/4,89.0
trust_and_betrayal,dictionary.apa.org,3,7,3/4,92.0
trust_and_betrayal,www.bhpublishinggroup.com,1,1,1/4,71.0
trust_and_betrayal,www.hallmark.co.uk,0,1,,45.0
trust_and_betrayal,www.foreverengraved.de,0,3,,0.4
trust_and_betrayal,www.bookey.app,0,4,,61.0
trust_and_betrayal,www.gematsu.com,0,3,,74.0
trust_and_betrayal,www.consumeraffairs.com,1,4,1/4,84.0
trust_and_betrayal,after.fandom.com,2,9,2/4,92.0
trust_and_betrayal,ultimatepopculture.fandom.com,0,2,,92.0
trust_and_betrayal,www.thenightsky.com,0,2,,52.0
trust_and_betrayal,www.sourcebooks.com,2,4,2/4,73.0
trust_and_betrayal,www.nomination.com,1,2,1/4,60.0
trust_and_betrayal,numerologybox.com,0,4,,0.3
trust_and_betrayal,www.denofgeek.com,0,4,,78.0
trust_and_betrayal,www.anahana.com,2,3,2/4,62.0
trust_and_betrayal,www.cardgallery.ie,0,1,,7.0
trust_and_betrayal,www.webmd.com,0,4,,92.0
trust_and_betrayal,www.meaningfulspirit.com,1,4,1/4,15.0
trust_and_betrayal,www.cochrane.org,1,3,1/4,86.0
trust_and_betrayal,letslearnslang.com,0,4,,33.0
trust_and_betrayal,www.laserpecker.net,0,1,,47.0
trust_and_betrayal,www.gamersdecide.com,0,1,,44.0
trust_and_betrayal,www.gadgets360.com,2,3,2/4,81.0
trust_and_betrayal,www.distractify.com,0,3,,76.0
trust_and_betrayal,www.safewise.com,2,6,2/4,78.0
trust_and_betrayal,ideaproof.io,1,3,1/4,38.0
trust_and_betrayal,www.windowscentral.com,1,6,1/4,84.0
trust_and_betrayal,rebeccayarros.com,4,11,4/4,54.0
trust_and_betrayal,www.womenshealthmag.com,2,3,2/4,87.0
trust_and_betrayal,www.encyclopedia.com,1,5,1/4,84.0
trust_and_betrayal,pundrive.com,0,1,,0.0
trust_and_betrayal,www.crystalmeaning.com,1,2,1/4,0.4
trust_and_betrayal,www.playstation.com,1,3,1/4,91.0
trust_and_betrayal,tarostarot.com,0,4,,13.0
trust_and_betrayal,www.romance.io,1,10,1/4,51.0
trust_and_betrayal,www.therapyexplained.com,1,3,1/4,6.0
trust_and_betrayal,medium.com,0,4,,94.0
trust_and_betrayal,www.swooon.com,1,4,1/4,57.0
trust_and_betrayal,academic.oup.com,2,3,2/4,92.0
trust_and_betrayal,lingorae.com,0,1,,61.0
trust_and_betrayal,www.findgemstone.com,3,2,3/4,18.0
trust_and_betrayal,link.springer.com,1,3,1/3,93.0
trust_and_betrayal,www.timeout.com,0,4,,90.0
trust_and_betrayal,app.thestorygraph.com,1,6,1/3,80.0
trust_and_betrayal,smartasset.com,1,3,1/3,84.0
trust_and_betrayal,blackink.ai,1,3,1/3,49.0
trust_and_betrayal,positivescope.net,1,1,1/3,6.0
trust_and_betrayal,jewelryco.ca,2,1,2/3,5.0
trust_and_betrayal,thetvdb.com,0,3,,73.0
trust_and_betrayal,www.goodnovel.com,1,5,1/3,62.0
trust_and_betrayal,www.simonandschuster.net,1,4,1/3,59.0
trust_and_betrayal,www.marieclaire.com,0,2,,84.0
trust_and_betrayal,biologyinsights.com,2,3,2/3,71.0
trust_and_betrayal,www.hachette.com.au,1,3,1/3,72.0
trust_and_betrayal,www.kemstonejewelry.com,0,2,,0.0
trust_and_betrayal,www.firemountaingems.com,2,3,2/3,70.0
trust_and_betrayal,privacy.commonsense.org,1,1,1/3,80.0
trust_and_betrayal,howtosayguide.com,1,12,1/3,20.0
trust_and_betrayal,forge-and-foundry.com,0,1,,2.7
trust_and_betrayal,www.brides.com,0,2,,85.0
trust_and_betrayal,www.worldbirds.org,0,3,,40.0
trust_and_betrayal,centerspirited.com,1,3,1/3,18.0
trust_and_betrayal,community.adobe.com,2,6,2/3,96.0
trust_and_betrayal,couplesretreatatoceancoral.com,1,3,1/3,29.0
trust_and_betrayal,www.healthyplace.com,0,3,,74.0
trust_and_betrayal,www.investor.gov,1,3,1/3,87.0
trust_and_betrayal,www.glamourmagazine.co.uk,0,3,,81.0
trust_and_betrayal,abcnews.go.com,1,4,1/3,92.0
trust_and_betrayal,deathstranding.fandom.com,0,1,,92.0
trust_and_betrayal,researchmaniacs.com,1,4,1/3,45.0
trust_and_betrayal,www.coindesk.com,2,2,2/3,90.0
trust_and_betrayal,www.binance.com,2,3,2/3,91.0
trust_and_betrayal,mountainfamilytherapy.org,2,1,2/3,8.0
trust_and_betrayal,ecardforest.co.uk,0,1,,2.0
trust_and_betrayal,store.steampowered.com,1,8,1/3,92.0
trust_and_betrayal,www.allmusic.com,1,3,1/3,85.0
trust_and_betrayal,belladiygo.com,0,1,,0.0
trust_and_betrayal,www.consumerfinance.gov,2,4,2/3,91.0
trust_and_betrayal,worldbirds.com,1,3,1/3,63.0
trust_and_betrayal,www.mozillafoundation.org,2,4,2/3,76.0
trust_and_betrayal,support.gottman.com,0,3,,85.0
trust_and_betrayal,www.inc.com,2,3,2/3,91.0
trust_and_betrayal,www.powerpyx.com,0,3,,53.0
trust_and_betrayal,www.studocu.com,0,4,,77.0
trust_and_betrayal,wwjournals.com,0,3,,46.0
trust_and_betrayal,abcnews.com,1,3,1/3,91.0
trust_and_betrayal,www.goodtherapy.org,1,4,1/3,84.0
trust_and_betrayal,aifs.gov.au,2,2,2/3,79.0
trust_and_betrayal,marriageresources.org,1,1,1/3,15.0
trust_and_betrayal,caraval.fandom.com,0,2,,92.0
trust_and_betrayal,builtin.com,1,4,1/3,86.0
trust_and_betrayal,www.gartner.com,1,6,1/3,92.0
trust_and_betrayal,www.augiemirror.news,2,1,2/3,11.0
trust_and_betrayal,www.usmarble.com,0,1,,26.0
trust_and_betrayal,www.tantraretreatfinder.org,0,1,,0.0
trust_and_betrayal,eric.ed.gov,1,4,1/3,91.0
trust_and_betrayal,dreamophile.com,0,4,,0.3
trust_and_betrayal,writersaresuperstars.substack.com,0,1,,94.0
trust_and_betrayal,www.numerology.com,1,1,1/3,64.0
trust_and_betrayal,www.spiritualgemmologist.com,2,3,2/3,11.0
trust_and_betrayal,nautical-bracelets.com,0,1,,11.0
trust_and_betrayal,www.coinbase.com,1,3,1/3,91.0
trust_and_betrayal,classics.fandom.com,0,1,,92.0
trust_and_betrayal,www.flyingflowers.co.uk,0,1,,43.0
trust_and_betrayal,www.bible.com,0,1,,90.0
trust_and_betrayal,editorial.rottentomatoes.com,1,2,1/3,87.0
trust_and_betrayal,satyori.com,1,3,1/3,19.0
trust_and_betrayal,www.astroved.com,0,4,,56.0
trust_and_betrayal,careers.nacdd.org,0,2,,70.0
trust_and_betrayal,www.spiritanimaltest.org,2,4,2/3,32.0
trust_and_betrayal,thingsengraved.com,1,1,1/3,15.0
trust_and_betrayal,www.ndtv.com,2,3,2/3,89.0
trust_and_betrayal,www.mentalfloss.com,0,3,,86.0
trust_and_betrayal,taylorswiftswitzerland.ch,2,2,2/3,23.0
trust_and_betrayal,www.hachettebookgroup.com,1,3,1/3,85.0
trust_and_betrayal,www.azquotes.com,0,4,,83.0
trust_and_betrayal,www.nhs.uk,1,5,1/3,92.0
trust_and_betrayal,captionikk.com,0,1,,6.0
trust_and_betrayal,legal.corp.life360.com,2,1,2/3,79.0
trust_and_betrayal,www.enchantedrealm.ca,1,3,1/3,0.9
trust_and_betrayal,www.businessoffashion.com,1,3,1/3,84.0
trust_and_betrayal,www.benzinga.com,2,1,2/3,87.0
trust_and_betrayal,thebalance.clinic,0,2,,53.0
trust_and_betrayal,www.gfinityesports.com,0,2,,64.0
trust_and_betrayal,jobbank.abct.org,0,4,,75.0
trust_and_betrayal,mindberg.org,0,3,,34.0
trust_and_betrayal,lovefix.app,0,7,,1.8
trust_and_betrayal,www.whatsafterthemovie.com,1,3,1/3,22.0
trust_and_betrayal,www.quiverquant.com,0,3,,71.0
trust_and_betrayal,bookanalysis.com,0,4,,35.0
trust_and_betrayal,decider.com,1,4,1/3,77.0
trust_and_betrayal,shop.tiktok.com,0,4,,97.0
trust_and_betrayal,www.kiplinger.com,1,3,1/3,86.0
trust_and_betrayal,www.simplypsychology.com,1,3,1/3,37.0
trust_and_betrayal,m-p-a.org,2,1,2/3,4.1
trust_and_betrayal,www.aol.com,0,4,,91.0
trust_and_betrayal,www.readingandthinking.com,1,1,1/3,2.3
trust_and_betrayal,www.nausicaa.net,3,3,3/3,55.0
trust_and_betrayal,www.americangreetings.com,2,2,2/3,72.0
trust_and_betrayal,www.interflora.co.uk,0,1,,66.0
trust_and_betrayal,www.whathifi.com,3,3,3/3,78.0
trust_and_betrayal,spiritualmojo.com,1,2,1/3,16.0
trust_and_betrayal,www.gemstone-dictionary.com,1,2,1/3,2.8
trust_and_betrayal,palomora.com,2,1,2/3,0.0
trust_and_betrayal,www.3rddrawerdown.com,2,1,2/3,4.9
trust_and_betrayal,www.gamepressure.com,0,3,,65.0
trust_and_betrayal,www.tvline.com,0,5,,78.0
trust_and_betrayal,www.annualreviews.org,1,2,1/3,88.0
trust_and_betrayal,www.euronews.com,3,2,3/3,90.0
trust_and_betrayal,www.elle.com.au,0,1,,75.0
trust_and_betrayal,knowtheangels.com,0,3,,0.6
trust_and_betrayal,happilylover.com,0,1,,37.0
trust_and_betrayal,www.ask-angels.com,0,3,,53.0
trust_and_betrayal,m.imdb.com,0,3,,94.0
trust_and_betrayal,www.goodhousekeeping.com,3,3,3/3,90.0
trust_and_betrayal,hollywoodlife.com,1,2,1/3,78.0
trust_and_betrayal,www.harpersbazaar.com,1,3,1/3,89.0
trust_and_betrayal,www.apa.org,1,10,1/3,92.0
trust_and_betrayal,gpsdad.com,0,1,,0.3
trust_and_betrayal,parenting.firstcry.com,1,1,1/3,75.0
trust_and_betrayal,www.macrumors.com,0,3,,86.0
trust_and_betrayal,planetnumerology.com,1,1,1/3,3.5
trust_and_betrayal,www.businesstoday.in,0,3,,84.0
trust_and_betrayal,www.sumizeit.com,2,2,2/3,49.0
trust_and_betrayal,www.urbandictionary.com,0,5,,88.0
trust_and_betrayal,www.gamedeveloper.com,0,3,,83.0
trust_and_betrayal,www.brilliantearth.com,0,2,,75.0
trust_and_betrayal,clinicaltrials.gov,0,3,,91.0
trust_and_betrayal,www.bikeradar.com,2,6,2/3,77.0
trust_and_betrayal,www.mentis.co.in,0,1,,0.0
trust_and_betrayal,www.jewelersmutual.com,1,2,1/3,75.0
trust_and_betrayal,www.alphaspread.com,0,3,,55.0
trust_and_betrayal,www.sunsigns.org,1,3,1/3,52.0
trust_and_betrayal,www.angelswhisper.org,0,3,,0.4
trust_and_betrayal,www.yfn.com,1,1,1/3,54.0
trust_and_betrayal,thelifeofjewels.com,0,1,,2.7
trust_and_betrayal,www.bloomberg.com,2,4,2/3,92.0
trust_and_betrayal,symbolpeak.com,1,2,1/3,0.0
trust_and_betrayal,www.vice.com,0,3,,91.0
trust_and_betrayal,www.embernovels.com,1,3,1/3,0.1
trust_and_betrayal,the-bibliofile.com,1,6,1/3,56.0
trust_and_betrayal,www.grammarly.com,3,2,3/3,90.0
trust_and_betrayal,www.alibaba.com,0,3,,92.0
trust_and_betrayal,www.neonsignsnow.com,0,1,,44.0
trust_and_betrayal,uk.trustpilot.com,0,2,,94.0
trust_and_betrayal,www.shopclues.com,2,1,2/2,64.0
trust_and_betrayal,www.prnewswire.com,1,3,1/2,92.0
trust_and_betrayal,www.crystalage.com,1,2,1/2,40.0
trust_and_betrayal,forums.wyze.com,0,2,,74.0
trust_and_betrayal,www.pcgamer.com,0,2,,85.0
trust_and_betrayal,www.cloudflare.com,2,2,2/2,94.0
trust_and_betrayal,www.techtarget.com,0,2,,91.0
trust_and_betrayal,chrysalisbleu.com,1,1,1/2,4.1
trust_and_betrayal,www.crossword.in,0,2,,56.0
trust_and_betrayal,www.indusind.bank.in,1,6,1/2,88.0
trust_and_betrayal,www.positivequotes.app,0,3,,1.3
trust_and_betrayal,www.aarp.org,0,2,,91.0
trust_and_betrayal,discussions.unity.com,0,4,,91.0
trust_and_betrayal,spiritualask.com,0,2,,6.0
trust_and_betrayal,boho-magic.com,1,1,1/2,20.0
trust_and_betrayal,www.silberschmuck.de,1,2,1/2,29.0
trust_and_betrayal,www.cbinsights.com,2,1,2/2,86.0
trust_and_betrayal,gamefaqs.gamespot.com,0,3,,85.0
trust_and_betrayal,it.euronews.com,0,1,,90.0
trust_and_betrayal,www.sexaddictionscounseling.com,1,1,1/2,9.0
trust_and_betrayal,sacredscribesangelnumbers.blogspot.com,0,4,,95.0
trust_and_betrayal,sendwishonline.com,0,1,,61.0
trust_and_betrayal,unshinebar.com,1,1,1/2,7.0
trust_and_betrayal,www.datingadvice.com,0,2,,76.0
trust_and_betrayal,www.brainyquote.com,1,4,1/2,90.0
trust_and_betrayal,www.theregister.com,0,2,,90.0
trust_and_betrayal,www.moneyhelper.org.uk,2,3,2/2,87.0
trust_and_betrayal,vistavistavision.com,0,1,,2.5
trust_and_betrayal,www.dtnext.in,1,1,1/2,70.0
trust_and_betrayal,www.aureusboutique.com,1,2,1/2,27.0
trust_and_betrayal,www.webnovel.com,0,3,,73.0
trust_and_betrayal,www.howtogeek.com,1,3,1/2,89.0
trust_and_betrayal,www.onetonline.org,0,2,,83.0
trust_and_betrayal,digitalcommons.trinity.edu,1,2,1/2,74.0
trust_and_betrayal,www.blackstonelibrary.com,0,1,,41.0
trust_and_betrayal,growthsummary.com,1,1,1/2,20.0
trust_and_betrayal,www.mayoclinic.org,1,2,1/2,92.0
trust_and_betrayal,www.slaphappylarry.com,1,2,1/2,32.0
trust_and_betrayal,www.sanalliset.eu,0,1,,0.0
trust_and_betrayal,www.complex.com,1,3,1/2,86.0
trust_and_betrayal,numbernecklace.com,0,1,,0.0
trust_and_betrayal,gemsmagic.com,2,2,2/2,17.0
trust_and_betrayal,www.lastpass.com,2,7,2/2,88.0
trust_and_betrayal,www.life360.com,0,3,,79.0
trust_and_betrayal,labbyreads.com,0,1,,10.0
trust_and_betrayal,www.nimh.nih.gov,0,1,,95.0
trust_and_betrayal,www.officialcharts.com,1,2,1/2,75.0
trust_and_betrayal,www.newkerala.com,0,1,,70.0
trust_and_betrayal,clinic.wales,0,1,,19.0
trust_and_betrayal,vitazaida.com,0,2,,0.3
trust_and_betrayal,legalknowledgebase.com,1,4,1/2,25.0
trust_and_betrayal,www.target.com,0,2,,91.0
trust_and_betrayal,docs.unity3d.com,0,2,,90.0
trust_and_betrayal,www.thecrimson.com,1,1,1/2,81.0
trust_and_betrayal,www.qobuz.com,0,2,,83.0
trust_and_betrayal,www.reviews.org,0,2,,76.0
trust_and_betrayal,www.overdrive.com,0,2,,85.0
trust_and_betrayal,www.yourtango.com,0,2,,78.0
trust_and_betrayal,www.spiritualmarker.com,1,2,1/2,10.0
trust_and_betrayal,globalnews.ca,0,2,,89.0
trust_and_betrayal,www.moonstone-ring.com,1,3,1/2,13.0
trust_and_betrayal,recovery.com,1,2,1/2,75.0
trust_and_betrayal,www.ebayinc.com,1,2,1/2,85.0
trust_and_betrayal,uk.investing.com,0,1,,89.0
trust_and_betrayal,css.shopclues.net,0,1,,5.0
trust_and_betrayal,www.theharmonystore.com,1,2,1/2,3.7
trust_and_betrayal,www.counselling-directory.org.uk,0,2,,85.0
trust_and_betrayal,qz.com,0,2,,90.0
trust_and_betrayal,tech.hindustantimes.com,2,2,2/2,89.0
trust_and_betrayal,www.savemyexams.com,1,2,1/2,64.0
trust_and_betrayal,en.wikisource.org,0,2,,89.0
trust_and_betrayal,fictionlit.com,2,1,2/2,14.0
trust_and_betrayal,atoleajewelry.com,0,4,,61.0
trust_and_betrayal,www.vatican.va,0,1,,90.0
trust_and_betrayal,bookshop.org,0,2,,91.0
trust_and_betrayal,www.securityweek.com,0,2,,84.0
trust_and_betrayal,grimoire.love,2,2,2/2,0.5
trust_and_betrayal,uk.indeed.com,0,2,,92.0
trust_and_betrayal,www.scienceopen.com,1,1,1/2,78.0
trust_and_betrayal,www.taherehmafi.com,2,3,2/2,32.0
trust_and_betrayal,help.olx.in,2,4,2/2,69.0
trust_and_betrayal,leveluptalk.com,1,2,1/2,35.0
trust_and_betrayal,ir.trivago.com,2,3,2/2,78.0
trust_and_betrayal,skift.com,1,2,1/2,84.0
trust_and_betrayal,www.mentalhealthcounselinggroup.com,0,1,,26.0
trust_and_betrayal,annibel.com,1,1,1/2,0.0
trust_and_betrayal,steelmonks.com,0,2,,32.0
trust_and_betrayal,nypost.com,0,2,,91.0
trust_and_betrayal,www.engadget.com,0,2,,90.0
trust_and_betrayal,aibooksummarizer.com,0,2,,15.0
trust_and_betrayal,www.theastrologyweb.com,0,2,,27.0
trust_and_betrayal,www.wallstreetzen.com,1,2,1/2,71.0
trust_and_betrayal,www.simonandschuster.biz,1,2,1/2,71.0
trust_and_betrayal,www.lederarmband-herren.net,0,1,,0.2
trust_and_betrayal,www.uhhospitals.org,0,1,,79.0
trust_and_betrayal,twistedseries.fandom.com,0,2,,92.0
trust_and_betrayal,starcasm.net,0,1,,54.0
trust_and_betrayal,definition.org,0,2,,39.0
trust_and_betrayal,www.crystalindex.co.uk,1,2,1/2,2.3
trust_and_betrayal,www.randyelster.com,0,1,,0.0
trust_and_betrayal,irs.treasury.gov,0,2,,91.0
trust_and_betrayal,www.child-focus.org,0,1,,53.0
trust_and_betrayal,www.indiatoday.in,0,3,,86.0
trust_and_betrayal,www.androidauthority.com,0,3,,85.0
trust_and_betrayal,www.glassdoor.co.uk,0,4,,82.0
trust_and_betrayal,corusentertainment.fandom.com,0,1,,92.0
trust_and_betrayal,au.seek.com,0,2,,82.0
trust_and_betrayal,gulfnews.com,0,2,,85.0
trust_and_betrayal,www.techspot.com,2,3,2/2,82.0
trust_and_betrayal,electronics.alibaba.com,0,2,,92.0
trust_and_betrayal,engineerfix.com,1,2,1/2,56.0
trust_and_betrayal,shop.pogofandango.co.uk,0,1,,11.0
trust_and_betrayal,www.gallaterra.cz,0,1,,1.6
trust_and_betrayal,www.sosyncd.com,1,3,1/2,52.0
trust_and_betrayal,ca.finance.yahoo.com,0,2,,94.0
trust_and_betrayal,www.retreats.org.uk,0,1,,46.0
trust_and_betrayal,printify.com,1,2,1/2,86.0
trust_and_betrayal,www.pensador.com,0,2,,76.0
trust_and_betrayal,www.momsfirststeps.com,0,1,,14.0
trust_and_betrayal,cauceos.com,1,1,1/2,0.0
trust_and_betrayal,shop.app,0,2,,88.0
trust_and_betrayal,www.who.int,1,14,1/2,93.0
trust_and_betrayal,www.coursehero.com,0,2,,77.0
trust_and_betrayal,worldmetrics.org,0,5,,78.0
trust_and_betrayal,bookriot.com,2,1,2/2,80.0
trust_and_betrayal,corporatefinanceinstitute.com,0,2,,86.0
trust_and_betrayal,mysticsouljewelry.com,0,1,,29.0
trust_and_betrayal,www.vermontgemlab.com,0,2,,9.0
trust_and_betrayal,taylorswiftmusicworld.com,1,1,1/2,1.2
trust_and_betrayal,www.getmantle.ai,1,3,1/2,0.0
trust_and_betrayal,www.digitalcameraworld.com,1,2,1/2,79.0
trust_and_betrayal,www.analuisa.com,0,1,,61.0
trust_and_betrayal,www.bikemag.com,2,2,2/2,67.0
trust_and_betrayal,betteroo.ai,0,3,,32.0
trust_and_betrayal,www.vpnmentor.com,0,2,,76.0
trust_and_betrayal,sonichits.com,0,2,,50.0
trust_and_betrayal,www.astrosagga.com,0,2,,11.0
trust_and_betrayal,blog.lastpass.com,2,4,2/2,88.0
trust_and_betrayal,rayaandthelastdragon.fandom.com,0,4,,92.0
trust_and_betrayal,support.wazirx.com,0,2,,72.0
trust_and_betrayal,blog.playstation.com,0,3,,91.0
trust_and_betrayal,testbook.com,1,1,1/2,74.0
trust_and_betrayal,www.californiapsychics.com,0,2,,62.0
trust_and_betrayal,www.bike-magazin.de,2,4,2/2,71.0
trust_and_betrayal,grimsc.com,0,1,,3.1
trust_and_betrayal,www.airdroid.com,1,2,1/2,74.0
trust_and_betrayal,www.communicateandconnect.com,0,1,,29.0
trust_and_betrayal,www.gate.com,1,6,1/2,83.0
trust_and_betrayal,wtop.com,1,3,1/2,82.0
trust_and_betrayal,tickernerd.com,1,2,1/2,34.0
trust_and_betrayal,www.globenewswire.com,1,2,1/2,92.0
trust_and_betrayal,us.fashionnetwork.com,0,2,,82.0
trust_and_betrayal,comicbook.com,0,6,,79.0
trust_and_betrayal,www.movieinsider.com,0,2,,57.0
trust_and_betrayal,www.faruzo.com,0,1,,38.0
trust_and_betrayal,angelnumbersdecoded.com,0,2,,8.0
trust_and_betrayal,www.thequint.com,1,2,1/2,77.0
trust_and_betrayal,www.bookreviewguide.com,0,2,,0.0
trust_and_betrayal,www.enfamil.com,2,1,2/2,67.0
trust_and_betrayal,brieflane.com,0,2,,17.0
trust_and_betrayal,www.promptsty.com,0,1,,23.0
trust_and_betrayal,www.flick.social,0,4,,74.0
trust_and_betrayal,www.realitytvworld.com,0,1,,59.0
trust_and_betrayal,www.wonderwall.com,0,1,,60.0
trust_and_betrayal,residentevil.fandom.com,0,2,,92.0
trust_and_betrayal,www.independent.co.uk,0,3,,91.0
trust_and_betrayal,thebookgrind.com,2,1,2/2,4.7
trust_and_betrayal,knowquotes.com,0,1,,2.3
trust_and_betrayal,produkto.io,0,2,,27.0
trust_and_betrayal,www.uladshauchenka.com,0,1,,3.3
trust_and_betrayal,ilty.co,0,1,,1.3
trust_and_betrayal,ucsdguardian.org,0,1,,56.0
trust_and_betrayal,www.bitget.com,1,3,1/2,85.0
trust_and_betrayal,ownersmag.com,0,1,,40.0
trust_and_betrayal,www.divineroots.in,2,1,2/2,32.0
trust_and_betrayal,streetslang.com,0,1,,31.0
trust_and_betrayal,static.rottentomatoes.com,0,2,,87.0
trust_and_betrayal,shineneon.com,1,1,1/2,1.1
trust_and_betrayal,tantra-events.com,0,1,,0.0
trust_and_betrayal,www.techtimes.com,0,2,,83.0
trust_and_betrayal,thecrystalcouncil.com,0,2,,66.0
trust_and_betrayal,knowyourmeme.com,1,4,1/2,86.0
trust_and_betrayal,www.buddhabodhis.com,1,1,1/2,4.3
trust_and_betrayal,www.wildfawnjewellery.com,2,1,2/2,38.0
trust_and_betrayal,symbolismdesk.com,0,1,,5.0
trust_and_betrayal,www.therapyutah.org,1,2,1/2,23.0
trust_and_betrayal,www.yalom.com,0,1,,56.0
trust_and_betrayal,www.rtings.com,2,2,2/2,78.0
trust_and_betrayal,help.etsy.com,1,3,1/2,94.0
trust_and_betrayal,www.femina.in,0,2,,73.0
trust_and_betrayal,the-willowtree.com,0,1,,13.0
trust_and_betrayal,www.semanticscholar.org,0,1,,90.0
trust_and_betrayal,www.encompasscc.org,0,1,,12.0
trust_and_betrayal,www.backstage.com,1,2,1/2,85.0
trust_and_betrayal,www.bluenile.com,0,2,,76.0
trust_and_betrayal,cbcbooks.org,1,1,1/2,69.0
trust_and_betrayal,coinmarketcap.com,1,3,1/2,90.0
trust_and_betrayal,anniewright.com,1,3,1/2,43.0
trust_and_betrayal,www.trustradius.com,0,2,,84.0
trust_and_betrayal,www.airlineratings.com,2,3,2/2,72.0
trust_and_betrayal,mysticaldigits.com,1,1,1/2,5.0
trust_and_betrayal,www.thestreet.com,0,2,,87.0
trust_and_betrayal,www.whats-your-sign.com,0,2,,58.0
trust_and_betrayal,personalityunleashed.com,0,2,,34.0
trust_and_betrayal,cdcgaming.com,0,2,,72.0
trust_and_betrayal,www.nerdveda.com,0,1,,5.0
trust_and_betrayal,careers.texaspsyc.org,1,2,1/2,45.0
trust_and_betrayal,www.ancientaurajewelry.com,0,1,,5.0
trust_and_betrayal,www.teleflora.com,0,1,,73.0
trust_and_betrayal,www.spglobal.com,0,2,,90.0
trust_and_betrayal,www.gog.com,1,2,1/2,84.0
trust_and_betrayal,www.ellekennedy.com,2,2,2/2,39.0
trust_and_betrayal,game8.co,0,3,,72.0
trust_and_betrayal,www.themarysue.com,0,2,,77.0
trust_and_betrayal,ancient-infusions.com,0,1,,11.0
trust_and_betrayal,www.christianwebsite.com,0,2,,43.0
trust_and_betrayal,scripturesavvy.com,0,2,,35.0
trust_and_betrayal,expertbeacon.com,1,1,1/2,65.0
trust_and_betrayal,thehackernews.com,0,2,,87.0
trust_and_betrayal,www.gq-magazine.co.uk,0,2,,83.0
trust_and_betrayal,decazi.com,0,1,,1.1
trust_and_betrayal,easternstory.com,0,1,,0.0
trust_and_betrayal,blog.calm.com,1,2,1/2,87.0
trust_and_betrayal,www.scienceabc.com,0,3,,73.0
trust_and_betrayal,www.snapchat.com,1,3,1/2,93.0
trust_and_betrayal,www.top50vpn.com,0,3,,49.0
trust_and_betrayal,www.romalarjewelry.com,0,1,,32.0
trust_and_betrayal,cryptorank.io,1,1,1/2,76.0
trust_and_betrayal,www.glassdoor.com,0,5,,91.0
trust_and_betrayal,www.scmp.com,0,2,,90.0
trust_and_betrayal,hero.fandom.com,0,2,,92.0
trust_and_betrayal,owlcation.com,0,1,,73.0
trust_and_betrayal,www.crystals.eu,0,3,,17.0
trust_and_betrayal,news.xbox.com,2,3,2/2,91.0
trust_and_betrayal,textranch.com,0,5,,38.0
trust_and_betrayal,www.shopify.com,1,2,1/2,96.0
trust_and_betrayal,www.answers.com,0,2,,82.0
trust_and_betrayal,www.geologyrockspittsburgh.com,0,2,,3.0
trust_and_betrayal,www.venturebookclub.com,2,1,2/2,3.6
trust_and_betrayal,iitap.com,2,4,2/2,66.0
trust_and_betrayal,us.millenium.gg,0,1,,45.0
trust_and_betrayal,turbotax.intuit.com,1,3,1/2,92.0
trust_and_betrayal,www.coeur-de-lion.org,2,2,2/2,26.0
trust_and_betrayal,www.reviewed.com,0,2,,79.0
trust_and_betrayal,www.udiscovermusic.com,0,2,,75.0
trust_and_betrayal,sg.finance.yahoo.com,1,1,1/2,94.0
trust_and_betrayal,www.starkstattbreit.nrw.de,0,2,,91.0
trust_and_betrayal,books.crossmap.com,0,2,,52.0
trust_and_betrayal,researchers.mq.edu.au,0,1,,83.0
trust_and_betrayal,www.momentoss.com,1,2,1/2,5.0
trust_and_betrayal,buddha3bodhi.com,0,1,,36.0
trust_and_betrayal,movies.disney.com,2,1,2/2,89.0
trust_and_betrayal,www.atshq.org,0,2,,44.0
trust_and_betrayal,ashareads.com,0,1,,0.8
trust_and_betrayal,goong.com,1,2,1/2,31.0
trust_and_betrayal,au.trustpilot.com,0,2,,94.0
trust_and_betrayal,www.bleepingcomputer.com,1,2,1/2,88.0
trust_and_betrayal,www.productreview.com.au,0,2,,79.0
trust_and_betrayal,www.jewelrysworld.com,0,2,,8.0
trust_and_betrayal,www.gryphonsmoon.com,2,1,2/2,15.0
trust_and_betrayal,angelnumbersmeaning.com,0,2,,25.0
trust_and_betrayal,www.cliffsnotes.com,0,2,,73.0
trust_and_betrayal,www.health.gov.au,1,6,1/2,90.0
trust_and_betrayal,www.capterra.com,0,5,,91.0
trust_and_betrayal,graverno.de,1,1,1/2,0.0
trust_and_betrayal,hiddennumerology.com,0,2,,35.0
trust_and_betrayal,www.litasign.com,0,1,,20.0
trust_and_betrayal,tech.olx.in,1,1,1/2,69.0
trust_and_betrayal,www.sygns.com,0,1,,30.0
trust_and_betrayal,www.minerals.net,1,5,1/2,66.0
trust_and_betrayal,dictionary.reverso.net,0,2,,84.0
trust_and_betrayal,www.gradesaver.com,0,2,,68.0
trust_and_betrayal,www.americanbar.org,2,2,2/2,90.0
trust_and_betrayal,www.newyorker.com,1,2,1/2,91.0
trust_and_betrayal,knowanimals.com,0,3,,12.0
trust_and_betrayal,merchantfaq.wish.com,1,2,1/2,78.0
trust_and_betrayal,brave.com,1,4,1/2,90.0
trust_and_betrayal,astrosight.ai,2,1,2/2,20.0
trust_and_betrayal,quotes.lifehack.org,0,2,,85.0
trust_and_betrayal,scholars.nova.edu,0,2,,80.0
trust_and_betrayal,www.meaningtattoo.com,0,2,,9.0
trust_and_betrayal,www.thelocal.it,1,2,1/2,72.0
trust_and_betrayal,brandhistories.com,0,2,,1.3
trust_and_betrayal,mycharisma.com,0,1,,72.0
trust_and_betrayal,www.gq.com,2,2,2/2,88.0
trust_and_betrayal,www.befreed.ai,0,2,,41.0
trust_and_betrayal,updownradar.com,1,2,1/2,60.0
trust_and_betrayal,www.moneycontrol.com,1,4,1/2,86.0
trust_and_betrayal,www.caranddriver.com,0,2,,86.0
trust_and_betrayal,www.smithersofstamford.com,0,1,,35.0
trust_and_betrayal,www.cryptotimes.io,1,3,1/2,72.0
trust_and_betrayal,thalira.com,0,2,,19.0
trust_and_betrayal,www.yt-industries.com,1,2,1/2,53.0
trust_and_betrayal,www.businesstimes.com.sg,0,2,,83.0
trust_and_betrayal,www.editorsreads.com,1,2,1/2,0.1
trust_and_betrayal,www.signcustomiser.com,1,2,1/2,43.0
trust_and_betrayal,ie.trustpilot.com,0,2,,94.0
trust_and_betrayal,taylorswift.fandom.com,2,1,2/2,92.0
trust_and_betrayal,letterboxd.com,0,2,,89.0
trust_and_betrayal,notionpress.com,1,5,1/2,75.0
trust_and_betrayal,theweek.com,0,2,,84.0
trust_and_betrayal,slanngmean.com,0,1,,2.7
trust_and_betrayal,jacqueseclat.com,1,2,1/2,0.0
trust_and_betrayal,www.thesun.co.uk,2,2,2/2,89.0
trust_and_betrayal,www.lokmat.com,0,1,,72.0
trust_and_betrayal,www.entangledpublishing.com,0,2,,57.0
trust_and_betrayal,www.intimacymoons.com,1,2,1/2,26.0
trust_and_betrayal,learn.microsoft.com,0,4,,96.0
trust_and_betrayal,3commas.io,1,1,1/2,73.0
trust_and_betrayal,printblur.com,0,1,,38.0
trust_and_betrayal,www.allcrystal.com,0,2,,50.0
trust_and_betrayal,popcultureliterarytutor.wordpress.com,0,1,,96.0
trust_and_betrayal,explainingthebible.com,0,2,,37.0
trust_and_betrayal,biancajones.co.uk,1,1,1/2,8.0
trust_and_betrayal,www.nationpress.com,0,1,,50.0
trust_and_betrayal,everydaypower.com,0,1,,71.0
trust_and_betrayal,www.fool.com.au,2,6,2/2,64.0
trust_and_betrayal,websites.umich.edu,0,2,,91.0
trust_and_betrayal,www.verywellfit.com,1,3,1/2,84.0
trust_and_betrayal,mulany.com,1,1,1/2,0.0
trust_and_betrayal,www.marketscreener.com,1,3,1/2,80.0
trust_and_betrayal,www.headphonesty.com,1,3,1/2,65.0
trust_and_betrayal,fitcaptions.com,0,2,,5.0
trust_and_betrayal,www.fandango.com,0,2,,86.0
trust_and_betrayal,www.glossy.co,1,2,1/2,81.0
trust_and_betrayal,iverjewelry.com,2,1,2/2,9.0
trust_and_betrayal,us.norton.com,0,1,,90.0
trust_and_betrayal,www.polygon.com,1,2,1/2,86.0
trust_and_betrayal,momwithvibe.com,0,1,,0.1
trust_and_betrayal,crystallifevibrations.com,1,1,1/2,0.0
trust_and_betrayal,washingtondiamond.com,0,2,,39.0
trust_and_betrayal,fortune.com,2,2,2/2,91.0
trust_and_betrayal,cosmicself.ai,0,2,,0.0
trust_and_betrayal,www.health.travel,1,1,1/2,33.0
trust_and_betrayal,www.betterhelp.com,2,6,2/2,83.0
trust_and_betrayal,ghibli.fandom.com,1,1,1/2,92.0
trust_and_betrayal,www.gemstones.com,1,1,1/2,46.0
trust_and_betrayal,yourstory.com,1,2,1/2,85.0
trust_and_betrayal,quotefancy.com,0,3,,77.0
trust_and_betrayal,calligrascape.com,1,1,1/2,18.0
trust_and_betrayal,thesummeriturnedpretty.fandom.com,0,7,,92.0
trust_and_betrayal,thedirect.com,2,3,2/2,72.0
trust_and_betrayal,stocktwits.com,0,1,,78.0
trust_and_betrayal,sarasbeads.co.uk,0,2,,7.0
trust_and_betrayal,spiritualposts.com,1,2,1/2,19.0
trust_and_betrayal,inspiredyear.com,0,1,,2.3
trust_and_betrayal,nz.trustpilot.com,0,3,,94.0
trust_and_betrayal,www.fastcompany.com,0,2,,92.0
trust_and_betrayal,symbolicink.com,0,2,,5.0
trust_and_betrayal,tech.yahoo.com,1,2,1/2,94.0
trust_and_betrayal,www.thesteelshop.com,0,1,,27.0
trust_and_betrayal,d23.com,1,4,1/2,75.0
trust_and_betrayal,crazyneon.com,1,1,1/2,37.0
trust_and_betrayal,www.bestbuyneonsigns.com,0,1,,19.0
trust_and_betrayal,www.findastrologer.com,0,2,,34.0
trust_and_betrayal,www.markmerrill.com,0,1,,38.0
trust_and_betrayal,www.comingsoon.net,0,2,,76.0
trust_and_betrayal,corelunejewellery.de,1,1,1/2,0.0
trust_and_betrayal,www.congress.gov,1,2,1/2,91.0
trust_and_betrayal,accountinginsights.org,1,2,1/2,58.0
trust_and_betrayal,www.eden.co.uk,0,2,,70.0
trust_and_betrayal,blog.analuisa.com,1,1,1/2,61.0
trust_and_betrayal,de.laserpecker.net,0,2,,47.0
trust_and_betrayal,lyricswritingcourse.com,0,1,,9.0
trust_and_betrayal,multimedia.3m.com,1,1,1/1,88.0
trust_and_betrayal,www.oecd.org,0,1,,92.0
trust_and_betrayal,www.reviews.io,0,1,,88.0
trust_and_betrayal,help.wetransfer.com,1,3,1/1,91.0
trust_and_betrayal,www.ssga.com,0,1,,77.0
trust_and_betrayal,www.thomsonreuters.com,1,8,1/1,90.0
trust_and_betrayal,observationsfromasimplelife.blogspot.com,0,1,,95.0
trust_and_betrayal,audioreview.frieve.com,0,1,,36.0
trust_and_betrayal,www.cosmopolitan.in,0,1,,64.0
trust_and_betrayal,starwars.fandom.com,0,2,,92.0
trust_and_betrayal,us.got-bag.com,0,3,,56.0
trust_and_betrayal,calminds.in,0,1,,9.0
trust_and_betrayal,www-tinyurl.com,1,1,1/1,30.0
trust_and_betrayal,daycarepath.com,0,1,,6.0
trust_and_betrayal,darkskiesfilm.com,0,1,,20.0
trust_and_betrayal,sexaddictionservices.com,0,1,,4.2
trust_and_betrayal,press.carousell.com,0,2,,75.0
trust_and_betrayal,www.open.ac.uk,0,1,,84.0
trust_and_betrayal,www.coingabbar.com,0,1,,64.0
trust_and_betrayal,www.lexistry.com,0,1,,10.0
trust_and_betrayal,g3newswire.com,1,1,1/1,59.0
trust_and_betrayal,www.pandabuy-spreadsheet.net,0,1,,0.0
trust_and_betrayal,ca.indeed.com,0,1,,92.0
trust_and_betrayal,spiritualmeaningofall.com,0,1,,2.8
trust_and_betrayal,www.healthychildren.org,0,2,,89.0
trust_and_betrayal,www.rakidzich.com,0,1,,26.0
trust_and_betrayal,www.videoproc.com,0,1,,72.0
trust_and_betrayal,imprint.co,0,1,,63.0
trust_and_betrayal,www.theograce.com,0,3,,40.0
trust_and_betrayal,ninaamir.com,1,1,1/1,32.0
trust_and_betrayal,www.numerologistpro.com,0,1,,28.0
trust_and_betrayal,mind.help,0,1,,47.0
trust_and_betrayal,www.thinklet.blog,0,1,,0.6
trust_and_betrayal,affpapa.com,1,2,1/1,69.0
trust_and_betrayal,www.gazetazoliborza.pl,0,1,,27.0
trust_and_betrayal,buffer.com,0,1,,91.0
trust_and_betrayal,www.history.com,0,1,,90.0
trust_and_betrayal,metanumbers.com,0,1,,6.0
trust_and_betrayal,nomiblog.com,0,1,,0.6
trust_and_betrayal,moodledev.io,0,1,,67.0
trust_and_betrayal,www.getnow.pk,0,1,,40.0
trust_and_betrayal,theuntoldwords.com,0,1,,0.0
trust_and_betrayal,www.whatjobs.com,0,1,,69.0
trust_and_betrayal,cafemom.com,0,1,,75.0
trust_and_betrayal,www.inviteflare.com,0,1,,5.0
trust_and_betrayal,www.moomoo.com,0,1,,75.0
trust_and_betrayal,artmall.co.ke,0,2,,6.0
trust_and_betrayal,couplebee.com,0,1,,0.0
trust_and_betrayal,www.scamadviser.com,0,1,,80.0
trust_and_betrayal,www.the-heart-center.com,0,1,,26.0
trust_and_betrayal,consumer.ftc.gov,1,1,1/1,93.0
trust_and_betrayal,astrostyle.com,0,2,,68.0
trust_and_betrayal,support.bark.us,0,1,,76.0
trust_and_betrayal,moonela.co.uk,0,1,,17.0
trust_and_betrayal,aqrinternational.co.uk,0,1,,43.0
trust_and_betrayal,will.com,1,1,1/1,62.0
trust_and_betrayal,orderedbooklist.com,0,1,,0.0
trust_and_betrayal,lab.allkpop.com,1,1,1/1,73.0
trust_and_betrayal,www.musictimes.com,0,1,,59.0
trust_and_betrayal,engraveprosolutions.co.uk,0,1,,0.0
trust_and_betrayal,www.happytreecards.com,0,1,,30.0
trust_and_betrayal,boredtodeathbookclub.com,0,1,,16.0
trust_and_betrayal,www.peninsulachildandfamily.com,0,1,,2.5
trust_and_betrayal,johnbaptistchurch.org,0,1,,21.0
trust_and_betrayal,chatbooks.com,0,1,,69.0
trust_and_betrayal,www.pluggedin.com,0,1,,71.0
trust_and_betrayal,docslib.org,1,1,1/1,67.0
trust_and_betrayal,www.marketindex.com.au,0,2,,71.0
trust_and_betrayal,ppfocus.com,0,1,,40.0
trust_and_betrayal,memeandchill.com,0,1,,10.0
trust_and_betrayal,www.thegoodtrade.com,1,1,1/1,77.0
trust_and_betrayal,www.ovid.com,0,1,,82.0
trust_and_betrayal,www.readingrockets.org,0,1,,80.0
trust_and_betrayal,policyforge.co,1,2,1/1,3.3
trust_and_betrayal,www.health.nsw.gov.au,0,1,,92.0
trust_and_betrayal,www.govtechreview.com.au,0,1,,49.0
trust_and_betrayal,www.3m.com,1,3,1/1,88.0
trust_and_betrayal,investors.etsy.com,0,3,,94.0
trust_and_betrayal,chromewebstore.google.com,0,1,,99.0
trust_and_betrayal,bookmakingblog.com,0,1,,5.0
trust_and_betrayal,www.cdc.gov,1,1,1/1,94.0
trust_and_betrayal,energymuse.com,0,1,,71.0
trust_and_betrayal,www.penguin.com.au,0,1,,78.0
trust_and_betrayal,de.zodiacsigns-horoscope.com,0,1,,41.0
trust_and_betrayal,www.resetera.com,0,1,,72.0
trust_and_betrayal,storedbits.com,0,1,,23.0
trust_and_betrayal,crystalcurious.com,0,1,,15.0
trust_and_betrayal,www.housedigest.com,1,1,1/1,75.0
trust_and_betrayal,www.faa.gov,1,1,1/1,90.0
trust_and_betrayal,healthreporter.com,0,1,,55.0
trust_and_betrayal,www.ebsco.com,0,1,,87.0
trust_and_betrayal,webcomicsapp.com,0,1,,43.0
trust_and_betrayal,www.dash.hrecos.org,0,1,,32.0
trust_and_betrayal,open.substack.com,0,1,,94.0
trust_and_betrayal,www.toastmasters.org,0,1,,82.0
trust_and_betrayal,morsecodegenerator.us,0,1,,0.0
trust_and_betrayal,hebcreditcard.zendesk.com,0,1,,93.0
trust_and_betrayal,www.penguinrandomhouseretail.com,0,1,,62.0
trust_and_betrayal,myangelnumbers.net,0,1,,3.3
trust_and_betrayal,karisamuels.com,0,1,,33.0
trust_and_betrayal,www.billdesk.com,0,1,,72.0
trust_and_betrayal,slovar-vocab.com,0,2,,45.0
trust_and_betrayal,www.scifidimensions.com,0,1,,33.0
trust_and_betrayal,www.lexisnexis.com,0,1,,89.0
trust_and_betrayal,www.psychicsource.com,0,1,,56.0
trust_and_betrayal,fugart.pl,0,1,,30.0
trust_and_betrayal,www.theodysseyonline.com,0,2,,76.0
trust_and_betrayal,support.carousell.com,1,6,1/1,75.0
trust_and_betrayal,giftsinscribed.com,0,1,,0.1
trust_and_betrayal,store.epicgames.com,0,2,,90.0
trust_and_betrayal,in.tinderpressroom.com,0,1,,75.0
trust_and_betrayal,mychildgame.fandom.com,1,1,1/1,92.0
trust_and_betrayal,www.audiophile-heaven.com,0,1,,42.0
trust_and_betrayal,www.desertcart.in,0,1,,54.0
trust_and_betrayal,kpopdemonhunters.net,0,1,,0.0
trust_and_betrayal,www.lofficielusa.com,1,1,1/1,75.0
trust_and_betrayal,www.nadinartdesign.com,0,1,,14.0
trust_and_betrayal,listado.mercadolibre.com.mx,0,4,,87.0
trust_and_betrayal,www.chase.com,0,2,,87.0
trust_and_betrayal,thehiphopinsider.com,1,1,1/1,1.0
trust_and_betrayal,www.beachboho.com.au,0,1,,3.4
trust_and_betrayal,netflix.fandom.com,0,1,,92.0
trust_and_betrayal,blackholly.com,0,1,,50.0
trust_and_betrayal,robots.fandom.com,0,1,,92.0
trust_and_betrayal,healthy.kaiserpermanente.org,0,1,,85.0
trust_and_betrayal,www.sliceofscifi.com,0,1,,41.0
trust_and_betrayal,www.markaz.app,1,2,1/1,58.0
trust_and_betrayal,studioslate.com.au,0,1,,34.0
trust_and_betrayal,www.therunway.ventures,0,1,,27.0
trust_and_betrayal,www.thecore.in,0,1,,44.0
trust_and_betrayal,www.davidgardnersjewelers.com,0,1,,16.0
trust_and_betrayal,dasfinanzen.de,0,1,,17.0
trust_and_betrayal,quizlet.com,0,1,,85.0
trust_and_betrayal,coincheckup.com,1,1,1/1,57.0
trust_and_betrayal,cinesort.com,1,1,1/1,15.0
trust_and_betrayal,uk.news.yahoo.com,1,1,1/1,94.0
trust_and_betrayal,www.gotquestions.org,0,1,,83.0
trust_and_betrayal,contact.org.uk,0,1,,74.0
trust_and_betrayal,www.lemon8-app.com,0,1,,81.0
trust_and_betrayal,threebestrated.com.au,1,2,1/1,70.0
trust_and_betrayal,www.affluentsingles.com,1,1,1/1,0.0
trust_and_betrayal,yaoi.fandom.com,1,1,1/1,92.0
trust_and_betrayal,finviz.com,0,1,,77.0
trust_and_betrayal,cubesofficial.com,0,1,,0.0
trust_and_betrayal,www.argent-asher.com,0,1,,48.0
trust_and_betrayal,www.joyceelliott.com,1,3,1/1,21.0
trust_and_betrayal,www.legalzoom.com,1,11,1/1,83.0
trust_and_betrayal,www.charlotteobserver.com,0,1,,82.0
trust_and_betrayal,stackoverflow.co,1,3,1/1,86.0
trust_and_betrayal,www.touchvintage.com,0,1,,0.2
trust_and_betrayal,www.cfainstitute.org,0,1,,84.0
trust_and_betrayal,owiki.org,0,1,,4.5
trust_and_betrayal,behavioralhealthguide.org,1,1,1/1,0.0
trust_and_betrayal,www.boldwoodbooks.com,0,1,,43.0
trust_and_betrayal,www.simonandschuster.com.au,1,2,1/1,73.0
trust_and_betrayal,zencollection.ca,0,1,,13.0
trust_and_betrayal,skytraxratings.com,1,2,1/1,66.0
trust_and_betrayal,enewspaper.latimes.com,1,1,1/1,92.0
trust_and_betrayal,www.completeconveyancing.com.au,0,1,,8.0
trust_and_betrayal,thehoneypop.com,0,1,,45.0
trust_and_betrayal,italymadeeasy.com,0,1,,28.0
trust_and_betrayal,www.dewr.gov.au,0,1,,78.0
trust_and_betrayal,jewelnests.com,1,1,1/1,32.0
trust_and_betrayal,cellbot.chat,1,2,1/1,11.0
trust_and_betrayal,www.leaf.tv,0,1,,71.0
trust_and_betrayal,flowers.ie,1,1,1/1,30.0
trust_and_betrayal,www.couriermail.com.au,1,1,1/1,81.0
trust_and_betrayal,ww.fashionnetwork.com,0,1,,82.0
trust_and_betrayal,www.fxtrading.io,1,1,1/1,33.0
trust_and_betrayal,milliondollarjourney.com,1,1,1/1,47.0
trust_and_betrayal,lauren-asher.fandom.com,0,1,,92.0
trust_and_betrayal,www.poemhunter.com,0,1,,76.0
trust_and_betrayal,stackoverflow.blog,0,3,,82.0
trust_and_betrayal,www.getdropradar.com,0,1,,41.0
trust_and_betrayal,www.cards-vs-humanity.de,0,1,,2.0
trust_and_betrayal,www.silverpelt.co.uk,0,1,,6.0
trust_and_betrayal,www.instructables.com,0,2,,88.0
trust_and_betrayal,www.wellnesspostdaily.com,0,1,,0.0
trust_and_betrayal,www.uncommonquotes.com,0,1,,10.0
trust_and_betrayal,www.skiptomylou.org,0,1,,70.0
trust_and_betrayal,codingwithroby.substack.com,0,1,,94.0
trust_and_betrayal,upgrade.kuhl.com,0,1,,67.0
trust_and_betrayal,global.morningstar.com,0,1,,88.0
trust_and_betrayal,www.learnreligions.com,0,1,,77.0
trust_and_betrayal,nationalzoo.si.edu,0,1,,91.0
change_mechanics,www.shortform.com,56,97,56/124,72.0
change_mechanics,www.blinkist.com,59,48,59/122,76.0
change_mechanics,www.supersummary.com,59,53,59/107,65.0
change_mechanics,www.goodreads.com,22,166,22/103,92.0
change_mechanics,en.wikipedia.org,61,67,61/83,97.0
change_mechanics,books.google.com,28,111,28/69,99.0
change_mechanics,www.bookbase.app,24,14,24/60,26.0
change_mechanics,www.reddit.com,37,90,37/59,95.0
change_mechanics,www.penguinrandomhouse.com,21,56,21/48,91.0
change_mechanics,www.sumizeit.com,20,15,20/46,49.0
change_mechanics,books.apple.com,6,34,6/38,97.0
change_mechanics,tomoria.com,6,6,6/37,13.0
change_mechanics,openlibrary.org,5,35,5/36,86.0
change_mechanics,www.leapaheadapp.com,3,21,3/35,7.0
change_mechanics,www.fizzread.ai,10,8,10/30,26.0
change_mechanics,sobrief.com,10,22,10/29,53.0
change_mechanics,www.getstoryshots.com,4,16,4/25,47.0
change_mechanics,www.astrology.com,16,24,16/24,73.0
change_mechanics,dictionary.cambridge.org,11,52,11/24,92.0
change_mechanics,play.google.com,6,31,6/23,99.0
change_mechanics,www.verywellmind.com,11,11,11/23,90.0
change_mechanics,www.audible.com,7,12,7/23,91.0
change_mechanics,www.merriam-webster.com,13,31,13/23,91.0
change_mechanics,gummary.com,6,1,6/20,0.0
change_mechanics,12min.com,1,9,1/19,55.0
change_mechanics,www.editorsreads.com,6,4,6/19,0.1
change_mechanics,www.dictionary.com,0,17,,90.0
change_mechanics,theruggedface.com,4,1,4/18,0.1
change_mechanics,pmc.ncbi.nlm.nih.gov,6,22,6/18,95.0
change_mechanics,www.healthline.com,9,14,9/17,92.0
change_mechanics,makeheadway.com,2,7,2/16,72.0
change_mechanics,www.litcharts.com,7,14,7/15,72.0
change_mechanics,www.simonandschuster.com,4,21,4/15,88.0
change_mechanics,goodreads.com,3,10,3/15,92.0
change_mechanics,motivane.com,5,1,5/15,18.0
change_mechanics,www.collinsdictionary.com,1,18,1/14,86.0
change_mechanics,www.allencheng.com,0,8,,34.0
change_mechanics,www.theguardian.com,7,13,7/14,93.0
change_mechanics,www.psychologytoday.com,8,20,8/14,93.0
change_mechanics,podcasts.apple.com,4,22,4/14,97.0
change_mechanics,www.summrize.com,3,2,3/14,13.0
change_mechanics,wisdomofthespirit.com,4,11,4/13,32.0
change_mechanics,tucsonspiritualdirection.org,5,12,5/13,22.0
change_mechanics,www.simonandschuster.net,5,10,5/12,59.0
change_mechanics,www.sparknotes.com,9,7,9/12,77.0
change_mechanics,grahammann.net,3,4,3/12,37.0
change_mechanics,fourminutebooks.com,3,8,3/11,63.0
change_mechanics,www.bookey.app,1,10,1/11,61.0
change_mechanics,lifeclub.org,0,9,,35.0
change_mechanics,pubmed.ncbi.nlm.nih.gov,5,17,5/11,95.0
change_mechanics,www.crossword.in,2,9,2/10,56.0
change_mechanics,ursummary.com,0,4,,7.0
change_mechanics,spiritualityshepherd.com,6,5,6/10,27.0
change_mechanics,www.wisdomlib.org,3,15,3/10,74.0
change_mechanics,health.clevelandclinic.org,7,6,7/10,92.0
change_mechanics,www.sciencedirect.com,4,13,4/9,94.0
change_mechanics,dreamophile.com,3,9,3/9,0.3
change_mechanics,www.linkedin.com,3,15,3/9,99.0
change_mechanics,www.tonyrobbins.com,4,22,4/9,81.0
change_mechanics,www.crystalmeaning.com,2,5,2/9,0.4
change_mechanics,www.mindbodygreen.com,4,8,4/9,85.0
change_mechanics,www.kobo.com,0,8,,90.0
change_mechanics,ericsandroni.com,2,4,2/8,10.0
change_mechanics,psychcentral.com,2,7,2/8,87.0
change_mechanics,thecrystalcouncil.com,3,5,3/8,66.0
change_mechanics,www.webmd.com,6,3,6/8,92.0
change_mechanics,www.penguinrandomhouseretail.com,1,8,1/7,62.0
change_mechanics,www.indeed.com,3,5,3/7,92.0
change_mechanics,apps.apple.com,1,19,1/7,97.0
change_mechanics,actionablebooks.com,3,5,3/7,43.0
change_mechanics,aibooksummarizer.com,1,1,1/7,15.0
change_mechanics,www.oxfordlearnersdictionaries.com,3,12,3/7,81.0
change_mechanics,meanings.crystalsandjewelry.com,3,5,3/7,61.0
change_mechanics,go.tonyrobbins.com,3,5,3/7,81.0
change_mechanics,www.getabstract.com,1,5,1/7,73.0
change_mechanics,www.penguin.co.uk,0,8,,85.0
change_mechanics,crystalance.com,3,7,3/7,0.7
change_mechanics,www.imdb.com,3,14,3/7,94.0
change_mechanics,www.hachettebookgroup.com,6,9,6/7,85.0
change_mechanics,spiritualmojo.com,2,7,2/7,16.0
change_mechanics,www.whatyouwilllearn.com,0,3,,35.0
change_mechanics,www.hayhouse.co.in,3,4,3/7,25.0
change_mechanics,www.trustpilot.com,3,8,3/7,94.0
change_mechanics,us.macmillan.com,2,9,2/7,86.0
change_mechanics,www.insta.page,4,4,4/7,0.5
change_mechanics,www.crystaldigest.com,1,5,1/7,40.0
change_mechanics,biologyinsights.com,1,5,1/6,71.0
change_mechanics,hub.papersowl.com,0,1,,75.0
change_mechanics,knowledgecompendium.com,2,4,2/6,3.3
change_mechanics,brieflane.com,0,6,,17.0
change_mechanics,www.centreofexcellence.com,4,7,4/6,67.0
change_mechanics,www.medicalnewstoday.com,2,5,2/6,91.0
change_mechanics,en.wiktionary.org,1,6,1/6,91.0
change_mechanics,www.denofgeek.com,2,2,2/6,78.0
change_mechanics,www.stevenarodriguez.com,2,1,2/6,7.0
change_mechanics,www.psychology.org,3,1,3/6,73.0
change_mechanics,www.forbes.com,0,5,,94.0
change_mechanics,timesofindia.indiatimes.com,0,6,,92.0
change_mechanics,www.summary.com,2,5,2/6,53.0
change_mechanics,my.clevelandclinic.org,5,8,5/6,92.0
change_mechanics,crystaldatabase.com,2,6,2/6,3.9
change_mechanics,summaries.com,3,3,3/6,33.0
change_mechanics,learningwithguru.com,0,2,,1.3
change_mechanics,www.coursera.org,3,3,3/5,91.0
change_mechanics,readsprint.app,1,3,1/5,4.8
change_mechanics,www.conscioused.org,3,1,3/5,23.0
change_mechanics,thecinemaholic.com,0,2,,68.0
change_mechanics,glasp.co,0,5,,71.0
change_mechanics,psychology.com,1,2,1/5,63.0
change_mechanics,www.slashfilm.com,2,2,2/5,79.0
change_mechanics,booksthatslay.com,0,5,,27.0
change_mechanics,www.crystals.com,2,5,2/5,45.0
change_mechanics,thebookinsight.com,1,2,1/5,0.4
change_mechanics,time.com,4,5,4/5,92.0
change_mechanics,science.howstuffworks.com,4,2,4/5,90.0
change_mechanics,www.miguelruiz.com,5,16,5/5,68.0
change_mechanics,www.louisehay.com,2,1,2/5,71.0
change_mechanics,www.penguin.co.in,3,6,3/5,68.0
change_mechanics,www.crystalvaults.com,1,5,1/5,68.0
change_mechanics,www.wordreference.com,0,5,,80.0
change_mechanics,brenebrown.com,4,7,4/5,84.0
change_mechanics,www.radiotimes.com,4,1,4/5,80.0
change_mechanics,www.plotexplained.com,2,5,2/5,15.0
change_mechanics,www.hourlife.com,0,3,,0.0
change_mechanics,readingraphics.com,2,3,2/5,53.0
change_mechanics,durmonski.com,0,3,,40.0
change_mechanics,www.penguinrandomhouse.ca,0,7,,80.0
change_mechanics,roxienafousi.com,2,2,2/5,43.0
change_mechanics,www.encyclopedia.com,1,5,1/5,84.0
change_mechanics,www.allcrystal.com,1,3,1/5,50.0
change_mechanics,www.artofverse.com,0,1,,1.7
change_mechanics,link.springer.com,2,5,2/4,93.0
change_mechanics,www.sagegoddess.com,1,4,1/4,53.0
change_mechanics,support.tonyrobbins.com,4,7,4/4,81.0
change_mechanics,www.goodnovel.com,0,2,,62.0
change_mechanics,www.vogue.com,0,4,,91.0
change_mechanics,growthsummary.com,0,3,,20.0
change_mechanics,auresnotes.com,0,2,,27.0
change_mechanics,www.overdrive.com,1,3,1/4,85.0
change_mechanics,www.unearthedcrystals.com.au,1,4,1/4,27.0
change_mechanics,booksummarydaily.com,0,3,,0.0
change_mechanics,uk.indeed.com,1,4,1/4,92.0
change_mechanics,doi.org,1,4,1/4,94.0
change_mechanics,www.selectedreads.com,2,2,2/4,27.0
change_mechanics,engineerfix.com,0,5,,56.0
change_mechanics,www.senzoapp.com,3,1,3/4,0.0
change_mechanics,www.indigo.ca,0,5,,87.0
change_mechanics,innerexcellence.com,2,4,2/4,33.0
change_mechanics,hiddensignificance.com,0,4,,26.0
change_mechanics,satyori.com,1,4,1/4,19.0
change_mechanics,aibooksummary.com,1,3,1/4,10.0
change_mechanics,www.nature.com,0,4,,93.0
change_mechanics,bookbrief.io,0,3,,14.0
change_mechanics,www.wordier.com.au,1,2,1/4,0.0
change_mechanics,www.booksplat.com,0,2,,3.2
change_mechanics,www.protoolreviews.com,4,11,4/4,70.0
change_mechanics,m-p-a.org,2,1,2/4,4.1
change_mechanics,www.sloww.co,0,1,,60.0
change_mechanics,www.gradesaver.com,1,4,1/4,68.0
change_mechanics,scienceinsights.org,1,4,1/4,70.0
change_mechanics,www.allure.com,2,4,2/4,87.0
change_mechanics,www.befreed.ai,0,3,,41.0
change_mechanics,thalira.com,0,4,,19.0
change_mechanics,www.simonandschuster.co.in,2,2,2/4,39.0
change_mechanics,www.simonandschuster.co.uk,0,4,,73.0
change_mechanics,www.crystal-life.com,1,4,1/4,28.0
change_mechanics,www.yahoo.com,0,4,,94.0
change_mechanics,www.bookrags.com,0,6,,64.0
change_mechanics,coachingfederation.org,3,8,3/4,87.0
change_mechanics,appshunter.io,0,4,,41.0
change_mechanics,dictionary.apa.org,2,3,2/4,92.0
change_mechanics,awaken.com,2,5,2/3,52.0
change_mechanics,www.prnewswire.com,2,2,2/3,92.0
change_mechanics,www.littlerbooks.com,0,3,,14.0
change_mechanics,energymuse.com,1,1,1/3,71.0
change_mechanics,www.penguin.com.au,1,4,1/3,78.0
change_mechanics,numerologist.com,1,5,1/3,68.0
change_mechanics,people.com,1,1,1/3,91.0
change_mechanics,www.aureusboutique.com,0,2,,27.0
change_mechanics,www.mayoclinic.org,2,4,2/3,92.0
change_mechanics,www.scribd.com,0,3,,91.0
change_mechanics,nofilmschool.com,0,1,,78.0
change_mechanics,www.etymonline.com,0,3,,83.0
change_mechanics,moonrisecrystals.com,2,3,2/3,38.0
change_mechanics,www.rogerebert.com,1,3,1/3,81.0
change_mechanics,www-temp.tonyrobbins.com,1,2,1/3,81.0
change_mechanics,www.spiritualmarker.com,0,3,,10.0
change_mechanics,notesbythalia.com,2,2,2/3,41.0
change_mechanics,www.consumerreports.org,2,3,2/3,90.0
change_mechanics,thinklikeamonkbook.com,1,1,1/3,43.0
change_mechanics,www.themoonschool.org,2,3,2/3,26.0
change_mechanics,biblehub.com,1,9,1/3,87.0
change_mechanics,www.icf-cf.com,0,1,,16.0
change_mechanics,www.countiful.com,3,1,3/3,31.0
change_mechanics,www.kirkusreviews.com,0,3,,86.0
change_mechanics,symbolismguide.com,1,1,1/3,26.0
change_mechanics,www.publishersweekly.com,2,3,2/3,86.0
change_mechanics,www.harvard.com,0,2,,74.0
change_mechanics,hello.tonyrobbins.com,0,3,,81.0
change_mechanics,www.rottentomatoes.com,2,5,2/3,87.0
change_mechanics,symbolopedia.com,2,2,2/3,21.0
change_mechanics,www.icfla.org,1,1,1/3,27.0
change_mechanics,jamesclear.com,0,3,,86.0
change_mechanics,www.dictionary.net,0,2,,48.0
change_mechanics,www.getvoxbrief.com,2,1,2/3,8.0
change_mechanics,www.ryandelaney.co,0,2,,29.0
change_mechanics,live.tonyrobbins.com,3,1,3/3,81.0
change_mechanics,www-prod.tonyrobbins.com,0,2,,81.0
change_mechanics,www.mybookadvisor.com,0,1,,0.0
change_mechanics,www.menshealth.com,1,1,1/3,87.0
change_mechanics,www.enchantedrealm.ca,2,1,2/3,0.9
change_mechanics,www.wired.com,1,2,1/3,92.0
change_mechanics,icfcle.org,2,2,2/3,0.1
change_mechanics,www.anahana.com,2,3,2/3,62.0
change_mechanics,ukcpd.co.uk,0,3,,33.0
change_mechanics,crystallographygems.com,0,3,,28.0
change_mechanics,www.whatsafterthemovie.com,0,3,,22.0
change_mechanics,zatayat.com,1,1,1/3,7.0
change_mechanics,occult-world.com,1,2,1/3,46.0
change_mechanics,everything.explained.today,0,3,,56.0
change_mechanics,www.coachingfederation.org.uk,0,2,,55.0
change_mechanics,artofpoets.com,0,1,,26.0
change_mechanics,paperbell.com,1,4,1/3,80.0
change_mechanics,quillbot.com,0,1,,83.0
change_mechanics,www.enotes.com,2,7,2/3,73.0
change_mechanics,www.cliffsnotes.com,1,1,1/3,73.0
change_mechanics,www.gemstone-dictionary.com,1,2,1/3,2.8
change_mechanics,arxiv.org,2,2,2/3,93.0
change_mechanics,www.theclaritycircle.com,2,3,2/3,0.8
change_mechanics,www.distractify.com,0,1,,76.0
change_mechanics,symbolixe.com,1,2,1/3,56.0
change_mechanics,www.newyorker.com,1,3,1/3,91.0
change_mechanics,apnews.com,1,2,1/3,92.0
change_mechanics,snty-test-fe.tonyrobbins.com,0,4,,81.0
change_mechanics,www.braintoonapp.com,1,1,1/3,0.1
change_mechanics,writingexplained.org,0,1,,69.0
change_mechanics,www.lowes.com,1,5,1/3,88.0
change_mechanics,music.amazon.in,1,3,1/3,92.0
change_mechanics,geology.com,3,3,3/3,79.0
change_mechanics,www.prospects.ac.uk,1,2,1/3,78.0
change_mechanics,www.vox.com,1,1,1/3,91.0
change_mechanics,music.amazon.ca,0,3,,92.0
change_mechanics,www.nccih.nih.gov,2,5,2/3,95.0
change_mechanics,www.coachranks.com,0,3,,44.0
change_mechanics,www.barnesandnoble.com,0,3,,92.0
change_mechanics,symboliy.com,1,1,1/3,0.0
change_mechanics,jewelsandchains.com,3,1,3/3,10.0
change_mechanics,symbolpeak.com,0,1,,0.0
change_mechanics,penguinrandomhouselibrary.com,1,3,1/3,57.0
change_mechanics,www.tomsguide.com,1,3,1/3,87.0
change_mechanics,books.google.co.in,2,3,2/3,91.0
change_mechanics,academic.oup.com,3,2,3/3,92.0
change_mechanics,uk.trustpilot.com,1,1,1/2,94.0
change_mechanics,ira.lib.polyu.edu.hk,0,1,,81.0
change_mechanics,justbaazaar.com,0,1,,30.0
change_mechanics,prod-2023.tonyrobbins.com,1,1,1/2,81.0
change_mechanics,www.hayhouse.com.au,0,3,,43.0
change_mechanics,www.healingcrystalsco.com,0,2,,28.0
change_mechanics,www.dash.hrecos.org,0,2,,32.0
change_mechanics,mindsketchlab.com,1,2,1/2,2.5
change_mechanics,www.touchvintage.com,0,2,,0.2
change_mechanics,www.simonandschuster.com.au,0,2,,73.0
change_mechanics,www.mindingtherapy.com,0,1,,15.0
change_mechanics,help.thetahealing.com,2,6,2/2,77.0
change_mechanics,www.changingminds.org,0,1,,74.0
change_mechanics,tonyrobbinsfirewalk.com,0,1,,31.0
change_mechanics,www.beadsofcambay.com,1,1,1/2,41.0
change_mechanics,www.frontlist.in,0,2,,34.0
change_mechanics,www.hachette.co.uk,0,2,,76.0
change_mechanics,www.hopkinsmedicine.org,0,2,,91.0
change_mechanics,observer.com,0,1,,86.0
change_mechanics,www.science.smith.edu,0,2,,78.0
change_mechanics,www.autismforums.com,0,2,,27.0
change_mechanics,www.researchgate.net,0,2,,93.0
change_mechanics,www.oprahdaily.com,0,2,,84.0
change_mechanics,mindfulcircles.org,0,1,,12.0
change_mechanics,www.target.com,0,2,,91.0
change_mechanics,www.latimes.com,1,2,1/2,92.0
change_mechanics,www.sacredgems.com.au,0,2,,3.9
change_mechanics,azonomy.co.uk,2,2,2/2,5.0
change_mechanics,crystalguide.co,0,1,,8.0
change_mechanics,pavlok.com,1,2,1/2,59.0
change_mechanics,university.awakenche.org,1,2,1/2,39.0
change_mechanics,www.diy.com,0,2,,78.0
change_mechanics,www.antidote-thechannel.com,0,1,,0.2
change_mechanics,www.crystalmountain.com.au,0,2,,0.6
change_mechanics,www.getuntap.com,1,1,1/2,0.0
change_mechanics,spiritualdesk.com,0,2,,27.0
change_mechanics,loox.io,0,1,,75.0
change_mechanics,juliacameronlive.com,0,1,,75.0
change_mechanics,www.drrichardshuster.com,0,1,,18.0
change_mechanics,www.jayshetty.me,2,2,2/2,71.0
change_mechanics,nypost.com,0,2,,91.0
change_mechanics,ravenscauldron.com,1,2,1/2,4.6
change_mechanics,kenthospitals.com,0,1,,7.0
change_mechanics,booksummaryclub.com,0,2,,71.0
change_mechanics,blog.mindvalley.com,0,1,,78.0
change_mechanics,www.crystalindex.co.uk,1,2,1/2,2.3
change_mechanics,www.inc.com,1,4,1/2,91.0
change_mechanics,stalbert.bibliocommons.com,0,1,,82.0
change_mechanics,www.cosmopolitan.com,0,2,,89.0
change_mechanics,www.narendraagarwal.com,0,1,,0.6
change_mechanics,books-that-can-change-your-life.net,0,2,,37.0
change_mechanics,www.gcu.edu,0,1,,77.0
change_mechanics,note.com,1,2,1/2,92.0
change_mechanics,economictimes.indiatimes.com,1,3,1/2,92.0
change_mechanics,research.vu.nl,0,1,,84.0
change_mechanics,parade.com,1,2,1/2,85.0
change_mechanics,luvembooks.com,0,1,,6.0
change_mechanics,www.tarot.com,1,2,1/2,70.0
change_mechanics,www.undinegrimoires.com,0,1,,4.6
change_mechanics,hendricks.com,0,4,,59.0
change_mechanics,shop.app,1,5,1/2,88.0
change_mechanics,www.anthonyrobbins.com,0,1,,31.0
change_mechanics,mysticsouljewelry.com,1,1,1/2,29.0
change_mechanics,stg07.penguin.co.in,0,1,,68.0
change_mechanics,the-take.com,0,1,,51.0
change_mechanics,enviroliteracy.org,1,3,1/2,65.0
change_mechanics,www.gov.uk,1,1,1/2,94.0
change_mechanics,www.kateshelor.com,2,6,2/2,2.1
change_mechanics,amcob.org,0,1,,9.0
change_mechanics,littlerbooks.com,0,2,,14.0
change_mechanics,kubbo.app,1,1,1/2,9.0
change_mechanics,fable.co,0,2,,76.0
change_mechanics,theartistsway.com,2,1,2/2,61.0
change_mechanics,www.gaia.com,0,2,,78.0
change_mechanics,coachfoundation.com,0,2,,75.0
change_mechanics,www.spiritualgemmologist.com,2,2,2/2,11.0
change_mechanics,cursedscreen.com,1,1,1/2,1.7
change_mechanics,comicbook.com,0,3,,79.0
change_mechanics,www.crystalwind.ca,1,2,1/2,34.0
change_mechanics,www.cipd.org,0,2,,84.0
change_mechanics,pavlok.worthepenny.com,0,1,,55.0
change_mechanics,5minutebooksummary.com,0,2,,9.0
change_mechanics,www.perlego.com,1,1,1/2,73.0
change_mechanics,insightfulspiritual.com,0,1,,6.0
change_mechanics,www.homedepot.com,0,3,,90.0
change_mechanics,blog.nasm.org,0,1,,81.0
change_mechanics,www.youtube.com,0,4,,99.0
change_mechanics,static.rottentomatoes.com,0,2,,87.0
change_mechanics,www.slashgear.com,0,2,,81.0
change_mechanics,www.topdoctors.co.uk,1,2,1/2,74.0
change_mechanics,www.buddhabodhis.com,1,2,1/2,4.3
change_mechanics,producthunter.co,0,1,,1.8
change_mechanics,www.findgemstone.com,1,2,1/2,18.0
change_mechanics,films.io,0,1,,0.8
change_mechanics,everydaypsy.com,0,1,,8.0
change_mechanics,shop.novelsuspects.com,0,1,,50.0
change_mechanics,wisdomproject.beehiiv.com,0,1,,91.0
change_mechanics,www.hachetteindia.com,0,4,,41.0
change_mechanics,lifecoachingcertification.net,0,2,,25.0
change_mechanics,www.chroniclebooks.com,0,2,,79.0
change_mechanics,simple.wiktionary.org,0,1,,91.0
change_mechanics,www.icf-coaching.org,0,2,,40.0
change_mechanics,www.the-independent.com,0,1,,80.0
change_mechanics,open.spotify.com,0,2,,95.0
change_mechanics,psychology.iresearchnet.com,1,2,1/2,71.0
change_mechanics,expertbeacon.com,1,1,1/2,65.0
change_mechanics,www.alphr.com,0,1,,74.0
change_mechanics,shop.thenovl.com,0,1,,38.0
change_mechanics,thinkr.org,1,2,1/2,21.0
change_mechanics,www.thetahealing.com,2,7,2/2,77.0
change_mechanics,symbobuz.com,0,1,,1.4
change_mechanics,www.astrologyanswers.com,0,2,,49.0
change_mechanics,www.booknotification.com,0,2,,33.0
change_mechanics,www.jmir.org,0,3,,88.0
change_mechanics,www.amazon.com,1,2,1/2,96.0
change_mechanics,www.tony-robbins-europe.com,0,2,,31.0
change_mechanics,shop.tiktok.com,0,2,,97.0
change_mechanics,spiritualall.com,1,2,1/2,6.0
change_mechanics,linktr.ee,0,2,,94.0
change_mechanics,www.frontiersin.org,0,2,,92.0
change_mechanics,www.wareable.com,1,1,1/2,75.0
change_mechanics,smmry.com,0,2,,50.0
change_mechanics,www.zevira.net,0,2,,8.0
change_mechanics,dansilvestre.com,1,1,1/2,41.0
change_mechanics,numeroscop.net,0,2,,13.0
change_mechanics,www.the-coaching-academy.com,1,2,1/2,64.0
change_mechanics,www.atshq.org,2,2,2/2,44.0
change_mechanics,symbolhuts.com,0,1,,0.0
change_mechanics,oasisdecristal.ca,0,2,,2.8
change_mechanics,dictionary.reverso.net,0,2,,84.0
change_mechanics,dreieskiva.com,0,1,,3.3
change_mechanics,www.wisdomai.com,0,1,,11.0
change_mechanics,www.melrobbins.com,2,4,2/2,75.0
change_mechanics,designingyour.life,1,6,1/2,70.0
change_mechanics,samdemma.com,2,4,2/2,40.0
change_mechanics,www.gq.com,0,1,,88.0
change_mechanics,www.whistleout.com,1,2,1/2,70.0
change_mechanics,blog.practicaljournal.com,0,2,,4.0
change_mechanics,webhindi.net,0,1,,0.0
change_mechanics,concisereading.com,1,1,1/2,0.0
change_mechanics,www.moonlightgemsaz.com,1,3,1/2,8.0
change_mechanics,www.simonandschuster.ca,1,2,1/2,71.0
change_mechanics,www.bbb.org,1,2,1/2,93.0
change_mechanics,notionpress.com,0,1,,75.0
change_mechanics,beadage.net,0,2,,40.0
change_mechanics,news.stanford.edu,1,2,1/2,92.0
change_mechanics,mymythos.org,2,2,2/2,25.0
change_mechanics,penguinrandomhousehighereducation.com,0,2,,64.0
change_mechanics,www.mistrygems.com,0,1,,1.6
change_mechanics,www.wiley-vch.de,2,2,2/2,75.0
change_mechanics,www.lawofattractioncentral.net,1,1,1/2,0.2
change_mechanics,nationalcareers.service.gov.uk,2,1,2/2,92.0
change_mechanics,crystallifevibrations.com,0,2,,0.0
change_mechanics,www.gobankingrates.com,0,2,,81.0
change_mechanics,proactivitylab.com,2,1,2/2,10.0
change_mechanics,youtubesummary.com,0,1,,23.0
change_mechanics,www.whatspiritual.com,1,2,1/2,14.0
change_mechanics,www.trusted-psychics.co.uk,1,1,1/2,56.0
change_mechanics,healing-sounds.com,0,2,,40.0
change_mechanics,symbonest.com,0,1,,38.0
change_mechanics,tvintelligentsia.com,0,1,,0.4
change_mechanics,meaningfulmoon.com,1,2,1/2,12.0
change_mechanics,wheelofwisdom.online,1,1,1/2,0.0
change_mechanics,www.harveker.com,1,3,1/1,53.0
change_mechanics,aaronlynn.com,0,1,,17.0
change_mechanics,7mindsets.zendesk.com,0,1,,93.0
change_mechanics,starwars.fandom.com,0,1,,92.0
change_mechanics,www.accountingtools.com,0,1,,75.0
change_mechanics,calminds.in,0,1,,9.0
change_mechanics,www.finedictionary.com,0,1,,39.0
change_mechanics,keys.lucidcentral.org,0,1,,71.0
change_mechanics,theredarchive.com,0,1,,15.0
change_mechanics,www.candicebrathwaite.com,0,1,,22.0
change_mechanics,chibuntu.com,1,1,1/1,15.0
change_mechanics,www.katherinegreenefineart.com,1,1,1/1,0.9
change_mechanics,findtattoodesign.net,0,1,,22.0
change_mechanics,www.ultimatemasters.org,0,1,,1.6
change_mechanics,www.lpcc.in,0,1,,0.0
change_mechanics,www.mass.gov,0,1,,91.0
change_mechanics,www.nationalbook.org,1,1,1/1,75.0
change_mechanics,mygymgenius.com,0,1,,0.0
change_mechanics,innernurture.com.au,0,1,,0.6
change_mechanics,www.iobc.org,1,2,1/1,61.0
change_mechanics,fiveminread.com,0,1,,2.3
change_mechanics,www.scamadviser.com,0,1,,80.0
change_mechanics,enlightmecenter.com,1,1,1/1,0.2
change_mechanics,astrostyle.com,1,1,1/1,68.0
change_mechanics,openbooksummary.com,1,1,1/1,0.0
change_mechanics,www.brainzmagazine.com,1,1,1/1,79.0
change_mechanics,datadailey.com,0,1,,6.0
change_mechanics,www.timeout.com,1,1,1/1,90.0
change_mechanics,www.dropboxsign.com,0,1,,65.0
change_mechanics,traderlion.com,0,1,,41.0
change_mechanics,corporate.ww.com,1,5,1/1,70.0
change_mechanics,www.iienstitu.com,1,1,1/1,65.0
change_mechanics,smartasset.com,0,1,,84.0
change_mechanics,www.journalstohealing.com,0,1,,3.8
change_mechanics,www.healingcrystals.com,1,1,1/1,55.0
change_mechanics,gh.iherb.com,0,2,,84.0
change_mechanics,shop.samdemma.com,0,1,,40.0
change_mechanics,shop.drneetikaushik.com,0,1,,40.0
change_mechanics,www.techtarget.com,0,1,,91.0
change_mechanics,www.weightwatchers.com,0,1,,80.0
change_mechanics,www.nakamura-sawblade.com,0,1,,26.0
change_mechanics,www.simplypsychology.org,1,1,1/1,85.0
change_mechanics,hobartmodernhypnosis.com.au,0,1,,42.0
change_mechanics,dev.heroic.us,0,1,,63.0
change_mechanics,crystalsalchemy.com,1,1,1/1,23.0
change_mechanics,www.legacy.com,0,1,,89.0
change_mechanics,fastercapital.com,0,1,,81.0
change_mechanics,www.dremel.com,0,3,,73.0
change_mechanics,www.etsy.com,0,1,,94.0
change_mechanics,www.streak.com,0,1,,76.0
change_mechanics,my.astrofame.com,1,1,1/1,40.0
change_mechanics,meaningexplainer.com,0,1,,6.0
change_mechanics,www.theodysseyonline.com,0,1,,76.0
change_mechanics,drsuemorter.com,0,2,,51.0
change_mechanics,www.emotionalreframingtherapy.com,0,1,,2.2
change_mechanics,www.pcni.org,0,1,,22.0
change_mechanics,insight.kellogg.northwestern.edu,0,1,,90.0
change_mechanics,www.dalecarnegie.com,0,1,,75.0
change_mechanics,cinetown.org,0,1,,10.0
change_mechanics,www.nationalgeographic.com,0,1,,91.0
change_mechanics,anyrockidentifier.com,0,1,,17.0
change_mechanics,www.criticfilm.com,0,1,,4.2
change_mechanics,www.heartteachings.com,0,1,,30.0
change_mechanics,magickalspot.com,0,1,,54.0
change_mechanics,tanyatarot.com,0,1,,0.8
change_mechanics,casualplaneswalker.com,1,3,1/1,0.8
change_mechanics,www.bls.gov,0,1,,92.0
change_mechanics,www.saintgermainfoundation.org,0,1,,44.0
change_mechanics,www.trademarkia.com,0,1,,73.0
change_mechanics,www.inwardjournalco.au,0,1,,0.5
change_mechanics,stormyarts.com,1,1,1/1,0.0
change_mechanics,www.starzology.com,0,1,,29.0
change_mechanics,www.gotquestions.org,0,1,,83.0
change_mechanics,capacity-building.com,1,1,1/1,38.0
change_mechanics,www.hindipronotes.com,0,1,,19.0
change_mechanics,correctwording.com,0,1,,1.5
change_mechanics,centerforbodytrust.com,0,1,,61.0
change_mechanics,www.angelnumberguides.com,0,1,,0.0
change_mechanics,jennielakenan.com,0,1,,36.0
change_mechanics,www.leaf.tv,0,1,,71.0
change_mechanics,gamefaqs.gamespot.com,0,2,,85.0
change_mechanics,www.fda.gov,0,1,,93.0
change_mechanics,www.mapcoachinginstitute.com,1,1,1/1,47.0
change_mechanics,www.vib-ology.com,1,1,1/1,6.0
change_mechanics,gnosticdoctrine.blogspot.com,0,1,,95.0
change_mechanics,www.alive.com,0,1,,63.0
change_mechanics,www.rossjeffriescourses.com,1,1,1/1,0.2
change_mechanics,www.llewellyn.com,0,1,,72.0
change_mechanics,www.swellwomen.com,0,1,,29.0
change_mechanics,www.goodbooksummary.com,0,1,,11.0
change_mechanics,awakenche.org,1,1,1/1,39.0
change_mechanics,www.hindu-blog.com,1,1,1/1,51.0
change_mechanics,www.charellegriffith.com,0,1,,19.0
change_mechanics,blog.bluestone.com,1,1,1/1,61.0
change_mechanics,www.fincart.com,0,1,,42.0
change_mechanics,ajluxe.com,1,1,1/1,19.0
change_mechanics,sacred-texts.com,0,1,,80.0
change_mechanics,www.kemstonejewelry.com,0,1,,0.0
change_mechanics,thesageschool.org,0,1,,21.0
change_mechanics,www.appbrain.com,0,1,,75.0
change_mechanics,www.amazon.in,0,1,,92.0
change_mechanics,gredos.usal.es,0,1,,80.0
change_mechanics,netspirit.it,0,2,,11.0
change_mechanics,cfcoaching.org,0,1,,0.1
change_mechanics,www.schnap.com.au,0,1,,30.0
change_mechanics,medlineplus.gov,0,1,,91.0
change_mechanics,zyto.com,1,1,1/1,60.0
change_mechanics,www.choosingtherapy.com,1,1,1/1,77.0
change_mechanics,www.silverrushstyle.com,0,1,,41.0
change_mechanics,www.mql5.com,1,1,1/1,85.0
change_mechanics,www.aganistarot.it,0,1,,3.1
change_mechanics,mostrecommendedbooks.com,0,1,,48.0
change_mechanics,www.hot97.com,0,1,,64.0
change_mechanics,www.ullstein.de,0,1,,75.0
change_mechanics,sethcenter.com,1,1,1/1,39.0
change_mechanics,www.mariashriversundaypaper.com,0,1,,61.0
change_mechanics,www.firemountaingems.com,0,1,,70.0
change_mechanics,www.aom.org,1,1,1/1,82.0
change_mechanics,seauton.framer.ai,1,1,1/1,80.0
change_mechanics,www.divinelydevelop.com,1,1,1/1,0.8
change_mechanics,www.trustindex.io,0,1,,93.0
change_mechanics,www.utsouthwestern.edu,0,1,,79.0
change_mechanics,booksclub.com,0,1,,1.7
change_mechanics,www.zodiacsigns-horoscope.com,0,1,,41.0
change_mechanics,www.club255.com,0,1,,8.0
change_mechanics,www.inkhub.in,1,3,1/1,32.0
change_mechanics,mindsera.com,1,1,1/1,45.0
change_mechanics,avianenthusiast.com,0,1,,6.0
change_mechanics,www.ebay.com,0,1,,93.0
change_mechanics,www.anscamobile.com,0,1,,50.0
change_mechanics,www.gayatrifin.com,0,1,,3.3
change_mechanics,rareearthgallerycc.com,0,1,,22.0
change_mechanics,easterncrystal.art,0,1,,0.0
change_mechanics,www.rightattitudes.com,0,1,,62.0
change_mechanics,www.ewtn.com,1,1,1/1,80.0
change_mechanics,www.habitao.app,0,1,,0.0
change_mechanics,westworld.fandom.com,0,1,,92.0
change_mechanics,morningebooks.com,0,1,,12.0
change_mechanics,inherentstrength.com,0,1,,1.2
change_mechanics,tiue.uz,1,1,1/1,31.0
change_mechanics,www.10xgroups.com,0,1,,23.0
change_mechanics,cdn.yahoofinance.com,0,1,,40.0
change_mechanics,www.ulta.com,0,2,,83.0
change_mechanics,www.complex.com,0,2,,86.0
change_mechanics,quotlr.com,0,1,,53.0
change_mechanics,taylorpearson.me,1,1,1/1,54.0
change_mechanics,crystalpinehealingandholistics.com,0,1,,1.7
change_mechanics,halifax.citynews.ca,0,1,,82.0
change_mechanics,angelnumber.org,0,1,,26.0
change_mechanics,www.mtgassist.com,0,4,,6.0
change_mechanics,www.lifecoach-directory.org.uk,0,1,,72.0
change_mechanics,www.nimh.nih.gov,1,1,1/1,95.0
change_mechanics,tinyrituals.co,0,1,,70.0
change_mechanics,www.simplythebest.com,0,1,,10.0
change_mechanics,tottministries.org,0,1,,26.0
change_mechanics,cognira.nanocorp.app,0,1,,57.0
change_mechanics,witchcraftforbeginners.com,0,1,,36.0
change_mechanics,steamcommunity.com,1,5,1/1,91.0
change_mechanics,thebossticks.com,0,1,,46.0
change_mechanics,www.mindfulsuite.com,0,1,,25.0
change_mechanics,catshycrafts.com,0,1,,9.0
change_mechanics,birdsymbolismexplained.com,0,1,,0.0
change_mechanics,jahben.com,0,1,,11.0
change_mechanics,socialsci.libretexts.org,0,1,,81.0
change_mechanics,happysensitivekids.com,0,1,,20.0
change_mechanics,achology.com,0,1,,49.0
change_mechanics,smallcirclesceremonies.com,0,1,,8.0
change_mechanics,www.pesi.com,0,1,,75.0
change_mechanics,www.techradar.com,1,4,1/1,91.0
change_mechanics,nymag.com,0,1,,90.0
change_mechanics,www.trademarkelite.com,0,1,,53.0
change_mechanics,inkup.co.in,0,1,,2.8
change_mechanics,emeraldbookclub.org,0,1,,14.0
change_mechanics,www.unitychapelhill.org,0,1,,7.0
change_mechanics,www.myascendedmasters.org,0,1,,3.4
change_mechanics,biglifejournal.com,1,5,1/1,70.0
change_mechanics,www.mindbodysymposium.com,0,1,,33.0
change_mechanics,printing.tonyrobbins.com,0,1,,81.0
change_mechanics,www.wtamu.edu,1,1,1/1,73.0
change_mechanics,karosuno.tumblr.com,0,1,,94.0
change_mechanics,madeinearthus.com,1,1,1/1,21.0
change_mechanics,www.bookseriesinorder.com,0,1,,50.0
change_mechanics,www.writingbeginner.com,0,2,,29.0
change_mechanics,www.abiza.co.uk,0,1,,22.0
change_mechanics,saraichinwag.com,1,1,1/1,4.4
change_mechanics,www.mindbackapp.com,1,1,1/1,0.0
change_mechanics,www.bi.no,0,1,,75.0
change_mechanics,tattoogenerator.net,0,1,,20.0
change_mechanics,emojipedia.org,0,1,,91.0
change_mechanics,therapist.com,0,1,,66.0
change_mechanics,www.crossway.org,0,1,,79.0
change_mechanics,libcatalog.gc.edu,0,1,,51.0
change_mechanics,anniebliklen.com,1,1,1/1,0.0
change_mechanics,pubity.com,0,1,,33.0
change_mechanics,www.astronautoflife.com,0,1,,5.0
change_mechanics,unbreakablemindsetacademy.co.uk,1,1,1/1,4.8
change_mechanics,www.naturesforyou.com,0,1,,7.0
change_mechanics,foreverconscious.com,1,1,1/1,60.0
change_mechanics,www.slantmagazine.com,0,2,,74.0
change_mechanics,www.netflix.com,1,1,1/1,92.0
change_mechanics,www.aifortattoo.com,0,1,,14.0
change_mechanics,pageflutter.com,0,1,,35.0
change_mechanics,melissatorio.com,0,1,,19.0
change_mechanics,tarot-heritage.com,0,1,,41.0
change_mechanics,hisabhkaro.com,0,1,,2.5
change_mechanics,www.huffmanwrites.org,0,1,,0.1
change_mechanics,anhco.org,0,2,,44.0
change_mechanics,www.commonsensemedia.org,0,1,,86.0
change_mechanics,mirrorwithin.org,1,1,1/1,7.0
change_mechanics,www.thegospelcoalition.org,1,1,1/1,83.0
change_mechanics,www.rep.routledge.com,0,2,,90.0
change_mechanics,www.theancientsage.com,0,1,,32.0
change_mechanics,blisstulle.com,0,1,,31.0
change_mechanics,silencerco.com,0,1,,60.0
change_mechanics,www.yourtango.com,1,3,1/1,78.0
change_mechanics,symbolara.com,0,1,,2.7
change_mechanics,sinonim.sepenuhnya.com,0,1,,26.0
change_mechanics,www.abbreviations.com,0,1,,69.0
change_mechanics,apollo-advsiors.ghost.io,1,1,1/1,85.0
change_mechanics,www.powermate.app,1,1,1/1,18.0
change_mechanics,www.deansignori.com,0,1,,26.0
change_mechanics,answerthepublic.com,0,2,,87.0
change_mechanics,www.mycrystalmeanings.com,0,1,,7.0
change_mechanics,mapmymentalhealth.com,1,1,1/1,2.7
change_mechanics,marinaj.net,0,1,,3.9
change_mechanics,www.marieclaire.co.uk,1,1,1/1,80.0
change_mechanics,www.solutionsforresilience.com,0,1,,28.0
change_mechanics,smartenglishnotes.com,0,1,,14.0
change_mechanics,www.toolboxbuzz.com,0,1,,39.0
change_mechanics,www.psychmechanics.com,0,1,,47.0
change_mechanics,www.aaespeakers.com,0,1,,49.0
change_mechanics,abcnews.go.com,0,1,,92.0
change_mechanics,intelligent-change.gorgias.help,0,2,,86.0
change_mechanics,www.oreateai.com,0,1,,72.0
change_mechanics,shop-ph.tiktok.com,0,3,,97.0
change_mechanics,www.mtgstocks.com,0,1,,55.0
change_mechanics,www.grandviewresearch.com,1,1,1/1,91.0
change_mechanics,www.bestreviews.guide,0,1,,61.0
change_mechanics,www.sparkydirect.com.au,1,5,1/1,30.0
change_mechanics,enchantedcrystal.com,0,1,,19.0
change_mechanics,litereads.app,0,1,,0.0
change_mechanics,www.souledout.org,0,1,,36.0
change_mechanics,www.theharmonystore.com,0,1,,3.7
change_mechanics,wh40k.lexicanum.com,1,5,1/1,64.0
change_mechanics,ebs.publicnow.com,0,1,,73.0
change_mechanics,www.bostonglobe.com,0,1,,90.0
change_mechanics,archive.transformativeworks.org,0,2,,69.0
change_mechanics,www.folk.app,0,1,,71.0
change_mechanics,www.vanatrack.com,0,1,,0.0
change_mechanics,useboomerang.com,1,2,1/1,40.0
change_mechanics,www.3dmensionals.de,0,1,,41.0
change_mechanics,www.developgoodhabits.com,0,1,,72.0
change_mechanics,gridinsoft.com,0,1,,70.0
change_mechanics,www.thespruceeats.com,1,1,1/1,85.0
change_mechanics,www.monosjewellery.nl,1,1,1/1,10.0
change_mechanics,taskgate.co,0,1,,8.0
change_mechanics,www.thespiritualcentre.com,0,1,,8.0
change_mechanics,www.iherb.com,0,3,,84.0
change_mechanics,blog.bambulab.com,1,3,1/1,79.0
change_mechanics,www.blok.so,0,1,,29.0
change_mechanics,talktocrystals.com,0,1,,28.0
change_mechanics,encyclopedia.summitlighthouse.org,1,1,1/1,66.0
change_mechanics,beliefworks.com,0,1,,19.0
change_mechanics,www.memorialhealthandallergy.com,0,1,,0.0
change_mechanics,www.caa.com,0,1,,74.0
change_mechanics,www.fruition-mine.com,1,1,1/1,9.0
change_mechanics,nomorecrycrystal.com,1,1,1/1,0.0
change_mechanics,en.wikisource.org,0,1,,89.0
change_mechanics,bathtubbulletin.com,0,1,,6.0
change_mechanics,bookshop.org,0,1,,91.0
change_mechanics,www.mineralminers.com,1,1,1/1,53.0
change_mechanics,www.crystalheaven.co.uk,0,1,,22.0
change_mechanics,flowdara.com,0,1,,25.0
change_mechanics,www.queenoftarot.com,1,1,1/1,2.8
change_mechanics,stacks.cdc.gov,1,1,1/1,94.0
change_mechanics,icfsupport.freshdesk.com,0,1,,92.0
change_mechanics,www.thomasnelson.com,1,1,1/1,72.0
change_mechanics,trustburn.com,0,1,,73.0
change_mechanics,www.studiobinder.com,0,1,,78.0
change_mechanics,grimoire.love,1,1,1/1,0.5
change_mechanics,wordpress.nightingale.com,0,1,,56.0
change_mechanics,strengthgearguide.com,0,1,,0.0
change_mechanics,www.joyfulthroughitall.com,0,1,,16.0
change_mechanics,www.self.com,0,1,,86.0
change_mechanics,www.etmoney.com,0,1,,66.0
change_mechanics,spiritual-center.com,1,1,1/1,13.0
change_mechanics,printvx.com,0,1,,0.0
change_mechanics,shopsavvy.com,0,1,,61.0
change_mechanics,books.google.co.cr,0,1,,73.0
change_mechanics,www.icfsacramento.org,0,1,,8.0
change_mechanics,www.chainofdots.com,0,1,,0.0
change_mechanics,ascendedmasterresources.com,1,1,1/1,26.0
change_mechanics,www.elevatedmagazines.com,0,1,,60.0
change_mechanics,threadreaderapp.com,0,1,,76.0
change_mechanics,shop.givingtons.com,0,1,,37.0
change_mechanics,blog.hubspot.com,0,1,,93.0
change_mechanics,www.napoleon-hill.com,0,1,,26.0
change_mechanics,innerlightcrystals.co.uk,0,2,,18.0
change_mechanics,www.meditationrings.com,0,1,,28.0
change_mechanics,www.orientpublishing.com,0,1,,0.0
change_mechanics,ettron.com,0,1,,12.0
change_mechanics,www.rjseduction.com,1,1,1/1,0.0
change_mechanics,podscripts.co,0,1,,50.0
change_mechanics,www.findfreetime.com,1,1,1/1,2.9
change_mechanics,www.unknowntruthtarot.com,0,1,,19.0
change_mechanics,marketinvestopedia.com,1,1,1/1,5.0
change_mechanics,www.aureliancapital.in,0,1,,0.0
change_mechanics,www.ibtimes.co.uk,0,1,,83.0
change_mechanics,jewelandcrystalguide.com,0,1,,3.0
change_mechanics,www.ybrikman.com,0,1,,53.0
change_mechanics,texaschristiancounseling.com,0,1,,24.0
change_mechanics,whisper.wisdom-guild.net,0,1,,35.0
change_mechanics,otakukart.com,0,1,,60.0
change_mechanics,stacycreatesstuff.com,0,1,,13.0
change_mechanics,news.sky.com,0,1,,90.0
change_mechanics,www.thetahealinglife.us,0,1,,0.0
change_mechanics,www.tomshardware.com,1,2,1/1,87.0
change_mechanics,doodlepunkart.com,0,1,,11.0
change_mechanics,3dprintingindustry.com,0,1,,77.0
change_mechanics,mindfulsolutionswa.com,0,1,,0.0
change_mechanics,readbooksinorder.com,0,1,,18.0
change_mechanics,www.ibm.com,0,1,,92.0
change_mechanics,www.thequantumhealingmethod.com,1,2,1/1,1.1
change_mechanics,www.tathood.com,1,1,1/1,1.0
change_mechanics,www.simonandschuster.biz,1,1,1/1,71.0
change_mechanics,gemsritual.com,0,1,,1.4
change_mechanics,themindsjournal.com,0,1,,62.0
change_mechanics,www.livingbyexample.org,0,1,,11.0
change_mechanics,www.ideafit.com,0,1,,74.0
change_mechanics,morganrichardolivier.com,1,1,1/1,1.1
change_mechanics,www.qhhtofficial.com,0,1,,74.0
change_mechanics,www.spiralcircle.com,0,1,,31.0
change_mechanics,www.nes.scot.nhs.uk,1,1,1/1,82.0
change_mechanics,onlinelibrary.wiley.com,1,3,1/1,93.0
change_mechanics,www.abc.net.au,0,1,,91.0
change_mechanics,www.netgalley.com,0,1,,76.0
change_mechanics,collective.world,0,1,,43.0
change_mechanics,www.elizabethclareprophet.org,0,1,,25.0
change_mechanics,www.alysebreathes.com,0,1,,26.0
change_mechanics,www.dinahegazi.com,0,1,,2.7
change_mechanics,www.tarocchigratuiti.it,0,1,,13.0
change_mechanics,www.tirzaschaefer.com,0,1,,8.0
change_mechanics,moldavite.it,0,1,,4.2
change_mechanics,commons.mtholyoke.edu,0,1,,76.0
change_mechanics,www.milwaukeetool.com,0,3,,78.0
change_mechanics,www.herdailyfit.com,0,1,,0.0
change_mechanics,www.tdkstrategies.com,0,1,,1.2
change_mechanics,animalsymbo.com,0,1,,38.0
change_mechanics,parentotheca.com,1,1,1/1,22.0
change_mechanics,gemstonerush.com,1,2,1/1,1.3
change_mechanics,www.psychonaut.tech,0,1,,0.1
change_mechanics,www.successbooks.com,0,1,,0.3
change_mechanics,www.tapesearch.com,0,1,,30.0
change_mechanics,academy.thebusinessprofessor.com,1,1,1/1,62.0
change_mechanics,thefouragreements.com,0,3,,45.0
change_mechanics,www.sethmaterial.com,0,2,,1.9
change_mechanics,www.fnac.com,0,1,,89.0
change_mechanics,www.prosci.com,0,1,,79.0
change_mechanics,www.mainquest.net,0,1,,1.7
change_mechanics,www.kdramastars.com,0,1,,48.0
change_mechanics,www.everand.com,0,1,,79.0
change_mechanics,www.emeraldlotusdivination.com,0,1,,25.0
change_mechanics,www.washingtonpost.com,0,2,,93.0
change_mechanics,www.vaia.com,0,1,,61.0
change_mechanics,learn.kregtool.com,0,2,,68.0
change_mechanics,www.tc.columbia.edu,1,3,1/1,91.0
change_mechanics,members.yasminboland.com,1,4,1/1,50.0
change_mechanics,www.writersdigest.com,0,1,,79.0
change_mechanics,mailchimp.com,1,1,1/1,93.0
change_mechanics,shapes.inc,0,1,,53.0
change_mechanics,pamfinds.com,0,1,,9.0
change_mechanics,nerdproductivity.com,0,1,,0.3
change_mechanics,explainthat.org,0,1,,10.0
change_mechanics,lahelajewelry.com,0,1,,30.0
change_mechanics,www.ancestry.ca,0,1,,69.0
change_mechanics,www.findyourfate.com,1,1,1/1,48.0
change_mechanics,visualenews.com,0,1,,2.2
change_mechanics,www.indulgexpress.com,0,1,,73.0
change_mechanics,functionalmedicinecoaching.org,0,1,,64.0
change_mechanics,www.tmswiki.org,0,1,,51.0
change_mechanics,www.ndtvprofit.com,0,1,,79.0
change_mechanics,app.getstoryshots.com,0,1,,47.0
change_mechanics,www.thepsychicline.com,1,2,1/1,18.0
change_mechanics,www.inhersight.com,0,1,,72.0
change_mechanics,jungpage.org,1,1,1/1,37.0
change_mechanics,www.thespiritualcentre.net,0,1,,15.0
change_mechanics,tonyrobbinsfoundation.org,1,1,1/1,0.1
change_mechanics,www.mtgnexus.com,0,2,,34.0
change_mechanics,elementummoney.com,0,1,,2.6
change_mechanics,jungian.directory,0,2,,25.0
change_mechanics,www.learygates.com,0,1,,2.0
change_mechanics,spiritual-meaning.uk,0,1,,6.0
change_mechanics,layoga.com,0,1,,55.0
change_mechanics,go.biglifejournal.com,0,4,,70.0
change_mechanics,books.kim,0,1,,15.0
change_mechanics,whatemoji.org,0,1,,16.0
change_mechanics,divinemarkings.com,0,1,,1.0
change_mechanics,www.ajdavis.ca,0,1,,12.0
change_mechanics,findingnorth.org.au,0,1,,25.0
change_mechanics,dreammeaningai.com,0,1,,7.0
change_mechanics,www.jungpage.org,1,1,1/1,37.0
change_mechanics,vivescortadaimport.com,0,1,,49.0
change_mechanics,www.stgermainliqueur.com,0,1,,67.0
change_mechanics,pujapuneet.teachable.com,0,1,,91.0
change_mechanics,smytten.com,0,1,,52.0
change_mechanics,lib.utu-ranch.uz,0,1,,11.0
change_mechanics,liveintently.app,0,1,,0.6
change_mechanics,australianauthors.com.au,0,1,,28.0
change_mechanics,www.gemexi.com,0,1,,34.0
change_mechanics,www.stanleytools.com,0,1,,70.0
change_mechanics,mbl.stanford.edu,1,1,1/1,92.0
change_mechanics,kindsoulpsych.co.uk,1,1,1/1,12.0
change_mechanics,aquamarise.com,0,1,,44.0
change_mechanics,thesecretofthetarot.com,1,1,1/1,36.0
change_mechanics,www.autoexpress.co.uk,1,1,1/1,79.0
change_mechanics,www.unityfortworth.org,0,1,,7.0
change_mechanics,www.dracosethereallights.com,0,1,,0.0
change_mechanics,atomicstrides.com,0,1,,0.0
change_mechanics,johndavidmann.com,0,1,,33.0
change_mechanics,jenniferelizabethmasters.com,0,1,,2.8
change_mechanics,www.wellmeright.com,0,1,,56.0
change_mechanics,www.forexfactory.com,0,1,,77.0
change_mechanics,www.consulticartomanziagratis.it,0,1,,0.0
change_mechanics,www.experian.com,1,1,1/1,90.0
change_mechanics,www.guinnessworldrecords.com,0,1,,87.0
change_mechanics,www.practical-tips.com,0,1,,12.0
change_mechanics,brightlyk.com,0,1,,4.0
change_mechanics,frankiekington.com,0,1,,0.9
change_mechanics,www.petercrone.com,1,4,1/1,45.0
change_mechanics,iscramble.net,0,1,,27.0
change_mechanics,keithedwards.com,1,1,1/1,29.0
change_mechanics,www.healthshots.com,0,1,,74.0
change_mechanics,www.health.ny.gov,0,1,,92.0
change_mechanics,crystalmeanings.org,0,1,,1.3
change_mechanics,www.pustakh.com,0,1,,2.9
change_mechanics,sidetrain.com,1,1,1/1,41.0
change_mechanics,www.valueresearchonline.com,0,1,,69.0
change_mechanics,stylr.us,1,1,1/1,1.5
change_mechanics,aish.com,0,1,,76.0
change_mechanics,www.speakersassociates.com,0,1,,42.0
change_mechanics,www.annuity.com,0,1,,56.0
change_mechanics,www.thoughtco.com,0,1,,89.0
change_mechanics,tribune.com.pk,0,1,,81.0
change_mechanics,www.seduction.com,1,1,1/1,30.0
change_mechanics,www.coursehero.com,0,1,,77.0
change_mechanics,karmarenewal.com,0,1,,31.0
change_mechanics,www.calendar-canada.ca,0,1,,32.0
change_mechanics,thegemlibrary.com,0,1,,40.0
change_mechanics,bookdialogues.com,0,1,,0.4
change_mechanics,www.cauldronoflifewiccancoven.org,0,1,,0.0
change_mechanics,www.osha.gov,0,1,,91.0
change_mechanics,fitnessvolt.com,1,1,1/1,66.0
change_mechanics,nhmu.utah.edu,0,1,,89.0
change_mechanics,hawkinsandclover.com,0,1,,7.0
change_mechanics,gerdihulsink.com,1,1,1/1,1.9
change_mechanics,www.hayhouse.co.uk,0,1,,52.0
change_mechanics,stopstress.com,0,1,,0.0
change_mechanics,www.icfhoustoncoaches.org,0,1,,14.0
change_mechanics,deckaura.com,1,1,1/1,52.0
change_mechanics,it.wikipedia.org,1,1,1/1,97.0
change_mechanics,ambarya.com.au,0,1,,2.0
change_mechanics,www.byrdie.com,1,1,1/1,85.0
change_mechanics,coachguide.io,0,1,,15.0
change_mechanics,www.originhealing.net,0,1,,1.2
change_mechanics,www.usmagazine.com,0,1,,84.0
change_mechanics,www.madeinearth.com.au,0,1,,15.0
change_mechanics,creativeaspirant.com,0,1,,5.0
change_mechanics,unsewiki.com,0,1,,20.0
change_mechanics,profilbaru.com,0,1,,33.0
change_mechanics,www.101planners.com,0,1,,51.0
change_mechanics,www.finepowertools.com,0,1,,37.0
change_mechanics,symblora.com,1,1,1/1,0.0
change_mechanics,news.artnet.com,0,1,,87.0
change_mechanics,www.nirandfar.com,1,2,1/1,77.0
change_mechanics,foreverymom.com,0,1,,50.0
change_mechanics,www.news9live.com,0,1,,71.0
change_mechanics,highperformingeducator.com,1,3,1/1,25.0
change_mechanics,digital-gym.com,0,1,,0.0
change_mechanics,thespeakerhandbook.com,0,1,,12.0
change_mechanics,3dprintgearlab.com,0,1,,0.0
change_mechanics,gretchenrubin.com,1,1,1/1,78.0
change_mechanics,thepowerofthesubconsciousmind.org,1,1,1/1,0.6
change_mechanics,kotaku.com,0,1,,85.0
change_mechanics,www.justologist.com,0,1,,3.4
change_mechanics,www.kissmycrystal.com,0,1,,0.1
change_mechanics,shopee.ph,1,6,1/1,84.0
change_mechanics,mtgdecks.net,0,1,,51.0
change_mechanics,orahjewels.com,0,1,,32.0
change_mechanics,www.scielo.br,0,1,,88.0
change_mechanics,acibademinternational.com,0,1,,56.0
change_mechanics,www.californiapsychics.com,0,1,,62.0
change_mechanics,irapedia.iracurry.com,0,1,,7.0
change_mechanics,www.lulu.com,0,1,,90.0
change_mechanics,www.worldnumerology.com,0,1,,49.0
change_mechanics,crystalsandreiki.co.uk,1,1,1/1,2.5
change_mechanics,lincs.ed.gov,1,1,1/1,91.0
change_mechanics,www.kerrang.com,0,1,,73.0
change_mechanics,www.minerals-kingdom.com,0,1,,63.0
change_mechanics,www.silvertreewellness.com,0,1,,16.0
change_mechanics,www.wikidata.org,0,1,,89.0
change_mechanics,lescacrystals.com.au,0,1,,2.3
change_mechanics,www.creditrepair.com,0,1,,56.0
change_mechanics,www.airdroid.com,0,1,,74.0
change_mechanics,www.guardianlife.com,0,1,,79.0
change_mechanics,dreamyo.com,0,1,,0.9
change_mechanics,gemstone-dictionary.com,0,1,,2.8
change_mechanics,www.toolstation.com,0,1,,70.0
change_mechanics,channelmaven.com,1,1,1/1,34.0
change_mechanics,movies.stackexchange.com,0,1,,91.0
change_mechanics,www.numerology.com,0,1,,64.0
change_mechanics,www.arckelectrical.com.au,0,1,,6.0
change_mechanics,www.mysticsense.com,0,1,,57.0
change_mechanics,www.anxiety.org,0,1,,70.0
change_mechanics,www.businessballs.com,1,1,1/1,72.0
change_mechanics,www.apparate.com.au,0,1,,29.0
change_mechanics,www.cbtnews.com,1,1,1/1,73.0
change_mechanics,www.zenandstone.com,0,1,,17.0
change_mechanics,danielchidiac.com,1,5,1/1,10.0
change_mechanics,www.flipkart.com,0,1,,89.0
change_mechanics,www.eyeforfilm.co.uk,0,1,,69.0
change_mechanics,www.sandiegoreader.com,0,1,,75.0
change_mechanics,www.usingenglish.com,0,1,,70.0
change_mechanics,seth.info,1,3,1/1,1.7
change_mechanics,www.healthnz.govt.nz,1,1,1/1,82.0
change_mechanics,astrologyking.com,0,1,,55.0
change_mechanics,thespiritualcentre.co.uk,0,1,,1.9
change_mechanics,www.jotapas.com,0,1,,0.8
change_mechanics,business.weightwatchers.com,0,1,,80.0
change_mechanics,journals.aom.org,0,1,,82.0
change_mechanics,store.tonyrobbins.com,0,1,,81.0
change_mechanics,www.nsf.gov,1,1,1/1,90.0
change_mechanics,www.samhsa.gov,0,1,,91.0
change_mechanics,www.bible.com,0,1,,90.0
change_mechanics,www.healingalternativesinc.com,0,1,,22.0
change_mechanics,lsa.umich.edu,1,1,1/1,91.0
change_mechanics,miranna.com,1,1,1/1,6.0
change_mechanics,www.filamentfeed.com,0,1,,0.6
change_mechanics,www.ubuy.ca,0,1,,12.0
change_mechanics,www.jbsports.com.ph,0,1,,6.0
change_mechanics,www.rafaelle.co.uk,0,1,,2.9
change_mechanics,redwheelweiser.com,0,1,,60.0
change_mechanics,46tattoo.com,0,1,,4.8
change_mechanics,blog.chapter.pub,0,1,,25.0
change_mechanics,www.ebay.co.uk,0,1,,91.0
change_mechanics,www.geologyin.com,0,1,,60.0
change_mechanics,parents.simonandschuster.com,0,1,,88.0
change_mechanics,www.tarotcardmeanings.stenudd.org,0,1,,1.9
change_mechanics,soulsisterstarot.com,0,1,,1.7
change_mechanics,www.readandgrowwise.com,0,1,,1.4
change_mechanics,omnika.org,0,1,,28.0
change_mechanics,www.breathofgold.com,0,1,,29.0
change_mechanics,bambulab.cn,0,1,,56.0
change_mechanics,www.unityspiritualcenter.com,1,1,1/1,14.0
change_mechanics,annuityjournal.org,1,1,1/1,8.0
change_mechanics,www.crystalboxshop.com,1,1,1/1,0.1
change_mechanics,spiritualmeanings.net,1,1,1/1,6.0
change_mechanics,brittneykosev.com,0,1,,0.1
change_mechanics,readsome.app,0,1,,0.7
change_mechanics,store.rachelhannaauthor.com,0,1,,10.0
change_mechanics,habitition.com,0,1,,0.0
change_mechanics,elfinalde.com,0,1,,11.0
change_mechanics,www.thisisbarry.com,0,1,,29.0
change_mechanics,rawdivinity.net,0,1,,1.1
change_mechanics,www.ft.com,0,1,,92.0
change_mechanics,www.independent.co.uk,0,1,,91.0
change_mechanics,www.tarotquest.co,0,1,,42.0
change_mechanics,geology.cochise.edu,0,1,,56.0
change_mechanics,www.thevillageidiom.org,0,2,,12.0
change_mechanics,www.strapseeker.com,1,1,1/1,7.0
change_mechanics,www.pageofcards.com,1,1,1/1,0.0
change_mechanics,www.mayachristobel.com,0,1,,9.0
change_mechanics,www.eliandjoseph.com,0,1,,13.0
change_mechanics,kimberlyhirsh.com,0,1,,25.0
change_mechanics,soulfuldreaming.com,0,1,,0.3
change_mechanics,www.ebooks.com,0,1,,75.0
change_mechanics,datenumerology.com,0,1,,0.0
change_mechanics,englishsummary.com,0,1,,35.0
change_mechanics,www.universalpicturesathome.com,0,1,,76.0
change_mechanics,www.kristenwandering.com,0,1,,4.1
change_mechanics,www.se.com,1,3,1/1,88.0
change_mechanics,manifestationroutine.com,0,1,,0.0
change_mechanics,www.foodandwine.com,0,1,,88.0
change_mechanics,www.zendesk.com,1,1,1/1,93.0
change_mechanics,www.jaicobooks.com,1,1,1/1,36.0
change_mechanics,habitslab.app,0,1,,0.5
identity_and_direction,en.wikipedia.org,484,471,484/668,97.0
identity_and_direction,www.reddit.com,256,577,256/427,95.0
identity_and_direction,www.goodreads.com,101,638,101/323,92.0
identity_and_direction,www.healthline.com,215,101,215/302,92.0
identity_and_direction,www.astrology.com,157,64,157/270,73.0
identity_and_direction,www.supersummary.com,100,201,100/213,65.0
identity_and_direction,ajluxe.com,80,64,80/204,19.0
identity_and_direction,books.google.com,77,320,77/185,99.0
identity_and_direction,www.penguinrandomhouse.com,78,208,78/159,91.0
identity_and_direction,www.merriam-webster.com,58,175,58/152,91.0
identity_and_direction,www.psychologytoday.com,69,214,69/145,93.0
identity_and_direction,www.imdb.com,57,292,57/145,94.0
identity_and_direction,www.verywellmind.com,61,53,61/142,90.0
identity_and_direction,www.theguardian.com,57,135,57/142,93.0
identity_and_direction,www.dictionary.com,28,112,28/140,90.0
identity_and_direction,pmc.ncbi.nlm.nih.gov,33,154,33/135,95.0
identity_and_direction,www.blinkist.com,53,58,53/127,76.0
identity_and_direction,pubmed.ncbi.nlm.nih.gov,41,155,41/124,95.0
identity_and_direction,www.gia.edu,71,92,71/123,87.0
identity_and_direction,books.apple.com,19,114,19/116,97.0
identity_and_direction,www.shortform.com,40,104,40/112,72.0
identity_and_direction,dictionary.cambridge.org,50,221,50/111,92.0
identity_and_direction,www.mindbodygreen.com,44,43,44/99,85.0
identity_and_direction,timesofindia.indiatimes.com,43,89,43/96,92.0
identity_and_direction,health.clevelandclinic.org,50,44,50/93,92.0
identity_and_direction,geology.com,36,15,36/91,79.0
identity_and_direction,people.com,56,52,56/90,91.0
identity_and_direction,www.ifshe.co.uk,18,3,18/90,45.0
identity_and_direction,play.google.com,11,103,11/87,99.0
identity_and_direction,www.vogue.com,27,50,27/84,91.0
identity_and_direction,www.kirkusreviews.com,24,73,24/84,86.0
identity_and_direction,www.solacely.co,16,27,16/83,36.0
identity_and_direction,science.howstuffworks.com,26,14,26/82,90.0
identity_and_direction,www.crystalmeaning.com,20,17,20/82,0.4
identity_and_direction,sunrisebling.com,23,25,23/82,3.6
identity_and_direction,openlibrary.org,5,116,5/80,86.0
identity_and_direction,www.enotes.com,28,79,28/79,73.0
identity_and_direction,www.crystalvaults.com,25,27,25/78,68.0
identity_and_direction,www.sciencedirect.com,23,109,23/77,94.0
identity_and_direction,www.litcharts.com,48,99,48/77,72.0
identity_and_direction,www.commonsensemedia.org,46,113,46/76,86.0
identity_and_direction,www.helzberg.com,29,6,29/76,63.0
identity_and_direction,sobrief.com,17,65,17/75,53.0
identity_and_direction,time.com,21,64,21/75,92.0
identity_and_direction,thecrystalcouncil.com,22,39,22/73,66.0
identity_and_direction,www.zevira.net,22,21,22/72,8.0
identity_and_direction,www.rottentomatoes.com,31,116,31/70,87.0
identity_and_direction,www.collinsdictionary.com,7,104,7/68,86.0
identity_and_direction,biologyinsights.com,15,44,15/68,71.0
identity_and_direction,www.crystals.com,28,40,28/67,45.0
identity_and_direction,parade.com,19,39,19/65,85.0
identity_and_direction,www.forbes.com,21,64,21/62,94.0
identity_and_direction,scienceinsights.org,6,40,6/62,70.0
identity_and_direction,www.brides.com,27,19,27/60,85.0
identity_and_direction,wisdomofthespirit.com,14,37,14/60,32.0
identity_and_direction,www.allure.com,27,43,27/59,87.0
identity_and_direction,crystalmeanings.org,12,12,12/58,1.3
identity_and_direction,crystaldatabase.com,23,12,23/57,3.9
identity_and_direction,www.huntertrove.com,43,1,43/56,1.4
identity_and_direction,www.oxfordlearnersdictionaries.com,17,71,17/55,81.0
identity_and_direction,www.sparknotes.com,31,70,31/54,77.0
identity_and_direction,www.1stdibs.com,31,24,31/53,83.0
identity_and_direction,www.washingtonpost.com,16,49,16/53,93.0
identity_and_direction,www.sumizeit.com,25,17,25/53,49.0
identity_and_direction,goodreads.com,9,64,9/52,92.0
identity_and_direction,psychcentral.com,13,26,13/49,87.0
identity_and_direction,acibademinternational.com,26,4,26/49,56.0
identity_and_direction,www.jewelersmutual.com,19,11,19/49,75.0
identity_and_direction,www.publishersweekly.com,15,48,15/49,86.0
identity_and_direction,www.anahana.com,10,15,10/48,62.0
identity_and_direction,music.apple.com,17,79,17/48,97.0
identity_and_direction,blog.bluestone.com,26,11,26/47,61.0
identity_and_direction,www.cambridge.org,10,33,10/47,92.0
identity_and_direction,tucsonspiritualdirection.org,18,19,18/47,22.0
identity_and_direction,crystalsalchemy.com,12,11,12/46,23.0
identity_and_direction,en.wiktionary.org,6,46,6/46,91.0
identity_and_direction,dictionary.apa.org,24,37,24/45,92.0
identity_and_direction,www.webmd.com,15,25,15/45,92.0
identity_and_direction,crystals-for-healing.com,5,1,5/43,0.6
identity_and_direction,elaramuse.com,5,2,5/43,0.9
identity_and_direction,www.christianwebsite.com,6,20,6/42,43.0
identity_and_direction,www.teenvogue.com,12,37,12/42,86.0
identity_and_direction,www.spiritualmarker.com,9,10,9/41,10.0
identity_and_direction,booksthatslay.com,7,17,7/41,27.0
identity_and_direction,www.cartier.com,37,86,37/41,82.0
identity_and_direction,spiritualmojo.com,13,33,13/41,16.0
identity_and_direction,www.gradesaver.com,8,42,8/41,68.0
identity_and_direction,www.researchgate.net,7,48,7/40,93.0
identity_and_direction,hyramode.com,16,4,16/40,0.7
identity_and_direction,www.icha-global.org,6,1,6/39,0.0
identity_and_direction,www.simonandschuster.com,16,52,16/39,88.0
identity_and_direction,4cs.gia.edu,26,14,26/39,87.0
identity_and_direction,www.yahoo.com,2,35,2/39,94.0
identity_and_direction,www.vanityfair.com,8,33,8/38,89.0
identity_and_direction,otterspirit.com,7,12,7/38,37.0
identity_and_direction,www.crystaldigest.com,13,21,13/38,40.0
identity_and_direction,pitchfork.com,18,35,18/38,86.0
identity_and_direction,www.bookey.app,5,37,5/37,61.0
identity_and_direction,www.leapaheadapp.com,4,28,4/37,7.0
identity_and_direction,www.withclarity.com,8,10,8/37,62.0
identity_and_direction,www.glamour.com,12,40,12/36,86.0
identity_and_direction,www.byrdie.com,13,16,13/36,85.0
identity_and_direction,www.centreofexcellence.com,8,14,8/36,67.0
identity_and_direction,www.medicalnewstoday.com,13,26,13/36,91.0
identity_and_direction,www.livescience.com,10,6,10/36,90.0
identity_and_direction,everything.explained.today,0,28,,56.0
identity_and_direction,www.cosyjewelry.com,11,6,11/36,17.0
identity_and_direction,www.ourtattooworld.com,7,25,7/36,0.7
identity_and_direction,www.rogerebert.com,16,32,16/35,81.0
identity_and_direction,www.nme.com,15,34,15/35,84.0
identity_and_direction,www.adobe.com,7,19,7/34,96.0
identity_and_direction,www.kobo.com,2,36,2/34,90.0
identity_and_direction,www.angara.com,12,28,12/34,66.0
identity_and_direction,www.wisdomlib.org,7,30,7/34,74.0
identity_and_direction,www.jewelrysworld.com,10,20,10/34,8.0
identity_and_direction,www.allcrystal.com,5,25,5/34,50.0
identity_and_direction,journals.sagepub.com,6,55,6/34,92.0
identity_and_direction,dreamophile.com,14,20,14/33,0.3
identity_and_direction,www.audible.com,14,18,14/33,91.0
identity_and_direction,www.plotexplained.com,4,42,4/33,15.0
identity_and_direction,soultheory.in,8,11,8/32,3.4
identity_and_direction,www.firemountaingems.com,13,16,13/32,70.0
identity_and_direction,www.linkedin.com,3,33,3/32,99.0
identity_and_direction,symbolostic.com,0,6,,53.0
identity_and_direction,www.crystalindex.co.uk,5,4,5/31,2.3
identity_and_direction,www.rosequartz.co.uk,5,9,5/31,19.0
identity_and_direction,www.meaningfulspirit.com,9,9,9/31,15.0
identity_and_direction,www.astrologyanswers.com,9,15,9/31,49.0
identity_and_direction,www.crystalviden.com,4,12,4/31,38.0
identity_and_direction,www.healthychildren.org,21,39,21/31,89.0
identity_and_direction,www.almanac.com,10,11,10/30,84.0
identity_and_direction,apnews.com,13,13,13/30,92.0
identity_and_direction,www.sothebys.com,10,7,10/30,85.0
identity_and_direction,magickalspot.com,14,16,14/29,54.0
identity_and_direction,www.perlesandco.co.uk,5,7,5/29,30.0
identity_and_direction,blog.jeulia.com,7,12,7/29,60.0
identity_and_direction,onlinelibrary.wiley.com,10,36,10/29,93.0
identity_and_direction,www.hindustantimes.com,7,31,7/28,89.0
identity_and_direction,www.healingcrystalsco.com,6,14,6/28,28.0
identity_and_direction,www.target.com,1,44,1/28,91.0
identity_and_direction,www.ifshe.com,14,5,14/28,20.0
identity_and_direction,www.antiquecut.com,11,8,11/28,33.0
identity_and_direction,www.abiza.co.uk,1,7,1/27,22.0
identity_and_direction,doi.org,7,31,7/27,94.0
identity_and_direction,www.wordreference.com,3,17,3/27,80.0
identity_and_direction,www.newyorker.com,9,28,9/27,91.0
identity_and_direction,my.clevelandclinic.org,8,35,8/27,92.0
identity_and_direction,www.metacritic.com,12,62,12/27,83.0
identity_and_direction,www.vogue.co.uk,11,15,11/27,86.0
identity_and_direction,mollyjewelryus.com,5,4,5/27,43.0
identity_and_direction,www.cbsnews.com,12,31,12/27,92.0
identity_and_direction,newbookrecommendation.com,1,18,1/26,31.0
identity_and_direction,www.penguinrandomhouseretail.com,3,32,3/26,62.0
identity_and_direction,www.touchvintage.com,2,15,2/26,0.2
identity_and_direction,www.inkhub.in,10,13,10/26,32.0
identity_and_direction,symbolopedia.com,3,13,3/26,21.0
identity_and_direction,www.gemselect.com,4,15,4/26,68.0
identity_and_direction,www.penguin.co.uk,6,36,6/26,85.0
identity_and_direction,rockidentifier.io,5,21,5/26,31.0
identity_and_direction,www.latimes.com,7,28,7/26,92.0
identity_and_direction,www.theknot.com,8,15,8/25,91.0
identity_and_direction,aquamarise.com,3,9,3/25,44.0
identity_and_direction,www.rhs.org.uk,20,7,20/25,87.0
identity_and_direction,www.azeera.com,12,11,12/25,18.0
identity_and_direction,www.goodhousekeeping.com,6,25,6/25,90.0
identity_and_direction,thecoloratlas.org,14,5,14/25,0.1
identity_and_direction,indianexpress.com,11,26,11/25,89.0
identity_and_direction,www.bookrags.com,1,34,1/25,64.0
identity_and_direction,academic.oup.com,10,23,10/25,92.0
identity_and_direction,corelunejewellery.de,4,2,4/25,0.0
identity_and_direction,www.mayoclinic.org,9,31,9/24,92.0
identity_and_direction,www.uniguide.com,16,9,16/24,41.0
identity_and_direction,robinsonsjewelers.com,1,6,1/24,39.0
identity_and_direction,www.urbandictionary.com,1,34,1/24,88.0
identity_and_direction,www.grammy.com,16,15,16/24,83.0
identity_and_direction,lyang.co,0,1,,32.0
identity_and_direction,www.history.com,12,11,12/23,90.0
identity_and_direction,www.penguin.com.au,10,34,10/23,78.0
identity_and_direction,ursummary.com,1,22,1/23,7.0
identity_and_direction,www.unearthedcrystals.com.au,6,12,6/23,27.0
identity_and_direction,www.foxlark.com,0,1,,7.0
identity_and_direction,www.bloomingexpert.com,3,6,3/23,18.0
identity_and_direction,www.ncbi.nlm.nih.gov,7,26,7/23,95.0
identity_and_direction,us.macmillan.com,12,37,12/23,86.0
identity_and_direction,us.pandora.net,16,42,16/23,79.0
identity_and_direction,www.temporalis.tattoo,14,10,14/22,55.0
identity_and_direction,adjudged.org,1,1,1/22,0.0
identity_and_direction,www.youtube.com,10,26,10/22,99.0
identity_and_direction,knowyourmeme.com,3,23,3/22,86.0
identity_and_direction,www.crossword.in,7,26,7/21,56.0
identity_and_direction,www.scribd.com,1,27,1/21,91.0
identity_and_direction,www.potalastore.com,4,8,4/21,22.0
identity_and_direction,www.thejewelleryeditor.com,7,2,7/21,63.0
identity_and_direction,comicbook.com,5,28,5/21,79.0
identity_and_direction,skyjems.ca,3,9,3/21,28.0
identity_and_direction,www.romalarjewelry.com,12,1,12/21,32.0
identity_and_direction,lilydiajewellery.com,2,5,2/21,23.0
identity_and_direction,www.horoscope.com,8,10,8/21,69.0
identity_and_direction,www.encyclopedia.com,2,20,2/21,84.0
identity_and_direction,symboliy.com,1,10,1/21,0.0
identity_and_direction,publications.aap.org,14,26,14/21,90.0
identity_and_direction,apps.apple.com,8,39,8/20,97.0
identity_and_direction,gemsritual.com,1,7,1/20,1.4
identity_and_direction,satinski.com,4,1,4/20,30.0
identity_and_direction,satyori.com,5,12,5/20,19.0
identity_and_direction,www.popularmechanics.com,1,1,1/20,86.0
identity_and_direction,thevediccrystals.com,4,7,4/20,25.0
identity_and_direction,www.nature.com,7,25,7/20,93.0
identity_and_direction,goong.com,3,12,3/20,31.0
identity_and_direction,www.cliffsnotes.com,1,16,1/20,73.0
identity_and_direction,www.thetimes.com,8,5,8/20,91.0
identity_and_direction,m.imdb.com,2,20,2/20,94.0
identity_and_direction,tv.apple.com,0,27,,97.0
identity_and_direction,healing-sounds.com,6,18,6/20,40.0
identity_and_direction,symbonest.com,1,9,1/20,38.0
identity_and_direction,www.ebsco.com,3,9,3/19,87.0
identity_and_direction,www.shiels.com.au,6,3,6/19,50.0
identity_and_direction,symbolismdesk.com,10,9,10/19,5.0
identity_and_direction,www.bluenile.com,8,7,8/19,76.0
identity_and_direction,sweetheartgift.com,0,1,,0.3
identity_and_direction,beadage.net,2,13,2/19,40.0
identity_and_direction,www.gemstones.com,3,9,3/19,46.0
identity_and_direction,www.justwatch.com,2,21,2/19,82.0
identity_and_direction,www.crystal-life.com,2,14,2/19,28.0
identity_and_direction,www.tandfonline.com,9,24,9/19,92.0
identity_and_direction,arxiv.org,11,13,11/19,93.0
identity_and_direction,www.brilliantearth.com,9,8,9/19,75.0
identity_and_direction,www.sagegoddess.com,9,16,9/18,53.0
identity_and_direction,www.lemon8-app.com,2,23,2/18,81.0
identity_and_direction,www.hindu-blog.com,6,17,6/18,51.0
identity_and_direction,www.gottman.com,12,14,12/18,85.0
identity_and_direction,www.etymonline.com,1,14,1/18,83.0
identity_and_direction,www.italojewelry.com,3,11,3/18,45.0
identity_and_direction,www.cosmopolitan.com,6,12,6/18,89.0
identity_and_direction,enviroliteracy.org,7,15,7/18,65.0
identity_and_direction,int.cartier.com,1,24,1/18,82.0
identity_and_direction,carathea.co.uk,7,4,7/18,35.0
identity_and_direction,crystalance.com,9,8,9/18,0.7
identity_and_direction,www.anomalietattoo.com,9,5,9/18,10.0
identity_and_direction,www.thenightsky.com,2,2,2/18,52.0
identity_and_direction,www.shazam.com,0,21,,80.0
identity_and_direction,www.frontiersin.org,5,18,5/18,92.0
identity_and_direction,www.madisondia.com,3,2,3/18,71.0
identity_and_direction,www.elle.com,8,22,8/18,90.0
identity_and_direction,www.instyle.com,11,13,11/18,85.0
identity_and_direction,www.jewelleryhat.com,8,7,8/18,34.0
identity_and_direction,www.aarp.org,10,17,10/17,91.0
identity_and_direction,www.the-cartiers.com,8,6,8/17,29.0
identity_and_direction,inkup.co.in,5,4,5/17,2.8
identity_and_direction,spiritualdesk.com,5,10,5/17,27.0
identity_and_direction,tatship.com,1,8,1/17,36.0
identity_and_direction,www.countrylife.co.uk,7,2,7/17,75.0
identity_and_direction,www.abc.net.au,8,20,8/17,91.0
identity_and_direction,meanings.crystalsandjewelry.com,7,7,7/17,61.0
identity_and_direction,www.independent.co.uk,4,15,4/17,91.0
identity_and_direction,shop.tiktok.com,1,15,1/17,97.0
identity_and_direction,skyryedesign.com,2,7,2/17,45.0
identity_and_direction,podcasts.apple.com,5,19,5/17,97.0
identity_and_direction,thalira.com,1,16,1/17,19.0
identity_and_direction,www.crystaldestiny.com,8,5,8/17,7.0
identity_and_direction,medlineplus.gov,4,19,4/17,91.0
identity_and_direction,www.whatspiritual.com,5,5,5/17,14.0
identity_and_direction,www.scifidimensions.com,0,19,,33.0
identity_and_direction,www.indeed.com,8,24,8/16,92.0
identity_and_direction,www.goodnovel.com,0,23,,62.0
identity_and_direction,www.allencheng.com,0,9,,34.0
identity_and_direction,www.hachette.co.uk,7,22,7/16,76.0
identity_and_direction,makeheadway.com,0,9,,72.0
identity_and_direction,www.netflix.com,5,25,5/16,92.0
identity_and_direction,store.steampowered.com,8,35,8/16,92.0
identity_and_direction,www.thewrap.com,2,16,2/16,84.0
identity_and_direction,www.alice-in-wonderland.net,6,10,6/16,54.0
identity_and_direction,www.koreaboo.com,1,15,1/16,71.0
identity_and_direction,shapes.inc,2,24,2/16,53.0
identity_and_direction,atelierzhen.com,3,4,3/16,0.2
identity_and_direction,www.vermontgemlab.com,3,7,3/16,9.0
identity_and_direction,www.wearfortune.com,1,6,1/16,41.0
identity_and_direction,tittac.com,2,6,2/16,34.0
identity_and_direction,www.nhs.uk,6,17,6/16,92.0
identity_and_direction,www.nomination.com,6,6,6/16,60.0
identity_and_direction,geologyscience.com,7,9,7/16,62.0
identity_and_direction,www.booktrust.org.uk,9,19,9/16,76.0
identity_and_direction,lukson.co,4,4,4/16,25.0
identity_and_direction,bookbrief.io,0,15,,14.0
identity_and_direction,dictionary.reverso.net,0,15,,84.0
identity_and_direction,dev.gia.edu,1,5,1/16,87.0
identity_and_direction,www.pinsora.com,6,1,6/16,0.0
identity_and_direction,apptattoogenieai.com,7,2,7/16,0.1
identity_and_direction,www.womenshealthmag.com,1,9,1/16,87.0
identity_and_direction,www.etsy.com,5,28,5/15,94.0
identity_and_direction,www.fascinatingdiamonds.com,5,3,5/15,41.0
identity_and_direction,www.crunchyroll.com,5,21,5/15,83.0
identity_and_direction,www.tvguide.com,1,16,1/15,79.0
identity_and_direction,www.mdpi.com,3,9,3/15,92.0
identity_and_direction,nomorecrycrystal.com,4,7,4/15,0.0
identity_and_direction,www.allmusic.com,2,16,2/15,85.0
identity_and_direction,www.soompi.com,5,16,5/15,75.0
identity_and_direction,www.zaisha.co.in,2,1,2/15,9.0
identity_and_direction,greatergood.berkeley.edu,5,7,5/15,92.0
identity_and_direction,kundlimilan.co.in,11,5,11/15,26.0
identity_and_direction,www.zenandstone.com,1,5,1/15,17.0
identity_and_direction,www.dumiscrystals.co.uk,0,2,,13.0
identity_and_direction,www.penguin.co.in,10,17,10/15,68.0
identity_and_direction,www.radiotimes.com,3,18,3/15,80.0
identity_and_direction,www.realsimple.com,7,12,7/15,87.0
identity_and_direction,mindandstone.com,8,5,8/15,0.0
identity_and_direction,www.the-independent.com,5,12,5/15,80.0
identity_and_direction,www.buzzfeed.com,1,5,1/15,91.0
identity_and_direction,www.whatsafterthemovie.com,1,17,1/15,22.0
identity_and_direction,www.mycrystals.com,2,9,2/15,38.0
identity_and_direction,screenwiseapp.com,3,19,3/15,19.0
identity_and_direction,mysticryst.com,0,12,,24.0
identity_and_direction,worldgender.cnrs.fr,4,1,4/15,89.0
identity_and_direction,www.stylecraze.com,4,9,4/15,77.0
identity_and_direction,www.panmacmillan.com,4,15,4/15,77.0
identity_and_direction,www.tattoosai.com,6,3,6/15,49.0
identity_and_direction,www.health.harvard.edu,6,28,6/15,93.0
identity_and_direction,www.apa.org,7,37,7/15,92.0
identity_and_direction,gamefaqs.gamespot.com,1,29,1/14,85.0
identity_and_direction,positivity.org,5,13,5/14,23.0
identity_and_direction,azonomy.co.uk,5,7,5/14,5.0
identity_and_direction,twentyonepilots.fandom.com,5,13,5/14,92.0
identity_and_direction,www.gamespot.com,5,27,5/14,85.0
identity_and_direction,fortuneandkarma.com,1,3,1/14,0.5
identity_and_direction,wwjournals.com,2,4,2/14,46.0
identity_and_direction,uk.pandora.net,10,32,10/14,79.0
identity_and_direction,bouqs.com,1,3,1/14,73.0
identity_and_direction,www.calendar-canada.ca,3,15,3/14,32.0
identity_and_direction,xoxotattoo.ie,3,1,3/14,0.1
identity_and_direction,www.faruzo.com,2,4,2/14,38.0
identity_and_direction,www.essence.com,6,17,6/14,84.0
identity_and_direction,www.spanishdict.com,2,21,2/14,77.0
identity_and_direction,www.teleflora.com,5,3,5/14,73.0
identity_and_direction,open.spotify.com,4,29,4/14,95.0
identity_and_direction,crystalstones.com,0,7,,31.0
identity_and_direction,www.ritani.com,9,2,9/14,62.0
identity_and_direction,retinadesign.com,2,1,2/14,31.0
identity_and_direction,www.moonlightgemsaz.com,4,10,4/14,8.0
identity_and_direction,manga.fandom.com,8,11,8/14,92.0
identity_and_direction,www.pagangrimoire.com,10,2,10/14,37.0
identity_and_direction,crystallifevibrations.com,3,2,3/14,0.0
identity_and_direction,www.cdc.gov,6,17,6/13,94.0
identity_and_direction,www.simplypsychology.org,5,9,5/13,85.0
identity_and_direction,www.dash.hrecos.org,0,10,,32.0
identity_and_direction,www.simonandschuster.net,5,17,5/13,59.0
identity_and_direction,awakenche.org,1,6,1/13,39.0
identity_and_direction,www.kemstonejewelry.com,3,6,3/13,0.0
identity_and_direction,www.overdrive.com,0,12,,85.0
identity_and_direction,www.taliandloz.com,1,7,1/13,23.0
identity_and_direction,crystalguide.co,2,8,2/13,8.0
identity_and_direction,tyesbytara.com,9,4,9/13,8.0
identity_and_direction,www.tathood.com,3,1,3/13,1.0
identity_and_direction,www.whowhatwear.com,5,14,5/13,84.0
identity_and_direction,storage.googleapis.com,0,12,,93.0
identity_and_direction,www.zenluma.com,2,1,2/13,13.0
identity_and_direction,us.darryring.com,8,18,8/13,51.0
identity_and_direction,www.buddhabodhis.com,6,4,6/13,4.3
identity_and_direction,www.sourcebooks.com,6,10,6/13,73.0
identity_and_direction,crystal-information.com,0,7,,29.0
identity_and_direction,www.lovetoknow.com,3,7,3/13,80.0
identity_and_direction,www.geologyrockspittsburgh.com,2,5,2/13,3.0
identity_and_direction,www.farmersalmanac.com,0,6,,77.0
identity_and_direction,repair.view.edu.pl,2,5,2/13,0.9
identity_and_direction,people.howstuffworks.com,6,6,6/13,90.0
identity_and_direction,www.moonomens.com,2,5,2/13,37.0
identity_and_direction,www.nationalgeographic.com,7,7,7/13,91.0
identity_and_direction,www.nccih.nih.gov,6,33,6/13,95.0
identity_and_direction,www.prnewswire.com,4,20,4/12,92.0
identity_and_direction,www.naturaldiamonds.com,8,4,8/12,73.0
identity_and_direction,www.color-meanings.com,6,10,6/12,67.0
identity_and_direction,bts.fandom.com,7,14,7/12,92.0
identity_and_direction,tatscout.com,4,1,4/12,0.2
identity_and_direction,www.glamourmagazine.co.uk,7,3,7/12,81.0
identity_and_direction,nextluxury.com,5,5,5/12,62.0
identity_and_direction,www.walmart.com,2,15,2/12,92.0
identity_and_direction,www.usajewels.com,4,6,4/12,25.0
identity_and_direction,aualchemy.com,2,1,2/12,1.3
identity_and_direction,www.homesandgardens.com,8,7,8/12,83.0
identity_and_direction,www.seniormatch.com,4,16,4/12,72.0
identity_and_direction,www.acog.org,7,9,7/12,88.0
identity_and_direction,www.pbs.org,4,12,4/12,91.0
identity_and_direction,www.tarot.com,9,5,9/12,70.0
identity_and_direction,crystalspiritual.com,0,2,,0.2
identity_and_direction,tomoria.com,0,3,,13.0
identity_and_direction,gemkrishna.com,2,5,2/12,0.0
identity_and_direction,www.colorpsychology.org,4,7,4/12,75.0
identity_and_direction,ew.com,7,11,7/12,86.0
identity_and_direction,www.divineroots.in,4,5,4/12,32.0
identity_and_direction,tattooradar.com,2,3,2/12,2.1
identity_and_direction,insightsbyomkar.com,1,1,1/12,0.0
identity_and_direction,www.readingvine.com,4,11,4/12,39.0
identity_and_direction,www.kristalmeester.nl,2,4,2/12,36.0
identity_and_direction,www.scienceofpeople.com,3,14,3/12,77.0
identity_and_direction,tattooing101.com,9,3,9/12,51.0
identity_and_direction,buddhive.com,1,3,1/12,4.3
identity_and_direction,bellhooksbooks.com,7,15,7/12,48.0
identity_and_direction,www.shopify.com,7,17,7/12,96.0
identity_and_direction,www.marriage.com,3,17,3/12,75.0
identity_and_direction,www.macouronne.com,1,2,1/12,1.2
identity_and_direction,www.minerals.net,1,11,1/12,66.0
identity_and_direction,www.businessinsider.com,5,9,5/12,92.0
identity_and_direction,www.penguinrandomhouse.ca,1,12,1/12,80.0
identity_and_direction,www.gq.com,4,12,4/12,88.0
identity_and_direction,www.bookbase.app,3,5,3/12,26.0
identity_and_direction,symbolpeak.com,2,4,2/12,0.0
identity_and_direction,www.vice.com,2,11,2/12,91.0
identity_and_direction,www.crystalyzeguide.com,4,5,4/12,26.0
identity_and_direction,sg.pandora.net,2,19,2/12,79.0
identity_and_direction,www.glistia.com.au,2,1,2/12,1.6
identity_and_direction,abcnews.go.com,3,12,3/12,92.0
identity_and_direction,ericsandroni.com,3,7,3/12,10.0
identity_and_direction,www.lajoyajewelry.com,3,11,3/11,34.0
identity_and_direction,numerologist.com,3,7,3/11,68.0
identity_and_direction,monishamelwani.com,0,2,,26.0
identity_and_direction,www.learnreligions.com,6,4,6/11,77.0
identity_and_direction,www.marieclaire.com,2,10,2/11,84.0
identity_and_direction,legalclarity.org,1,8,1/11,76.0
identity_and_direction,tinyrituals.co,2,5,2/11,70.0
identity_and_direction,characters.fandom.com,0,10,,92.0
identity_and_direction,www.gardenia.net,3,3,3/11,73.0
identity_and_direction,australian.museum,3,6,3/11,79.0
identity_and_direction,elsket.com.au,2,1,2/11,0.0
identity_and_direction,www.usmagazine.com,1,13,1/11,84.0
identity_and_direction,www.gaia.com,3,8,3/11,78.0
identity_and_direction,www.cnctattoo.com,7,2,7/11,32.0
identity_and_direction,kymee.in,1,5,1/11,14.0
identity_and_direction,sumikko-gurashi.fandom.com,2,9,2/11,92.0
identity_and_direction,hero.fandom.com,1,11,1/11,92.0
identity_and_direction,openstax.org,6,14,6/11,81.0
identity_and_direction,www.answers.com,2,10,2/11,82.0
identity_and_direction,www.harrypotter.com,9,41,9/11,81.0
identity_and_direction,www.gamesradar.com,5,12,5/11,84.0
identity_and_direction,mountauk.com,3,7,3/11,10.0
identity_and_direction,researchonline.ljmu.ac.uk,0,1,,77.0
identity_and_direction,enchanting-earth.com,1,4,1/11,26.0
identity_and_direction,harrypotter.fandom.com,2,17,2/11,92.0
identity_and_direction,www.lolabean.com,0,3,,6.0
identity_and_direction,www.gemstone.org,8,5,8/11,68.0
identity_and_direction,www.alibaba.com,0,11,,92.0
identity_and_direction,landhatelier.com,2,8,2/11,32.0
identity_and_direction,www.psychiatry.org,2,7,2/11,89.0
identity_and_direction,www.tattoodo.com,1,3,1/10,68.0
identity_and_direction,www.timeout.com,4,9,4/10,90.0
identity_and_direction,www.pluggedin.com,2,7,2/10,71.0
identity_and_direction,www.argent-asher.com,2,6,2/10,48.0
identity_and_direction,thetvdb.com,1,10,1/10,73.0
identity_and_direction,www.thecharacterarc.store,3,1,3/10,0.0
identity_and_direction,askbreeze.com,4,1,4/10,0.0
identity_and_direction,moonrisecrystals.com,2,7,2/10,38.0
identity_and_direction,www.oprahdaily.com,1,7,1/10,84.0
identity_and_direction,letsfib.com,3,10,3/10,3.4
identity_and_direction,static.hlt.bme.hu,1,9,1/10,79.0
identity_and_direction,www.swarovski.com,3,19,3/10,81.0
identity_and_direction,en.wikisource.org,2,12,2/10,89.0
identity_and_direction,www.tattoostours.com,1,9,1/10,0.7
identity_and_direction,spiritualityshepherd.com,1,6,1/10,27.0
identity_and_direction,blog.shoplc.com,4,3,4/10,61.0
identity_and_direction,www.oscolondon.studio,0,2,,30.0
identity_and_direction,www.indiatoday.in,2,15,2/10,86.0
identity_and_direction,www.everand.com,2,9,2/10,79.0
identity_and_direction,tattoo.co.jp,1,4,1/10,11.0
identity_and_direction,lilianeting.com,1,1,1/10,0.0
identity_and_direction,note.com,1,10,1/10,92.0
identity_and_direction,keetaluxury.com,4,3,4/10,10.0
identity_and_direction,therockspace.com,1,1,1/10,24.0
identity_and_direction,www.tattooed.co,2,1,2/10,8.0
identity_and_direction,www.jacquelinevanhoef.com,1,1,1/10,13.0
identity_and_direction,www.asa.org.uk,4,4,4/10,84.0
identity_and_direction,www.igi.org,8,2,8/10,80.0
identity_and_direction,hiddensignificance.com,1,8,1/10,26.0
identity_and_direction,12min.com,1,5,1/10,55.0
identity_and_direction,jewelrylab.co,5,2,5/10,28.0
identity_and_direction,wonderdig.com,2,2,2/10,72.0
identity_and_direction,susu-crystal.com,2,1,2/10,0.0
identity_and_direction,www.denofgeek.com,2,11,2/10,78.0
identity_and_direction,www.tattooswithmeaning.com,5,2,5/10,22.0
identity_and_direction,tattoostyleguide.com,5,9,5/10,0.0
identity_and_direction,easternstory.com,2,3,2/10,0.0
identity_and_direction,crystalshealing.co.uk,5,5,5/10,32.0
identity_and_direction,www.keen.com,1,8,1/10,67.0
identity_and_direction,www.cochrane.org,4,8,4/10,86.0
identity_and_direction,context.reverso.net,1,19,1/10,84.0
identity_and_direction,thelocketsisters.com,1,1,1/10,36.0
identity_and_direction,villains.fandom.com,0,11,,92.0
identity_and_direction,en.wikiquote.org,1,13,1/10,86.0
identity_and_direction,www.verywellhealth.com,8,6,8/10,90.0
identity_and_direction,www.editorsreads.com,1,5,1/10,0.1
identity_and_direction,mymythos.org,2,9,2/10,25.0
identity_and_direction,johannpaulfinejewelry.com,2,1,2/10,10.0
identity_and_direction,www.tvinsider.com,0,11,,77.0
identity_and_direction,www.famousbirthdays.com,4,15,4/10,77.0
identity_and_direction,ca.pandora.net,1,10,1/10,79.0
identity_and_direction,www.colorcypher.com,2,1,2/10,1.1
identity_and_direction,slang.net,0,7,,56.0
identity_and_direction,www.bfi.org.uk,3,10,3/10,84.0
identity_and_direction,inkjin.com,2,6,2/10,8.0
identity_and_direction,www.comingsoon.net,2,6,2/10,76.0
identity_and_direction,wiredvillagegames.com,7,1,7/10,7.0
identity_and_direction,calminds.in,0,5,,9.0
identity_and_direction,www.americangemsociety.org,5,7,5/9,76.0
identity_and_direction,www.psychicsource.com,0,7,,56.0
identity_and_direction,www.leaf.tv,2,3,2/9,71.0
identity_and_direction,fashionista.com,4,6,4/9,81.0
identity_and_direction,publishing.andrewsmcmeel.com,1,9,1/9,73.0
identity_and_direction,www.fda.gov,3,11,3/9,93.0
identity_and_direction,www.aureusboutique.com,2,4,2/9,27.0
identity_and_direction,kerykeion.net,3,6,3/9,12.0
identity_and_direction,www.calm.com,3,6,3/9,87.0
identity_and_direction,astardiamonds.co.uk,1,2,1/9,41.0
identity_and_direction,www.oreateai.com,2,6,2/9,72.0
identity_and_direction,cnalifestyle.channelnewsasia.com,6,2,6/9,86.0
identity_and_direction,www.selectedreads.com,1,8,1/9,27.0
identity_and_direction,spiritual-meaning.uk,2,3,2/9,6.0
identity_and_direction,www.slowisp.com,0,1,,24.0
identity_and_direction,tatspark.com,1,3,1/9,13.0
identity_and_direction,kingsroadtattooparlor.com,1,3,1/9,6.0
identity_and_direction,www.playwhoami.com,2,1,2/9,0.0
identity_and_direction,sonichits.com,3,15,3/9,50.0
identity_and_direction,grahammann.net,5,3,5/9,37.0
identity_and_direction,www.petalrepublic.com,2,3,2/9,58.0
identity_and_direction,www.movieinsider.com,0,9,,57.0
identity_and_direction,www.crystalwind.ca,1,6,1/9,34.0
identity_and_direction,www.snapblooms.com,0,2,,35.0
identity_and_direction,ansvers.com,1,7,1/9,1.5
identity_and_direction,meaningdrift.com,2,1,2/9,2.9
identity_and_direction,www.match.com,3,8,3/9,80.0
identity_and_direction,www.nobbier.com,1,6,1/9,29.0
identity_and_direction,katecollinsjewelry.com,3,3,3/9,8.0
identity_and_direction,luvente.com,2,1,2/9,22.0
identity_and_direction,tattooquestions.com,3,9,3/9,2.0
identity_and_direction,www.ellekennedy.com,9,6,9/9,39.0
identity_and_direction,jewelry-eshop.com,2,2,2/9,32.0
identity_and_direction,www.thefader.com,6,7,6/9,80.0
identity_and_direction,artsandculture.google.com,4,9,4/9,99.0
identity_and_direction,www.crystals.eu,1,11,1/9,17.0
identity_and_direction,www.saracura.com,1,6,1/9,7.0
identity_and_direction,tattoofillerideas.com,5,3,5/9,2.4
identity_and_direction,www.looper.com,3,9,3/9,74.0
identity_and_direction,www.distractify.com,1,7,1/9,76.0
identity_and_direction,en.myrollerstone.com,2,4,2/9,13.0
identity_and_direction,symbolixe.com,1,4,1/9,56.0
identity_and_direction,www.pewresearch.org,7,11,7/9,92.0
identity_and_direction,astrosight.ai,3,4,3/9,20.0
identity_and_direction,haverhill.com,4,3,4/9,36.0
identity_and_direction,fsilverman.com,5,1,5/9,11.0
identity_and_direction,www.tatuagemblog.com,5,5,5/9,12.0
identity_and_direction,www.playstation.com,3,9,3/9,91.0
identity_and_direction,realitypathing.com,1,5,1/9,50.0
identity_and_direction,jingbalance.com,1,2,1/9,0.0
identity_and_direction,embracebohemia.com.au,3,4,3/9,0.0
identity_and_direction,trademarks.justia.com,0,9,,91.0
identity_and_direction,inkspiredmagazine.com,7,3,7/9,25.0
identity_and_direction,www.grahams.com.au,2,2,2/8,33.0
identity_and_direction,link.springer.com,0,7,,93.0
identity_and_direction,www.woodenearth.com,2,1,2/8,57.0
identity_and_direction,astrostyle.com,2,6,2/8,68.0
identity_and_direction,app.thestorygraph.com,1,12,1/8,80.0
identity_and_direction,yourflowersguide.com,0,3,,10.0
identity_and_direction,spiritualask.com,4,4,4/8,6.0
identity_and_direction,www.drugs.com,4,17,4/8,88.0
identity_and_direction,www.silverrushstyle.com,2,5,2/8,41.0
identity_and_direction,www.petmd.com,4,10,4/8,85.0
identity_and_direction,www.mightydainty.com,2,4,2/8,6.0
identity_and_direction,www.san-x.co.jp,7,17,7/8,72.0
identity_and_direction,www.nimh.nih.gov,6,7,6/8,95.0
identity_and_direction,emojipedia.org,5,5,5/8,91.0
identity_and_direction,gemsmantra.com,2,3,2/8,49.0
identity_and_direction,www.medicinenet.com,0,6,,86.0
identity_and_direction,www.standard.co.uk,1,7,1/8,89.0
identity_and_direction,www.nei.nih.gov,6,3,6/8,95.0
identity_and_direction,www.capetowndiamondmuseum.org,2,2,2/8,54.0
identity_and_direction,biddytarot.com,5,3,5/8,70.0
identity_and_direction,nypost.com,7,5,7/8,91.0
identity_and_direction,www.theastrologyweb.com,3,7,3/8,27.0
identity_and_direction,www.adc.com.au,4,8,4/8,27.0
identity_and_direction,sagstone.com,1,3,1/8,2.0
identity_and_direction,lahelajewelry.com,3,2,3/8,30.0
identity_and_direction,www.studocu.com,2,9,2/8,77.0
identity_and_direction,ournakshatra.com,6,1,6/8,4.8
identity_and_direction,www.grimballjewelers.com,1,1,1/8,45.0
identity_and_direction,www.goodtherapy.org,0,3,,84.0
identity_and_direction,www.zalkari.com,1,4,1/8,20.0
identity_and_direction,citizenside.com,2,2,2/8,61.0
identity_and_direction,classywomencollection.com,1,3,1/8,36.0
identity_and_direction,thegemlibrary.com,1,6,1/8,40.0
identity_and_direction,stg07.penguin.co.in,2,6,2/8,68.0
identity_and_direction,rock.id,1,3,1/8,20.0
identity_and_direction,www.analuisa.com,0,1,,61.0
identity_and_direction,reedsy.com,3,5,3/8,83.0
identity_and_direction,alexisjae.com,2,1,2/8,21.0
identity_and_direction,www.wix.com,6,8,6/8,95.0
identity_and_direction,gthic.com,0,4,,58.0
identity_and_direction,www.akc.org,5,30,5/8,90.0
identity_and_direction,www.louisehay.com,4,9,4/8,71.0
identity_and_direction,www.spiritanimaltest.org,2,3,2/8,32.0
identity_and_direction,inkapes.com,3,4,3/8,17.0
identity_and_direction,www.hachettebookgroup.com,3,10,3/8,85.0
identity_and_direction,anthonybrayheta.com,1,1,1/8,0.0
identity_and_direction,www.newbeauty.com,4,5,4/8,78.0
identity_and_direction,www.inkaitattoo.com,4,2,4/8,38.0
identity_and_direction,www.wired.com,3,10,3/8,92.0
identity_and_direction,themineralogiecompany.com,1,3,1/8,0.7
identity_and_direction,consciousitems.com,0,6,,69.0
identity_and_direction,celesties.org,5,1,5/8,3.3
identity_and_direction,prtimes.jp,3,12,3/8,92.0
identity_and_direction,www.bloomsbury.com,1,10,1/8,88.0
identity_and_direction,www.gyfts.io,0,1,,6.0
identity_and_direction,awstest-small-a-02.isc-seo.upenn.edu,1,4,1/8,91.0
identity_and_direction,www.gemstone-dictionary.com,3,3,3/8,2.8
identity_and_direction,www.tiffany.com,5,25,5/8,80.0
identity_and_direction,zumorrud.com,1,1,1/8,11.0
identity_and_direction,www.hayhouse.co.in,4,3,4/8,25.0
identity_and_direction,lestudiopixel.com,0,1,,11.0
identity_and_direction,en.newsner.com,3,1,3/8,71.0
identity_and_direction,penguinrandomhousehighereducation.com,1,8,1/8,64.0
identity_and_direction,www.gemstonea.com,2,5,2/8,16.0
identity_and_direction,books.google.co.in,1,10,1/8,91.0
identity_and_direction,www.barnesandnoble.com,1,8,1/8,92.0
identity_and_direction,iverjewelry.com,2,6,2/8,9.0
identity_and_direction,www.classpop.com,1,8,1/8,59.0
identity_and_direction,quotefancy.com,1,9,1/8,77.0
identity_and_direction,www.fizzread.ai,1,5,1/8,26.0
identity_and_direction,rupikaur.com,7,6,7/8,65.0
identity_and_direction,readinglist.school,3,13,3/8,14.0
identity_and_direction,san-xcharacters.fandom.com,0,2,,92.0
identity_and_direction,www.gemstone7.com,1,6,1/8,26.0
identity_and_direction,www.macys.com,1,10,1/8,85.0
identity_and_direction,www.findurings.com,0,1,,34.0
identity_and_direction,www.revediamonds.com,2,3,2/8,28.0
identity_and_direction,www.givemehistory.com,2,5,2/8,30.0
identity_and_direction,www.loudersound.com,5,7,5/8,76.0
identity_and_direction,www.crystalage.com,1,8,1/7,40.0
identity_and_direction,jewelstyleradar.com,1,5,1/7,2.1
identity_and_direction,www.nameplatedepot.com,0,2,,2.9
identity_and_direction,healthy.kaiserpermanente.org,3,6,3/7,85.0
identity_and_direction,warnerbros.fandom.com,0,6,,92.0
identity_and_direction,symbolism.fandom.com,0,3,,92.0
identity_and_direction,childrenandmedia.org.au,0,4,,51.0
identity_and_direction,www.allaboutvision.com,4,9,4/7,80.0
identity_and_direction,www.inkbolt.in,2,5,2/7,6.0
identity_and_direction,365ayearof.cartier.com,0,1,,82.0
identity_and_direction,oliviaewing.com,4,3,4/7,9.0
identity_and_direction,www.worldhistory.org,0,5,,83.0
identity_and_direction,www.icontattoo.ca,1,1,1/7,10.0
identity_and_direction,www.midipy.fr,0,1,,22.0
identity_and_direction,pdanyfashion.com,6,1,6/7,0.0
identity_and_direction,vocabdictionary.com,0,5,,19.0
identity_and_direction,blog.xdares.com,0,4,,33.0
identity_and_direction,www.yourdictionary.com,1,7,1/7,81.0
identity_and_direction,centerspirited.com,4,4,4/7,18.0
identity_and_direction,www.thecrimson.com,1,5,1/7,81.0
identity_and_direction,onyadiamonds.com,3,1,3/7,10.0
identity_and_direction,www.songmeaningsandfacts.com,1,6,1/7,40.0
identity_and_direction,meaningora.com,0,4,,2.8
identity_and_direction,www.consumerreports.org,4,10,4/7,90.0
identity_and_direction,www.self.com,1,6,1/7,86.0
identity_and_direction,romanrud.com,0,1,,0.6
identity_and_direction,www.vogue.in,4,7,4/7,81.0
identity_and_direction,www.colorsexplained.com,2,5,2/7,50.0
identity_and_direction,gaflajewellery.com,1,2,1/7,39.0
identity_and_direction,gemsense.in,2,4,2/7,18.0
identity_and_direction,biblehub.com,3,10,3/7,87.0
identity_and_direction,www.slj.com,3,7,3/7,78.0
identity_and_direction,thesecretofthetarot.com,0,2,,36.0
identity_and_direction,fivebooks.com,4,10,4/7,71.0
identity_and_direction,spiritsaware.com,0,3,,16.0
identity_and_direction,www.southernliving.com,6,5,6/7,86.0
identity_and_direction,dailydish.co.uk,0,3,,42.0
identity_and_direction,punscope.online,3,1,3/7,0.1
identity_and_direction,fourminutebooks.com,2,7,2/7,63.0
identity_and_direction,aelva.com,5,2,5/7,3.2
identity_and_direction,www.rif.org,3,4,3/7,73.0
identity_and_direction,au.rollingstone.com,1,6,1/7,90.0
identity_and_direction,www.mybookadvisor.com,0,2,,0.0
identity_and_direction,www.cyberdefinitions.com,3,8,3/7,53.0
identity_and_direction,www.azquotes.com,1,11,1/7,83.0
identity_and_direction,harry-potter-compendium.fandom.com,0,8,,92.0
identity_and_direction,www.fashiongonerogue.com,1,3,1/7,70.0
identity_and_direction,glozya.ca,0,2,,1.1
identity_and_direction,ultimatepopculture.fandom.com,0,5,,92.0
identity_and_direction,www.themodestman.com,1,13,1/7,66.0
identity_and_direction,vanishingtattoo.com,0,2,,44.0
identity_and_direction,new.rupikaur.com,4,4,4/7,65.0
identity_and_direction,purrnakraleti.in,0,2,,0.3
identity_and_direction,www.inkl.com,2,6,2/7,73.0
identity_and_direction,bts.ibighit.com,6,17,6/7,72.0
identity_and_direction,plato.stanford.edu,5,11,5/7,92.0
identity_and_direction,www.caligio.com,0,2,,1.4
identity_and_direction,search.worldcat.org,2,11,2/7,88.0
identity_and_direction,www.simplypsychology.com,1,5,1/7,37.0
identity_and_direction,tattoosofasia.com,0,2,,2.0
identity_and_direction,my.gia.edu,2,10,2/7,87.0
identity_and_direction,fossilnest.com,0,2,,2.2
identity_and_direction,buddha3bodhi.com,0,2,,36.0
identity_and_direction,thursd.com,4,4,4/7,65.0
identity_and_direction,symbolhuts.com,0,3,,0.0
identity_and_direction,crystalpedia.co.uk,0,6,,0.0
identity_and_direction,www.monicarichkosann.com,1,3,1/7,51.0
identity_and_direction,www.arcanepavilion.com,0,1,,0.0
identity_and_direction,eyefeather.com,0,3,,7.0
identity_and_direction,www.scholastic.com,2,8,2/7,87.0
identity_and_direction,jewelsgalaxywholesale.com,5,1,5/7,26.0
identity_and_direction,www.harpersbazaar.com,1,7,1/7,89.0
identity_and_direction,www.chicstylecollective.com,1,2,1/7,37.0
identity_and_direction,www.angelicalbalance.com,1,4,1/7,27.0
identity_and_direction,cafeastrology.com,0,8,,75.0
identity_and_direction,www.simonandschuster.co.uk,0,9,,73.0
identity_and_direction,www.azenira.com,3,1,3/7,0.0
identity_and_direction,taylorandhart.com,3,4,3/7,55.0
identity_and_direction,kagaki.com,1,3,1/7,0.6
identity_and_direction,www.fandango.com,1,7,1/7,86.0
identity_and_direction,store.astroyogi.com,3,3,3/7,58.0
identity_and_direction,auroraantiqua.com,0,3,,0.0
identity_and_direction,shunspirit.com,2,6,2/7,29.0
identity_and_direction,www.gemsinvite.com,0,3,,11.0
identity_and_direction,mindfulsouls.com,0,6,,43.0
identity_and_direction,culture.fandom.com,0,5,,92.0
identity_and_direction,penguinrandomhouselibrary.com,0,8,,57.0
identity_and_direction,www.grammarly.com,1,6,1/7,90.0
identity_and_direction,www.swooon.com,2,7,2/7,57.0
identity_and_direction,d23.com,1,7,1/7,75.0
identity_and_direction,www.findgemstone.com,1,3,1/7,18.0
identity_and_direction,www.wsj.com,3,7,3/7,92.0
identity_and_direction,eragem.com,0,1,,38.0
identity_and_direction,www.babynamespedia.com,0,4,,56.0
identity_and_direction,about.netflix.com,2,6,2/6,92.0
identity_and_direction,www.hp-lexicon.org,1,7,1/6,64.0
identity_and_direction,energymuse.com,0,4,,71.0
identity_and_direction,www.emojimeaning.com,1,6,1/6,38.0
identity_and_direction,www.getstoryshots.com,2,4,2/6,47.0
identity_and_direction,anyrockidentifier.com,3,4,3/6,17.0
identity_and_direction,www.vam.ac.uk,2,4,2/6,87.0
identity_and_direction,labyrinthos.co,4,2,4/6,64.0
identity_and_direction,www.gotquestions.org,2,17,2/6,83.0
identity_and_direction,www.simonandschuster.com.au,2,8,2/6,73.0
identity_and_direction,www.nylon.com,1,6,1/6,80.0
identity_and_direction,www.brainyquote.com,2,7,2/6,90.0
identity_and_direction,dicci.eu,1,1,1/6,24.0
identity_and_direction,beyondbohemian.com,2,5,2/6,12.0
identity_and_direction,www.villagerockshop.com,2,1,2/6,32.0
identity_and_direction,www.complex.com,2,8,2/6,86.0
identity_and_direction,damasci.com,2,1,2/6,2.7
identity_and_direction,www.wiccangathering.com,1,2,1/6,3.1
identity_and_direction,press.tiffany.com,4,7,4/6,80.0
identity_and_direction,www.aifortattoo.com,0,3,,14.0
identity_and_direction,shopping.yahoo.com,1,5,1/6,94.0
identity_and_direction,spiritualark.com,0,4,,20.0
identity_and_direction,dvikjewels.com,0,2,,28.0
identity_and_direction,cornellbotanicgardens.org,4,3,4/6,56.0
identity_and_direction,litereads.app,1,2,1/6,0.0
identity_and_direction,www.vaticannews.va,6,9,6/6,86.0
identity_and_direction,www.dogster.com,3,5,3/6,78.0
identity_and_direction,www.homeremediesseasy.com,0,1,,16.0
identity_and_direction,neoencyclopedia.fandom.com,0,4,,92.0
identity_and_direction,gypsygemsjewelrybox.com,0,2,,10.0
identity_and_direction,briefly.co.za,2,2,2/6,71.0
identity_and_direction,mysticgleam.com,1,4,1/6,2.8
identity_and_direction,www.newindianexpress.com,0,6,,84.0
identity_and_direction,tattooadore.com,1,2,1/6,6.0
identity_and_direction,www.slashfilm.com,0,7,,79.0
identity_and_direction,gemstonerush.com,4,4,4/6,1.3
identity_and_direction,www.helpguide.org,1,5,1/6,87.0
identity_and_direction,whatemoji.org,0,5,,16.0
identity_and_direction,scifi.stackexchange.com,2,6,2/6,91.0
identity_and_direction,luvembooks.com,1,7,1/6,6.0
identity_and_direction,www.shubhgems.com,1,5,1/6,30.0
identity_and_direction,skepticalinquirer.org,0,3,,72.0
identity_and_direction,www.who.int,3,7,3/6,93.0
identity_and_direction,www.harvard.com,1,5,1/6,74.0
identity_and_direction,www.younghouselove.com,0,1,,72.0
identity_and_direction,www.mindat.org,4,33,4/6,78.0
identity_and_direction,www.townandcountrymag.com,1,4,1/6,83.0
identity_and_direction,www.filmibeat.com,2,11,2/6,71.0
identity_and_direction,www.oxmag.co.uk,2,1,2/6,44.0
identity_and_direction,500tattoos.com,0,2,,3.8
identity_and_direction,www.bustle.com,0,6,,88.0
identity_and_direction,www.fossilera.com,0,3,,52.0
identity_and_direction,www.love-and-co.com.my,1,1,1/6,10.0
identity_and_direction,www.auntyflo.com,1,4,1/6,45.0
identity_and_direction,bangtanfacts.com,1,5,1/6,0.3
identity_and_direction,philpapers.org,2,5,2/6,81.0
identity_and_direction,www.jotapas.com,4,4,4/6,0.8
identity_and_direction,groupgames101.com,2,1,2/6,26.0
identity_and_direction,www.dictionary.net,0,5,,48.0
identity_and_direction,inkedquest.com,0,1,,0.0
identity_and_direction,www.rafaelle.co.uk,1,6,1/6,2.9
identity_and_direction,www.tarotcardmeanings.stenudd.org,0,1,,1.9
identity_and_direction,brieflane.com,0,6,,17.0
identity_and_direction,www.ellecanada.com,2,4,2/6,75.0
identity_and_direction,www.ryandelaney.co,0,2,,29.0
identity_and_direction,krkjewels.com,0,3,,38.0
identity_and_direction,www.ft.com,1,5,1/6,92.0
identity_and_direction,www.eonline.com,2,6,2/6,85.0
identity_and_direction,www.nationaltrust.org.uk,1,3,1/6,89.0
identity_and_direction,www.theoi.com,3,10,3/6,75.0
identity_and_direction,static.rottentomatoes.com,0,6,,87.0
identity_and_direction,www.ancestry.com,3,8,3/6,87.0
identity_and_direction,www.scouts.org.uk,1,2,1/6,81.0
identity_and_direction,tatufoto.com,1,6,1/6,41.0
identity_and_direction,raisingchildren.net.au,0,6,,82.0
identity_and_direction,animamundicrystals.com,1,4,1/6,32.0
identity_and_direction,beads.co,0,3,,8.0
identity_and_direction,www.shokorohandmade.com,0,3,,15.0
identity_and_direction,www.biblegateway.com,5,12,5/6,91.0
identity_and_direction,www.viz.com,5,18,5/6,75.0
identity_and_direction,www.routledge.com,0,7,,90.0
identity_and_direction,www.bhg.com,2,5,2/6,88.0
identity_and_direction,www.esrb.org,4,16,4/6,82.0
identity_and_direction,www.goodomen.com,1,2,1/6,1.8
identity_and_direction,naturalgemstones.com,0,4,,43.0
identity_and_direction,spiritualwithliza.com,1,5,1/6,2.3
identity_and_direction,www.emmymaebridal.com,2,1,2/6,22.0
identity_and_direction,ie.pandora.net,1,7,1/6,79.0
identity_and_direction,clubs.scholastic.com,3,7,3/6,87.0
identity_and_direction,lifesuccessjournal.com,1,2,1/6,15.0
identity_and_direction,health.howstuffworks.com,4,3,4/6,90.0
identity_and_direction,www.sonypictures.com,2,3,2/6,81.0
identity_and_direction,www.handicraftswholesale.com,6,1,6/6,54.0
identity_and_direction,blisscrystals.com,4,8,4/6,29.0
identity_and_direction,www.blissdiamond.com,4,3,4/6,42.0
identity_and_direction,disney.fandom.com,1,7,1/6,92.0
identity_and_direction,growingjewelry.com,1,5,1/6,15.0
identity_and_direction,minuteread.app,0,2,,0.0
identity_and_direction,www.bookbrowse.com,1,6,1/6,69.0
identity_and_direction,www.reference.com,3,5,3/6,84.0
identity_and_direction,www.thereviewgeek.com,1,6,1/6,51.0
identity_and_direction,www.zales.com,1,4,1/6,72.0
identity_and_direction,www.luxyin.com,0,5,,13.0
identity_and_direction,monolithstudio.com,4,3,4/6,34.0
identity_and_direction,www.plasticsurgery.org,3,11,3/6,85.0
identity_and_direction,www.whatyouwilllearn.com,2,2,2/6,35.0
identity_and_direction,www.thetrendspotter.net,0,4,,72.0
identity_and_direction,www.ourspiritanimal.com,0,6,,14.0
identity_and_direction,www.indiatimes.com,2,6,2/6,92.0
identity_and_direction,newmoonbeginnings.com,3,5,3/6,38.0
identity_and_direction,lifeclub.org,0,3,,35.0
identity_and_direction,letterboxd.com,0,8,,89.0
identity_and_direction,www.parents.com,3,4,3/6,87.0
identity_and_direction,www.selfandothers.co.uk,0,1,,42.0
identity_and_direction,blog.bhoma.com,0,5,,18.0
identity_and_direction,www.vedicintell.com,1,1,1/6,0.0
identity_and_direction,sagedatum.com,4,5,4/6,11.0
identity_and_direction,www.borsheims.com,4,2,4/6,60.0
identity_and_direction,jiyagoldpalace.com,1,2,1/6,0.0
identity_and_direction,www.sputnikmusic.com,0,5,,61.0
identity_and_direction,www.jckonline.com,2,6,2/6,76.0
identity_and_direction,nakshamastro.com,2,3,2/6,13.0
identity_and_direction,rocrystal.com,0,3,,0.0
identity_and_direction,www.thebump.com,3,4,3/6,80.0
identity_and_direction,www.giacoloredstones.com,2,5,2/6,17.0
identity_and_direction,www.thejewelrymagazine.com,1,2,1/6,35.0
identity_and_direction,www.themysticstones.com,0,4,,13.0
identity_and_direction,www.antiquejewel.com,1,1,1/6,51.0
identity_and_direction,www.yfn.com,1,1,1/6,54.0
identity_and_direction,encyclopedia.arabpsychology.com,0,3,,47.0
identity_and_direction,www.trustpilot.com,1,6,1/6,94.0
identity_and_direction,www.element79jewelry.com,0,1,,30.0
identity_and_direction,whoamigame.app,0,1,,0.0
identity_and_direction,medium.com,1,8,1/6,94.0
identity_and_direction,www.aafp.org,0,3,,88.0
identity_and_direction,auroragems.com,1,6,1/6,25.0
identity_and_direction,www.literaryacademy.in,0,1,,0.0
identity_and_direction,primestyle.com,1,2,1/6,31.0
identity_and_direction,www.reuters.com,3,5,3/6,93.0
identity_and_direction,penguinrandomhousesecondaryeducation.com,2,7,2/6,58.0
identity_and_direction,ca.linkedin.com,0,3,,99.0
identity_and_direction,asianwiki.com,1,7,1/5,71.0
identity_and_direction,www.theograce.com,0,3,,40.0
identity_and_direction,innernurture.com.au,1,3,1/5,0.6
identity_and_direction,www.planetfitness.com,1,2,1/5,78.0
identity_and_direction,www.littlerbooks.com,0,2,,14.0
identity_and_direction,www.healingcrystals.com,0,7,,55.0
identity_and_direction,kathleenkarlsen.com,0,2,,14.0
identity_and_direction,blackink.ai,1,4,1/5,49.0
identity_and_direction,florgeous.com,0,4,,34.0
identity_and_direction,zencollection.ca,1,1,1/5,13.0
identity_and_direction,www.lingotop.com,0,3,,4.8
identity_and_direction,five-books.com,0,1,,6.0
identity_and_direction,www.hachette.com.au,2,5,2/5,72.0
identity_and_direction,www.webnovel.com,0,8,,73.0
identity_and_direction,www.choosingtherapy.com,4,2,4/5,77.0
identity_and_direction,www.yaot.io,1,5,1/5,5.0
identity_and_direction,www.psychologicalscience.org,0,5,,84.0
identity_and_direction,www.rawspiritual.com,1,2,1/5,10.0
identity_and_direction,www.purposejewelry.org,2,2,2/5,37.0
identity_and_direction,smartbuy.alibaba.com,1,5,1/5,92.0
identity_and_direction,www.dwsjewellery.com,0,2,,29.0
identity_and_direction,www.amethystsecrets.com,2,2,2/5,9.0
identity_and_direction,hellofearless.com,0,5,,31.0
identity_and_direction,fluentslang.com,0,4,,35.0
identity_and_direction,witchcraftforbeginners.com,1,4,1/5,36.0
identity_and_direction,www.kailorashop.com,2,1,2/5,0.0
identity_and_direction,www.metmuseum.org,2,10,2/5,90.0
identity_and_direction,www.nhsinform.scot,1,3,1/5,84.0
identity_and_direction,www.truthordare.website,1,5,1/5,0.0
identity_and_direction,thecinemaholic.com,0,5,,68.0
identity_and_direction,www.bookseriesinorder.com,0,3,,50.0
identity_and_direction,www.helenhoang.com,3,1,3/5,49.0
identity_and_direction,moritarot.com,0,3,,0.6
identity_and_direction,ncbi.nlm.nih.gov,2,3,2/5,95.0
identity_and_direction,www.thegospelcoalition.org,2,5,2/5,83.0
identity_and_direction,www.1800flowers.com,3,4,3/5,79.0
identity_and_direction,www.yourtango.com,0,5,,78.0
identity_and_direction,www.animecharactersdatabase.com,0,6,,46.0
identity_and_direction,www.hostinger.com,0,3,,92.0
identity_and_direction,www.ultraboardgames.com,0,4,,53.0
identity_and_direction,www.theharmonystore.com,2,4,2/5,3.7
identity_and_direction,www.getty.edu,2,3,2/5,85.0
identity_and_direction,www.usccb.org,0,6,,86.0
identity_and_direction,kpop.fandom.com,0,3,,92.0
identity_and_direction,bookshop.org,0,5,,91.0
identity_and_direction,grimoire.love,1,3,1/5,0.5
identity_and_direction,newsnetwork.mayoclinic.org,2,4,2/5,92.0
identity_and_direction,thetakenforgranted.com,1,2,1/5,1.1
identity_and_direction,www.thomassabo.com,0,5,,64.0
identity_and_direction,www.healthdirect.gov.au,3,8,3/5,87.0
identity_and_direction,thebenildean.org,0,1,,26.0
identity_and_direction,studylib.net,0,5,,73.0
identity_and_direction,psychology.com,3,4,3/5,63.0
identity_and_direction,phys.org,2,5,2/5,89.0
identity_and_direction,www.dmia.net,3,1,3/5,27.0
identity_and_direction,localflower.ca,1,1,1/5,32.0
identity_and_direction,tattoorate.com,0,1,,9.0
identity_and_direction,oriire.com,3,1,3/5,36.0
identity_and_direction,library.teachingbooks.net,1,5,1/5,72.0
identity_and_direction,slangpuns.com,0,1,,0.0
identity_and_direction,www.theograce.co.uk,0,2,,23.0
identity_and_direction,www.raretejewelry.com,0,2,,12.0
identity_and_direction,economictimes.indiatimes.com,1,4,1/5,92.0
identity_and_direction,symbolismguide.com,0,5,,26.0
identity_and_direction,www.salon.com,1,4,1/5,87.0
identity_and_direction,www.nektanewyork.com,0,4,,29.0
identity_and_direction,www.healthshots.com,1,4,1/5,74.0
identity_and_direction,www.colormatters.com,0,2,,74.0
identity_and_direction,www.capitalfm.com,2,5,2/5,74.0
identity_and_direction,jamanetwork.com,1,5,1/5,91.0
identity_and_direction,charactercommunity.fandom.com,0,4,,92.0
identity_and_direction,diagaa.com,0,2,,0.1
identity_and_direction,alokaexplorer.myshopify.com,0,3,,95.0
identity_and_direction,www.culturefrontier.com,0,1,,39.0
identity_and_direction,www.ipcm.it,1,1,1/5,55.0
identity_and_direction,archive.gia.edu,0,2,,87.0
identity_and_direction,samridhidance.com,4,1,4/5,1.7
identity_and_direction,geediting.com,3,4,3/5,59.0
identity_and_direction,pinkcloverflorist.com,2,3,2/5,15.0
identity_and_direction,www.tarotsparks.com,0,1,,4.5
identity_and_direction,denali-development.cartier.com,0,5,,82.0
identity_and_direction,www.karmaandluck.com,1,2,1/5,48.0
identity_and_direction,gemstonegifts.co.uk,0,1,,6.0
identity_and_direction,www.ganeshaspeaks.com,1,3,1/5,63.0
identity_and_direction,www.mysticsense.com,0,3,,57.0
identity_and_direction,www.consciousink.com,2,6,2/5,32.0
identity_and_direction,amp.knowyourmeme.com,1,9,1/5,86.0
identity_and_direction,www.thetimes.co.uk,2,5,2/5,90.0
identity_and_direction,sites.google.com,2,4,2/5,99.0
identity_and_direction,www.si.edu,1,9,1/5,91.0
identity_and_direction,www.getvoxbrief.com,2,5,2/5,8.0
identity_and_direction,lyricsmeanings.com,1,5,1/5,6.0
identity_and_direction,study.com,1,5,1/5,85.0
identity_and_direction,www.mentalfloss.com,2,3,2/5,86.0
identity_and_direction,www.menshealth.com,1,5,1/5,87.0
identity_and_direction,www.gem.org.au,1,2,1/5,56.0
identity_and_direction,www.gemgazette.com,1,2,1/5,6.0
identity_and_direction,www.knowmastery.com,2,4,2/5,34.0
identity_and_direction,www.britishdsire.com,2,2,2/5,10.0
identity_and_direction,healthyhappyimpactful.com,0,3,,48.0
identity_and_direction,www.candledelirium.com,1,1,1/5,47.0
identity_and_direction,www.dogobooks.com,0,6,,40.0
identity_and_direction,jewelerloom.com,2,3,2/5,1.9
identity_and_direction,practicalpie.com,1,3,1/5,64.0
identity_and_direction,elra.in,1,1,1/5,1.6
identity_and_direction,www.fragrantica.com,1,6,1/5,83.0
identity_and_direction,www.secretsense.co.za,4,2,4/5,8.0
identity_and_direction,scripturesavvy.com,0,4,,35.0
identity_and_direction,www.highonfilms.com,0,5,,64.0
identity_and_direction,www.booksource.com,2,7,2/5,52.0
identity_and_direction,jadesessence.com,0,2,,22.0
identity_and_direction,songtell.com,0,3,,41.0
identity_and_direction,www.realself.com,2,4,2/5,81.0
identity_and_direction,www.booknotification.com,0,4,,33.0
identity_and_direction,folioweekly.com,0,1,,58.0
identity_and_direction,decider.com,1,5,1/5,77.0
identity_and_direction,www.canva.com,1,6,1/5,93.0
identity_and_direction,boerajewelry.com,1,4,1/5,27.0
identity_and_direction,www.heart.co.uk,1,2,1/5,72.0
identity_and_direction,colorpsychologymeaning.com,0,2,,32.0
identity_and_direction,spiritualall.com,4,5,4/5,6.0
identity_and_direction,us.missoma.com,1,2,1/5,67.0
identity_and_direction,www.despertarmagia.com,0,2,,6.0
identity_and_direction,resident.com,1,2,1/5,72.0
identity_and_direction,www.akiemart.com,0,1,,1.1
identity_and_direction,www.spiritofisis.org,1,3,1/5,10.0
identity_and_direction,www.interflora.co.uk,2,1,2/5,66.0
identity_and_direction,quillbot.com,0,6,,83.0
identity_and_direction,strugadesign.com,1,3,1/5,1.6
identity_and_direction,www.esquire.com,1,4,1/5,87.0
identity_and_direction,durmonski.com,0,2,,40.0
identity_and_direction,artincontext.org,0,5,,70.0
identity_and_direction,www.sacredessence.co.uk,0,3,,17.0
identity_and_direction,jbrjeweler.com,2,1,2/5,14.0
