phrase,domain,times_cited,times_appeared,cite_through_ratio,domain_rating
hypervigilance,pubmed.ncbi.nlm.nih.gov,15,29,0.5172,95.0
hypervigilance,www.ptsd.va.gov,16,28,0.5714,91.0
hypervigilance,pmc.ncbi.nlm.nih.gov,11,24,0.4583,95.0
hypervigilance,en.wikipedia.org,11,14,0.7857,97.0
hypervigilance,www.nimh.nih.gov,4,13,0.3077,95.0
hypervigilance,doi.org,2,10,0.2,94.0
hypervigilance,www.apa.org,3,10,0.3,92.0
hypervigilance,www.sciencedirect.com,1,8,0.125,94.0
hypervigilance,www.reddit.com,5,7,0.7143,95.0
hypervigilance,www.healthquality.va.gov,3,7,0.4286,91.0
hypervigilance,www.samhsa.gov,4,6,0.6667,91.0
hypervigilance,www.psychologytoday.com,2,6,0.3333,93.0
hypervigilance,www.besselvanderkolk.com,4,6,0.6667,75.0
hypervigilance,www.penguinrandomhouse.com,3,6,0.5,91.0
hypervigilance,healthquality.va.gov,1,5,0.2,91.0
hypervigilance,www.washingtonpost.com,0,5,0.0,93.0
hypervigilance,www.frontiersin.org,1,5,0.2,92.0
hypervigilance,www.supersummary.com,1,5,0.2,65.0
hypervigilance,www.sparknotes.com,3,4,0.75,77.0
hypervigilance,www.akc.org,2,4,0.5,90.0
hypervigilance,www.psychiatry.org,3,4,0.75,89.0
hypervigilance,www.nhs.uk,1,4,0.25,92.0
hypervigilance,www.nice.org.uk,3,4,0.75,90.0
hypervigilance,my.clevelandclinic.org,1,4,0.25,92.0
hypervigilance,journals.sagepub.com,0,4,0.0,92.0
hypervigilance,psychiatryonline.org,1,4,0.25,87.0
hypervigilance,link.springer.com,0,3,0.0,93.0
hypervigilance,www.researchgate.net,0,3,0.0,93.0
hypervigilance,www.goodreads.com,0,3,0.0,92.0
hypervigilance,onlinelibrary.wiley.com,0,3,0.0,93.0
hypervigilance,www.research.va.gov,2,3,0.6667,91.0
hypervigilance,www.kirkusreviews.com,1,3,0.3333,86.0
hypervigilance,www.who.int,3,3,1.0,93.0
hypervigilance,www.wired.com,2,3,0.6667,92.0
hypervigilance,books.google.com,1,3,0.3333,100.0
hypervigilance,www.mentalhealth.va.gov,1,3,0.3333,91.0
hypervigilance,arcane.fandom.com,2,3,0.6667,92.0
hypervigilance,www.simplypsychology.org,1,2,0.5,85.0
hypervigilance,drjoe.ca,1,2,0.5,1.4
hypervigilance,www.litcharts.com,1,2,0.5,72.0
hypervigilance,medlineplus.gov,2,2,1.0,91.0
hypervigilance,www.nhsinform.scot,0,2,0.0,84.0
hypervigilance,www.netflix.com,0,2,0.0,92.0
hypervigilance,sobrief.com,1,2,0.5,53.0
hypervigilance,www.govinfo.gov,0,2,0.0,91.0
hypervigilance,www.ameli.fr,1,2,0.5,90.0
hypervigilance,www.accessdata.fda.gov,2,2,1.0,93.0
hypervigilance,studylib.net,0,2,0.0,73.0
hypervigilance,thehungergames.fandom.com,1,2,0.5,92.0
hypervigilance,www.pbs.org,1,2,0.5,91.0
hypervigilance,goodreads.com,0,2,0.0,92.0
hypervigilance,www.theguardian.com,2,2,1.0,93.0
hypervigilance,www.has-sante.fr,1,2,0.5,86.0
hypervigilance,www.patreon.com,2,2,1.0,93.0
hypervigilance,13reasonswhy.fandom.com,2,2,1.0,92.0
hypervigilance,www.va.gov,0,2,0.0,91.0
hypervigilance,www.health.mil,0,2,0.0,81.0
hypervigilance,www.shortform.com,1,2,0.5,72.0
hypervigilance,www.manicpixiedust.com,1,2,0.5,3.9
hypervigilance,www.ncbi.nlm.nih.gov,1,2,0.5,95.0
hypervigilance,www.simplypsychology.com,1,2,0.5,42.0
hypervigilance,health.clevelandclinic.org,0,2,0.0,92.0
hypervigilance,sites.psu.edu,2,2,1.0,91.0
hypervigilance,www.enotes.com,0,2,0.0,73.0
hypervigilance,www.hawaii.edu,1,2,0.5,88.0
hypervigilance,advancestudy.org,0,2,0.0,50.0
hypervigilance,www.zooplus.fr,2,2,1.0,72.0
hypervigilance,neurolaunch.com,1,2,0.5,71.0
hypervigilance,www.marvel.com,2,2,1.0,84.0
hypervigilance,journals.univie.ac.at,1,2,0.5,87.0
hypervigilance,embracefertility.mykajabi.com,1,1,1.0,91.0
hypervigilance,rethink.org,0,1,0.0,81.0
hypervigilance,livvet.vet,0,1,0.0,38.0
hypervigilance,www.reuters.com,0,1,0.0,93.0
hypervigilance,www.penguin.com.au,0,1,0.0,79.0
hypervigilance,www.niaaa.nih.gov,1,1,1.0,95.0
hypervigilance,www.penguinrandomhouseretail.com,0,1,0.0,63.0
hypervigilance,xtracult.it,0,1,0.0,15.0
hypervigilance,www.psychiatryinvestigation.org,0,1,0.0,71.0
hypervigilance,www.charactour.com,1,1,1.0,48.0
hypervigilance,www.egdcollective.org,1,1,1.0,34.0
hypervigilance,www.aarp.org,0,1,0.0,91.0
hypervigilance,healthdictionaryseries.wordpress.com,0,1,0.0,96.0
hypervigilance,thetvdb.com,1,1,1.0,73.0
hypervigilance,www.probinism.com,0,1,0.0,11.0
hypervigilance,psychopathologyinfilmblog.wordpress.com,1,1,1.0,96.0
hypervigilance,bewell.ny.gov,0,1,0.0,92.0
hypervigilance,www.dndbeyond.com,0,1,0.0,81.0
hypervigilance,connect.mayoclinic.org,1,1,1.0,92.0
hypervigilance,jaapl.org,1,1,1.0,71.0
hypervigilance,www.activeresponsetraining.net,0,1,0.0,47.0
hypervigilance,www.petmd.com,1,1,1.0,85.0
hypervigilance,apps.apple.com,0,1,0.0,97.0
hypervigilance,www.psychiatrictimes.com,0,1,0.0,80.0
hypervigilance,necsus-ejms.org,1,1,1.0,55.0
hypervigilance,www.aapc.com,0,1,0.0,79.0
hypervigilance,www.scranton.edu,1,1,1.0,73.0
hypervigilance,www.mayoclinic.org,1,1,1.0,92.0
hypervigilance,legalclarity.org,0,1,0.0,76.0
hypervigilance,www.petalertglobal.com,0,1,0.0,39.0
hypervigilance,www.nerdwallet.com,0,1,0.0,90.0
hypervigilance,www.nidcd.nih.gov,0,1,0.0,95.0
hypervigilance,production.veterinaryevidence.org,0,1,0.0,56.0
hypervigilance,www.1440.org,1,1,1.0,60.0
hypervigilance,www.gottman.com,0,1,0.0,85.0
hypervigilance,stanforddaily.com,0,1,0.0,75.0
hypervigilance,nexus.leagueoflegends.com,0,1,0.0,83.0
hypervigilance,www.dhs.wisconsin.gov,0,1,0.0,88.0
hypervigilance,www.ptsduk.org,0,1,0.0,71.0
hypervigilance,journal.universitaspahlawan.ac.id,1,1,1.0,56.0
hypervigilance,www.cruse.org.uk,1,1,1.0,82.0
hypervigilance,www.placedesanimaliers.fr,1,1,1.0,28.0
hypervigilance,uw.manifoldapp.org,1,1,1.0,69.0
hypervigilance,www.conscioused.org,0,1,0.0,21.0
hypervigilance,live.veterinaryevidence.org,0,1,0.0,56.0
hypervigilance,coverletter.us,0,1,0.0,1.0
hypervigilance,myheroacademia.fandom.com,1,1,1.0,92.0
hypervigilance,www.unboundmedicine.com,0,1,0.0,72.0
hypervigilance,disabledcharacters.fandom.com,0,1,0.0,92.0
hypervigilance,alicetrannp.com,0,1,0.0,8.0
hypervigilance,www.commonsensemedia.org,1,1,1.0,87.0
hypervigilance,recovery.com,0,1,0.0,75.0
hypervigilance,design-system.nice.org.uk,0,1,0.0,90.0
hypervigilance,cdn.who.int,1,1,1.0,93.0
hypervigilance,archive.transformativeworks.org,0,1,0.0,69.0
hypervigilance,aacap.confex.com,1,1,1.0,84.0
hypervigilance,www.lindsaycgibson.com,0,1,0.0,34.0
hypervigilance,bpspsychub.onlinelibrary.wiley.com,0,1,0.0,93.0
hypervigilance,www.monash.edu,1,1,1.0,87.0
hypervigilance,www2.hse.ie,1,1,1.0,85.0
hypervigilance,psychiatryinstitute.com,0,1,0.0,59.0
hypervigilance,www.essentiahealth.org,0,1,0.0,70.0
hypervigilance,thenocturnists.org,0,1,0.0,38.0
hypervigilance,www.militarytimes.com,1,1,1.0,81.0
hypervigilance,www.consumerreports.org,1,1,1.0,90.0
hypervigilance,psychcentral.com,0,1,0.0,87.0
hypervigilance,www.hiwaifu.com,0,1,0.0,30.0
hypervigilance,www.canada.ca,0,1,0.0,93.0
hypervigilance,www.roleplayingtips.com,1,1,1.0,49.0
hypervigilance,themensworkdirectory.com,0,1,0.0,0.0
hypervigilance,www.growthroughbooks.net,1,1,1.0,0.0
hypervigilance,shubhanshuinsights.com,0,1,0.0,1.1
hypervigilance,podscripts.co,0,1,0.0,52.0
hypervigilance,stars.library.ucf.edu,0,1,0.0,85.0
hypervigilance,vbcapod.com,0,1,0.0,1.2
hypervigilance,training.seer.cancer.gov,0,1,0.0,91.0
hypervigilance,www.hardwarezone.com.sg,0,1,0.0,71.0
hypervigilance,carers.org,1,1,1.0,76.0
hypervigilance,www.mozillafoundation.org,1,1,1.0,76.0
hypervigilance,www.doctorwho.tv,0,1,0.0,67.0
hypervigilance,www.capradio.org,0,1,0.0,75.0
hypervigilance,www.syfy.com,1,1,1.0,80.0
hypervigilance,iris.who.int,0,1,0.0,93.0
hypervigilance,indianmentalhealth.com,1,1,1.0,34.0
hypervigilance,www.studocu.com,0,1,0.0,77.0
hypervigilance,www.emotionalsurvival.com,1,1,1.0,29.0
hypervigilance,wegotthiscovered.com,0,1,0.0,73.0
hypervigilance,journals.plos.org,0,1,0.0,92.0
hypervigilance,wiki.sizzltek.com,1,1,1.0,0.0
hypervigilance,www.cartoonbrew.com,0,1,0.0,75.0
hypervigilance,www.inserm.fr,1,1,1.0,86.0
hypervigilance,www.helpguide.org,0,1,0.0,87.0
hypervigilance,content.govdelivery.com,0,1,0.0,90.0
hypervigilance,hilo.hawaii.edu,1,1,1.0,88.0
hypervigilance,hopestreamcommunity.org,1,1,1.0,40.0
hypervigilance,www.neurology.org,0,1,0.0,85.0
hypervigilance,paperzz.com,0,1,0.0,53.0
hypervigilance,www.aacap.org,0,1,0.0,83.0
hypervigilance,time.com,0,1,0.0,92.0
hypervigilance,dictionary.apa.org,1,1,1.0,92.0
hypervigilance,www.harvard.com,0,1,0.0,74.0
hypervigilance,www.sfgate.com,0,1,0.0,90.0
hypervigilance,studymoose.com,0,1,0.0,57.0
hypervigilance,www.writermag.com,0,1,0.0,64.0
hypervigilance,www.childline.org.uk,0,1,0.0,85.0
hypervigilance,www.tandfonline.com,0,1,0.0,92.0
hypervigilance,eleplan.com,0,1,0.0,18.0
hypervigilance,chien.pagesjaunes.fr,1,1,1.0,89.0
hypervigilance,www.veterantraining.va.gov,0,1,0.0,91.0
hypervigilance,www.cambridge.org,1,1,1.0,92.0
hypervigilance,www.santepubliquefrance.fr,0,1,0.0,86.0
hypervigilance,fanlore.org,0,1,0.0,67.0
hypervigilance,vcahospitals.com,1,1,1.0,84.0
hypervigilance,www.jeuxvideo.com,0,1,0.0,76.0
hypervigilance,www.brainandhearthealing.com,0,1,0.0,1.1
hypervigilance,fr.scribd.com,0,1,0.0,91.0
hypervigilance,www.bustle.com,1,1,1.0,88.0
hypervigilance,aiptcomics.com,1,1,1.0,63.0
hypervigilance,www.practo.com,0,1,0.0,80.0
hypervigilance,www.bookey.app,0,1,0.0,61.0
hypervigilance,comicbook.com,1,1,1.0,80.0
hypervigilance,www.pfizermedicalinformation.com,1,1,1.0,59.0
hypervigilance,www.riverstonecounselling.ca,0,1,0.0,0.6
hypervigilance,insights.lotuscentersc.org,1,1,1.0,8.0
hypervigilance,mentaltherapy.io,0,1,0.0,19.0
hypervigilance,drgabormate.com,0,1,0.0,75.0
hypervigilance,www.imdb.com,0,1,0.0,94.0
hypervigilance,www.getvoxbrief.com,0,1,0.0,8.0
hypervigilance,nj.gov,0,1,0.0,91.0
hypervigilance,www.perlego.com,0,1,0.0,73.0
hypervigilance,www.ft.com,0,1,0.0,92.0
hypervigilance,ejournal.unesa.ac.id,0,1,0.0,73.0
hypervigilance,www.health.com,1,1,1.0,87.0
hypervigilance,ttrpgfactory.com,0,1,0.0,11.0
hypervigilance,www.granthaalayahpublication.org,0,1,0.0,55.0
hypervigilance,www.youtube.com,0,1,0.0,99.0
hypervigilance,www.entnet.org,0,1,0.0,78.0
hypervigilance,news.va.gov,0,1,0.0,91.0
hypervigilance,www.newharbinger.com,0,1,0.0,74.0
hypervigilance,www.fdle.state.fl.us,1,1,1.0,90.0
hypervigilance,www.radiotimes.com,0,1,0.0,80.0
hypervigilance,artfuldodge.spaces.wooster.edu,0,1,0.0,71.0
hypervigilance,www.houstonpublicmedia.org,0,1,0.0,78.0
hypervigilance,marvel.fandom.com,1,1,1.0,92.0
hypervigilance,www.jscimedcentral.com,0,1,0.0,72.0
hypervigilance,officialtoystory.fandom.com,1,1,1.0,92.0
hypervigilance,app.studyraid.com,0,1,0.0,34.0
hypervigilance,www.denofgeek.com,1,1,1.0,78.0
hypervigilance,jaacapconnect.org,0,1,0.0,42.0
hypervigilance,openlibrary.org,0,1,0.0,86.0
hypervigilance,taskandpurpose.com,1,1,1.0,76.0
hypervigilance,cas360.qu.edu,0,1,0.0,78.0
hypervigilance,www.veteranshealthlibrary.va.gov,0,1,0.0,91.0
hypervigilance,www.hdc.lsuhsc.edu,0,1,0.0,74.0
hypervigilance,paminy.com,0,1,0.0,26.0
hypervigilance,isaacphilips.com,0,1,0.0,4.7
hypervigilance,www.thezebra.com,0,1,0.0,79.0
hypervigilance,www.pixar.com,1,1,1.0,80.0
hypervigilance,www.promeneurdechiens.fr,1,1,1.0,13.0
hypervigilance,www.weenect.com,0,1,0.0,60.0
hypervigilance,tardis.guide,0,1,0.0,19.0
hypervigilance,featuredcontent.psychonomic.org,0,1,0.0,61.0
hypervigilance,www.hundeo.com,0,1,0.0,53.0
hypervigilance,has-sante.fr,0,1,0.0,86.0
hypervigilance,lemonadamedia.com,0,1,0.0,68.0
hypervigilance,www.democracynow.org,0,1,0.0,81.0
hypervigilance,www.cochrane.org,0,1,0.0,86.0
hypervigilance,www.kpbs.org,0,1,0.0,79.0
hypervigilance,ask.woodgreen.org.uk,0,1,0.0,64.0
hypervigilance,www.info.gouv.fr,0,1,0.0,89.0
hypervigilance,search.worldcat.org,0,1,0.0,88.0
hypervigilance,www.loc.gov,0,1,0.0,91.0
hypervigilance,www.zylkenepet.co.uk,0,1,0.0,37.0
hypervigilance,www.bobvila.com,0,1,0.0,85.0
hypervigilance,www.gameblog.fr,0,1,0.0,66.0
hypervigilance,binette-et-jardin.ouest-france.fr,0,1,0.0,90.0
hypervigilance,mspmag.com,0,1,0.0,75.0
hypervigilance,www.hachette.fr,0,1,0.0,72.0
hypervigilance,villains.fandom.com,0,1,0.0,92.0
hypervigilance,www.audiofilemagazine.com,0,1,0.0,73.0
hypervigilance,en.wikiquote.org,1,1,1.0,86.0
hypervigilance,study.sagepub.com,1,1,1.0,92.0
hypervigilance,usserviceanimalregistrar.org,1,1,1.0,27.0
hypervigilance,www.theforwardfirefighter.com,0,1,0.0,0.1
hypervigilance,renminds.org,1,1,1.0,24.0
hypervigilance,arxiv.org,0,1,0.0,93.0
hypervigilance,www.nnlm.gov,1,1,1.0,74.0
hypervigilance,skullywullypully.tumblr.com,0,1,0.0,94.0
hypervigilance,www.theverge.com,0,1,0.0,92.0
hypervigilance,www.arts.gov,1,1,1.0,85.0
hypervigilance,www.gradesaver.com,0,1,0.0,68.0
hypervigilance,icd-10codes.com,0,1,0.0,0.0
hypervigilance,podcasts.apple.com,1,1,1.0,97.0
hypervigilance,www.annualreviews.org,1,1,1.0,89.0
hypervigilance,tdr.who.int,0,1,0.0,93.0
hypervigilance,hub.edubirdie.com,0,1,0.0,81.0
hypervigilance,www.hoffmaninstitute.org,0,1,0.0,61.0
hypervigilance,s3-euw1-ap-pe-df-pch-content-store-p.s3.eu-west-1.amazonaws.com,1,1,1.0,95.0
hypervigilance,emotionalsurvival.com,1,1,1.0,29.0
hypervigilance,www.cancer.org,0,1,0.0,91.0
hypervigilance,www.curablehealth.com,0,1,0.0,65.0
hypervigilance,www.gameslearningsociety.org,0,1,0.0,52.0
hypervigilance,www.verywellhealth.com,1,1,1.0,90.0
hypervigilance,www.belloflostsouls.net,0,1,0.0,65.0
hypervigilance,helldivers.wiki.gg,1,1,1.0,79.0
hypervigilance,ifp.nyu.edu,0,1,0.0,91.0
hypervigilance,blogs.longwood.edu,1,1,1.0,71.0
hypervigilance,www.vox.com,1,1,1.0,91.0
hypervigilance,www.rccs.org.uk,0,1,0.0,15.0
hypervigilance,istss.org,0,1,0.0,75.0
hypervigilance,davidlouisedelman.com,0,1,0.0,26.0
hypervigilance,penguinrandomhousehighereducation.com,0,1,0.0,64.0
hypervigilance,americanwritersmuseum.org,0,1,0.0,66.0
hypervigilance,www.nccih.nih.gov,1,1,1.0,95.0
hypervigilance,gradesfixer.com,0,1,0.0,65.0
hypervigilance,www.seba.health,0,1,0.0,16.0
hypervigilance,www.acute.org,0,1,0.0,53.0
hypervigilance,www23.statcan.gc.ca,0,1,0.0,90.0
hypervigilance,conseils-veto.com,0,1,0.0,45.0
hypervigilance,thebookerprizes.com,0,1,0.0,76.0
hypervigilance,rpg.stackexchange.com,0,1,0.0,91.0
hypervigilance,spj.science.org,0,1,0.0,91.0
hypervigilance,www.zooplus.be,0,1,0.0,51.0
hypervigilance,www.5esrd.com,0,1,0.0,45.0
hypervigilance,www.mhafayette.org,0,1,0.0,3.3
hypervigilance,discover.cuyahogalibrary.org,0,1,0.0,68.0
hypervigilance,www.bannerhealth.com,0,1,0.0,78.0
hypervigilance,omh.ny.gov,1,1,1.0,92.0
hypervigilance,www.jardiland.com,0,1,0.0,71.0
hypervigilance,www.ukessays.com,1,1,1.0,70.0
hypervigilance,library.uintah.gov,0,1,0.0,31.0
hypervigilance,www.jstor.org,0,1,0.0,91.0
hypervigilance,reefwatch.net,0,1,0.0,23.0
hypervigilance,ptsdflighttofreedom.com,0,1,0.0,0.5
hypervigilance,microcosmpublishing.com,0,1,0.0,70.0
hypervigilance,thewaltdisneycompany.com,0,1,0.0,86.0
hypervigilance,thedailyfandom.org,0,1,0.0,29.0
hypervigilance,www.chronovet.fr,0,1,0.0,75.0
hypervigilance,www.ageuk.org.uk,0,1,0.0,86.0
hypervigilance,icdlist.com,1,1,1.0,37.0
fawn response,www.psychologytoday.com,2,8,0.25,93.0
fawn response,www.simplypsychology.com,1,3,0.3333,42.0
fawn response,health.clevelandclinic.org,2,3,0.6667,92.0
fawn response,www.healthline.com,1,3,0.3333,92.0
fawn response,www.simplypsychology.org,1,2,0.5,85.0
fawn response,psychcentral.com,0,2,0.0,87.0
fawn response,boundaryplaybook.com,0,1,0.0,0.2
fawn response,www.bottomlineinc.com,0,1,0.0,61.0
fawn response,biologyinsights.com,0,1,0.0,71.0
fawn response,psychiatrymagazine.com,1,1,1.0,17.0
fawn response,www.psychmechanics.com,0,1,0.0,47.0
fawn response,www.simonandschuster.com,0,1,0.0,88.0
fawn response,www.medicalnewstoday.com,0,1,0.0,91.0
fawn response,rainn.org,1,1,1.0,87.0
fawn response,www.penguinrandomhouse.com,0,1,0.0,91.0
fawn response,petermcgraw.org,0,1,0.0,52.0
fawn response,www.lifeline.org.au,0,1,0.0,88.0
fawn response,davenportpsychology.com,0,1,0.0,38.0
fawn response,www.psypost.org,0,1,0.0,78.0
fawn response,www.beliefnet.com,0,1,0.0,77.0
fear of abandonment,en.wikipedia.org,14,24,0.5833,97.0
fear of abandonment,pubmed.ncbi.nlm.nih.gov,10,18,0.5556,95.0
fear of abandonment,www.psychologytoday.com,6,10,0.6,93.0
fear of abandonment,pmc.ncbi.nlm.nih.gov,2,10,0.2,95.0
fear of abandonment,www.nimh.nih.gov,3,8,0.375,95.0
fear of abandonment,www.wired.com,2,8,0.25,92.0
fear of abandonment,www.dc.com,5,7,0.7143,80.0
fear of abandonment,dictionary.apa.org,6,7,0.8571,92.0
fear of abandonment,www.nhs.uk,0,6,0.0,92.0
fear of abandonment,www.apa.org,2,6,0.3333,92.0
fear of abandonment,my.clevelandclinic.org,1,6,0.1667,92.0
fear of abandonment,www.researchgate.net,0,5,0.0,93.0
fear of abandonment,cjds.uwaterloo.ca,1,5,0.2,88.0
fear of abandonment,www.reddit.com,3,5,0.6,95.0
fear of abandonment,www.cbsnews.com,2,5,0.4,92.0
fear of abandonment,starwars.fandom.com,0,4,0.0,92.0
fear of abandonment,www.cambridge.org,3,4,0.75,92.0
fear of abandonment,comicbook.com,0,4,0.0,80.0
fear of abandonment,www.psychiatry.org,0,4,0.0,89.0
fear of abandonment,www.pixar.com,3,4,0.75,80.0
fear of abandonment,www.supersummary.com,2,4,0.5,65.0
fear of abandonment,dc.fandom.com,2,3,0.6667,92.0
fear of abandonment,studylib.net,1,3,0.3333,73.0
fear of abandonment,www.theguardian.com,1,3,0.3333,93.0
fear of abandonment,www.imdb.com,1,3,0.3333,94.0
fear of abandonment,www.youtube.com,0,3,0.0,99.0
fear of abandonment,www.ncbi.nlm.nih.gov,1,3,0.3333,95.0
fear of abandonment,villains.fandom.com,0,3,0.0,92.0
fear of abandonment,sites.psu.edu,2,3,0.6667,91.0
fear of abandonment,journals.sagepub.com,1,3,0.3333,92.0
fear of abandonment,www.ukessays.com,2,3,0.6667,70.0
fear of abandonment,www.yahoo.com,1,3,0.3333,94.0
fear of abandonment,psychiatryonline.org,0,3,0.0,87.0
fear of abandonment,www.starwars.com,1,3,0.3333,83.0
fear of abandonment,drjoe.ca,1,2,0.5,1.4
fear of abandonment,www.msdmanuals.com,0,2,0.0,86.0
fear of abandonment,www.sciencedirect.com,2,2,1.0,94.0
fear of abandonment,www.mayoclinic.org,1,2,0.5,92.0
fear of abandonment,www.scribd.com,0,2,0.0,91.0
fear of abandonment,www.netflix.com,0,2,0.0,92.0
fear of abandonment,www.zimbardo.com,1,2,0.5,50.0
fear of abandonment,www.rogerebert.com,2,2,1.0,81.0
fear of abandonment,www.commonsensemedia.org,2,2,1.0,87.0
fear of abandonment,psychcentral.com,1,2,0.5,87.0
fear of abandonment,www.jessicafern.com,1,2,0.5,43.0
fear of abandonment,www.sparknotes.com,0,2,0.0,77.0
fear of abandonment,onlinelibrary.wiley.com,0,2,0.0,93.0
fear of abandonment,needystreameroverload.wiki.gg,1,2,0.5,79.0
fear of abandonment,www.studocu.com,0,2,0.0,77.0
fear of abandonment,www.pbs.org,1,2,0.5,91.0
fear of abandonment,revistas.usal.es,0,2,0.0,80.0
fear of abandonment,abcnews.com,0,2,0.0,91.0
fear of abandonment,www.harvard.com,1,2,0.5,74.0
fear of abandonment,studymoose.com,0,2,0.0,57.0
fear of abandonment,www.usmagazine.com,1,2,0.5,84.0
fear of abandonment,www.rottentomatoes.com,1,2,0.5,87.0
fear of abandonment,www.scielo.br,2,2,1.0,88.0
fear of abandonment,www.timeshighereducation.com,1,2,0.5,85.0
fear of abandonment,www.independent.co.uk,0,2,0.0,91.0
fear of abandonment,poppyplaytime.wiki.gg,1,2,0.5,79.0
fear of abandonment,www.refinery29.com,2,2,1.0,88.0
fear of abandonment,periodicos.puc-campinas.edu.br,1,2,0.5,67.0
fear of abandonment,officialtoystory.fandom.com,1,2,0.5,92.0
fear of abandonment,books.google.com,0,2,0.0,100.0
fear of abandonment,www.penguinrandomhouse.com,0,2,0.0,91.0
fear of abandonment,health.clevelandclinic.org,1,2,0.5,92.0
fear of abandonment,symptomsofliving.com,0,2,0.0,26.0
fear of abandonment,www.springfieldspringfield.co.uk,1,2,0.5,49.0
fear of abandonment,www.healthline.com,2,2,1.0,92.0
fear of abandonment,poppy-playtime.fandom.com,1,2,0.5,92.0
fear of abandonment,arcane.fandom.com,1,2,0.5,92.0
fear of abandonment,reefwatch.net,0,2,0.0,23.0
fear of abandonment,www.vice.com,1,2,0.5,91.0
fear of abandonment,www.aafp.org,0,2,0.0,88.0
fear of abandonment,d23.com,1,2,0.5,76.0
fear of abandonment,ifs-institute.com,0,1,0.0,82.0
fear of abandonment,psychologyfor.com,0,1,0.0,31.0
fear of abandonment,freshairarchive.org,0,1,0.0,58.0
fear of abandonment,pixar-20.fandom.com,0,1,0.0,92.0
fear of abandonment,www.theschooloflife.com,0,1,0.0,76.0
fear of abandonment,store.epicgames.com,1,1,1.0,90.0
fear of abandonment,www.egdcollective.org,1,1,1.0,34.0
fear of abandonment,hicsiowa.org,1,1,1.0,41.0
fear of abandonment,animerants.net,0,1,0.0,12.0
fear of abandonment,www.simonandschuster.net,1,1,1.0,60.0
fear of abandonment,themeadowglade.com,0,1,0.0,23.0
fear of abandonment,www.litcharts.com,1,1,1.0,72.0
fear of abandonment,gredos.usal.es,0,1,0.0,80.0
fear of abandonment,www.musica.com,0,1,0.0,57.0
fear of abandonment,jaapl.org,0,1,0.0,71.0
fear of abandonment,medlineplus.gov,0,1,0.0,91.0
fear of abandonment,borderlineproject.org,0,1,0.0,3.7
fear of abandonment,personality-index.com,0,1,0.0,1.3
fear of abandonment,nexus.leagueoflegends.com,0,1,0.0,83.0
fear of abandonment,standard-evil.fandom.com,0,1,0.0,92.0
fear of abandonment,tampa-recovery.com,0,1,0.0,20.0
fear of abandonment,slam.nhs.uk,0,1,0.0,70.0
fear of abandonment,www.nhsinform.scot,0,1,0.0,84.0
fear of abandonment,www.gameinformer.com,1,1,1.0,79.0
fear of abandonment,www.revolvermag.com,0,1,0.0,72.0
fear of abandonment,www.autismforums.com,0,1,0.0,28.0
fear of abandonment,prodogg.tumblr.com,0,1,0.0,94.0
fear of abandonment,zenodo.org,0,1,0.0,90.0
fear of abandonment,in.yvex.de,1,1,1.0,22.0
fear of abandonment,avatar.fandom.com,0,1,0.0,92.0
fear of abandonment,legalknowledgebase.com,0,1,0.0,25.0
fear of abandonment,disabledcharacters.fandom.com,0,1,0.0,92.0
fear of abandonment,www.latimes.com,0,1,0.0,92.0
fear of abandonment,filmdaze.net,1,1,1.0,36.0
fear of abandonment,www.raminamagid.com,0,1,0.0,13.0
fear of abandonment,connectionsoc.com,0,1,0.0,31.0
fear of abandonment,www.uni-trier.de,1,1,1.0,82.0
fear of abandonment,starwars.disney.co.jp,0,1,0.0,81.0
fear of abandonment,www.sockscap64.com,0,1,0.0,32.0
fear of abandonment,sobrief.com,1,1,1.0,53.0
fear of abandonment,whatdoesthatsongmean.com,0,1,0.0,0.4
fear of abandonment,archive.transformativeworks.org,0,1,0.0,69.0
fear of abandonment,aacap.confex.com,1,1,1.0,84.0
fear of abandonment,www.govinfo.gov,0,1,0.0,91.0
fear of abandonment,www.leagueoflegends.com,0,1,0.0,83.0
fear of abandonment,www.hiwaifu.com,0,1,0.0,30.0
fear of abandonment,www.allmusic.com,0,1,0.0,85.0
fear of abandonment,www.canada.ca,0,1,0.0,93.0
fear of abandonment,pixar-villians.fandom.com,0,1,0.0,92.0
fear of abandonment,disneynews.us,0,1,0.0,54.0
fear of abandonment,scienceofmind.org,0,1,0.0,30.0
fear of abandonment,www.healthdirect.gov.au,0,1,0.0,87.0
fear of abandonment,iopn.library.illinois.edu,0,1,0.0,90.0
fear of abandonment,www.gamespot.com,1,1,1.0,86.0
fear of abandonment,www.vanitatis.elconfidencial.com,0,1,0.0,85.0
fear of abandonment,disneyvillains.fandom.com,0,1,0.0,92.0
fear of abandonment,www.acronymfinder.com,0,1,0.0,74.0
fear of abandonment,needy-streamer-overload.fandom.com,1,1,1.0,92.0
fear of abandonment,repository.umsu.ac.id,0,1,0.0,70.0
fear of abandonment,www.modernman.com,1,1,1.0,54.0
fear of abandonment,www.goodreads.com,1,1,1.0,92.0
fear of abandonment,www.abc.net.au,0,1,0.0,91.0
fear of abandonment,toystory.disney.com,1,1,1.0,89.0
fear of abandonment,knowavoidant.com,0,1,0.0,0.0
fear of abandonment,www.carlatierphotography.co.uk,0,1,0.0,0.3
fear of abandonment,www.washingtonpost.com,0,1,0.0,93.0
fear of abandonment,shapes.inc,0,1,0.0,54.0
fear of abandonment,hub.papersowl.com,0,1,0.0,75.0
fear of abandonment,clip.cafe,0,1,0.0,60.0
fear of abandonment,shiftgrit.com,0,1,0.0,29.0
fear of abandonment,forums.thebump.com,0,1,0.0,80.0
fear of abandonment,wegotthiscovered.com,0,1,0.0,73.0
fear of abandonment,writingbros.com,0,1,0.0,40.0
fear of abandonment,www.doctissimo.fr,0,1,0.0,83.0
fear of abandonment,inconsistently-heinous.fandom.com,0,1,0.0,92.0
fear of abandonment,entertainingly-detestable.fandom.com,0,1,0.0,92.0
fear of abandonment,parade.com,0,1,0.0,85.0
fear of abandonment,www.kirkusreviews.com,1,1,1.0,86.0
fear of abandonment,www.senzoapp.com,0,1,0.0,0.0
fear of abandonment,pinkhistory.blog,1,1,1.0,5.0
fear of abandonment,www.aacap.org,0,1,0.0,83.0
fear of abandonment,www.simonandschuster.com,0,1,0.0,88.0
fear of abandonment,time.com,0,1,0.0,92.0
fear of abandonment,www.psychforums.com,0,1,0.0,42.0
fear of abandonment,www.kotobainteractive.com,1,1,1.0,0.2
fear of abandonment,www.pustakh.com,0,1,0.0,1.6
fear of abandonment,jankentala.com,0,1,0.0,0.2
fear of abandonment,www.blinkist.com,0,1,0.0,76.0
fear of abandonment,journals.physiology.org,0,1,0.0,88.0
fear of abandonment,tvtropes.org,0,1,0.0,82.0
fear of abandonment,es.wikipedia.org,0,1,0.0,97.0
fear of abandonment,fanlore.org,0,1,0.0,67.0
fear of abandonment,myborderlineview.com,0,1,0.0,0.0
fear of abandonment,sonichits.com,0,1,0.0,50.0
fear of abandonment,www.patreon.com,0,1,0.0,93.0
fear of abandonment,blog.playstation.com,1,1,1.0,91.0
fear of abandonment,lucasfilm.fandom.com,1,1,1.0,92.0
fear of abandonment,www.northernlakescmh.org,0,1,0.0,36.0
fear of abandonment,www.camh.ca,1,1,1.0,85.0
fear of abandonment,www.lego.com,0,1,0.0,90.0
fear of abandonment,applications.emro.who.int,0,1,0.0,93.0
fear of abandonment,www.vanityfair.com,0,1,0.0,89.0
fear of abandonment,recaptains.co.uk,1,1,1.0,16.0
fear of abandonment,pink.fandom.com,1,1,1.0,92.0
fear of abandonment,www.fandom.com,0,1,0.0,92.0
fear of abandonment,bookmarks.reviews,1,1,1.0,61.0
fear of abandonment,oxfordhealth.nhs.uk,0,1,0.0,72.0
fear of abandonment,ejournal.unesa.ac.id,0,1,0.0,73.0
fear of abandonment,www.undertheradarmag.com,0,1,0.0,72.0
fear of abandonment,lyricsmeanings.com,0,1,0.0,6.0
fear of abandonment,www.shortform.com,0,1,0.0,72.0
fear of abandonment,the-jh-movie-collection-official.fandom.com,0,1,0.0,92.0
fear of abandonment,www.change.org,0,1,0.0,91.0
fear of abandonment,teachwithmovies.org,0,1,0.0,47.0
fear of abandonment,swiftlysungstories.com,1,1,1.0,4.7
fear of abandonment,www.aconsciousrethink.com,0,1,0.0,54.0
fear of abandonment,publications.aap.org,1,1,1.0,90.0
fear of abandonment,www.breakthecycle.org,0,1,0.0,70.0
fear of abandonment,www.manicpixiedust.com,0,1,0.0,3.9
fear of abandonment,boards.4chan.org,0,1,0.0,76.0
fear of abandonment,www.nami.org,0,1,0.0,90.0
fear of abandonment,www.livescience.com,0,1,0.0,90.0
fear of abandonment,disneyvacationclub.disney.go.com,1,1,1.0,92.0
fear of abandonment,clinicalpsychologyashoka.blogspot.com,0,1,0.0,95.0
fear of abandonment,www.webmd.com,0,1,0.0,92.0
fear of abandonment,catalog.afi.com,1,1,1.0,78.0
fear of abandonment,harleyquinn.fandom.com,0,1,0.0,92.0
fear of abandonment,www.ptsd.va.gov,0,1,0.0,91.0
fear of abandonment,isaacphilips.com,0,1,0.0,4.7
fear of abandonment,bojackhorseman.fandom.com,0,1,0.0,92.0
fear of abandonment,www.grammy.com,1,1,1.0,84.0
fear of abandonment,www.teenvogue.com,0,1,0.0,86.0
fear of abandonment,americansongwriter.com,1,1,1.0,78.0
fear of abandonment,www.musicbanter.com,1,1,1.0,21.0
fear of abandonment,www.loc.gov,0,1,0.0,91.0
fear of abandonment,northatlantabh.com,0,1,0.0,15.0
fear of abandonment,www.simplypsychology.com,0,1,0.0,42.0
fear of abandonment,www.marriage.com,0,1,0.0,75.0
fear of abandonment,www.frontiersin.org,0,1,0.0,92.0
fear of abandonment,blog.thepodphoto.com,0,1,0.0,8.0
fear of abandonment,pixar.fandom.com,0,1,0.0,92.0
fear of abandonment,disney.fandom.com,0,1,0.0,92.0
fear of abandonment,en.wikiquote.org,1,1,1.0,86.0
fear of abandonment,study.sagepub.com,1,1,1.0,92.0
fear of abandonment,eppc.org,0,1,0.0,70.0
fear of abandonment,www.hollywood.com,1,1,1.0,73.0
fear of abandonment,www.enotes.com,1,1,1.0,73.0
fear of abandonment,www.disneyplus.com,0,1,0.0,90.0
fear of abandonment,experiencestructuredliving.com,0,1,0.0,7.0
fear of abandonment,www.cliffsnotes.com,0,1,0.0,73.0
fear of abandonment,www.esquire.com,1,1,1.0,87.0
fear of abandonment,skullywullypully.tumblr.com,0,1,0.0,94.0
fear of abandonment,paramount.fandom.com,0,1,0.0,92.0
fear of abandonment,www.forbes.com,1,1,1.0,94.0
fear of abandonment,poppyplaytime.com,1,1,1.0,47.0
fear of abandonment,www.allure.com,0,1,0.0,87.0
fear of abandonment,www.annualreviews.org,0,1,0.0,89.0
fear of abandonment,needygirl-anime.com,0,1,0.0,39.0
fear of abandonment,commons.vccs.edu,0,1,0.0,74.0
fear of abandonment,hate-sink.fandom.com,0,1,0.0,92.0
fear of abandonment,www.penguinrandomhouse.ca,0,1,0.0,80.0
fear of abandonment,webfiddle.net,0,1,0.0,23.0
fear of abandonment,static1.squarespace.com,0,1,0.0,95.0
fear of abandonment,www.gq.com,1,1,1.0,88.0
fear of abandonment,www.nenationals.org,0,1,0.0,0.9
fear of abandonment,www.coursesidekick.com,0,1,0.0,66.0
fear of abandonment,www.jedinews.com,0,1,0.0,65.0
fear of abandonment,tv.apple.com,1,1,1.0,97.0
fear of abandonment,www.gameslearningsociety.org,0,1,0.0,52.0
fear of abandonment,www.simonandschuster.co.in,1,1,1.0,39.0
fear of abandonment,www.verywellhealth.com,0,1,0.0,90.0
fear of abandonment,www.evamonkey.com,0,1,0.0,17.0
fear of abandonment,ifp.nyu.edu,1,1,1.0,91.0
fear of abandonment,www.michiganpsychologists.com,0,1,0.0,3.1
fear of abandonment,characters.disney.com,1,1,1.0,89.0
fear of abandonment,roblesranch.com,0,1,0.0,16.0
fear of abandonment,www.psychologies.com,0,1,0.0,80.0
fear of abandonment,www.newmindpa.com,1,1,1.0,5.0
fear of abandonment,advancestudy.org,0,1,0.0,50.0
fear of abandonment,gradesfixer.com,0,1,0.0,65.0
fear of abandonment,www.tcm.com,1,1,1.0,77.0
fear of abandonment,mindpsychiatrist.com,0,1,0.0,14.0
fear of abandonment,www.thenationalnews.com,0,1,0.0,86.0
fear of abandonment,medicalrealities.com,0,1,0.0,60.0
fear of abandonment,www.nbcc.org,0,1,0.0,76.0
fear of abandonment,gloriamesa.com,0,1,0.0,23.0
fear of abandonment,otakumode.com,0,1,0.0,71.0
fear of abandonment,pixarpost.com,1,1,1.0,37.0
fear of abandonment,journals.univie.ac.at,1,1,1.0,87.0
fear of abandonment,pitchfork.com,0,1,0.0,86.0
fear of abandonment,cartooncharacters.fandom.com,0,1,0.0,92.0
fear of abandonment,thepleasantrelationship.com,0,1,0.0,26.0
fear of abandonment,dc-seamless.com,0,1,0.0,0.2
fear of abandonment,www.ea.com,0,1,0.0,89.0
fear of abandonment,in.sagepub.com,1,1,1.0,92.0
fear of abandonment,www.austinchronicle.com,1,1,1.0,81.0
fear of abandonment,www.therapyexplained.com,0,1,0.0,6.0
fear of abandonment,nana.fandom.com,0,1,0.0,92.0
fear of abandonment,richardpettymd.com,0,1,0.0,0.9
fear of abandonment,nickelodeon.fandom.com,0,1,0.0,92.0
fear of abandonment,www.bfi.org.uk,1,1,1.0,84.0
fear of abandonment,medium.com,0,1,0.0,94.0
fear of abandonment,moviedelic.com,0,1,0.0,54.0
fear of abandonment,www.health.harvard.edu,1,1,1.0,93.0
fear of abandonment,thedailyfandom.org,0,1,0.0,29.0
fear of abandonment,jedi-counsel.com,0,1,0.0,5.0
fear of abandonment,www.comingsoon.net,1,1,1.0,76.0
fear of abandonment,militarybudget.org,0,1,0.0,7.0
fear of abandonment,www.beliefnet.com,0,1,0.0,77.0
anxious attachment,www.psychologytoday.com,3,5,0.6,93.0
anxious attachment,books.google.com,1,5,0.2,100.0
anxious attachment,dictionary.apa.org,1,4,0.25,92.0
anxious attachment,health.clevelandclinic.org,3,4,0.75,92.0
anxious attachment,www.apa.org,2,4,0.5,92.0
anxious attachment,pubmed.ncbi.nlm.nih.gov,2,4,0.5,95.0
anxious attachment,www.simplypsychology.org,2,3,0.6667,85.0
anxious attachment,www.simplypsychology.com,1,3,0.3333,42.0
anxious attachment,www.attachedthebook.com,1,3,0.3333,57.0
anxious attachment,www.sciencedirect.com,1,2,0.5,94.0
anxious attachment,amirlevinemd.com,1,2,0.5,31.0
anxious attachment,www.jessicafern.com,1,2,0.5,43.0
anxious attachment,www.harvard.com,1,2,0.5,74.0
anxious attachment,www.webmd.com,0,2,0.0,92.0
anxious attachment,my.clevelandclinic.org,2,2,1.0,92.0
anxious attachment,www.urbandictionary.com,1,2,0.5,88.0
anxious attachment,pmc.ncbi.nlm.nih.gov,1,2,0.5,95.0
anxious attachment,onceinabluemoon.ca,0,1,0.0,22.0
anxious attachment,realitytransurfingexplained.com,0,1,0.0,0.0
anxious attachment,link.springer.com,0,1,0.0,93.0
anxious attachment,www.centreforpsychodynamicinsights.com,0,1,0.0,12.0
anxious attachment,www.explorepsychology.com,0,1,0.0,44.0
anxious attachment,dictionary.cambridge.org,0,1,0.0,92.0
anxious attachment,www.orlymillerpsychology.com,0,1,0.0,3.7
anxious attachment,www.vogue.com,0,1,0.0,91.0
anxious attachment,www.marieclaire.com,0,1,0.0,84.0
anxious attachment,biologyinsights.com,0,1,0.0,71.0
anxious attachment,dictionary-apa-org.libdata2015.hilbert.edu,0,1,0.0,52.0
anxious attachment,www.nairaland.com,0,1,0.0,73.0
anxious attachment,www.mayoclinic.org,1,1,1.0,92.0
anxious attachment,www.scribd.com,0,1,0.0,91.0
anxious attachment,bddfoundation.org,0,1,0.0,66.0
anxious attachment,www.oreateai.com,0,1,0.0,73.0
anxious attachment,www.socialstyrelsen.se,0,1,0.0,82.0
anxious attachment,books.apple.com,1,1,1.0,97.0
anxious attachment,studylib.net,0,1,0.0,73.0
anxious attachment,coupletheory.com,0,1,0.0,0.0
anxious attachment,www.abc.net.au,0,1,0.0,91.0
anxious attachment,knowavoidant.com,0,1,0.0,0.0
anxious attachment,storage.googleapis.com,0,1,0.0,93.0
anxious attachment,www.senzoapp.com,0,1,0.0,0.0
anxious attachment,www.panmacmillan.co.in,0,1,0.0,35.0
anxious attachment,pridetherapy.com,0,1,0.0,5.0
anxious attachment,www.psychdom.com,0,1,0.0,32.0
anxious attachment,www.who.int,0,1,0.0,93.0
anxious attachment,www.blinkist.com,0,1,0.0,76.0
anxious attachment,sonichits.com,0,1,0.0,50.0
anxious attachment,traumasolutions.com,1,1,1.0,62.0
anxious attachment,www.shortform.com,0,1,0.0,72.0
anxious attachment,www.nhs.uk,0,1,0.0,92.0
anxious attachment,www.onluxy.com,0,1,0.0,46.0
anxious attachment,en.wiktionary.org,0,1,0.0,91.0
anxious attachment,www.brookes.ac.uk,0,1,0.0,78.0
anxious attachment,showhope.org,0,1,0.0,60.0
anxious attachment,fluentvista.com,0,1,0.0,3.3
anxious attachment,www.sequoiabehavioralhealth.org,0,1,0.0,17.0
anxious attachment,www.axis.co.id,0,1,0.0,70.0
anxious attachment,www.hercampus.com,0,1,0.0,78.0
anxious attachment,www.panmacmillan.com,1,1,1.0,77.0
anxious attachment,podcasts.apple.com,0,1,0.0,97.0
anxious attachment,scienceinsights.org,0,1,0.0,71.0
anxious attachment,www.pewresearch.org,0,1,0.0,92.0
anxious attachment,www.stanandtraceytatkin.com,1,1,1.0,13.0
anxious attachment,bt1.health.clevelandclinic.org,0,1,0.0,92.0
anxious attachment,www.supersummary.com,0,1,0.0,65.0
anxious attachment,slangdefine.org,0,1,0.0,56.0
anxious attachment,www.praxis-psychologie-berlin.de,1,1,1.0,33.0
anxious attachment,sagedatum.com,0,1,0.0,13.0
anxious attachment,www.vogue.co.uk,1,1,1.0,86.0
anxious attachment,www.mindbodygreen.com,0,1,0.0,85.0
anxious attachment,us.macmillan.com,1,1,1.0,86.0
the four types of emotionally immature parents,s3.amazonaws.com,1,2,0.5,95.0
the four types of emotionally immature parents,www.abc.net.au,1,2,0.5,91.0
the four types of emotionally immature parents,www.theguardian.com,2,2,1.0,93.0
the four types of emotionally immature parents,www.shortform.com,1,2,0.5,72.0
the four types of emotionally immature parents,anniewright.com,1,2,0.5,43.0
the four types of emotionally immature parents,en.wikipedia.org,1,2,0.5,97.0
the four types of emotionally immature parents,scienceinsights.org,1,2,0.5,71.0
the four types of emotionally immature parents,www.hachette.co.uk,0,1,0.0,76.0
the four types of emotionally immature parents,www.innerdynamicsmap.com,0,1,0.0,10.0
the four types of emotionally immature parents,www.lindsaycgibson.com,0,1,0.0,34.0
the four types of emotionally immature parents,www.pustakh.com,0,1,0.0,1.6
the four types of emotionally immature parents,www.riverstonecounselling.ca,1,1,1.0,0.6
the four types of emotionally immature parents,www.psychologytoday.com,1,1,1.0,93.0
the four types of emotionally immature parents,www.theacademyofselfhelp.com,1,1,1.0,25.0
the four types of emotionally immature parents,www.newharbinger.com,1,1,1.0,74.0
the four types of emotionally immature parents,endchan.org,0,1,0.0,26.0
the four types of emotionally immature parents,cdn3.f-cdn.com,0,1,0.0,34.0
the four types of emotionally immature parents,www.havenfamilytherapy.com,0,1,0.0,0.5
the four types of emotionally immature parents,elpais.com,0,1,0.0,91.0
the four types of emotionally immature parents,www.businessinsider.com,0,1,0.0,92.0
the four types of emotionally immature parents,www.supersummary.com,0,1,0.0,65.0
the three attachment styles,amirlevinemd.com,0,1,0.0,31
the three attachment styles,www.pacificwaterscounselling.com,0,1,0.0,10
the three attachment styles,www.goodreads.com,0,1,0.0,92
the three attachment styles,www.kirkusreviews.com,0,1,0.0,86
the three attachment styles,books.google.com,0,1,0.0,100
the three attachment styles,www.penguinrandomhouse.com,0,1,0.0,91
the three attachment styles,www.attachedthebook.com,0,1,0.0,57
people pleasing,www.penguinrandomhouse.com,18,47,0.383,91.0
people pleasing,books.google.com,18,46,0.3913,100.0
people pleasing,www.psychologytoday.com,22,45,0.4889,93.0
people pleasing,health.clevelandclinic.org,29,45,0.6444,92.0
people pleasing,www.goodreads.com,19,39,0.4872,92.0
people pleasing,www.supersummary.com,19,33,0.5758,65.0
people pleasing,www.shortform.com,14,29,0.4828,72.0
people pleasing,www.reddit.com,14,24,0.5833,95.0
people pleasing,en.wikipedia.org,11,21,0.5238,97.0
people pleasing,www.simonandschuster.com,5,18,0.2778,88.0
people pleasing,www.apa.org,8,17,0.4706,92.0
people pleasing,pubmed.ncbi.nlm.nih.gov,9,15,0.6,95.0
people pleasing,pmc.ncbi.nlm.nih.gov,4,15,0.2667,95.0
people pleasing,www.kirkusreviews.com,6,14,0.4286,86.0
people pleasing,books.apple.com,3,13,0.2308,97.0
people pleasing,sobrief.com,5,12,0.4167,53.0
people pleasing,grahammann.net,6,12,0.5,40.0
people pleasing,www.medicalnewstoday.com,8,12,0.6667,91.0
people pleasing,www.simplypsychology.com,7,12,0.5833,42.0
people pleasing,psychcentral.com,6,11,0.5455,87.0
people pleasing,www.theguardian.com,3,11,0.2727,93.0
people pleasing,en.wiktionary.org,3,11,0.2727,91.0
people pleasing,www.dictionary.com,7,11,0.6364,90.0
people pleasing,andrewconner.com,3,11,0.2727,35.0
people pleasing,www.blinkist.com,5,10,0.5,76.0
people pleasing,nomoremrniceguy.com,6,10,0.6,21.0
people pleasing,dictionary.cambridge.org,4,9,0.4444,92.0
people pleasing,www.gottman.com,1,9,0.1111,85.0
people pleasing,www.melrobbins.com,5,9,0.5556,75.0
people pleasing,play.google.com,2,8,0.25,100.0
people pleasing,adlerpsy.ca,3,8,0.375,0.0
people pleasing,www.washingtonpost.com,3,8,0.375,93.0
people pleasing,www.publishersweekly.com,7,8,0.875,87.0
people pleasing,goodreads.com,1,8,0.125,92.0
people pleasing,dictionary.apa.org,4,8,0.5,92.0
people pleasing,www.hachettebookgroup.com,3,8,0.375,85.0
people pleasing,www.simplypsychology.org,4,7,0.5714,85.0
people pleasing,www.therapywithveneta.com,2,7,0.2857,0.0
people pleasing,shop.hachettebookgroup.com,4,7,0.5714,85.0
people pleasing,onlinelibrary.wiley.com,3,7,0.4286,93.0
people pleasing,book.themodel.be,3,7,0.4286,1.0
people pleasing,www.japanpsychology.com,1,7,0.1429,0.2
people pleasing,www.astrology.com,3,7,0.4286,73.0
people pleasing,glennondoyle.com,5,7,0.7143,53.0
people pleasing,link.springer.com,2,6,0.3333,93.0
people pleasing,www.drglover.net,4,6,0.6667,1.8
people pleasing,www.sciencedirect.com,1,6,0.1667,94.0
people pleasing,www.abc.net.au,2,6,0.3333,91.0
people pleasing,anniewright.com,0,6,0.0,43.0
people pleasing,openlibrary.org,0,6,0.0,86.0
people pleasing,www.penguinrandomhouse.ca,1,6,0.1667,80.0
people pleasing,my.clevelandclinic.org,4,6,0.6667,92.0
people pleasing,www.healthline.com,4,6,0.6667,92.0
people pleasing,www.sumizeit.com,3,6,0.5,49.0
people pleasing,www.penguin.com.au,1,5,0.2,79.0
people pleasing,www.simonandschuster.net,1,5,0.2,60.0
people pleasing,www.syfy.com,2,5,0.4,80.0
people pleasing,self-compassion.org,4,5,0.8,82.0
people pleasing,www.shambhala.com,2,5,0.4,76.0
people pleasing,resilientwisdom.com,1,5,0.2,1.0
people pleasing,www.youtube.com,1,5,0.2,99.0
people pleasing,www.richardcarrier.info,1,5,0.2,46.0
people pleasing,www.allure.com,3,5,0.6,87.0
people pleasing,www.nedratawwab.com,1,5,0.2,62.0
people pleasing,www.elle.com,2,5,0.4,90.0
people pleasing,alihazelwood.com,2,5,0.4,44.0
people pleasing,www.mindbodygreen.com,1,5,0.2,85.0
people pleasing,www.fizzread.ai,1,5,0.2,26.0
people pleasing,www.collinsdictionary.com,1,4,0.25,86.0
people pleasing,app.thestorygraph.com,1,4,0.25,80.0
people pleasing,www.aok.de,2,4,0.5,86.0
people pleasing,www.choosingtherapy.com,3,4,0.75,77.0
people pleasing,www.hachette.co.uk,0,4,0.0,76.0
people pleasing,jamesmchristensen.com,0,4,0.0,27.0
people pleasing,www.target.com,0,4,0.0,91.0
people pleasing,www.rogerebert.com,1,4,0.25,81.0
people pleasing,bound2books.co,0,4,0.0,15.0
people pleasing,www.bhawnapatkar.com,1,4,0.25,0.9
people pleasing,mediahub.lazada.sg,2,4,0.5,91.0
people pleasing,www.arcanalabs.ca,0,4,0.0,13.0
people pleasing,kjonnsforskning.no,1,4,0.25,56.0
people pleasing,www.pbs.org,2,4,0.5,91.0
people pleasing,luvembooks.com,3,4,0.75,6.0
people pleasing,www.16personalities.com,3,4,0.75,85.0
people pleasing,www.psychiatry.org,2,4,0.5,89.0
people pleasing,bookmarks.reviews,2,4,0.5,61.0
people pleasing,ew.com,2,4,0.5,86.0
people pleasing,www.newharbinger.com,0,4,0.0,74.0
people pleasing,brenebrown.com,3,4,0.75,84.0
people pleasing,www.yalom.com,0,4,0.0,56.0
people pleasing,www.almanac.com,2,4,0.5,84.0
people pleasing,rainn.org,1,4,0.25,87.0
people pleasing,www.webmd.com,2,4,0.5,92.0
people pleasing,scripturesavvy.com,1,4,0.25,35.0
people pleasing,www.ptsd.va.gov,3,4,0.75,91.0
people pleasing,www.merriam-webster.com,1,4,0.25,91.0
people pleasing,www.harperacademic.com,3,4,0.75,49.0
people pleasing,www.hindustantimes.com,0,3,0.0,89.0
people pleasing,ursummary.com,1,3,0.3333,8.0
people pleasing,www.1440.org,1,3,0.3333,60.0
people pleasing,www.nimh.nih.gov,1,3,0.3333,95.0
people pleasing,auresnotes.com,0,3,0.0,27.0
people pleasing,www.latimes.com,1,3,0.3333,92.0
people pleasing,www.thegospelcoalition.org,2,3,0.6667,83.0
people pleasing,justhateme.com,0,3,0.0,0.0
people pleasing,ubccpd.ca,1,3,0.3333,62.0
people pleasing,psychology.org.au,3,3,1.0,82.0
people pleasing,www.successbooks.com,2,3,0.6667,0.3
people pleasing,time.com,3,3,1.0,92.0
people pleasing,amcob.org,2,3,0.6667,10.0
people pleasing,www.markwk.com,1,3,0.3333,36.0
people pleasing,sharonmartincounseling.com,0,3,0.0,25.0
people pleasing,jamesclear.com,1,3,0.3333,86.0
people pleasing,www.samhsa.gov,1,3,0.3333,91.0
people pleasing,psicologiainfantilmallorca.com,0,3,0.0,6.0
people pleasing,drgabormate.com,0,3,0.0,75.0
people pleasing,www.imdb.com,1,3,0.3333,94.0
people pleasing,www.getvoxbrief.com,2,3,0.6667,8.0
people pleasing,www.ryandelaney.co,0,3,0.0,29.0
people pleasing,www.radiotimes.com,0,3,0.0,80.0
people pleasing,www.biblegateway.com,3,3,1.0,91.0
people pleasing,thegrowthreads.com,3,3,1.0,0.1
people pleasing,www.brigitte.de,1,3,0.3333,78.0
people pleasing,www.grammy.com,2,3,0.6667,84.0
people pleasing,podcasts.apple.com,1,3,0.3333,97.0
people pleasing,scienceinsights.org,0,3,0.0,71.0
people pleasing,marthabeck.com,3,3,1.0,70.0
people pleasing,www.editorsreads.com,1,3,0.3333,0.2
people pleasing,thebookprescription.wordpress.com,2,3,0.6667,96.0
people pleasing,www.eclipsepsychology.ca,1,3,0.3333,0.2
people pleasing,www.hannahgrace.co.uk,2,3,0.6667,13.0
people pleasing,us.macmillan.com,2,3,0.6667,86.0
people pleasing,www.beliefnet.com,0,3,0.0,77.0
people pleasing,www.apotheken-umschau.de,0,2,0.0,82.0
people pleasing,www.healthychildren.org,0,2,0.0,89.0
people pleasing,astrostyle.com,0,2,0.0,69.0
people pleasing,www.penguinrandomhouseretail.com,0,2,0.0,63.0
people pleasing,burakbakay.com,2,2,1.0,34.0
people pleasing,www.evangelisch.de,1,2,0.5,78.0
people pleasing,numerologist.com,0,2,0.0,69.0
people pleasing,www.simonandschuster.com.au,2,2,1.0,73.0
people pleasing,www.ardalpha.de,1,2,0.5,76.0
people pleasing,people.com,1,2,0.5,91.0
people pleasing,www.vogue.com,2,2,1.0,91.0
people pleasing,cms.guilford.com,1,2,0.5,78.0
people pleasing,www.litcharts.com,0,2,0.0,72.0
people pleasing,www.nordstrom.com,1,2,0.5,86.0
people pleasing,kerykeion.net,0,2,0.0,15.0
people pleasing,www.psychologicalscience.org,0,2,0.0,84.0
people pleasing,www.mayoclinic.org,0,2,0.0,92.0
people pleasing,atticuspoet.com,2,2,1.0,0.0
people pleasing,psychiatrymagazine.com,1,2,0.5,17.0
people pleasing,www.eomega.org,1,2,0.5,74.0
people pleasing,slam.nhs.uk,1,2,0.5,70.0
people pleasing,www.oprahdaily.com,1,2,0.5,84.0
people pleasing,nontechceo.co.uk,1,2,0.5,0.0
people pleasing,booklabbybjorn.com,0,2,0.0,16.0
people pleasing,aishwariyalaxmi.com,0,2,0.0,8.0
people pleasing,www.lindsaycgibson.com,1,2,0.5,34.0
people pleasing,www.thewrap.com,0,2,0.0,84.0
people pleasing,smartenneagram.com,1,2,0.5,0.1
people pleasing,morganrichardolivier.com,2,2,1.0,1.4
people pleasing,www.oxfordlearnersdictionaries.com,0,2,0.0,81.0
people pleasing,www.slashfilm.com,0,2,0.0,79.0
people pleasing,www.guilford.com,1,2,0.5,78.0
people pleasing,myenneagramcoach.com,1,2,0.5,30.0
people pleasing,www.whowhatwear.com,1,2,0.5,84.0
people pleasing,callingintheone.com,1,2,0.5,31.0
people pleasing,note.com,0,2,0.0,92.0
people pleasing,www.zdfheute.de,1,2,0.5,85.0
people pleasing,www.harvard.com,2,2,1.0,74.0
people pleasing,www.pustakh.com,0,2,0.0,1.6
people pleasing,readlite.in,0,2,0.0,17.0
people pleasing,acibademinternational.com,0,2,0.0,57.0
people pleasing,www.camh.ca,1,2,0.5,85.0
people pleasing,www.flipkart.com,0,2,0.0,89.0
people pleasing,www.penguin.co.uk,0,2,0.0,85.0
people pleasing,brieflane.com,0,2,0.0,16.0
people pleasing,de.wikipedia.org,2,2,1.0,97.0
people pleasing,www.penguin.co.in,1,2,0.5,68.0
people pleasing,www.verywellmind.com,1,2,0.5,90.0
people pleasing,compassionateinquiry.com,0,2,0.0,68.0
people pleasing,insightbooks.app,0,2,0.0,29.0
people pleasing,cptsdfoundation.org,0,2,0.0,67.0
people pleasing,www.sciencenorway.no,1,2,0.5,68.0
people pleasing,knowyourmeme.com,1,2,0.5,86.0
people pleasing,www.nhs.uk,0,2,0.0,92.0
people pleasing,www.ideandigest.com,0,2,0.0,0.0
people pleasing,www.hachetteindia.com,1,2,0.5,40.0
people pleasing,www.deine-gesundheitswelt.de,0,2,0.0,68.0
people pleasing,open.spotify.com,0,2,0.0,95.0
people pleasing,www.nature.com,0,2,0.0,93.0
people pleasing,planningwithkids.com,1,2,0.5,36.0
people pleasing,www.democracynow.org,0,2,0.0,81.0
people pleasing,context.reverso.net,0,2,0.0,84.0
people pleasing,www.readingandthinking.com,1,2,0.5,2.4
people pleasing,www.hourlife.com,1,2,0.5,0.0
people pleasing,fluidself.org,2,2,1.0,10.0
people pleasing,coach-g.com,0,2,0.0,9.0
people pleasing,www.halodoc.com,0,2,0.0,78.0
people pleasing,timesofindia.indiatimes.com,0,2,0.0,92.0
people pleasing,dspace.ut.ee,1,2,0.5,82.0
people pleasing,www.japansociety.org.uk,1,2,0.5,54.0
people pleasing,news.err.ee,1,2,0.5,82.0
people pleasing,www.barmer.de,0,2,0.0,80.0
people pleasing,www.growingingracecounselingpllc.com,0,2,0.0,2.5
people pleasing,www.hoffmaninstitute.org,0,2,0.0,61.0
people pleasing,www.gq.com,1,2,0.5,88.0
people pleasing,manifold.open.umn.edu,2,2,1.0,91.0
people pleasing,www.horoscope.com,0,2,0.0,69.0
people pleasing,www.bookbase.app,1,2,0.5,26.0
people pleasing,www.simonandschuster.ca,1,2,0.5,71.0
people pleasing,www.summary.com,0,2,0.0,52.0
people pleasing,www.laureltherapy.net,0,2,0.0,31.0
people pleasing,davenportpsychology.com,0,2,0.0,38.0
people pleasing,cafeastrology.com,1,2,0.5,75.0
people pleasing,beta.thestorygraph.com,0,2,0.0,80.0
people pleasing,www.dxpnet.com,0,2,0.0,26.0
people pleasing,www.barnesandnoble.com,0,2,0.0,92.0
people pleasing,neurolaunch.com,1,2,0.5,71.0
people pleasing,www.vogue.co.uk,1,2,0.5,86.0
people pleasing,dadreader.com,0,2,0.0,0.0
people pleasing,therespectproject.org,1,2,0.5,34.0
people pleasing,journals.sagepub.com,2,2,1.0,92.0
people pleasing,psychiatryonline.org,0,2,0.0,87.0
people pleasing,medium.com,0,2,0.0,94.0
people pleasing,web.de,2,2,1.0,86.0
people pleasing,www.centerforchildcounseling.org,0,1,0.0,47.0
people pleasing,www.tbqtalks.com,0,1,0.0,3.2
people pleasing,www.cosmopolitan.in,0,1,0.0,64.0
people pleasing,more.bibliocommons.com,0,1,0.0,82.0
people pleasing,mentalmyin.tistory.com,0,1,0.0,87.0
people pleasing,themeadowsseasons.com,1,1,1.0,5.0
people pleasing,www.impactpublications.com,0,1,0.0,27.0
people pleasing,citeseerx.ist.psu.edu,0,1,0.0,91.0
people pleasing,faithgateway.com,0,1,0.0,71.0
people pleasing,powersof10.com,0,1,0.0,52.0
people pleasing,www.first-step.ca,0,1,0.0,0.5
people pleasing,m.yes24.com,0,1,0.0,82.0
people pleasing,ifs-institute.com,0,1,0.0,82.0
people pleasing,www.collinspsychology.com,1,1,1.0,8.0
people pleasing,boundaryplaybook.com,0,1,0.0,0.2
people pleasing,ideas.repec.org,0,1,0.0,86.0
people pleasing,streatpsych.com,0,1,0.0,1.0
people pleasing,www.standaarduitgeverij.be,1,1,1.0,59.0
people pleasing,www.hp-lexicon.org,0,1,0.0,65.0
people pleasing,glosbe.com,0,1,0.0,74.0
people pleasing,hannahhiamtherapy.com,0,1,0.0,0.0
people pleasing,www.actmindfully.com.au,1,1,1.0,72.0
people pleasing,www.cdc.gov,1,1,1.0,94.0
people pleasing,www.bottomlineinc.com,1,1,1.0,61.0
people pleasing,bookversion.com,0,1,0.0,0.0
people pleasing,www.ebsco.com,0,1,0.0,87.0
people pleasing,www.dash.hrecos.org,0,1,0.0,32.0
people pleasing,www.getstoryshots.com,0,1,0.0,48.0
people pleasing,istruestory.com,1,1,1.0,13.0
people pleasing,www.psychicsource.com,0,1,0.0,57.0
people pleasing,www.kadlac.com,0,1,0.0,33.0
people pleasing,www.dalecarnegie.com,1,1,1.0,75.0
people pleasing,thebluegrasssituation.com,0,1,0.0,70.0
people pleasing,www.explorepsychology.com,1,1,1.0,44.0
people pleasing,images.simdif.com,0,1,0.0,81.0
people pleasing,www.dream-dictionary.com,0,1,0.0,9.0
people pleasing,www.fmwfchamber.com,0,1,0.0,52.0
people pleasing,www.allianceon.org,0,1,0.0,62.0
people pleasing,news.disney.com,0,1,0.0,89.0
people pleasing,kseniaodintsova.com,1,1,1.0,9.0
people pleasing,thetvdb.com,1,1,1.0,73.0
people pleasing,spanishtogo.app,0,1,0.0,10.0
people pleasing,www.astrolove.com,1,1,1.0,33.0
people pleasing,www.themeadows.com,1,1,1.0,62.0
people pleasing,www.kobo.com,0,1,0.0,90.0
people pleasing,tirtabuanamedia.co.id,0,1,0.0,16.0
people pleasing,www.goodnovel.com,0,1,0.0,63.0
people pleasing,www.blick.ch,0,1,0.0,83.0
people pleasing,www.marieclaire.com,1,1,1.0,84.0
people pleasing,www.scarymommy.com,0,1,0.0,79.0
people pleasing,biologyinsights.com,0,1,0.0,71.0
people pleasing,www.idntimes.com,0,1,0.0,79.0
people pleasing,bewell.ny.gov,0,1,0.0,92.0
people pleasing,www.ted.com,1,1,1.0,92.0
people pleasing,readingwithk.substack.com,0,1,0.0,94.0
people pleasing,www.yna.co.kr,1,1,1.0,84.0
people pleasing,www.msdmanuals.com,1,1,1.0,86.0
people pleasing,www.7horoskop.de,0,1,0.0,32.0
people pleasing,medlineplus.gov,0,1,0.0,91.0
people pleasing,accidentallyretired.com,0,1,0.0,16.0
people pleasing,apps.apple.com,0,1,0.0,97.0
people pleasing,siliconcanals.com,0,1,0.0,73.0
people pleasing,climbtheladder.com,0,1,0.0,64.0
people pleasing,www.365horoskop.de,0,1,0.0,25.0
people pleasing,wateredbytheword.com,0,1,0.0,0.6
people pleasing,thecircleclinic.com,0,1,0.0,7.0
people pleasing,blog.flash.co,0,1,0.0,44.0
people pleasing,asbatlibrary.s3.eu-central-1.amazonaws.com,0,1,0.0,95.0
people pleasing,aynrand.org,0,1,0.0,74.0
people pleasing,www.t-online.de,1,1,1.0,90.0
people pleasing,scream-queens.fandom.com,1,1,1.0,92.0
people pleasing,www.whatisquinnreading.com,0,1,0.0,34.0
people pleasing,www.logos.com,0,1,0.0,82.0
people pleasing,enneagramtest.com,1,1,1.0,50.0
people pleasing,tiue.uz,1,1,1.0,31.0
people pleasing,mindthroughmylens.org,0,1,0.0,0.0
people pleasing,www.ulta.com,0,1,0.0,83.0
people pleasing,www.sydney.edu.au,1,1,1.0,87.0
people pleasing,uk.bookshop.org,1,1,1.0,91.0
people pleasing,personality-index.com,1,1,1.0,1.3
people pleasing,www.ananiasfoundation.org,1,1,1.0,25.0
people pleasing,www.wissen.de,0,1,0.0,73.0
people pleasing,www.parfumo.com,0,1,0.0,68.0
people pleasing,www.haven-psychology.com,0,1,0.0,10.0
people pleasing,katherinewoodwardthomas.com,1,1,1.0,49.0
people pleasing,www.christianbook.com,0,1,0.0,84.0
people pleasing,www.9marks.org,1,1,1.0,75.0
people pleasing,arquidiamantina.org,0,1,0.0,9.0
people pleasing,www.yogantfoundation.com,1,1,1.0,16.0
people pleasing,www.scribd.com,0,1,0.0,91.0
people pleasing,www.phrases.com,0,1,0.0,24.0
people pleasing,www.nhsinform.scot,0,1,0.0,84.0
people pleasing,www.mariafuentes.co.uk,0,1,0.0,15.0
people pleasing,thebridgehealthrecovery.com,0,1,0.0,32.0
people pleasing,mentalhealthathome.org,1,1,1.0,33.0
people pleasing,dreamlifelab.org,0,1,0.0,13.0
people pleasing,www.researchgate.net,0,1,0.0,93.0
people pleasing,mindfulcircles.org,1,1,1.0,12.0
people pleasing,thefearlesscreative.wordpress.com,0,1,0.0,96.0
people pleasing,www.calm.com,0,1,0.0,87.0
people pleasing,calgary.bibliocommons.com,0,1,0.0,82.0
people pleasing,heathergarbutt.com,0,1,0.0,22.0
people pleasing,www.managementboek.nl,0,1,0.0,81.0
people pleasing,www.thecrimson.com,0,1,0.0,81.0
people pleasing,www.huffmanwrites.org,0,1,0.0,0.1
people pleasing,www.commonsensemedia.org,1,1,1.0,87.0
people pleasing,www.theannapurnaexpress.com,0,1,0.0,59.0
people pleasing,edexec.co.uk,0,1,0.0,50.0
people pleasing,www.tuepodcast.net,0,1,0.0,26.0
people pleasing,www.sonymusic.ca,0,1,0.0,63.0
people pleasing,www.bitamelbournepsychologist.com.au,0,1,0.0,2.5
people pleasing,hollytoscanini.com,0,1,0.0,4.3
people pleasing,www.dansendeberen.be,0,1,0.0,55.0
people pleasing,www.ianfbradley.com,0,1,0.0,0.0
people pleasing,www.astroguide.se,0,1,0.0,15.0
people pleasing,thebookshort.com,0,1,0.0,1.5
people pleasing,supp.apa.org,0,1,0.0,92.0
people pleasing,irisinsights.ca,1,1,1.0,4.5
people pleasing,www.psychmechanics.com,0,1,0.0,47.0
people pleasing,www.optionstheedge.com,0,1,0.0,59.0
people pleasing,shop-ph.tiktok.com,0,1,0.0,97.0
people pleasing,www.e-counseling.com,0,1,0.0,64.0
people pleasing,catalog.ncwlibraries.org,0,1,0.0,44.0
people pleasing,endseclusion.org,0,1,0.0,50.0
people pleasing,www.amylaunder.com,0,1,0.0,12.0
people pleasing,www.nationwidechildrens.org,1,1,1.0,81.0
people pleasing,johnallbritten.com,1,1,1.0,16.0
people pleasing,www.synonymer.se,0,1,0.0,63.0
people pleasing,denverjournal.denverseminary.edu,1,1,1.0,59.0
people pleasing,catherinerosegunther.com,0,1,0.0,1.5
people pleasing,www.taylorswift.com,0,1,0.0,78.0
people pleasing,jeannebyrd.com,0,1,0.0,7.0
people pleasing,www.counselling-directory.org.uk,0,1,0.0,85.0
people pleasing,dock.hkk.de,1,1,1.0,69.0
people pleasing,haventoday.org,1,1,1.0,50.0
people pleasing,astronomia.se,0,1,0.0,1.3
people pleasing,zencastr.com,0,1,0.0,76.0
people pleasing,whatscent.app,1,1,1.0,20.0
people pleasing,papers.ssrn.com,0,1,0.0,91.0
people pleasing,www.kkh.de,0,1,0.0,73.0
people pleasing,psychiatryinstitute.com,0,1,0.0,59.0
people pleasing,www.kopamatta.se,0,1,0.0,23.0
people pleasing,www.gabormelli.com,0,1,0.0,34.0
people pleasing,www.beckyalbertalli.com,0,1,0.0,47.0
people pleasing,thenocturnists.org,0,1,0.0,38.0
people pleasing,unbroken75.com,0,1,0.0,16.0
people pleasing,bookshop.org,0,1,0.0,91.0
people pleasing,www.walmart.com,0,1,0.0,92.0
people pleasing,goodgirlsyndromecoach.com,0,1,0.0,0.2
people pleasing,newsnetwork.mayoclinic.org,0,1,0.0,92.0
people pleasing,www.self.com,0,1,0.0,86.0
people pleasing,health.choc.org,0,1,0.0,76.0
people pleasing,actionablebooks.com,0,1,0.0,42.0
people pleasing,www.canada.ca,0,1,0.0,93.0
people pleasing,english.onlinekhabar.com,0,1,0.0,77.0
people pleasing,www.labyrinthbooks.com,0,1,0.0,52.0
people pleasing,www.joshwymore.com,0,1,0.0,10.0
people pleasing,ideandigest.com,1,1,1.0,0.0
people pleasing,herhappyhabitat.com,1,1,1.0,10.0
people pleasing,codacanada.ca,1,1,1.0,30.0
people pleasing,www.chani.com,0,1,0.0,71.0
people pleasing,podscripts.co,0,1,0.0,52.0
people pleasing,www.maxamfoundation.org,0,1,0.0,8.0
people pleasing,www.healthdirect.gov.au,0,1,0.0,87.0
people pleasing,mft.nhs.uk,1,1,1.0,73.0
people pleasing,www.phrases.org.uk,0,1,0.0,76.0
people pleasing,www.soundvision.com,0,1,0.0,58.0
people pleasing,www.ksl.com,0,1,0.0,82.0
people pleasing,auracolortest.com,1,1,1.0,0.0
people pleasing,doi.org,0,1,0.0,94.0
people pleasing,www.jayshetty.me,0,1,0.0,71.0
people pleasing,www.france-depression.org,0,1,0.0,42.0
people pleasing,studylib.net,0,1,0.0,73.0
people pleasing,aca-arizona.org,1,1,1.0,23.0
people pleasing,www.chartingpaths.com,0,1,0.0,0.0
people pleasing,www.simonandschuster.biz,0,1,0.0,70.0
people pleasing,www.purewow.com,0,1,0.0,81.0
people pleasing,www.tarotguiden.com,0,1,0.0,1.0
people pleasing,englishstudyonline.org,0,1,0.0,25.0
people pleasing,thebooksuite.com,1,1,1.0,53.0
people pleasing,s3.amazonaws.com,0,1,0.0,95.0
people pleasing,www.innerdepthscoaching.com,0,1,0.0,4.3
people pleasing,www.disneycentral.de,0,1,0.0,27.0
people pleasing,booklyst.net,0,1,0.0,25.0
people pleasing,www.netgalley.com,0,1,0.0,76.0
people pleasing,www.scentbird.com,1,1,1.0,69.0
people pleasing,www.enneagrammatrix.com,1,1,1.0,16.0
people pleasing,www.maum-sopoong.or.kr,0,1,0.0,27.0
people pleasing,www.relationallifefoundation.org,0,1,0.0,35.0
people pleasing,knowavoidant.com,0,1,0.0,0.0
people pleasing,gemstonerush.com,0,1,0.0,1.2
people pleasing,www.liefleven.com,1,1,1.0,28.0
people pleasing,www.butler-bowdon.com,0,1,0.0,39.0
people pleasing,www.teamgate.com,0,1,0.0,65.0
people pleasing,www.cosmopolitan.com,1,1,1.0,89.0
people pleasing,www.everand.com,0,1,0.0,80.0
people pleasing,www.koha.net,0,1,0.0,67.0
people pleasing,litho-life.com,0,1,0.0,0.0
people pleasing,developingadolescent.semel.ucla.edu,0,1,0.0,91.0
people pleasing,www.libraryjournal.com,1,1,1.0,79.0
people pleasing,englishguidex.com,0,1,0.0,25.0
people pleasing,hrdqu.com,0,1,0.0,36.0
people pleasing,www.ivoox.com,0,1,0.0,86.0
people pleasing,bookfilmrights.planetadelibros.com,0,1,0.0,77.0
people pleasing,shiftgrit.com,0,1,0.0,29.0
people pleasing,booksthatslay.com,0,1,0.0,26.0
people pleasing,www.theladdermethod.com,1,1,1.0,29.0
people pleasing,iffaglobal.com,1,1,1.0,0.1
people pleasing,storage.googleapis.com,0,1,0.0,93.0
people pleasing,www.selectedreads.com,0,1,0.0,26.0
people pleasing,alessandrasjournal.com,0,1,0.0,0.0
people pleasing,enneagramtest.net,1,1,1.0,55.0
people pleasing,briefbooksummary.com,0,1,0.0,0.0
people pleasing,www.anchortherapy.org,0,1,0.0,30.0
people pleasing,www.facebook.com,0,1,0.0,100.0
people pleasing,www.mytectra.com,0,1,0.0,19.0
people pleasing,theliven.com,0,1,0.0,49.0
people pleasing,hopestreamcommunity.org,1,1,1.0,40.0
people pleasing,dictionary.langeek.co,0,1,0.0,52.0
people pleasing,www.91astrology.com,0,1,0.0,12.0
people pleasing,entiresummary.com,1,1,1.0,1.9
people pleasing,www.healthpsychologypartners.com,1,1,1.0,23.0
people pleasing,www.horoskop.nu,0,1,0.0,2.9
people pleasing,wolipop.detik.com,0,1,0.0,88.0
people pleasing,typsybeauty.com,0,1,0.0,39.0
people pleasing,www.podcast.de,0,1,0.0,82.0
people pleasing,www.pridemind.org,0,1,0.0,12.0
people pleasing,www.thehustlelegacy.com,0,1,0.0,7.0
people pleasing,www.who.int,0,1,0.0,93.0
people pleasing,positivepsychology.com,0,1,0.0,86.0
people pleasing,v.daum.net,0,1,0.0,89.0
people pleasing,library.orem.gov,0,1,0.0,53.0
people pleasing,innerjourneywithmaria.com,0,1,0.0,2.9
people pleasing,www.instagram.com,0,1,0.0,100.0
people pleasing,www.librarian.ai,0,1,0.0,14.0
people pleasing,www.empower-psychology.com,0,1,0.0,0.0
people pleasing,meaaning.com,1,1,1.0,3.2
people pleasing,www.managementtoday.co.uk,0,1,0.0,74.0
people pleasing,tomoria.com,0,1,0.0,14.0
people pleasing,store.focusonthefamily.com,0,1,0.0,81.0
people pleasing,kotamedan.pikiran-rakyat.com,0,1,0.0,78.0
people pleasing,www.a-ha.io,0,1,0.0,45.0
people pleasing,www.laveldanaylor.org,0,1,0.0,1.5
people pleasing,stg07.penguin.co.in,0,1,0.0,68.0
people pleasing,gerdihulsink.com,1,1,1.0,2.3
people pleasing,bessergesundleben.de,0,1,0.0,46.0
people pleasing,www.thehumancapitalhub.com,0,1,0.0,57.0
people pleasing,www.fashionbeans.com,1,1,1.0,73.0
people pleasing,www.astrologenverband.de,0,1,0.0,62.0
people pleasing,enviroliteracy.org,0,1,0.0,66.0
people pleasing,www.rottentomatoes.com,1,1,1.0,87.0
people pleasing,www.myenglishpages.com,0,1,0.0,54.0
people pleasing,booksreddit.com,1,1,1.0,2.1
people pleasing,mikefalconer.net,0,1,0.0,3.8
people pleasing,www.indigo.ca,1,1,1.0,87.0
people pleasing,www.thathappyreader.ca,0,1,0.0,19.0
people pleasing,oshawalibrary.ca,0,1,0.0,37.0
people pleasing,www.slangzone.net,0,1,0.0,27.0
people pleasing,meadowsmalibu.com,1,1,1.0,14.0
people pleasing,littlerbooks.com,0,1,0.0,14.0
people pleasing,greatergood.berkeley.edu,0,1,0.0,92.0
people pleasing,www.bustle.com,0,1,0.0,88.0
people pleasing,selonna.se,0,1,0.0,0.0
people pleasing,thesanguinemusings.wixsite.com,1,1,1.0,94.0
people pleasing,readershouse.co.uk,0,1,0.0,48.0
people pleasing,www.astrologi.nu,0,1,0.0,19.0
people pleasing,maxlucado.com,0,1,0.0,63.0
people pleasing,aurastrology.com,0,1,0.0,0.0
people pleasing,www.californiapsychics.com,0,1,0.0,60.0
people pleasing,stantaylor.com,1,1,1.0,23.0
people pleasing,www.theastroking.com,0,1,0.0,0.6
people pleasing,drjonathanrudiger.com,1,1,1.0,0.0
people pleasing,dralanjacobson.com,0,1,0.0,34.0
people pleasing,www.openbible.info,1,1,1.0,75.0
people pleasing,www.perfumesfragrance.com,0,1,0.0,10.0
people pleasing,www.goodgirlsyndromecoach.com,0,1,0.0,0.2
people pleasing,dirkwernerbooks.com,0,1,0.0,23.0
people pleasing,tasteofcountry.com,0,1,0.0,73.0
people pleasing,psychologieetserenite.com,0,1,0.0,18.0
people pleasing,www.numerology.com,0,1,0.0,64.0
people pleasing,www.bestfriendsfornever.com.au,0,1,0.0,6.0
people pleasing,astrologycalculator.com,0,1,0.0,0.0
people pleasing,comicbook.com,1,1,1.0,80.0
people pleasing,www.getabstract.com,0,1,0.0,72.0
people pleasing,www.riverstonecounselling.ca,0,1,0.0,0.6
people pleasing,www.vanjabrander.com,0,1,0.0,0.0
people pleasing,www.calendar-uk.co.uk,0,1,0.0,28.0
people pleasing,www.akc.org,0,1,0.0,90.0
people pleasing,insights.lotuscentersc.org,1,1,1.0,8.0
people pleasing,momonpurpose.com,0,1,0.0,43.0
people pleasing,www.bible.com,0,1,0.0,90.0
people pleasing,susie-moore.com,0,1,0.0,51.0
people pleasing,empathi.com,0,1,0.0,43.0
people pleasing,www.psychology-lexicon.com,0,1,0.0,32.0
people pleasing,www.franklincovey.com,0,1,0.0,80.0
people pleasing,margarethamontagu.com,0,1,0.0,23.0
people pleasing,rm-kurier.de,0,1,0.0,62.0
people pleasing,independentartistbuzz.com,0,1,0.0,36.0
people pleasing,thedevelopingdoctor.com,0,1,0.0,16.0
people pleasing,coda.org,0,1,0.0,73.0
people pleasing,parents.simonandschuster.com,0,1,0.0,88.0
people pleasing,www.grimoire.love,0,1,0.0,0.5
people pleasing,m.dict.cc,0,1,0.0,78.0
people pleasing,mugglenet.com,0,1,0.0,64.0
people pleasing,everymood.com,1,1,1.0,0.0
people pleasing,www.note.kanekoshobo.co.jp,0,1,0.0,57.0
people pleasing,editorial.rottentomatoes.com,0,1,0.0,87.0
people pleasing,owwl.org,0,1,0.0,37.0
people pleasing,www.gillymacmillan.com,0,1,0.0,28.0
people pleasing,www.elle.de,1,1,1.0,73.0
people pleasing,www.perlego.com,0,1,0.0,73.0
people pleasing,www.aufeminin.com,0,1,0.0,77.0
people pleasing,12min.com,0,1,0.0,54.0
people pleasing,oxfordhealth.nhs.uk,0,1,0.0,72.0
people pleasing,thebookgrind.com,0,1,0.0,4.5
people pleasing,www.zondervan.com,1,1,1.0,75.0
people pleasing,onlinetherapyuk.co.uk,0,1,0.0,8.0
people pleasing,jurnal.kopusindo.com,0,1,0.0,25.0
people pleasing,econpapers.repec.org,0,1,0.0,86.0
people pleasing,therapygroupdc.com,0,1,0.0,52.0
people pleasing,soniamcdonald.com,0,1,0.0,18.0
people pleasing,www.crystalvaults.com,0,1,0.0,67.0
people pleasing,phraseably.com,0,1,0.0,0.0
people pleasing,streetslang.com,0,1,0.0,26.0
people pleasing,www.vanderbilt.edu,0,1,0.0,88.0
people pleasing,www.wordreference.com,0,1,0.0,80.0
people pleasing,www.leapaheadapp.com,1,1,1.0,4.8
people pleasing,barrazacarlos.com,0,1,0.0,50.0
people pleasing,www.mostread.in,0,1,0.0,0.6
people pleasing,www.menshealth.com,1,1,1.0,87.0
people pleasing,www.jw.org,1,1,1.0,80.0
people pleasing,www.kevintrudeau.com,0,1,0.0,55.0
people pleasing,www.zeit.de,0,1,0.0,90.0
people pleasing,gummary.com,0,1,0.0,0.0
people pleasing,gemslore.com,0,1,0.0,1.3
people pleasing,ifs.space,0,1,0.0,4.8
people pleasing,search.biblegateway.com,1,1,1.0,91.0
people pleasing,www.mentalhealth.com,0,1,0.0,79.0
people pleasing,personalitypick.com,0,1,0.0,1.9
people pleasing,7esl.com,0,1,0.0,58.0
people pleasing,www.christianitytoday.com,1,1,1.0,83.0
people pleasing,bishrulhaq.com,0,1,0.0,35.0
people pleasing,shop.hayhouse.com,1,1,1.0,75.0
people pleasing,www.audible.com,0,1,0.0,91.0
people pleasing,cir.nii.ac.jp,0,1,0.0,88.0
people pleasing,faq.relationallife.com,0,1,0.0,62.0
people pleasing,www.garyvollbracht.com,0,1,0.0,7.0
people pleasing,trauma.network,1,1,1.0,0.7
people pleasing,www.lwk-niedersachsen.de,0,1,0.0,74.0
people pleasing,etheses.bham.ac.uk,0,1,0.0,81.0
people pleasing,www.beyondintractability.org,0,1,0.0,69.0
people pleasing,www.astrologyjuno.com,0,1,0.0,4.7
people pleasing,fragrancereview.net,1,1,1.0,0.8
people pleasing,www.wsj.com,1,1,1.0,92.0
people pleasing,animamundicrystals.com,0,1,0.0,31.0
people pleasing,codatoronto.org,1,1,1.0,2.8
people pleasing,www.drpaulmccarthy.com,1,1,1.0,39.0
people pleasing,publications.aap.org,1,1,1.0,90.0
people pleasing,healthfully.com,0,1,0.0,68.0
people pleasing,www.willowhealingmeadows.com,1,1,1.0,17.0
people pleasing,poddtoppen.se,0,1,0.0,78.0
people pleasing,thinkchristian.net,0,1,0.0,51.0
people pleasing,www.breakthecycle.org,0,1,0.0,70.0
people pleasing,www.houghtonstar.com,0,1,0.0,14.0
people pleasing,www.christinababich.com,0,1,0.0,11.0
people pleasing,neckar-kurier.de,0,1,0.0,52.0
people pleasing,www.drglover.com,0,1,0.0,43.0
people pleasing,bbs.ruliweb.com,0,1,0.0,68.0
people pleasing,mythandmirror.com,0,1,0.0,1.0
people pleasing,www.softfeminine.com,0,1,0.0,0.0
people pleasing,www.elleryng.com,1,1,1.0,2.1
people pleasing,www.ncbi.nlm.nih.gov,0,1,0.0,95.0
people pleasing,cottonwoodpsychology.com,0,1,0.0,36.0
people pleasing,www.walturn.com,0,1,0.0,42.0
people pleasing,louiegiglio.com,0,1,0.0,50.0
people pleasing,www.typologycentral.com,0,1,0.0,32.0
people pleasing,thehealingheroes.com,1,1,1.0,8.0
people pleasing,doczz.net,0,1,0.0,52.0
people pleasing,www.ablueskymind.com,1,1,1.0,11.0
people pleasing,www.sup.org,0,1,0.0,78.0
people pleasing,mathewscounseling.net,0,1,0.0,9.0
people pleasing,www.scienceofpeople.com,1,1,1.0,77.0
people pleasing,icfcle.org,0,1,0.0,0.3
people pleasing,www.fragrantica.com,0,1,0.0,83.0
people pleasing,capricho.abril.com.br,0,1,0.0,89.0
people pleasing,debradoak.com,0,1,0.0,7.0
people pleasing,www.anahana.com,0,1,0.0,62.0
people pleasing,www.attachmentproject.com,0,1,0.0,74.0
people pleasing,booklisti.com,1,1,1.0,28.0
people pleasing,annakaruna.com,0,1,0.0,1.0
people pleasing,therapytips.org,0,1,0.0,42.0
people pleasing,thirdside.williamury.com,0,1,0.0,55.0
people pleasing,universalday.app,0,1,0.0,0.0
people pleasing,theloveco.in,0,1,0.0,18.0
people pleasing,thebalance.clinic,0,1,0.0,51.0
people pleasing,holisticmentalhealthnyc.com,1,1,1.0,4.2
people pleasing,www.indiemusicdiscovery.com,0,1,0.0,46.0
people pleasing,www.prpbooks.com,1,1,1.0,61.0
people pleasing,grammaratlas.com,1,1,1.0,71.0
people pleasing,www.abct.org,1,1,1.0,76.0
people pleasing,gracequotes.org,1,1,1.0,29.0
people pleasing,www.besselvanderkolk.com,0,1,0.0,75.0
people pleasing,www.taylortailored.co.uk,0,1,0.0,2.1
people pleasing,darinkingcounselingllc.com,0,1,0.0,15.0
people pleasing,people.duke.edu,0,1,0.0,90.0
people pleasing,parents.actionforchildren.org.uk,1,1,1.0,77.0
people pleasing,plan-international.org,0,1,0.0,79.0
people pleasing,theinspirationallifestyle.com,0,1,0.0,32.0
people pleasing,thescholarship.ecu.edu,0,1,0.0,80.0
people pleasing,atlantic-books.co.uk,0,1,0.0,63.0
people pleasing,justreaditalready.com,1,1,1.0,6.0
people pleasing,www.keen.com,1,1,1.0,68.0
people pleasing,lemonadamedia.com,0,1,0.0,68.0
people pleasing,www.hra.nhs.uk,1,1,1.0,77.0
people pleasing,global.penguinrandomhouse.com,1,1,1.0,91.0
people pleasing,www.goodnet.org,1,1,1.0,67.0
people pleasing,breaktheordinary.com,0,1,0.0,0.2
people pleasing,www.coachingfederation.org.uk,0,1,0.0,54.0
people pleasing,learnofchrist.com,1,1,1.0,23.0
people pleasing,www.aha.org,0,1,0.0,85.0
people pleasing,www.blackbirdmentalhealth.com,0,1,0.0,1.0
people pleasing,snyderpsychology.com,1,1,1.0,12.0
people pleasing,www.teenvogue.com,0,1,0.0,86.0
people pleasing,americansongwriter.com,0,1,0.0,78.0
people pleasing,kaikki.org,0,1,0.0,64.0
people pleasing,www.enneagraminstitute.com,1,1,1.0,79.0
people pleasing,www.loc.gov,0,1,0.0,91.0
people pleasing,www.lsfellowship.missouri.edu,0,1,0.0,87.0
people pleasing,www.tenilletownes.com,1,1,1.0,41.0
people pleasing,d2e111jq13me73.cloudfront.net,0,1,0.0,94.0
people pleasing,coreysleep.net,1,1,1.0,0.1
people pleasing,www.oreilly.com,0,1,0.0,90.0
people pleasing,linktr.ee,0,1,0.0,94.0
people pleasing,radiotv10.rw,0,1,0.0,21.0
people pleasing,www.marriage.com,0,1,0.0,75.0
people pleasing,www.shazam.com,0,1,0.0,80.0
people pleasing,www.frontiersin.org,1,1,1.0,92.0
people pleasing,counselingoneanother.com,1,1,1.0,33.0
people pleasing,roomofreads.com,0,1,0.0,0.0
people pleasing,www.deseret.com,1,1,1.0,84.0
people pleasing,foundrecovery.org,0,1,0.0,4.2
people pleasing,tasteofcalm.com,0,1,0.0,0.0
people pleasing,www.harrypotter.com,1,1,1.0,81.0
people pleasing,www.emilyjms.com,0,1,0.0,0.0
people pleasing,exclaim.ca,0,1,0.0,75.0
people pleasing,mlp.fandom.com,1,1,1.0,92.0
people pleasing,www.pete-walker.com,0,1,0.0,64.0
people pleasing,research.tilburguniversity.edu,0,1,0.0,80.0
people pleasing,shepherd.com,0,1,0.0,74.0
people pleasing,www.sloww.co,0,1,0.0,60.0
people pleasing,www.sallyflint.com,0,1,0.0,19.0
people pleasing,movies.disney.com,0,1,0.0,89.0
people pleasing,www.wonderlandmagazine.com,0,1,0.0,75.0
people pleasing,www.mind.org.uk,1,1,1.0,90.0
people pleasing,en.wikiquote.org,1,1,1.0,86.0
people pleasing,soundcloud.com,0,1,0.0,94.0
people pleasing,goong.com,0,1,0.0,32.0
people pleasing,petermcgraw.org,0,1,0.0,52.0
people pleasing,filmmakermagazine.com,0,1,0.0,77.0
people pleasing,www.linkedin.com,0,1,0.0,99.0
people pleasing,www.psychologyjunkie.com,0,1,0.0,47.0
people pleasing,milesofcomfortandbooks.com,0,1,0.0,0.6
people pleasing,skibiditimes.com,0,1,0.0,15.0
people pleasing,scielo.org.za,1,1,1.0,74.0
people pleasing,arxiv.org,1,1,1.0,93.0
people pleasing,www.empath.ph,0,1,0.0,26.0
people pleasing,www.nnlm.gov,1,1,1.0,74.0
people pleasing,under5.eyalliance.org.uk,0,1,0.0,69.0
people pleasing,www.susanblackburn.com,1,1,1.0,12.0
people pleasing,www.inspirewellnesstherapy.ca,1,1,1.0,11.0
people pleasing,audio.nrc.nl,0,1,0.0,86.0
people pleasing,aliabdaal.com,0,1,0.0,71.0
people pleasing,bigfivepersonality.me,1,1,1.0,1.9
people pleasing,www.psychology.org,0,1,0.0,73.0
people pleasing,josephtjones.com,0,1,0.0,0.0
people pleasing,www.songwritingmagazine.co.uk,0,1,0.0,49.0
people pleasing,www.forbes.com,0,1,0.0,94.0
people pleasing,plato.sydney.edu.au,0,1,0.0,87.0
people pleasing,www.newyorker.com,1,1,1.0,91.0
people pleasing,www.journals.umcs.pl,0,1,0.0,74.0
people pleasing,cbijapan.org,1,1,1.0,37.0
people pleasing,www.canr.msu.edu,0,1,0.0,90.0
people pleasing,schematherapysociety.org,0,1,0.0,71.0
people pleasing,www.equimundo.org,0,1,0.0,70.0
people pleasing,bookdna.com,0,1,0.0,68.0
people pleasing,atimelesslens.ca,1,1,1.0,0.0
people pleasing,www.radio.net,0,1,0.0,76.0
people pleasing,rolandbal.com,0,1,0.0,14.0
people pleasing,apnews.com,0,1,0.0,92.0
people pleasing,www.forthewriters.com,0,1,0.0,13.0
people pleasing,www.eileenhutchinson.com,1,1,1.0,10.0
people pleasing,www.themoviedb.org,0,1,0.0,88.0
people pleasing,inspirepearls.com,0,1,0.0,12.0
people pleasing,howtohappy.com,0,1,0.0,5.0
people pleasing,neonsnap.com,1,1,1.0,0.0
people pleasing,www.onmeda.de,0,1,0.0,74.0
people pleasing,tarot-insides.com,0,1,0.0,0.0
people pleasing,www.hayhouse.co.in,0,1,0.0,25.0
people pleasing,readdork.com,0,1,0.0,58.0
people pleasing,www.tawcan.com,0,1,0.0,30.0
people pleasing,www.esv.org,1,1,1.0,81.0
people pleasing,elvitarot.com,0,1,0.0,33.0
people pleasing,www.playpodcast.net,0,1,0.0,39.0
people pleasing,www.thebookx.in,0,1,0.0,0.0
people pleasing,filmcolossus.com,0,1,0.0,30.0
people pleasing,www.crosswalk.com,0,1,0.0,79.0
people pleasing,thebestyes.com,1,1,1.0,31.0
people pleasing,www.goodgirlsyndrome.eu,0,1,0.0,2.3
people pleasing,www.teamblind.com,0,1,0.0,74.0
people pleasing,thalira.com,0,1,0.0,20.0
people pleasing,www.lifeline.org.au,0,1,0.0,88.0
people pleasing,lobab.com,1,1,1.0,15.0
people pleasing,www.simonandschuster.co.in,1,1,1.0,39.0
people pleasing,www.verywellhealth.com,0,1,0.0,90.0
people pleasing,outofthefog.website,1,1,1.0,49.0
people pleasing,www.foyles.co.uk,0,1,0.0,79.0
people pleasing,chieflings.com,0,1,0.0,3.1
people pleasing,www.ninetypes.co,1,1,1.0,27.0
people pleasing,rosemariecordell.com,0,1,0.0,0.0
people pleasing,www.cpft.nhs.uk,1,1,1.0,61.0
people pleasing,www.michiganpsychologists.com,0,1,0.0,3.1
people pleasing,www.parents.com,1,1,1.0,87.0
people pleasing,astrodruid.com,0,1,0.0,31.0
people pleasing,theweek.com,0,1,0.0,84.0
people pleasing,www.sephora.com,1,1,1.0,87.0
people pleasing,www.panmacmillan.com.au,0,1,0.0,71.0
people pleasing,www.astrologyzone.com,0,1,0.0,64.0
people pleasing,relationallife.com,0,1,0.0,62.0
people pleasing,www.myemdrla.com,0,1,0.0,0.2
people pleasing,www.summrize.com,0,1,0.0,13.0
people pleasing,slangdefine.org,0,1,0.0,56.0
people pleasing,markmanson.net,0,1,0.0,78.0
people pleasing,singaporejournal.com,0,1,0.0,12.0
people pleasing,www.simonandschuster.co.uk,0,1,0.0,73.0
people pleasing,www.biocoherence.net,0,1,0.0,15.0
people pleasing,penguinrandomhousehighereducation.com,1,1,1.0,64.0
people pleasing,beta.fragrantica.com,1,1,1.0,83.0
people pleasing,www.listennotes.com,0,1,0.0,85.0
people pleasing,www.formation-naturopathe.fr,0,1,0.0,1.0
people pleasing,dollyalderton.com,1,1,1.0,27.0
people pleasing,books.google.co.in,1,1,1.0,91.0
people pleasing,yabc.borodutch.com,0,1,0.0,38.0
people pleasing,www.jewishbookcouncil.org,0,1,0.0,72.0
people pleasing,www.aup-online.com,1,1,1.0,71.0
people pleasing,imaji.id,0,1,0.0,4.9
people pleasing,astroask.net,0,1,0.0,0.0
people pleasing,www.urbandictionary.com,0,1,0.0,88.0
people pleasing,www.disneyexaminer.com,0,1,0.0,29.0
people pleasing,www.nishantmittal.in,0,1,0.0,0.9
people pleasing,www.gia.edu,0,1,0.0,87.0
people pleasing,tobifairley.com,0,1,0.0,51.0
people pleasing,crystaldatabase.com,0,1,0.0,4.0
people pleasing,www.bibamagazine.fr,0,1,0.0,72.0
people pleasing,thisvsthat.io,0,1,0.0,41.0
people pleasing,www.eqiqs.com,0,1,0.0,12.0
people pleasing,brunch.co.kr,0,1,0.0,79.0
people pleasing,www.theconsumers.guide,0,1,0.0,20.0
people pleasing,www.psychologs.com,0,1,0.0,56.0
people pleasing,alifelessmiserable.substack.com,0,1,0.0,94.0
people pleasing,richardschwartzphd.com,0,1,0.0,0.6
people pleasing,www.louisejanovsky.com,0,1,0.0,0.0
people pleasing,www.caesarlivenloud.com,0,1,0.0,48.0
people pleasing,kesq.com,0,1,0.0,73.0
people pleasing,www.theliberatedclinician.com,0,1,0.0,12.0
people pleasing,beatcancer.org,0,1,0.0,44.0
people pleasing,www.orastella.com,1,1,1.0,0.0
people pleasing,fortune.com,0,1,0.0,91.0
people pleasing,treatmedia.com,0,1,0.0,36.0
people pleasing,www.crystalmeaning.com,0,1,0.0,0.3
people pleasing,danaethinksthat.com,0,1,0.0,0.1
people pleasing,reiprime.com,0,1,0.0,23.0
people pleasing,www.mindtalk.in,0,1,0.0,22.0
people pleasing,meaghanjohnson.com,1,1,1.0,0.1
people pleasing,textzloom.com,0,1,0.0,4.4
people pleasing,theruggedface.com,0,1,0.0,0.1
people pleasing,assets.publishing.service.gov.uk,0,1,0.0,92.0
people pleasing,www.identityexchange.com,0,1,0.0,42.0
people pleasing,www.drcloud.com,0,1,0.0,62.0
people pleasing,cultivateconfidence.com,0,1,0.0,9.0
people pleasing,menwomenpsychology.com,0,1,0.0,0.8
people pleasing,news.nate.com,0,1,0.0,77.0
people pleasing,pitchfork.com,0,1,0.0,86.0
people pleasing,indianexpress.com,1,1,1.0,89.0
people pleasing,yourstory.com,1,1,1.0,85.0
people pleasing,www.storytel.com,0,1,0.0,81.0
people pleasing,www.ark.no,0,1,0.0,75.0
people pleasing,www.melodybeattie.com,1,1,1.0,53.0
people pleasing,healthioplus.com,0,1,0.0,0.0
people pleasing,www.gratefulweb.com,0,1,0.0,66.0
people pleasing,www.psypost.org,0,1,0.0,78.0
people pleasing,torus-center.com,0,1,0.0,1.8
people pleasing,purehost.bath.ac.uk,0,1,0.0,83.0
people pleasing,www.aftonbladet.se,0,1,0.0,86.0
people pleasing,youmatterai.com,0,1,0.0,11.0
people pleasing,images.akc.org,0,1,0.0,90.0
people pleasing,www.thehartcentre.com.au,1,1,1.0,41.0
people pleasing,news.arizona.edu,1,1,1.0,90.0
people pleasing,penguinrandomhouselibrary.com,0,1,0.0,57.0
people pleasing,www.mendedlife.com,1,1,1.0,8.0
people pleasing,www.vice.com,1,1,1.0,91.0
people pleasing,www.masteryinsights.com,0,1,0.0,34.0
people pleasing,bigthink.com,0,1,0.0,84.0
people pleasing,www.therapyexplained.com,0,1,0.0,6.0
people pleasing,www.allas.se,0,1,0.0,71.0
people pleasing,int.livhospital.com,1,1,1.0,71.0
people pleasing,www.therapyandspirituality.com,0,1,0.0,14.0
people pleasing,www.gemsociety.org,0,1,0.0,78.0
people pleasing,slang.net,0,1,0.0,59.0
people pleasing,www.advancedcounselingbozeman.com,1,1,1.0,6.0
people pleasing,static.plaync.co.kr,0,1,0.0,44.0
people pleasing,www.terricole.com,1,1,1.0,57.0
people pleasing,www.the-college-reporter.com,0,1,0.0,29.0
people pleasing,www.rtl.de,0,1,0.0,86.0
people pleasing,medschool.uci.edu,1,1,1.0,90.0
people pleasing,www.imaeil.com,0,1,0.0,72.0
people pleasing,dividedwefall.org,0,1,0.0,37.0
people pleasing,austejalandsbergiene.com,1,1,1.0,4.0
people pleasing,www.bookrags.com,0,1,0.0,64.0
people pleasing,katmcadaragh.com,0,1,0.0,0.0
people pleasing,thedailyfandom.org,1,1,1.0,29.0
people pleasing,vocal.media,0,1,0.0,82.0
people pleasing,academic.oup.com,1,1,1.0,92.0
people pleasing,acpeds.org,0,1,0.0,67.0
people pleasing,www.penguin.co.nz,0,1,0.0,71.0
people pleasing,www.businessfloss.com,0,1,0.0,2.7
people pleasing,www.harleytherapy.co.uk,0,1,0.0,62.0
people pleasing,www.isst-d.org,1,1,1.0,72.0
people pleasing,testix.co.uk,0,1,0.0,18.0
people pleasing,www.namu.moe,0,1,0.0,25.0
people pleasing,horoskopet.nu,0,1,0.0,24.0
people pleasing,www.sciencefocus.com,0,1,0.0,82.0
people pleasing,www.insta.page,0,1,0.0,1.7
people pleasing,www.learnerd.org,0,1,0.0,0.8
emotional manipulation,en.wikipedia.org,16,26,0.6154,97.0
emotional manipulation,www.rottentomatoes.com,13,22,0.5909,87.0
emotional manipulation,www.theguardian.com,10,21,0.4762,93.0
emotional manipulation,www.goodreads.com,5,17,0.2941,92.0
emotional manipulation,www.supersummary.com,6,15,0.4,65.0
emotional manipulation,www.rogerebert.com,9,14,0.6429,81.0
emotional manipulation,www.imdb.com,8,12,0.6667,94.0
emotional manipulation,www.reddit.com,5,11,0.4545,95.0
emotional manipulation,www.gamespot.com,4,9,0.4444,86.0
emotional manipulation,www.washingtonpost.com,5,9,0.5556,93.0
emotional manipulation,books.google.com,2,9,0.2222,100.0
emotional manipulation,www.penguinrandomhouse.com,4,9,0.4444,91.0
emotional manipulation,www.metacritic.com,6,9,0.6667,83.0
emotional manipulation,app.thestorygraph.com,3,8,0.375,80.0
emotional manipulation,www.latimes.com,5,8,0.625,92.0
emotional manipulation,www.kirkusreviews.com,3,8,0.375,86.0
emotional manipulation,www.hachette.co.uk,3,7,0.4286,76.0
emotional manipulation,time.com,5,7,0.7143,92.0
emotional manipulation,openlibrary.org,0,7,0.0,86.0
emotional manipulation,gamefaqs.gamespot.com,1,5,0.2,86.0
emotional manipulation,www.commonsensemedia.org,3,5,0.6,87.0
emotional manipulation,books.apple.com,1,5,0.2,97.0
emotional manipulation,www.sparknotes.com,3,5,0.6,77.0
emotional manipulation,www.simonandschuster.com,1,5,0.2,88.0
emotional manipulation,www.psychologytoday.com,2,5,0.4,93.0
emotional manipulation,www.youtube.com,0,5,0.0,99.0
emotional manipulation,www.romance.io,4,5,0.8,52.0
emotional manipulation,psychcentral.com,2,4,0.5,87.0
emotional manipulation,www.thewrap.com,4,4,1.0,84.0
emotional manipulation,www.engadget.com,2,4,0.5,90.0
emotional manipulation,goodreads.com,0,4,0.0,92.0
emotional manipulation,www.audible.com,3,4,0.75,91.0
emotional manipulation,www.wired.com,3,4,0.75,92.0
emotional manipulation,triggerwarningdatabase.com,2,4,0.5,36.0
emotional manipulation,health.clevelandclinic.org,1,4,0.25,92.0
emotional manipulation,www.panmacmillan.com,2,4,0.5,77.0
emotional manipulation,www.forbes.com,1,4,0.25,94.0
emotional manipulation,www.newyorker.com,1,4,0.25,91.0
emotional manipulation,timesofindia.indiatimes.com,3,4,0.75,92.0
emotional manipulation,us.macmillan.com,3,4,0.75,86.0
emotional manipulation,pmc.ncbi.nlm.nih.gov,1,4,0.25,95.0
emotional manipulation,www.pcgamer.com,2,3,0.6667,85.0
emotional manipulation,people.com,0,3,0.0,91.0
emotional manipulation,www.simonandschuster.net,3,3,1.0,60.0
emotional manipulation,www.hachette.com.au,1,3,0.3333,72.0
emotional manipulation,sobrief.com,0,3,0.0,53.0
emotional manipulation,www.abc.net.au,1,3,0.3333,91.0
emotional manipulation,comicbook.com,2,3,0.6667,80.0
emotional manipulation,parents.simonandschuster.com,1,3,0.3333,88.0
emotional manipulation,www.denofgeek.com,2,3,0.6667,78.0
emotional manipulation,arstechnica.com,3,3,1.0,91.0
emotional manipulation,www.spicybooks.org,0,3,0.0,6.0
emotional manipulation,www.carolalovering.com,2,3,0.6667,13.0
emotional manipulation,www.marvel.com,1,3,0.3333,84.0
emotional manipulation,journals.sagepub.com,1,3,0.3333,92.0
emotional manipulation,www.digitaltrends.com,1,3,0.3333,89.0
emotional manipulation,psychologyexposed.com,2,2,1.0,0.4
emotional manipulation,newbookrecommendation.com,0,2,0.0,31.0
emotional manipulation,consumer.ftc.gov,2,2,1.0,93.0
emotional manipulation,www.timeout.com,1,2,0.5,90.0
emotional manipulation,www.penguin.com.au,1,2,0.5,79.0
emotional manipulation,www.simplypsychology.org,0,2,0.0,85.0
emotional manipulation,www.lemon8-app.com,0,2,0.0,81.0
emotional manipulation,ursummary.com,0,2,0.0,8.0
emotional manipulation,www.goodnovel.com,0,2,0.0,63.0
emotional manipulation,dc.fandom.com,1,2,0.5,92.0
emotional manipulation,legalclarity.org,1,2,0.5,76.0
emotional manipulation,www.startupbooted.com,1,2,0.5,70.0
emotional manipulation,www.gottman.com,2,2,1.0,85.0
emotional manipulation,steamcommunity.com,0,2,0.0,91.0
emotional manipulation,www.techradar.com,1,2,0.5,91.0
emotional manipulation,www.netflix.com,0,2,0.0,92.0
emotional manipulation,www.crunchyroll.com,2,2,1.0,83.0
emotional manipulation,www.ravenkennedybooks.com,2,2,1.0,17.0
emotional manipulation,store.steampowered.com,2,2,1.0,93.0
emotional manipulation,www.upworthy.com,1,2,0.5,80.0
emotional manipulation,onlinelibrary.wiley.com,1,2,0.5,93.0
emotional manipulation,www.slashfilm.com,1,2,0.5,79.0
emotional manipulation,www.classical-music.com,2,2,1.0,72.0
emotional manipulation,booksthatslay.com,1,2,0.5,26.0
emotional manipulation,www.dc.com,1,2,0.5,80.0
emotional manipulation,heykidscomics.fandom.com,1,2,0.5,92.0
emotional manipulation,www.publishersweekly.com,0,2,0.0,87.0
emotional manipulation,dictionary.apa.org,1,2,0.5,92.0
emotional manipulation,www.tandfonline.com,2,2,1.0,92.0
emotional manipulation,www.bollywoodhungama.com,0,2,0.0,73.0
emotional manipulation,www.celebritynetworth.com,1,2,0.5,78.0
emotional manipulation,www.reelviews.net,1,2,0.5,53.0
emotional manipulation,www.wordreference.com,0,2,0.0,80.0
emotional manipulation,www.hachettebookgroup.com,1,2,0.5,85.0
emotional manipulation,knowyourmeme.com,1,2,0.5,86.0
emotional manipulation,www.destructoid.com,1,2,0.5,78.0
emotional manipulation,andrewtatecasino.net,0,2,0.0,5.0
emotional manipulation,www.dictionary.com,0,2,0.0,90.0
emotional manipulation,www.the-independent.com,1,2,0.5,80.0
emotional manipulation,www.webmd.com,0,2,0.0,92.0
emotional manipulation,brewingwriter.com,0,2,0.0,32.0
emotional manipulation,screenwiseapp.com,2,2,1.0,20.0
emotional manipulation,www.simplypsychology.com,1,2,0.5,42.0
emotional manipulation,www.videogamer.com,0,2,0.0,78.0
emotional manipulation,booktriggerwarnings.com,1,2,0.5,36.0
emotional manipulation,www.merriam-webster.com,2,2,1.0,91.0
emotional manipulation,m.imdb.com,1,2,0.5,94.0
emotional manipulation,tv.apple.com,1,2,0.5,97.0
emotional manipulation,www.simonandschuster.ca,1,2,0.5,71.0
emotional manipulation,theweek.com,1,2,0.5,84.0
emotional manipulation,www.healthline.com,0,2,0.0,92.0
emotional manipulation,coincodex.com,2,2,1.0,75.0
emotional manipulation,comicvine.gamespot.com,0,2,0.0,86.0
emotional manipulation,moodreads.app,0,2,0.0,5.0
emotional manipulation,pitchfork.com,1,2,0.5,86.0
emotional manipulation,indianexpress.com,0,2,0.0,89.0
emotional manipulation,www.justwatch.com,0,2,0.0,82.0
emotional manipulation,www.vice.com,0,2,0.0,91.0
emotional manipulation,www.yahoo.com,1,2,0.5,94.0
emotional manipulation,www.juniorlibraryguild.com,0,1,0.0,62.0
emotional manipulation,www.collinsdictionary.com,0,1,0.0,86.0
emotional manipulation,www.nationalbook.org,1,1,1.0,75.0
emotional manipulation,www.hindustantimes.com,0,1,0.0,89.0
emotional manipulation,anime.stackexchange.com,0,1,0.0,91.0
emotional manipulation,www.scamwatch.gov.au,1,1,1.0,83.0
emotional manipulation,boredtodeathbookclub.com,0,1,0.0,16.0
emotional manipulation,www.9news.com.au,0,1,0.0,81.0
emotional manipulation,gemuruhkata.wordpress.com,0,1,0.0,96.0
emotional manipulation,www.relationshipsnsw.org.au,0,1,0.0,62.0
emotional manipulation,www.npr.org,0,1,0.0,92.0
emotional manipulation,news.liverpool.ac.uk,0,1,0.0,82.0
emotional manipulation,www.ebsco.com,1,1,1.0,87.0
emotional manipulation,www.dash.hrecos.org,0,1,0.0,32.0
emotional manipulation,www.kmart.com.au,0,1,0.0,76.0
emotional manipulation,www.penguinrandomhouseretail.com,0,1,0.0,63.0
emotional manipulation,www.etsy.com,0,1,0.0,94.0
emotional manipulation,film-fest-report.com,0,1,0.0,40.0
emotional manipulation,www.scifidimensions.com,0,1,0.0,32.0
emotional manipulation,www.datingscout.com,1,1,1.0,56.0
emotional manipulation,in.tinderpressroom.com,1,1,1.0,75.0
emotional manipulation,wpls.aegvision.com,0,1,0.0,75.0
emotional manipulation,labyrinthos.co,1,1,1.0,64.0
emotional manipulation,www.classificationoffice.govt.nz,1,1,1.0,70.0
emotional manipulation,dictionary.cambridge.org,0,1,0.0,92.0
emotional manipulation,www.watchmojo.com,0,1,0.0,64.0
emotional manipulation,www.simonandschuster.com.au,1,1,1.0,73.0
emotional manipulation,www.dogpatch.games,0,1,0.0,28.0
emotional manipulation,www.classicmarvelforever.com,0,1,0.0,30.0
emotional manipulation,www.similarweb.com,1,1,1.0,89.0
emotional manipulation,ellethinks.wordpress.com,0,1,0.0,96.0
emotional manipulation,play.google.com,0,1,0.0,100.0
emotional manipulation,news.northeastern.edu,1,1,1.0,87.0
emotional manipulation,animerants.net,0,1,0.0,12.0
emotional manipulation,attackontitan.fandom.com,1,1,1.0,92.0
emotional manipulation,www.lucymary.co.uk,0,1,0.0,14.0
emotional manipulation,psychologydictionary.org,0,1,0.0,62.0
emotional manipulation,unsplash.com,0,1,0.0,94.0
emotional manipulation,fictionwings.com,1,1,1.0,0.1
emotional manipulation,www.litcharts.com,1,1,1.0,72.0
emotional manipulation,qr.netflix.com,1,1,1.0,92.0
emotional manipulation,www.theknot.com,0,1,0.0,91.0
emotional manipulation,techcrunch.com,0,1,0.0,92.0
emotional manipulation,readysteadycut.com,1,1,1.0,52.0
emotional manipulation,dl.digra.org,0,1,0.0,64.0
emotional manipulation,www.sciencedirect.com,0,1,0.0,94.0
emotional manipulation,pendouglas.com,0,1,0.0,37.0
emotional manipulation,www.moviemeter.com,1,1,1.0,31.0
emotional manipulation,www.unconsentingmedia.org,0,1,0.0,38.0
emotional manipulation,www.audible.in,0,1,0.0,71.0
emotional manipulation,www.ebay.com,0,1,0.0,93.0
emotional manipulation,advancebookreaders.com,0,1,0.0,15.0
emotional manipulation,www.edmontonvpc.ca,1,1,1.0,18.0
emotional manipulation,igamingexpress.com,0,1,0.0,55.0
emotional manipulation,cbbattles.blogspot.com,0,1,0.0,95.0
emotional manipulation,www.moviefone.com,0,1,0.0,74.0
emotional manipulation,alicehanov.com,0,1,0.0,6.0
emotional manipulation,hachetteindia.com,0,1,0.0,40.0
emotional manipulation,summaryshelf.app,1,1,1.0,21.0
emotional manipulation,wisdateline.org,0,1,0.0,9.0
emotional manipulation,horrorgames.fandom.com,0,1,0.0,92.0
emotional manipulation,www.thehollywoodoutsider.com,0,1,0.0,33.0
emotional manipulation,marksinsights.com,0,1,0.0,57.0
emotional manipulation,www.scribd.com,1,1,1.0,91.0
emotional manipulation,shibboleth.idm.home.nyu.edu,0,1,0.0,91.0
emotional manipulation,thecinemaholic.com,0,1,0.0,68.0
emotional manipulation,revistasdemo.untumbes.edu.pe,0,1,0.0,57.0
emotional manipulation,whatnerd.com,1,1,1.0,37.0
emotional manipulation,www2.scholastic.ca,0,1,0.0,74.0
emotional manipulation,www.thecherrypicks.com,0,1,0.0,45.0
emotional manipulation,www.researchgate.net,0,1,0.0,93.0
emotional manipulation,www.helenhoang.com,0,1,0.0,49.0
emotional manipulation,writethroughthenight.com,0,1,0.0,25.0
emotional manipulation,www.target.com,0,1,0.0,91.0
emotional manipulation,purplelanterngames.com,0,1,0.0,7.0
emotional manipulation,insessionfilm.com,0,1,0.0,48.0
emotional manipulation,www.thecrimson.com,0,1,0.0,81.0
emotional manipulation,publish.iupress.indiana.edu,1,1,1.0,88.0
emotional manipulation,www.nyrb.com,0,1,0.0,71.0
emotional manipulation,www.jeuxvideo-live.com,0,1,0.0,46.0
emotional manipulation,filmdaze.net,0,1,0.0,36.0
emotional manipulation,geekscovery.com,1,1,1.0,1.4
emotional manipulation,globalnews.ca,0,1,0.0,89.0
emotional manipulation,www.christianpost.com,0,1,0.0,80.0
emotional manipulation,d1vzi28wh99zvq.cloudfront.net,1,1,1.0,94.0
emotional manipulation,www.wa.gov.au,1,1,1.0,87.0
emotional manipulation,www.playbuzz.com,0,1,0.0,75.0
emotional manipulation,pianiste.fr,1,1,1.0,48.0
emotional manipulation,sensortower.com,1,1,1.0,83.0
emotional manipulation,internationaljournalofwellbeing.org,0,1,0.0,67.0
emotional manipulation,opencontent.ccbcmd.edu,1,1,1.0,68.0
emotional manipulation,www.genie.co.kr,0,1,0.0,71.0
emotional manipulation,thevisionmsms.org,0,1,0.0,6.0
emotional manipulation,www.counselling-directory.org.uk,0,1,0.0,85.0
emotional manipulation,www.surroundedbyidiots.com,1,1,1.0,40.0
emotional manipulation,darkpsychologylab.com,1,1,1.0,0.3
emotional manipulation,business.walmart.com,0,1,0.0,92.0
emotional manipulation,psychologyclinix.com,1,1,1.0,1.4
emotional manipulation,www.ctinsider.com,1,1,1.0,80.0
emotional manipulation,neoencyclopedia.fandom.com,0,1,0.0,92.0
emotional manipulation,www.kiddrapinet.co.uk,0,1,0.0,26.0
emotional manipulation,www.jessahastings.com,1,1,1.0,22.0
emotional manipulation,tesera.ru,1,1,1.0,57.0
emotional manipulation,mechanicsofmagic.com,0,1,0.0,28.0
emotional manipulation,brainmanager.io,0,1,0.0,40.0
emotional manipulation,www.allmusic.com,0,1,0.0,85.0
emotional manipulation,www.be-salt.com,1,1,1.0,43.0
emotional manipulation,thecodex.wiki,0,1,0.0,7.0
emotional manipulation,sagaciresearch.com,0,1,0.0,34.0
emotional manipulation,blastawaythegamereview.com,0,1,0.0,2.7
emotional manipulation,www.churchofjesuschrist.org,1,1,1.0,86.0
emotional manipulation,www.boxofficeindia.com,0,1,0.0,53.0
emotional manipulation,www.anime-planet.com,1,1,1.0,71.0
emotional manipulation,www.simonandschuster.biz,0,1,0.0,70.0
emotional manipulation,psychology.org.au,0,1,0.0,82.0
emotional manipulation,elderscrolls.bethesda.net,1,1,1.0,81.0
emotional manipulation,www.oxfordlearnersdictionaries.com,0,1,0.0,81.0
emotional manipulation,www.radiox.co.uk,1,1,1.0,69.0
emotional manipulation,www.asoundeffect.com,0,1,0.0,70.0
emotional manipulation,www.dccomicbooks.com,1,1,1.0,10.0
emotional manipulation,www.courtkutchehry.com,0,1,0.0,26.0
emotional manipulation,changes.ie,0,1,0.0,13.0
emotional manipulation,www.cosmopolitan.com,1,1,1.0,89.0
emotional manipulation,gameoll.com,0,1,0.0,1.6
emotional manipulation,www.comicbasics.com,0,1,0.0,74.0
emotional manipulation,www.syfy.com,0,1,0.0,80.0
emotional manipulation,www.glamour.com,0,1,0.0,86.0
emotional manipulation,www.studocu.com,0,1,0.0,77.0
emotional manipulation,supportedlifestyles.com,0,1,0.0,11.0
emotional manipulation,www.indiaforums.com,0,1,0.0,57.0
emotional manipulation,www.sfchronicle.com,0,1,0.0,88.0
emotional manipulation,www.whowhatwear.com,0,1,0.0,84.0
emotional manipulation,economictimes.indiatimes.com,0,1,0.0,92.0
emotional manipulation,hellojesus.app,0,1,0.0,0.3
emotional manipulation,www.helpguide.org,1,1,1.0,87.0
emotional manipulation,tubitv.com,0,1,0.0,84.0
emotional manipulation,cybercrime.gov.in,1,1,1.0,82.0
emotional manipulation,www.techspot.com,0,1,0.0,82.0
emotional manipulation,www.sexlovedragons.com,0,1,0.0,0.0
emotional manipulation,boardgamegeek.com,0,1,0.0,88.0
emotional manipulation,www.lfcc.tv,1,1,1.0,24.0
emotional manipulation,www.pulitzer.org,0,1,0.0,80.0
emotional manipulation,www.pcgamesn.com,0,1,0.0,78.0
emotional manipulation,www.salon.com,1,1,1.0,87.0
emotional manipulation,www.facebook.com,0,1,0.0,100.0
emotional manipulation,abcnews.com,0,1,0.0,91.0
emotional manipulation,animecultivated.com,1,1,1.0,2.2
emotional manipulation,www.filmcomment.com,0,1,0.0,72.0
emotional manipulation,www.huntersentertainment.com,0,1,0.0,45.0
emotional manipulation,nerdynook.co.uk,1,1,1.0,11.0
emotional manipulation,datareportal.com,1,1,1.0,89.0
emotional manipulation,superheroes.fandom.com,0,1,0.0,92.0
emotional manipulation,artsatmichigan.umich.edu,0,1,0.0,91.0
emotional manipulation,www.blinkist.com,0,1,0.0,76.0
emotional manipulation,www.instagram.com,0,1,0.0,100.0
emotional manipulation,cnovelholic.com,1,1,1.0,41.0
emotional manipulation,www.calendar-canada.ca,0,1,0.0,28.0
emotional manipulation,horror-games.fandom.com,0,1,0.0,92.0
emotional manipulation,museumoffailure.com,0,1,0.0,59.0
emotional manipulation,anilist.co,0,1,0.0,79.0
emotional manipulation,www.fox5ny.com,0,1,0.0,79.0
emotional manipulation,cannonballread.com,0,1,0.0,38.0
emotional manipulation,www.scholastic.ca,0,1,0.0,74.0
emotional manipulation,www.filmibeat.com,1,1,1.0,71.0
emotional manipulation,en-us.shenyun.org,0,1,0.0,59.0
emotional manipulation,www.usmagazine.com,0,1,0.0,84.0
emotional manipulation,wiki.d-addicts.com,1,1,1.0,61.0
emotional manipulation,univers.ug.edu.gh,0,1,0.0,74.0
emotional manipulation,powerlisting.fandom.com,0,1,0.0,92.0
emotional manipulation,www.booksummaryandreview.com,0,1,0.0,6.0
emotional manipulation,www.ohioattorneygeneral.gov,0,1,0.0,78.0
emotional manipulation,theliterarylifestyle.com,0,1,0.0,37.0
emotional manipulation,oldaintdead.com,0,1,0.0,29.0
emotional manipulation,discover.bklynlibrary.org,1,1,1.0,76.0
emotional manipulation,greatergood.berkeley.edu,1,1,1.0,92.0
emotional manipulation,grahammann.net,0,1,0.0,40.0
emotional manipulation,www.pcworld.com,1,1,1.0,88.0
emotional manipulation,journal.psych.ac.cn,0,1,0.0,68.0
emotional manipulation,ronitjauthor.com,0,1,0.0,11.0
emotional manipulation,www.fantasticfiction.com,0,1,0.0,72.0
emotional manipulation,petalsplottwists.wordpress.com,0,1,0.0,96.0
emotional manipulation,toytales.ca,0,1,0.0,41.0
emotional manipulation,www.seknfind.org,1,1,1.0,18.0
emotional manipulation,www.avclub.com,0,1,0.0,82.0
emotional manipulation,www.vanityfair.com,1,1,1.0,89.0
emotional manipulation,psychovista.com,0,1,0.0,5.0
emotional manipulation,wtop.com,1,1,1.0,82.0
emotional manipulation,www.monmouth.edu,1,1,1.0,76.0
emotional manipulation,crewfiction.com,1,1,1.0,34.0
emotional manipulation,wtcs.pressbooks.pub,1,1,1.0,81.0
emotional manipulation,www.ftc.gov,1,1,1.0,93.0
emotional manipulation,www.movieinsider.com,0,1,0.0,57.0
emotional manipulation,www.fanfiction.net,0,1,0.0,77.0
emotional manipulation,www.pesicanada.ca,0,1,0.0,34.0
emotional manipulation,myanimepulse.com,0,1,0.0,0.8
emotional manipulation,www.thetimes.co.uk,1,1,1.0,90.0
emotional manipulation,dramaslot.com,1,1,1.0,10.0
emotional manipulation,talkfilmsociety.com,1,1,1.0,32.0
emotional manipulation,www.penguin.co.uk,0,1,0.0,85.0
emotional manipulation,www.humaneworld.org,0,1,0.0,86.0
emotional manipulation,www.wecareonline.org,0,1,0.0,4.6
emotional manipulation,www.nybooks.com,0,1,0.0,82.0
emotional manipulation,press.hulu.com,0,1,0.0,88.0
emotional manipulation,www.thecounselorscoach.com,0,1,0.0,27.0
emotional manipulation,www.independent.co.uk,1,1,1.0,91.0
emotional manipulation,www.icij.org,1,1,1.0,80.0
emotional manipulation,planningproductivity.com,0,1,0.0,0.0
emotional manipulation,www.healthcentral.com,0,1,0.0,82.0
emotional manipulation,seaofthieves.fandom.com,0,1,0.0,92.0
emotional manipulation,pro.imdb.com,0,1,0.0,94.0
emotional manipulation,research.usc.edu.au,1,1,1.0,75.0
emotional manipulation,www.verywellmind.com,1,1,1.0,90.0
emotional manipulation,www.truebondr.in,1,1,1.0,0.6
emotional manipulation,www.ndtv.com,0,1,0.0,89.0
emotional manipulation,www.justshowbiz.net,0,1,0.0,34.0
emotional manipulation,sctcoc.org,1,1,1.0,11.0
emotional manipulation,kanikarose.com,0,1,0.0,0.2
emotional manipulation,www.thesixthaxis.com,0,1,0.0,67.0
emotional manipulation,theshahab.com,0,1,0.0,16.0
emotional manipulation,www.sportingnews.com,0,1,0.0,82.0
emotional manipulation,www.radiotimes.com,1,1,1.0,80.0
emotional manipulation,gfpods.com,0,1,0.0,3.6
emotional manipulation,goombastomp.com,0,1,0.0,52.0
emotional manipulation,www.christianitytoday.com,1,1,1.0,83.0
emotional manipulation,www.medicalnewstoday.com,0,1,0.0,91.0
emotional manipulation,umanitoba.ca,1,1,1.0,82.0
emotional manipulation,www.getpersonality.com,0,1,0.0,7.0
emotional manipulation,columbiachronicle.com,0,1,0.0,63.0
emotional manipulation,www.plotexplained.com,1,1,1.0,18.0
emotional manipulation,www.samanthasstories.org,0,1,0.0,2.0
emotional manipulation,www.spicyreads.com,0,1,0.0,11.0
emotional manipulation,everydaypsy.com,0,1,0.0,8.0
emotional manipulation,marvel.fandom.com,1,1,1.0,92.0
emotional manipulation,www.casemine.com,0,1,0.0,75.0
emotional manipulation,www.sundaytimes.lk,0,1,0.0,73.0
emotional manipulation,pdfcoffee.com,0,1,0.0,70.0
emotional manipulation,writerswithoutmoney.com,0,1,0.0,9.0
emotional manipulation,www.tellyexpress.com,0,1,0.0,39.0
emotional manipulation,en.wiktionary.org,0,1,0.0,91.0
emotional manipulation,tropehunt.com,1,1,1.0,0.0
emotional manipulation,www.ateezstoryline.com,0,1,0.0,6.0
emotional manipulation,www.esrb.org,0,1,0.0,82.0
emotional manipulation,evals.nope.net,0,1,0.0,23.0
emotional manipulation,simple.wiktionary.org,0,1,0.0,91.0
emotional manipulation,www.realsimple.com,1,1,1.0,87.0
emotional manipulation,www.pheno.org.au,0,1,0.0,10.0
emotional manipulation,www.gog.com,1,1,1.0,84.0
emotional manipulation,www.graywolfpress.org,0,1,0.0,74.0
emotional manipulation,www.dexerto.com,1,1,1.0,79.0
emotional manipulation,www.otherworldtales.com,1,1,1.0,26.0
emotional manipulation,www.cinemablend.com,0,1,0.0,79.0
emotional manipulation,cogconnected.com,0,1,0.0,60.0
emotional manipulation,www.similartobooks.com,0,1,0.0,34.0
emotional manipulation,www.risingshadow.net,0,1,0.0,39.0
emotional manipulation,www.alphr.com,0,1,0.0,74.0
emotional manipulation,www.paramountplus.com,1,1,1.0,86.0
emotional manipulation,beyondthespicelevel.com,0,1,0.0,0.0
emotional manipulation,www.shenyun.org,0,1,0.0,59.0
emotional manipulation,www.gq-magazine.co.uk,1,1,1.0,83.0
emotional manipulation,psychology-spot.com,0,1,0.0,52.0
emotional manipulation,www.highonfilms.com,0,1,0.0,64.0
emotional manipulation,animecorner.me,0,1,0.0,61.0
emotional manipulation,www.heraldnet.com,0,1,0.0,77.0
emotional manipulation,www.aliceismissing.com,0,1,0.0,19.0
emotional manipulation,www.fictiondb.com,0,1,0.0,50.0
emotional manipulation,www.whatsafterthemovie.com,0,1,0.0,22.0
emotional manipulation,www.fbi.gov,1,1,1.0,91.0
emotional manipulation,darkfilmtheories.com,0,1,0.0,1.0
emotional manipulation,bookanalysis.com,0,1,0.0,34.0
emotional manipulation,www.thefader.com,1,1,1.0,80.0
emotional manipulation,watch.afi.com,0,1,0.0,78.0
emotional manipulation,shop.tiktok.com,0,1,0.0,97.0
emotional manipulation,search.worldcat.org,0,1,0.0,88.0
emotional manipulation,d2e111jq13me73.cloudfront.net,0,1,0.0,94.0
emotional manipulation,www.frontiersin.org,0,1,0.0,92.0
emotional manipulation,www.hilaryfordwrites.com,0,1,0.0,0.0
emotional manipulation,www.deseret.com,1,1,1.0,84.0
emotional manipulation,www.profileage.com,0,1,0.0,13.0
emotional manipulation,www.rnz.co.nz,1,1,1.0,85.0
emotional manipulation,msmagazine.com,0,1,0.0,78.0
emotional manipulation,studio2publishing.com,0,1,0.0,47.0
emotional manipulation,www.sibyltarot.com,1,1,1.0,24.0
emotional manipulation,villains.fandom.com,1,1,1.0,92.0
emotional manipulation,www.disboards.com,0,1,0.0,54.0
emotional manipulation,disney.fandom.com,1,1,1.0,92.0
emotional manipulation,pagesandpeonies.com,0,1,0.0,18.0
emotional manipulation,www.classification.gov.au,0,1,0.0,75.0
emotional manipulation,www.enotes.com,1,1,1.0,73.0
emotional manipulation,www.thereviewgeek.com,0,1,0.0,50.0
emotional manipulation,archive.ph,0,1,0.0,84.0
emotional manipulation,www.linkedin.com,0,1,0.0,99.0
emotional manipulation,www.gamesradar.com,0,1,0.0,84.0
emotional manipulation,www.davidmeszaros.co,0,1,0.0,0.5
emotional manipulation,www.aspca.org,0,1,0.0,90.0
emotional manipulation,www.looper.com,0,1,0.0,74.0
emotional manipulation,carmenmariamachado.com,0,1,0.0,44.0
emotional manipulation,bookrantreviews.wordpress.com,0,1,0.0,96.0
emotional manipulation,www.storyscreenpresents.com,1,1,1.0,28.0
emotional manipulation,busymomsreadtoo.com,0,1,0.0,1.6
emotional manipulation,www.literarysphere.com,0,1,0.0,0.6
emotional manipulation,www.cpophome.com,0,1,0.0,23.0
emotional manipulation,techlabari.com,0,1,0.0,59.0
emotional manipulation,tortoise.princeton.edu,1,1,1.0,91.0
emotional manipulation,meme.com,0,1,0.0,38.0
emotional manipulation,inreviewonline.com,0,1,0.0,52.0
emotional manipulation,www.gradesaver.com,1,1,1.0,68.0
emotional manipulation,www.ranker.com,0,1,0.0,79.0
emotional manipulation,podcasts.apple.com,0,1,0.0,97.0
emotional manipulation,thetab.com,0,1,0.0,75.0
emotional manipulation,scienceinsights.org,1,1,1.0,71.0
emotional manipulation,ggsc.berkeley.edu,0,1,0.0,92.0
emotional manipulation,apnews.com,0,1,0.0,92.0
emotional manipulation,darkpsych.com,0,1,0.0,0.0
emotional manipulation,www.animefeminist.com,1,1,1.0,46.0
emotional manipulation,www.psu.com,1,1,1.0,71.0
emotional manipulation,www.flyintobooks.com,0,1,0.0,1.9
emotional manipulation,whatshereads.com,0,1,0.0,0.6
emotional manipulation,sbpress.com,0,1,0.0,36.0
emotional manipulation,kids-in-mind.com,0,1,0.0,64.0
emotional manipulation,audiomediainternational.com,0,1,0.0,55.0
emotional manipulation,doublesama.com,0,1,0.0,16.0
emotional manipulation,popcrush.com,0,1,0.0,68.0
emotional manipulation,www.jpost.com,0,1,0.0,86.0
emotional manipulation,www.gq.com,0,1,0.0,88.0
emotional manipulation,www.metrotimes.com,0,1,0.0,77.0
emotional manipulation,www.irishtimes.com,0,1,0.0,89.0
emotional manipulation,reelybored.com,0,1,0.0,0.3
emotional manipulation,mytherapist.ie,0,1,0.0,28.0
emotional manipulation,www.crosswalk.com,0,1,0.0,79.0
emotional manipulation,www.harpersbazaar.com,1,1,1.0,89.0
emotional manipulation,www.pajiba.com,1,1,1.0,69.0
emotional manipulation,med.libretexts.org,0,1,0.0,81.0
emotional manipulation,www.gameslearningsociety.org,0,1,0.0,52.0
emotional manipulation,breeze-wellbeing.com,0,1,0.0,51.0
emotional manipulation,reports.independent.ie,0,1,0.0,85.0
emotional manipulation,realgoblin.com,0,1,0.0,3.8
emotional manipulation,elementsofmadness.com,0,1,0.0,43.0
emotional manipulation,www.vox.com,1,1,1.0,91.0
emotional manipulation,prezi.com,0,1,0.0,89.0
emotional manipulation,app.powster.com,0,1,0.0,82.0
emotional manipulation,letterboxd.com,0,1,0.0,89.0
emotional manipulation,crowscorner.bearblog.dev,0,1,0.0,83.0
emotional manipulation,hopelessromanticbooks.ca,0,1,0.0,39.0
emotional manipulation,www.panmacmillan.com.au,0,1,0.0,71.0
emotional manipulation,simplyputpsych.co.uk,0,1,0.0,45.0
emotional manipulation,www.encyclopedia.com,0,1,0.0,84.0
emotional manipulation,beta.thestorygraph.com,1,1,1.0,80.0
emotional manipulation,penguinrandomhousehighereducation.com,0,1,0.0,64.0
emotional manipulation,music.amazon.ca,0,1,0.0,92.0
emotional manipulation,explainingthebible.com,0,1,0.0,36.0
emotional manipulation,www.bbfc.co.uk,0,1,0.0,76.0
emotional manipulation,toronto.citynews.ca,0,1,0.0,82.0
emotional manipulation,www.screendaily.com,1,1,1.0,81.0
emotional manipulation,www.mattpais.com,0,1,0.0,3.5
emotional manipulation,www.thenationalnews.com,1,1,1.0,86.0
emotional manipulation,kartikahuja.com,0,1,0.0,70.0
emotional manipulation,olivieblake.tumblr.com,0,1,0.0,94.0
emotional manipulation,www.gamedeveloper.com,1,1,1.0,83.0
emotional manipulation,www.sideshow.com,0,1,0.0,75.0
emotional manipulation,www.instyle.com,0,1,0.0,85.0
emotional manipulation,www.tvinsider.com,0,1,0.0,77.0
emotional manipulation,www.globalgranary.life,0,1,0.0,8.0
emotional manipulation,www.classicfm.com,1,1,1.0,77.0
emotional manipulation,thebookerprizes.com,1,1,1.0,76.0
emotional manipulation,www.hannahgrace.co.uk,1,1,1.0,13.0
emotional manipulation,www.theteenmagazine.com,0,1,0.0,58.0
emotional manipulation,aot.jycsd.com,1,1,1.0,0.0
emotional manipulation,www.daxis.co.in,0,1,0.0,18.0
emotional manipulation,www.focusonthefamily.com,0,1,0.0,81.0
emotional manipulation,plisio.net,0,1,0.0,72.0
emotional manipulation,iiste.org,0,1,0.0,71.0
emotional manipulation,www.playstation.com,0,1,0.0,91.0
emotional manipulation,vsbattles.fandom.com,0,1,0.0,92.0
emotional manipulation,www.mindtalk.in,0,1,0.0,22.0
emotional manipulation,www.kattmasen.com,0,1,0.0,6.0
emotional manipulation,www.internationaljournalofwellbeing.org,1,1,1.0,67.0
emotional manipulation,bibleask.org,0,1,0.0,40.0
emotional manipulation,cineramble.com,0,1,0.0,1.1
emotional manipulation,it.scribd.com,0,1,0.0,91.0
emotional manipulation,support.shaadi.com,1,1,1.0,70.0
emotional manipulation,dollyconfessions.substack.com,0,1,0.0,94.0
emotional manipulation,www.mindbodygreen.com,0,1,0.0,85.0
emotional manipulation,www.flickeringmyth.com,0,1,0.0,69.0
emotional manipulation,sunsetnerdverse.com,0,1,0.0,3.9
emotional manipulation,www.naughtydog.com,1,1,1.0,72.0
emotional manipulation,www.trustpilot.com,1,1,1.0,94.0
emotional manipulation,thedirect.com,0,1,0.0,72.0
emotional manipulation,en.myshows.me,0,1,0.0,50.0
emotional manipulation,gameinformer.com,1,1,1.0,79.0
emotional manipulation,bethesda.net,1,1,1.0,81.0
emotional manipulation,www.ea.com,0,1,0.0,89.0
emotional manipulation,www.pedestrian.tv,0,1,0.0,73.0
emotional manipulation,penguinrandomhouselibrary.com,0,1,0.0,57.0
emotional manipulation,safety.bumble.com,1,1,1.0,80.0
emotional manipulation,forums.wdwmagic.com,0,1,0.0,56.0
emotional manipulation,pubmed.ncbi.nlm.nih.gov,1,1,1.0,95.0
emotional manipulation,boards.straightdope.com,0,1,0.0,76.0
emotional manipulation,www.hotmilkmovie.com,0,1,0.0,7.0
emotional manipulation,www.soundandvision.com,0,1,0.0,69.0
emotional manipulation,aliceoseman.com,0,1,0.0,54.0
emotional manipulation,www.theringer.com,1,1,1.0,81.0
emotional manipulation,www.loveisrespect.org,0,1,0.0,81.0
emotional manipulation,redwatchestv.wordpress.com,0,1,0.0,96.0
emotional manipulation,socialscienceresearch.org,0,1,0.0,49.0
emotional manipulation,jakuuire.medium.com,0,1,0.0,94.0
emotional manipulation,www.tomsguide.com,1,1,1.0,87.0
emotional manipulation,www.bfi.org.uk,1,1,1.0,84.0
emotional manipulation,www.cbsnews.com,0,1,0.0,92.0
emotional manipulation,www.allceus.com,0,1,0.0,32.0
emotional manipulation,www.deconstructeam.com,1,1,1.0,41.0
emotional manipulation,intellectdiscover.com,1,1,1.0,75.0
emotional manipulation,www.swooon.com,1,1,1.0,56.0
emotional manipulation,www.wired.it,0,1,0.0,80.0
emotional manipulation,www.bookrags.com,0,1,0.0,64.0
emotional manipulation,www.scientificamerican.com,0,1,0.0,91.0
emotional manipulation,d23.com,1,1,1.0,76.0
emotional manipulation,snkpolls.tumblr.com,0,1,0.0,94.0
emotional manipulation,www.uow.edu.au,0,1,0.0,81.0
emotional manipulation,www.comingsoon.net,0,1,0.0,76.0
emotional manipulation,www.colleenhoover.com,1,1,1.0,59.0
emotional manipulation,www.starwars.com,1,1,1.0,83.0
fear of failure,en.wikipedia.org,18,40,0.45,97.0
fear of failure,www.supersummary.com,15,33,0.4545,65.0
fear of failure,www.sparknotes.com,22,31,0.7097,77.0
fear of failure,www.litcharts.com,18,27,0.6667,72.0
fear of failure,books.google.com,12,24,0.5,100.0
fear of failure,www.shortform.com,8,21,0.381,72.0
fear of failure,www.goodreads.com,9,20,0.45,92.0
fear of failure,www.enotes.com,7,20,0.35,73.0
fear of failure,www.penguinrandomhouse.com,10,19,0.5263,91.0
fear of failure,www.blinkist.com,3,13,0.2308,76.0
fear of failure,grahammann.net,1,11,0.0909,40.0
fear of failure,pmc.ncbi.nlm.nih.gov,4,11,0.3636,95.0
fear of failure,www.psychologytoday.com,7,10,0.7,93.0
fear of failure,www.apa.org,7,10,0.7,92.0
fear of failure,www.sciencedirect.com,2,9,0.2222,94.0
fear of failure,www.editorsreads.com,1,9,0.1111,0.2
fear of failure,sobrief.com,0,8,0.0,53.0
fear of failure,books.apple.com,2,8,0.25,97.0
fear of failure,mindfulcircles.org,4,7,0.5714,12.0
fear of failure,health.clevelandclinic.org,6,7,0.8571,92.0
fear of failure,www.cliffsnotes.com,4,7,0.5714,73.0
fear of failure,www.equip.org,6,7,0.8571,70.0
fear of failure,pubmed.ncbi.nlm.nih.gov,3,7,0.4286,95.0
fear of failure,dictionary.cambridge.org,5,6,0.8333,92.0
fear of failure,www.nike.com,2,6,0.3333,90.0
fear of failure,innerexcellence.com,3,6,0.5,34.0
fear of failure,www.reddit.com,2,6,0.3333,95.0
fear of failure,stevenpressfield.com,3,5,0.6,73.0
fear of failure,goodreads.com,1,5,0.2,92.0
fear of failure,etd.library.emory.edu,3,5,0.6,87.0
fear of failure,www.leapaheadapp.com,2,5,0.4,4.8
fear of failure,www.hachettebookgroup.com,2,5,0.4,85.0
fear of failure,openlibrary.org,1,5,0.2,86.0
fear of failure,www.wordier.com.au,2,5,0.4,0.0
fear of failure,www.forbes.com,2,5,0.4,94.0
fear of failure,play.google.com,1,4,0.25,100.0
fear of failure,www.booksummaryreview.com,0,4,0.0,2.6
fear of failure,booksthatslay.com,1,4,0.25,26.0
fear of failure,www.publishersweekly.com,1,4,0.25,87.0
fear of failure,www.youtube.com,1,4,0.25,99.0
fear of failure,gummary.com,0,4,0.0,0.0
fear of failure,www.athleteiq.com.au,1,4,0.25,0.2
fear of failure,www.simplypsychology.com,2,4,0.5,42.0
fear of failure,www.frontiersin.org,1,4,0.25,92.0
fear of failure,en.wikiquote.org,2,4,0.5,86.0
fear of failure,www.merriam-webster.com,1,4,0.25,91.0
fear of failure,timesofindia.indiatimes.com,2,4,0.5,92.0
fear of failure,www.bookbase.app,3,4,0.75,26.0
fear of failure,www.artofverse.com,1,4,0.25,1.3
fear of failure,imaginarytalks.com,0,4,0.0,19.0
fear of failure,journals.sagepub.com,3,4,0.75,92.0
fear of failure,sneakernews.com,3,4,0.75,76.0
fear of failure,successcentral.com,1,3,0.3333,0.0
fear of failure,thresholds-of-transformation.blog,0,3,0.0,3.3
fear of failure,dictionary-apa-org.libdata2015.hilbert.edu,2,3,0.6667,52.0
fear of failure,psychcentral.com,1,3,0.3333,87.0
fear of failure,www.goodridgestrength.com,0,3,0.0,8.0
fear of failure,doi.org,1,3,0.3333,94.0
fear of failure,stockx.com,3,3,1.0,80.0
fear of failure,www.simonandschuster.com,1,3,0.3333,88.0
fear of failure,www.theguardian.com,1,3,0.3333,93.0
fear of failure,dictionary.apa.org,2,3,0.6667,92.0
fear of failure,www.tandfonline.com,2,3,0.6667,92.0
fear of failure,www.rottentomatoes.com,2,3,0.6667,87.0
fear of failure,www.readever.app,2,3,0.6667,3.7
fear of failure,study.com,0,3,0.0,85.0
fear of failure,www.audible.com,2,3,0.6667,91.0
fear of failure,shows.acast.com,0,3,0.0,90.0
fear of failure,bookbrief.io,0,3,0.0,14.0
fear of failure,fondationpaulocoelho.com,3,3,1.0,19.0
fear of failure,www.nba.com,0,3,0.0,90.0
fear of failure,music.amazon.com,0,3,0.0,96.0
fear of failure,www.linkedin.com,0,3,0.0,99.0
fear of failure,www.theeducationmagazine.com,1,3,0.3333,44.0
fear of failure,www.collinsdictionary.com,0,2,0.0,86.0
fear of failure,link.springer.com,1,2,0.5,93.0
fear of failure,www.brainzmagazine.com,1,2,0.5,79.0
fear of failure,www.timeout.com,0,2,0.0,90.0
fear of failure,radar.brookes.ac.uk,0,2,0.0,78.0
fear of failure,ursummary.com,0,2,0.0,8.0
fear of failure,biologyinsights.com,1,2,0.5,71.0
fear of failure,tiue.uz,1,2,0.5,31.0
fear of failure,www.nimh.nih.gov,2,2,1.0,95.0
fear of failure,www.rogerebert.com,1,2,0.5,81.0
fear of failure,www.latimes.com,1,2,0.5,92.0
fear of failure,www.commonsensemedia.org,1,2,0.5,87.0
fear of failure,library.unesco.go.ke,1,2,0.5,36.0
fear of failure,canongate.co.uk,1,2,0.5,69.0
fear of failure,www.cbssports.com,0,2,0.0,86.0
fear of failure,www.oxfordlearnersdictionaries.com,0,2,0.0,81.0
fear of failure,onlinelibrary.wiley.com,1,2,0.5,93.0
fear of failure,www.successbooks.com,1,2,0.5,0.3
fear of failure,www.materiamedica.info,0,2,0.0,35.0
fear of failure,luvembooks.com,1,2,0.5,6.0
fear of failure,www.facebook.com,0,2,0.0,100.0
fear of failure,www.goodtherapy.org,0,2,0.0,84.0
fear of failure,hbr.org,0,2,0.0,92.0
fear of failure,writersreview.com,1,2,0.5,3.0
fear of failure,fivebooks.com,1,2,0.5,71.0
fear of failure,www.jkrowling.com,0,2,0.0,75.0
fear of failure,www.vanityfair.com,1,2,0.5,89.0
fear of failure,nextbooklist.com,1,2,0.5,0.3
fear of failure,www.penguin.co.uk,0,2,0.0,85.0
fear of failure,www.imdb.com,1,2,0.5,94.0
fear of failure,thebriefnetwork.com,0,2,0.0,3.9
fear of failure,www.yalom.com,2,2,1.0,56.0
fear of failure,www.nhs.uk,2,2,1.0,92.0
fear of failure,news.harvard.edu,0,2,0.0,93.0
fear of failure,paulocoelhoblog.com,2,2,1.0,66.0
fear of failure,www.neilfiore.com,0,2,0.0,30.0
fear of failure,www.dictionary.com,1,2,0.5,90.0
fear of failure,icfcle.org,0,2,0.0,0.3
fear of failure,athlonsports.com,0,2,0.0,73.0
fear of failure,www.nature.com,0,2,0.0,93.0
fear of failure,thesportjournal.org,0,2,0.0,72.0
fear of failure,www.coachingfederation.org.uk,0,2,0.0,54.0
fear of failure,www.upistudy.com,0,2,0.0,31.0
fear of failure,artofpoets.com,0,2,0.0,25.0
fear of failure,www.hercampus.com,2,2,1.0,78.0
fear of failure,alchemist.book-edu.com,0,2,0.0,0.3
fear of failure,snkrdunk.com,0,2,0.0,72.0
fear of failure,podcasts.apple.com,1,2,0.5,97.0
fear of failure,modernnotoriety.com,0,2,0.0,42.0
fear of failure,www.gq.com,2,2,1.0,88.0
fear of failure,the50thlaw.com,1,2,0.5,0.0
fear of failure,notionpress.com,1,2,0.5,75.0
fear of failure,my.clevelandclinic.org,2,2,1.0,92.0
fear of failure,singaporejournal.com,0,2,0.0,12.0
fear of failure,penguinrandomhousehighereducation.com,0,2,0.0,64.0
fear of failure,www.nccih.nih.gov,1,2,0.5,95.0
fear of failure,www.listennotes.com,0,2,0.0,85.0
fear of failure,files.eric.ed.gov,1,2,0.5,91.0
fear of failure,about.nike.com,0,2,0.0,90.0
fear of failure,us.macmillan.com,0,2,0.0,86.0
fear of failure,www.fizzread.ai,0,2,0.0,26.0
fear of failure,www.insta.page,1,2,0.5,1.7
fear of failure,news.vcu.edu,0,1,0.0,84.0
fear of failure,www.naphill.org,1,1,1.0,62.0
fear of failure,www.rmcad.edu,0,1,0.0,69.0
fear of failure,citeseerx.ist.psu.edu,0,1,0.0,91.0
fear of failure,psychologyexposed.com,0,1,0.0,0.4
fear of failure,tureng.com,1,1,1.0,75.0
fear of failure,www.ensie.nl,0,1,0.0,71.0
fear of failure,www.healthychildren.org,1,1,1.0,89.0
fear of failure,poets.org,0,1,0.0,85.0
fear of failure,www.britannica.com,1,1,1.0,92.0
fear of failure,kanjiyomi.net,1,1,1.0,0.0
fear of failure,www.houstonmethodist.org,0,1,0.0,79.0
fear of failure,www.hindustantimes.com,0,1,0.0,89.0
fear of failure,turnaroundip.blogspot.com,0,1,0.0,95.0
fear of failure,streatpsych.com,0,1,0.0,1.0
fear of failure,en.liputan6.com,0,1,0.0,85.0
fear of failure,newbookrecommendation.com,0,1,0.0,31.0
fear of failure,app.thestorygraph.com,0,1,0.0,80.0
fear of failure,www.cdc.gov,1,1,1.0,94.0
fear of failure,shop.samdemma.com,0,1,0.0,40.0
fear of failure,www.hilokal.com,0,1,0.0,33.0
fear of failure,www.simplypsychology.org,1,1,1.0,85.0
fear of failure,www.cultones.com,0,1,0.0,36.0
fear of failure,artprof.org,0,1,0.0,44.0
fear of failure,forvo.com,1,1,1.0,76.0
fear of failure,healthy.kaiserpermanente.org,1,1,1.0,85.0
fear of failure,sneakerpolitics.com,0,1,0.0,51.0
fear of failure,www.clrn.org,0,1,0.0,63.0
fear of failure,scrivener.tenderapp.com,0,1,0.0,74.0
fear of failure,www.sciencealert.com,1,1,1.0,84.0
fear of failure,theultimatereading.com,0,1,0.0,0.0
fear of failure,www.camielbos.nl,0,1,0.0,35.0
fear of failure,www.indeed.com,1,1,1.0,92.0
fear of failure,www.hodder.co.uk,0,1,0.0,70.0
fear of failure,teachers.institute,0,1,0.0,53.0
fear of failure,www.cinafilm.com,0,1,0.0,3.7
fear of failure,people.com,1,1,1.0,91.0
fear of failure,compass.onlinelibrary.wiley.com,0,1,0.0,93.0
fear of failure,www.simonandschuster.net,1,1,1.0,60.0
fear of failure,dc.fandom.com,1,1,1.0,92.0
fear of failure,www.cmu.edu,1,1,1.0,91.0
fear of failure,www.brainyquote.com,0,1,0.0,90.0
fear of failure,www.cuh.nhs.uk,0,1,0.0,76.0
fear of failure,rapidreadspress.com,0,1,0.0,8.0
fear of failure,bookorya.com,0,1,0.0,0.0
fear of failure,www.soccerpsychologytips.com,0,1,0.0,14.0
fear of failure,nomadmum.com,0,1,0.0,19.0
fear of failure,get.todayistheday.app,1,1,1.0,12.0
fear of failure,stories.jkrowling.com,0,1,0.0,75.0
fear of failure,readingwithk.substack.com,0,1,0.0,94.0
fear of failure,www.norc.org,0,1,0.0,79.0
fear of failure,www.choosingtherapy.com,1,1,1.0,77.0
fear of failure,apps.apple.com,1,1,1.0,97.0
fear of failure,eprints.ncl.ac.uk,0,1,0.0,85.0
fear of failure,www.psychologicalscience.org,1,1,1.0,84.0
fear of failure,www.healthsoothe.com,0,1,0.0,40.0
fear of failure,www.mayoclinic.org,1,1,1.0,92.0
fear of failure,www.hachette.co.uk,0,1,0.0,76.0
fear of failure,greggvanourek.com,1,1,1.0,28.0
fear of failure,rke.abertay.ac.uk,0,1,0.0,73.0
fear of failure,www.broadstreetreview.com,1,1,1.0,69.0
fear of failure,taylorpearson.me,1,1,1.0,53.0
fear of failure,somekindpress.com,0,1,0.0,27.0
fear of failure,podscan.fm,0,1,0.0,63.0
fear of failure,blog.jd-sports.com.au,1,1,1.0,52.0
fear of failure,quotewords.com,1,1,1.0,4.8
fear of failure,classbento.co.uk,0,1,0.0,71.0
fear of failure,www.eomega.org,0,1,0.0,74.0
fear of failure,students.apexcollegeofnursingsciences.com,0,1,0.0,0.9
fear of failure,www.mariafuentes.co.uk,0,1,0.0,15.0
fear of failure,lynchverse.com,1,1,1.0,0.7
fear of failure,graffitiliving.wordpress.com,0,1,0.0,96.0
fear of failure,mis.alagappauniversity.ac.in,0,1,0.0,54.0
fear of failure,legobatman.fandom.com,0,1,0.0,92.0
fear of failure,www.researchgate.net,1,1,1.0,93.0
fear of failure,legalknowledgebase.com,1,1,1.0,25.0
fear of failure,www.uab.edu,1,1,1.0,83.0
fear of failure,www.enodiatherapies.com,0,1,0.0,17.0
fear of failure,edexec.co.uk,0,1,0.0,50.0
fear of failure,www.tuepodcast.net,0,1,0.0,26.0
fear of failure,loyolanotredamelib.org,0,1,0.0,26.0
fear of failure,ouci.dntb.gov.ua,0,1,0.0,71.0
fear of failure,www.verbalworkout.com,0,1,0.0,3.6
fear of failure,scriptophile551675913.wordpress.com,0,1,0.0,96.0
fear of failure,www.jenniferbwallace.com,1,1,1.0,45.0
fear of failure,www.lisanneswart.com,0,1,0.0,7.0
fear of failure,www.glamourmagazine.co.uk,1,1,1.0,81.0
fear of failure,www.arts.ac.uk,0,1,0.0,83.0
fear of failure,shop-ph.tiktok.com,0,1,0.0,97.0
fear of failure,endseclusion.org,0,1,0.0,50.0
fear of failure,www.amylaunder.com,0,1,0.0,12.0
fear of failure,content.fimsschools.com,0,1,0.0,29.0
fear of failure,onpurposemagazine.com,0,1,0.0,5.0
fear of failure,www.bostonglobe.com,1,1,1.0,90.0
fear of failure,archive.transformativeworks.org,1,1,1.0,69.0
fear of failure,ericsandroni.com,1,1,1.0,10.0
fear of failure,digital-photography-school.com,0,1,0.0,80.0
fear of failure,mediaroom.scholastic.com,0,1,0.0,87.0
fear of failure,zencastr.com,0,1,0.0,76.0
fear of failure,www.planetadelibros.com,0,1,0.0,77.0
fear of failure,notesbythalia.com,0,1,0.0,41.0
fear of failure,virconlegal.com,0,1,0.0,7.0
fear of failure,glasp.co,0,1,0.0,71.0
fear of failure,thesputnik.ca,1,1,1.0,19.0
fear of failure,actionablebooks.com,0,1,0.0,42.0
fear of failure,quotesvillage.com,1,1,1.0,0.0
fear of failure,english.onlinekhabar.com,0,1,0.0,77.0
fear of failure,www.saatchiart.com,0,1,0.0,87.0
fear of failure,www.joshwymore.com,0,1,0.0,10.0
fear of failure,juliacameronlive.com,0,1,0.0,75.0
fear of failure,eftinternational.org,1,1,1.0,72.0
fear of failure,www.afi.com,0,1,0.0,78.0
fear of failure,ideandigest.com,0,1,0.0,0.0
fear of failure,monolithicvault.com,0,1,0.0,0.6
fear of failure,kings-of-sin.fandom.com,0,1,0.0,92.0
fear of failure,dotesports.com,0,1,0.0,75.0
fear of failure,www.book-filter.com,0,1,0.0,6.0
fear of failure,www.thewrap.com,1,1,1.0,84.0
fear of failure,ettron.com,0,1,0.0,13.0
fear of failure,podscripts.co,0,1,0.0,52.0
fear of failure,grindsuccess.com,1,1,1.0,47.0
fear of failure,www.gamespot.com,0,1,0.0,86.0
fear of failure,nrcgt.uconn.edu,1,1,1.0,87.0
fear of failure,www.jayshetty.me,0,1,0.0,71.0
fear of failure,www.prs.work,0,1,0.0,7.0
fear of failure,www.ahrq.gov,0,1,0.0,87.0
fear of failure,studylib.net,0,1,0.0,73.0
fear of failure,www.acronymfinder.com,1,1,1.0,74.0
fear of failure,arkhamcity.fandom.com,0,1,0.0,92.0
fear of failure,www.abc.net.au,0,1,0.0,91.0
fear of failure,www.proximus.be,0,1,0.0,80.0
fear of failure,twistedseries.fandom.com,0,1,0.0,92.0
fear of failure,www.slashfilm.com,0,1,0.0,79.0
fear of failure,www.tdkstrategies.com,0,1,0.0,1.2
fear of failure,www.foxtherapy.co.uk,1,1,1.0,3.1
fear of failure,www.psu.edu,0,1,0.0,91.0
fear of failure,www.elitelearning.org,0,1,0.0,10.0
fear of failure,www.everand.com,1,1,1.0,80.0
fear of failure,www.washingtonpost.com,0,1,0.0,93.0
fear of failure,literarydevices.net,0,1,0.0,68.0
fear of failure,knownpsychology.com,0,1,0.0,46.0
fear of failure,norwestwellbeing.com.au,0,1,0.0,33.0
fear of failure,biblehub.com,0,1,0.0,87.0
fear of failure,hrdqu.com,0,1,0.0,36.0
fear of failure,www.ivoox.com,0,1,0.0,86.0
fear of failure,www.ssww.com,1,1,1.0,60.0
fear of failure,spark.mwm.ai,0,1,0.0,47.0
fear of failure,www.selectedreads.com,0,1,0.0,26.0
fear of failure,www.dc.com,1,1,1.0,80.0
fear of failure,parade.com,1,1,1.0,85.0
fear of failure,www.sextherapylondon.nhs.uk,0,1,0.0,32.0
fear of failure,www.kirkusreviews.com,1,1,1.0,86.0
fear of failure,betterthanthemovies.com,0,1,0.0,0.0
fear of failure,lib.utu-ranch.uz,0,1,0.0,11.0
fear of failure,www.mytectra.com,0,1,0.0,19.0
fear of failure,online.ucpress.edu,1,1,1.0,84.0
fear of failure,healtharkinsights.com,0,1,0.0,11.0
fear of failure,www.filmcomment.com,0,1,0.0,72.0
fear of failure,time.com,1,1,1.0,92.0
fear of failure,alsoasked.org,0,1,0.0,18.0
fear of failure,www.noisycreations.com.au,1,1,1.0,8.0
fear of failure,johnholtgws.squarespace.com,0,1,0.0,95.0
fear of failure,www.petercrone.com,0,1,0.0,46.0
fear of failure,www.who.int,1,1,1.0,93.0
fear of failure,www.isitabird.dk,0,1,0.0,26.0
fear of failure,www.bookcaps.com,1,1,1.0,7.0
fear of failure,winchellhouse.com,0,1,0.0,3.0
fear of failure,disney.go.com,0,1,0.0,92.0
fear of failure,jamanetwork.com,1,1,1.0,91.0
fear of failure,www.reformedworship.org,0,1,0.0,46.0
fear of failure,www.coursehero.com,0,1,0.0,77.0
fear of failure,innerjourneywithmaria.com,0,1,0.0,2.9
fear of failure,www.releasecounselingwa.com,0,1,0.0,1.7
fear of failure,welsch.uni-jena.de,1,1,1.0,82.0
fear of failure,www.laveldanaylor.org,0,1,0.0,1.5
fear of failure,www.criterion.com,0,1,0.0,78.0
fear of failure,www.cambridge.org,1,1,1.0,92.0
fear of failure,nunsa.oauife.edu.ng,0,1,0.0,62.0
fear of failure,www.buzzsprout.com,0,1,0.0,91.0
fear of failure,vtechworks.lib.vt.edu,0,1,0.0,88.0
fear of failure,oshawalibrary.ca,0,1,0.0,37.0
fear of failure,todayistheday.com,0,1,0.0,4.7
fear of failure,amcob.org,0,1,0.0,10.0
fear of failure,assets.zyrosite.com,0,1,0.0,91.0
fear of failure,www.getbookflow.com,1,1,1.0,0.2
fear of failure,era.ed.ac.uk,0,1,0.0,90.0
fear of failure,kwpublications.com,0,1,0.0,31.0
fear of failure,www.practo.com,0,1,0.0,80.0
fear of failure,www.avclub.com,1,1,1.0,82.0
fear of failure,www.elizabethgilbert.com,1,1,1.0,73.0
fear of failure,www.fortunejournals.com,0,1,0.0,71.0
fear of failure,eric.ed.gov,1,1,1.0,91.0
fear of failure,themeaningmovement.com,0,1,0.0,38.0
fear of failure,books.google.co.uk,0,1,0.0,93.0
fear of failure,persona.atlus.com,1,1,1.0,70.0
fear of failure,www.the-numbers.com,0,1,0.0,76.0
fear of failure,www.ford-learning.co.uk,0,1,0.0,0.4
fear of failure,www.creativeboom.com,0,1,0.0,80.0
fear of failure,www.getabstract.com,0,1,0.0,72.0
fear of failure,calvinrosser.com,0,1,0.0,44.0
fear of failure,sumsumsum.com,0,1,0.0,6.0
fear of failure,www.bible.com,0,1,0.0,90.0
fear of failure,www.thetimes.co.uk,0,1,0.0,90.0
fear of failure,www.psychology-lexicon.com,0,1,0.0,32.0
fear of failure,psicologiainfantilmallorca.com,0,1,0.0,6.0
fear of failure,www.goat.com,1,1,1.0,76.0
fear of failure,margarethamontagu.com,0,1,0.0,23.0
fear of failure,thedevelopingdoctor.com,0,1,0.0,16.0
fear of failure,www.artplay.co.uk,0,1,0.0,28.0
fear of failure,public.summaries.com,0,1,0.0,34.0
fear of failure,editorial.rottentomatoes.com,1,1,1.0,87.0
fear of failure,www.heinemann.com,0,1,0.0,73.0
fear of failure,www.ryandelaney.co,1,1,1.0,29.0
fear of failure,cdn-uat.nba.com,0,1,0.0,90.0
fear of failure,www.independent.co.uk,0,1,0.0,91.0
fear of failure,fearlessliving.org,1,1,1.0,44.0
fear of failure,www.erikalancaster.com,1,1,1.0,29.0
fear of failure,www.penguin.co.in,1,1,1.0,68.0
fear of failure,aibooksummary.com,1,1,1.0,10.0
fear of failure,www.fredrikbackman.com,1,1,1.0,29.0
fear of failure,profilebooks.com,0,1,0.0,72.0
fear of failure,www.verywellmind.com,1,1,1.0,90.0
fear of failure,therapygroupdc.com,0,1,0.0,52.0
fear of failure,insightbooks.app,0,1,0.0,29.0
fear of failure,readlearnshare.blog,0,1,0.0,1.3
fear of failure,mindsetonline.com,0,1,0.0,70.0
fear of failure,www.bbc.co.uk,1,1,1.0,93.0
fear of failure,greatness.com,0,1,0.0,34.0
fear of failure,www.blanelaw.com,0,1,0.0,28.0
fear of failure,motivane.com,0,1,0.0,5.0
fear of failure,obnb.uk,1,1,1.0,8.0
fear of failure,thewisestwords.com,1,1,1.0,0.6
fear of failure,richdad.com,1,1,1.0,73.0
fear of failure,www.ideandigest.com,1,1,1.0,0.0
fear of failure,www.forumhealthcentre.nhs.uk,0,1,0.0,26.0
fear of failure,mindsetcoachacademy.com,0,1,0.0,29.0
fear of failure,poddtoppen.se,0,1,0.0,78.0
fear of failure,www.biblegateway.com,1,1,1.0,91.0
fear of failure,djgho45yw78yg.cloudfront.net,0,1,0.0,94.0
fear of failure,store.mintel.com,0,1,0.0,82.0
fear of failure,www.sourcebooks.com,1,1,1.0,73.0
fear of failure,www.successconsciousness.com,0,1,0.0,65.0
fear of failure,anniewright.com,0,1,0.0,43.0
fear of failure,en.wiktionary.org,0,1,0.0,91.0
fear of failure,www.prindleinstitute.org,0,1,0.0,51.0
fear of failure,mathewscounseling.net,0,1,0.0,9.0
fear of failure,www.haasler.com.mx,0,1,0.0,4.1
fear of failure,mindfulgenieten.nl,0,1,0.0,13.0
fear of failure,movieo.me,0,1,0.0,30.0
fear of failure,anthrosource.onlinelibrary.wiley.com,0,1,0.0,93.0
fear of failure,www.magicalquote.com,0,1,0.0,32.0
fear of failure,blogs.loc.gov,1,1,1.0,91.0
fear of failure,scaleread.com,1,1,1.0,16.0
fear of failure,catalog.afi.com,0,1,0.0,78.0
fear of failure,shopcatalog.com,0,1,0.0,57.0
fear of failure,www.perdoo.com,0,1,0.0,71.0
fear of failure,bible.org,0,1,0.0,77.0
fear of failure,www.inkl.com,0,1,0.0,73.0
fear of failure,scales.arabpsychology.com,0,1,0.0,47.0
fear of failure,100greatbooks.com,0,1,0.0,2.6
fear of failure,www.myshelf.com,0,1,0.0,38.0
fear of failure,www.booksplat.com,0,1,0.0,3.2
fear of failure,writemymind.tistory.com,0,1,0.0,87.0
fear of failure,www.grammy.com,0,1,0.0,84.0
fear of failure,www.mind-craft.ch,1,1,1.0,0.1
fear of failure,arajournals.com,0,1,0.0,0.9
fear of failure,australiawatch.net,1,1,1.0,27.0
fear of failure,bookauthority.org,0,1,0.0,71.0
fear of failure,www.writingmastery.com,0,1,0.0,44.0
fear of failure,www.premiercarepeds.com,1,1,1.0,4.4
fear of failure,www.whatsafterthemovie.com,0,1,0.0,22.0
fear of failure,www.literatureandlatte.com,1,1,1.0,79.0
fear of failure,www.mijnwoordenboek.nl,0,1,0.0,59.0
fear of failure,www.delawareinc.com,0,1,0.0,62.0
fear of failure,allreaders.com,0,1,0.0,40.0
fear of failure,downloads.bbc.co.uk,0,1,0.0,93.0
fear of failure,midsizewoman.com,0,1,0.0,0.3
fear of failure,search.worldcat.org,0,1,0.0,88.0
fear of failure,projectsekai.fandom.com,1,1,1.0,92.0
fear of failure,www.oreilly.com,0,1,0.0,90.0
fear of failure,linktr.ee,0,1,0.0,94.0
fear of failure,www.waldenu.edu,1,1,1.0,80.0
fear of failure,www.naturalchild.org,0,1,0.0,61.0
fear of failure,thebeerthrillers.com,0,1,0.0,17.0
fear of failure,www.grow.com,0,1,0.0,69.0
fear of failure,www.successstartswithin.com,1,1,1.0,34.0
fear of failure,evergreen.lib.in.us,0,1,0.0,49.0
fear of failure,www.nice.org.uk,1,1,1.0,90.0
fear of failure,www.leadingedgepsychology.com,1,1,1.0,0.3
fear of failure,www.harrypotter.com,1,1,1.0,81.0
fear of failure,exclaim.ca,0,1,0.0,75.0
fear of failure,www.hourlife.com,1,1,1.0,0.0
fear of failure,www.icfvirginia.org,0,1,0.0,10.0
fear of failure,disney.fandom.com,0,1,0.0,92.0
fear of failure,quotepark.com,0,1,0.0,51.0
fear of failure,quillbot.com,0,1,0.0,83.0
fear of failure,dojowell.com,0,1,0.0,2.5
fear of failure,kidshealth.org,1,1,1.0,87.0
fear of failure,www.cam.ac.uk,1,1,1.0,91.0
fear of failure,www.simonandschusterpublishing.com,1,1,1.0,67.0
fear of failure,counseling.uiowa.edu,1,1,1.0,88.0
fear of failure,store.hoophall.com,0,1,0.0,72.0
fear of failure,pjsekai.sega.jp,1,1,1.0,79.0
fear of failure,www.panmacmillan.com,1,1,1.0,77.0
fear of failure,www.bookassess.com,1,1,1.0,0.1
fear of failure,audio.nrc.nl,0,1,0.0,86.0
fear of failure,dictionary.reverso.net,0,1,0.0,84.0
fear of failure,socialenterpriseguide.com,0,1,0.0,1.3
fear of failure,zsoro.medium.com,0,1,0.0,94.0
fear of failure,www.ppcepc.org,0,1,0.0,3.2
fear of failure,www.gradesaver.com,0,1,0.0,68.0
fear of failure,www.dfbonline.nl,0,1,0.0,40.0
fear of failure,thepioneersclub.buzzsprout.com,0,1,0.0,91.0
fear of failure,www.hawaii.edu,0,1,0.0,88.0
fear of failure,wellfr.com,1,1,1.0,6.0
fear of failure,theenterpriseworld.com,0,1,0.0,72.0
fear of failure,anahuang.com,1,1,1.0,37.0
fear of failure,scienceinsights.org,0,1,0.0,71.0
fear of failure,eastafricaschoolserver.org,0,1,0.0,33.0
fear of failure,artsandfood.com,0,1,0.0,10.0
fear of failure,dspace.ut.ee,1,1,1.0,82.0
fear of failure,apnews.com,0,1,0.0,92.0
fear of failure,education.co.ke,0,1,0.0,4.6
fear of failure,artsology.com,0,1,0.0,54.0
fear of failure,repository.upenn.edu,0,1,0.0,91.0
fear of failure,news.err.ee,1,1,1.0,82.0
fear of failure,sciety.org,1,1,1.0,63.0
fear of failure,madhansart.com,0,1,0.0,11.0
fear of failure,www.growingingracecounselingpllc.com,0,1,0.0,2.5
fear of failure,www.philonomist.com,0,1,0.0,49.0
fear of failure,billboard.substack.com,0,1,0.0,94.0
fear of failure,samdemma.com,0,1,0.0,40.0
fear of failure,refubium.fu-berlin.de,0,1,0.0,86.0
fear of failure,gideonharris.com,0,1,0.0,0.1
fear of failure,theeclecticmethod.com,0,1,0.0,0.0
fear of failure,www.esv.org,1,1,1.0,81.0
fear of failure,www.moneycontrol.com,0,1,0.0,86.0
fear of failure,www.scholastic.com,0,1,0.0,87.0
fear of failure,godthink.org,0,1,0.0,0.4
fear of failure,www.mediawijs.be,0,1,0.0,68.0
fear of failure,harleytherapy.com,0,1,0.0,52.0
fear of failure,fictionhorizon.com,0,1,0.0,61.0
fear of failure,ijarped.com,0,1,0.0,12.0
fear of failure,lifeclub.org,0,1,0.0,34.0
fear of failure,www.johnholtgws.com,0,1,0.0,43.0
fear of failure,www.doctorkolzet.com,0,1,0.0,26.0
fear of failure,anw.ivdnt.org,0,1,0.0,72.0
fear of failure,artworkout.app,1,1,1.0,22.0
fear of failure,ctl.stanford.edu,1,1,1.0,92.0
fear of failure,www.artsydee.com,0,1,0.0,30.0
fear of failure,pos.toasttab.com,0,1,0.0,92.0
fear of failure,paintvine.co.uk,0,1,0.0,24.0
fear of failure,www.donnajanke.com,1,1,1.0,2.5
fear of failure,www.simonandschuster.co.uk,0,1,0.0,73.0
fear of failure,doncorgi.com,0,1,0.0,42.0
fear of failure,www.tcm.com,0,1,0.0,77.0
fear of failure,www.therapysense.org,1,1,1.0,0.0
fear of failure,www.boxofficemojo.com,0,1,0.0,82.0
fear of failure,www.icc-cricket.com,1,1,1.0,80.0
fear of failure,lifestack.ai,0,1,0.0,33.0
fear of failure,www.metacritic.com,0,1,0.0,83.0
fear of failure,www.sumizeit.com,1,1,1.0,49.0
fear of failure,creative.vic.gov.au,1,1,1.0,67.0
fear of failure,www.screendaily.com,1,1,1.0,81.0
fear of failure,bookdot.app,0,1,0.0,0.0
fear of failure,thekeypoint.org,0,1,0.0,28.0
fear of failure,www.sonypicturesanimation.com,1,1,1.0,55.0
fear of failure,www.collette.co.nz,1,1,1.0,9.0
fear of failure,www.ingles.com,0,1,0.0,67.0
fear of failure,www.knowseeker.com,0,1,0.0,35.0
fear of failure,kanji.jepang.org,1,1,1.0,29.0
fear of failure,www.psychology24.org,0,1,0.0,21.0
fear of failure,www.judithlowe.com,0,1,0.0,19.0
fear of failure,www.brandonsanderson.com,0,1,0.0,72.0
fear of failure,www.qatar-tribune.com,0,1,0.0,67.0
fear of failure,www.theliberatedclinician.com,0,1,0.0,12.0
fear of failure,fortune.com,1,1,1.0,91.0
fear of failure,www.holdings.toppan.com,1,1,1.0,77.0
fear of failure,www.christianforums.com,0,1,0.0,44.0
fear of failure,theinnergame.com,1,1,1.0,55.0
fear of failure,susanjeffers.com,0,1,0.0,51.0
fear of failure,harrypotter.fandom.com,1,1,1.0,92.0
fear of failure,pitchfork.com,0,1,0.0,86.0
fear of failure,psychologyfanatic.com,0,1,0.0,48.0
fear of failure,yourstory.com,1,1,1.0,85.0
fear of failure,www.ark.no,0,1,0.0,75.0
fear of failure,www.ukessays.com,0,1,0.0,70.0
fear of failure,www.ehnewspaper.ca,1,1,1.0,22.0
fear of failure,www.powerofpositivity.com,0,1,0.0,68.0
fear of failure,www.trustpilot.com,1,1,1.0,94.0
fear of failure,www.vithoulkas.com,0,1,0.0,59.0
fear of failure,batman-guardian-of-gotham.fandom.com,0,1,0.0,92.0
fear of failure,batman.fandom.com,0,1,0.0,92.0
fear of failure,www.masteryinsights.com,0,1,0.0,34.0
fear of failure,www.readersgrotto.com,0,1,0.0,4.8
fear of failure,www.puma-catchup.com,1,1,1.0,48.0
fear of failure,dspacemainprd01.lib.uwaterloo.ca,0,1,0.0,88.0
fear of failure,medschool.uci.edu,1,1,1.0,90.0
fear of failure,www.bfi.org.uk,0,1,0.0,84.0
fear of failure,www.foodreference.com,0,1,0.0,59.0
fear of failure,www.wonderfulquote.com,0,1,0.0,17.0
fear of failure,www.giftsanddec.com,0,1,0.0,67.0
fear of failure,www.swooon.com,1,1,1.0,56.0
fear of failure,teachables.scholastic.com,0,1,0.0,87.0
fear of failure,watercolormisfit.com,0,1,0.0,14.0
fear of failure,drprakashkothari.com,0,1,0.0,0.0
fear of failure,ciprojectsltd.co.uk,0,1,0.0,6.0
fear of failure,lingolandedu.com,0,1,0.0,31.0
fear of failure,forum.literatureandlatte.com,0,1,0.0,79.0
fear of failure,academic.oup.com,0,1,0.0,92.0
fear of failure,coachingfederation.org,0,1,0.0,87.0
fear of failure,www.briannawiest.com,1,1,1.0,37.0
fear of failure,www.comingsoon.net,0,1,0.0,76.0
fear of failure,www.thedailybeast.com,0,1,0.0,88.0
fear of failure,appshunter.io,0,1,0.0,41.0
fear of failure,knowyourbest.com,0,1,0.0,32.0
fear of failure,listcaboodle.com,0,1,0.0,13.0
fear of failure,www.harperacademic.com,0,1,0.0,49.0
fear of failure,homeopathycenter.org,0,1,0.0,70.0
fear of failure,book-digest.com,0,1,0.0,0.2
fear of failure,fliphtml5.com,0,1,0.0,91.0
fear of failure,surfs-up.fandom.com,1,1,1.0,92.0
grey rock,health.clevelandclinic.org,4,9,0.4444,92.0
grey rock,www.medicalnewstoday.com,4,7,0.5714,91.0
grey rock,www.dulux.co.uk,4,6,0.6667,75.0
grey rock,www.booking.com,2,4,0.5,93.0
grey rock,www.target.com,2,3,0.6667,91.0
grey rock,www.expedia.ca,2,3,0.6667,77.0
grey rock,www.tripadvisor.ca,2,3,0.6667,87.0
grey rock,www.tourismedmundston.com,2,2,1.0,37.0
grey rock,www.gonewbrunswick.com,0,2,0.0,15.0
grey rock,psychcentral.com,2,2,1.0,87.0
grey rock,www.nbcnews.com,0,2,0.0,91.0
grey rock,www.dictionary.com,1,2,0.5,90.0
grey rock,www.reddit.com,1,2,0.5,95.0
grey rock,www.healthline.com,1,2,0.5,92.0
grey rock,dupevergleich.com,0,1,0.0,0.0
grey rock,www.ebsco.com,0,1,0.0,87.0
grey rock,www.bestwestern.com,0,1,0.0,87.0
grey rock,www.wickes.co.uk,0,1,0.0,73.0
grey rock,www.wineenthusiast.com,1,1,1.0,82.0
grey rock,www.manekicasino.com,0,1,0.0,44.0
grey rock,dictionaryblog.cambridge.org,1,1,1.0,92.0
grey rock,behindthedraft.com,0,1,0.0,2.8
grey rock,dupeduck.com,0,1,0.0,0.0
grey rock,www.dickssportinggoods.com,1,1,1.0,83.0
grey rock,howtosayguide.com,0,1,0.0,21.0
grey rock,www.greyrockhotel.com,0,1,0.0,3.0
grey rock,www.vedantu.com,0,1,0.0,73.0
grey rock,www.scribd.com,0,1,0.0,91.0
grey rock,www.gambling.com,0,1,0.0,79.0
grey rock,www.writingbeginner.com,1,1,1.0,29.0
grey rock,therapist.com,0,1,0.0,66.0
grey rock,www.ganz-baukeramik.ch,1,1,1.0,51.0
grey rock,abcl.sites.townsq.io,0,1,0.0,75.0
grey rock,www.spittelmeister.ch,1,1,1.0,7.0
grey rock,www.atoply.com,0,1,0.0,0.0
grey rock,www.golftripindex.com,0,1,0.0,0.4
grey rock,www.bauhaus.ch,1,1,1.0,53.0
grey rock,austrasse-zuerich.ch,1,1,1.0,0.4
grey rock,cmase.uark.edu,1,1,1.0,82.0
grey rock,www.totalwine.com,1,1,1.0,78.0
grey rock,www.casinocity.ca,0,1,0.0,6.0
grey rock,www.walmart.com,0,1,0.0,92.0
grey rock,www.txdot.gov,1,1,1.0,81.0
grey rock,picturedescription.org,1,1,1.0,2.8
grey rock,divainers.com,0,1,0.0,0.0
grey rock,www.dulux.com.au,0,1,0.0,77.0
grey rock,solidshape.com,1,1,1.0,25.0
grey rock,phys.org,0,1,0.0,89.0
grey rock,www.playcanada.com,0,1,0.0,44.0
grey rock,houseofisabella.co.uk,1,1,1.0,38.0
grey rock,www.duluxtradepaintexpert.co.uk,0,1,0.0,63.0
grey rock,circlecranch.com,1,1,1.0,27.0
grey rock,boutique.breizh-odyssee.bzh,0,1,0.0,45.0
grey rock,www.ownersclubbartoncreek.com,0,1,0.0,14.0
grey rock,www.jomida.com,0,1,0.0,6.0
grey rock,de.paperblog.com,0,1,0.0,73.0
grey rock,www.amnh.org,1,1,1.0,83.0
grey rock,open.maricopa.edu,1,1,1.0,77.0
grey rock,casinoqueen.ca,0,1,0.0,15.0
grey rock,www.americanexpress.com,0,1,0.0,91.0
grey rock,www.casinocanuck.ca,0,1,0.0,40.0
grey rock,www.wondermind.com,0,1,0.0,69.0
grey rock,www.casinos.com,0,1,0.0,74.0
grey rock,www.hornbach.ch,0,1,0.0,58.0
grey rock,winepalace.es,0,1,0.0,24.0
grey rock,synonymvirl.com,0,1,0.0,11.0
grey rock,geologyscience.com,1,1,1.0,62.0
grey rock,www.thecabinresortsph.com,1,1,1.0,4.9
grey rock,www.sec.gov,0,1,0.0,92.0
grey rock,512viberealtygroup.com,1,1,1.0,0.4
grey rock,www.distillerie.bzh,0,1,0.0,41.0
grey rock,www.plaettli-ganz.ch,0,1,0.0,32.0
grey rock,www.omnihotels.com,1,1,1.0,84.0
grey rock,www.simplypsychology.com,1,1,1.0,42.0
grey rock,wellnessguided.org,0,1,0.0,0.0
grey rock,scent-dupes.de,0,1,0.0,0.0
grey rock,www.interioramore.com,0,1,0.0,1.4
grey rock,www.screwfix.com,0,1,0.0,77.0
grey rock,msaweb.org,1,1,1.0,38.0
grey rock,en.wikipedia.org,0,1,0.0,97.0
grey rock,sopratec.ch,1,1,1.0,6.0
grey rock,www.duluxheritage.co.uk,0,1,0.0,47.0
grey rock,colorpicker.pinart.ai,1,1,1.0,0.0
grey rock,www.stonenaturelle.ch,0,1,0.0,3.7
grey rock,thecoloratlas.org,1,1,1.0,0.3
grey rock,www2.wickes.co.uk,0,1,0.0,73.0
grey rock,schoolessaywriter.com,0,1,0.0,2.6
grey rock,www.golfdigest.com,1,1,1.0,81.0
grey rock,files.eric.ed.gov,1,1,1.0,91.0
grey rock,help.timhortons.ca,0,1,0.0,75.0
grey rock,www2.gnb.ca,1,1,1.0,83.0
grey rock,www.mindbodygreen.com,0,1,0.0,85.0
grey rock,www.pgb.ch,1,1,1.0,26.0
grey rock,leverageedu.com,0,1,0.0,72.0
grey rock,www.casino.ca,0,1,0.0,59.0
grey rock,casinocanada.com,0,1,0.0,58.0
grey rock,www.tomsguide.com,1,1,1.0,87.0
grey rock,www.graniteridge.com,0,1,0.0,29.0
grey rock,myenglishteacher.co.uk,0,1,0.0,7.0
grey rock,promisekit.org,1,1,1.0,30.0
grey rock,atxgolfperformance.com,1,1,1.0,8.0
deflection,www.reddit.com,65,121,0.5372,95.0
deflection,engineerfix.com,53,112,0.4732,59.0
deflection,en.wikipedia.org,61,107,0.5701,97.0
deflection,www.sciencedirect.com,47,96,0.4896,94.0
deflection,quarterkingbilliards.com,37,80,0.4625,37.0
deflection,predatorcues.com,40,76,0.5263,61.0
deflection,billiardbeast.com,34,66,0.5152,11.0
deflection,www.scribd.com,15,64,0.2344,91.0
deflection,studylib.net,17,54,0.3148,73.0
deflection,pmc.ncbi.nlm.nih.gov,14,42,0.3333,95.0
deflection,www.protoolreviews.com,23,40,0.575,70.0
deflection,int.predatorcues.com,18,38,0.4737,61.0
deflection,www.askabilliards.com,23,38,0.6053,9.0
deflection,codes.iccsafe.org,16,34,0.4706,87.0
deflection,www.gamespot.com,19,33,0.5758,86.0
deflection,www.homedepot.com,16,33,0.4848,90.0
deflection,www.pcgamer.com,12,31,0.3871,85.0
deflection,www.pooldawg.com,17,31,0.5484,49.0
deflection,www.lowes.com,12,30,0.4,88.0
deflection,forums.azbilliards.com,12,28,0.4286,59.0
deflection,www.thisoldhouse.com,10,23,0.4348,86.0
deflection,www.finewoodworking.com,7,22,0.3182,73.0
deflection,www.youtube.com,5,21,0.2381,99.0
deflection,jflowerscues.com,6,21,0.2857,30.0
deflection,pooltableverdict.com,10,21,0.4762,0.0
deflection,www.osha.gov,12,20,0.6,91.0
deflection,www.researchgate.net,6,19,0.3158,93.0
deflection,www.powerpyx.com,9,19,0.4737,55.0
deflection,timeoutbiliards.com,7,19,0.3684,7.0
deflection,fcibilliards.com,8,19,0.4211,19.0
deflection,www.mdpi.com,7,18,0.3889,92.0
deflection,www.aisc.org,9,18,0.5,78.0
deflection,www.techradar.com,5,17,0.2941,91.0
deflection,www.fhwa.dot.gov,10,17,0.5882,91.0
deflection,bizubilliards.com,0,16,0.0,2.9
deflection,steelcalculator.app,6,16,0.375,2.7
deflection,leaguepool.com,5,15,0.3333,0.0
deflection,www.angi.com,6,15,0.4,90.0
deflection,doi.org,2,15,0.1333,94.0
deflection,www.apawood.org,6,15,0.4,71.0
deflection,gamefaqs.gamespot.com,4,14,0.2857,86.0
deflection,www.finehomebuilding.com,4,14,0.2857,76.0
deflection,www.crompton.co.in,7,14,0.5,60.0
deflection,www.jlconline.com,3,14,0.2143,78.0
deflection,www.nsk.com,10,14,0.7143,75.0
deflection,cue-pros.com,4,14,0.2857,6.0
deflection,www.bobvila.com,3,14,0.2143,85.0
deflection,www.gamesradar.com,5,14,0.3571,84.0
deflection,awc.org,8,14,0.5714,73.0
deflection,www.cuesplus.com,2,13,0.1538,10.0
deflection,ultimaker.com,5,13,0.3846,78.0
deflection,store.astm.org,6,13,0.4615,90.0
deflection,dgfloors.com,5,13,0.3846,29.0
deflection,www.woodmagazine.com,6,12,0.5,71.0
deflection,seyberts.com,1,12,0.0833,42.0
deflection,unistrutohio.com,5,12,0.4167,32.0
deflection,unistrutstore.com,5,12,0.4167,16.0
deflection,www.victaulic.com,9,12,0.75,70.0
deflection,www.croma.com,6,12,0.5,73.0
deflection,www.weyerhaeuser.com,8,12,0.6667,74.0
deflection,www.gadgets360.com,6,12,0.5,81.0
deflection,www.istructe.org,8,12,0.6667,75.0
deflection,www.grainger.com,6,12,0.5,80.0
deflection,buildrefs.com,2,12,0.1667,1.5
deflection,www.globalspec.com,5,12,0.4167,78.0
deflection,pubmed.ncbi.nlm.nih.gov,6,12,0.5,95.0
deflection,link.springer.com,4,11,0.3636,93.0
deflection,www.smartprix.com,7,11,0.6364,72.0
deflection,manuals.plus,3,11,0.2727,76.0
deflection,www.washingtonpost.com,3,11,0.2727,93.0
deflection,blog.playstation.com,6,11,0.5455,91.0
deflection,www.screwfix.com,10,11,0.9091,77.0
deflection,www.cuetec.com,8,11,0.7273,51.0
deflection,www.metacritic.com,7,11,0.6364,83.0
deflection,www.playstation.com,3,11,0.2727,91.0
deflection,manualzz.com,2,11,0.1818,65.0
deflection,legalclarity.org,1,10,0.1,76.0
deflection,www.schluter.com,4,10,0.4,78.0
deflection,woodcalcs.com,6,10,0.6,32.0
deflection,arjumany.com,2,10,0.2,0.0
deflection,news.bfgoodrichtires.com,4,10,0.4,72.0
deflection,www.pcgamesn.com,3,10,0.3,78.0
deflection,www.manualslib.com,1,10,0.1,76.0
deflection,www.concrete.org,6,10,0.6,80.0
deflection,technav.ieee.org,4,10,0.4,92.0
deflection,www.gameslearningsociety.org,3,10,0.3,52.0
deflection,www.southernpine.com,5,10,0.5,56.0
deflection,pearsoncues.com,2,10,0.2,36.0
deflection,www.bassresource.com,8,10,0.8,56.0
deflection,www.alibaba.com,1,10,0.1,92.0
deflection,www.nachi.org,5,9,0.5556,87.0
deflection,www.hubs.com,5,9,0.5556,75.0
deflection,www.cuechampion.com,0,9,0.0,0.0
deflection,www.outdoorlife.com,4,9,0.4444,76.0
deflection,scienceinsights.org,3,9,0.3333,71.0
deflection,beamdimensions.com,3,9,0.3333,9.0
deflection,highways.dot.gov,4,9,0.4444,91.0
deflection,www.bassmaster.com,4,9,0.4444,74.0
deflection,steamcommunity.com,1,8,0.125,91.0
deflection,www.tdca.org.uk,8,8,1.0,48.0
deflection,store.steampowered.com,3,8,0.375,93.0
deflection,www.walmart.com,1,8,0.125,92.0
deflection,www.lesjofors.com,3,8,0.375,52.0
deflection,help.prusa3d.com,1,8,0.125,79.0
deflection,unistrut.biz,4,8,0.5,22.0
deflection,www.unistruthawaii.com,1,8,0.125,9.0
deflection,onlinelibrary.wiley.com,2,8,0.25,93.0
deflection,www.steelconstruction.info,3,8,0.375,69.0
deflection,www.fromsoftware.jp,4,8,0.5,68.0
deflection,trademastercalc.com,1,8,0.125,0.1
deflection,www.gov.uk,7,8,0.875,94.0
deflection,www.flipkart.com,5,8,0.625,89.0
deflection,permitdeck.com,3,8,0.375,29.0
deflection,budgetcues.com,2,8,0.25,28.0
deflection,www.popularmechanics.com,0,8,0.0,86.0
deflection,www.denofgeek.com,3,8,0.375,78.0
deflection,www.bfgoodrichtires.com,3,8,0.375,72.0
deflection,cueandfelt.com,5,8,0.625,0.0
deflection,www.billiardsdirect.com,3,8,0.375,28.0
deflection,aimsindustrial.com.au,2,8,0.25,38.0
deflection,webstore.ansi.org,1,7,0.1429,88.0
deflection,novasaber.com,2,7,0.2857,4.0
deflection,www.rics.org,5,7,0.7143,86.0
deflection,www.wired2fish.com,2,7,0.2857,64.0
deflection,www.gameandfishmag.com,4,7,0.5714,61.0
deflection,plasticinehouse.com,2,7,0.2857,40.0
deflection,www.consumerreports.org,2,7,0.2857,90.0
deflection,www.studocu.com,0,7,0.0,77.0
deflection,civilsir.com,4,7,0.5714,26.0
deflection,www.motortrend.com,3,7,0.4286,84.0
deflection,game-scout.app,3,7,0.4286,2.9
deflection,www.autodesk.com,6,7,0.8571,90.0
deflection,www.thesaberfactory.com,5,7,0.7143,26.0
deflection,www.beamdimensions.com,0,7,0.0,9.0
deflection,billiardsbase.com,1,7,0.1429,0.7
deflection,beercitybilliards.com,2,7,0.2857,12.0
deflection,standards.iteh.ai,4,7,0.5714,76.0
deflection,assets.schluter.com,3,7,0.4286,78.0
deflection,8020.net,2,6,0.3333,57.0
deflection,woodworkingadvisor.com,1,6,0.1667,23.0
deflection,www.solonmfg.com,4,6,0.6667,12.0
deflection,sabersourcing.com,3,6,0.5,11.0
deflection,www.lily-bearing.com,1,6,0.1667,39.0
deflection,homegrail.com,0,6,0.0,65.0
deflection,ascelibrary.org,2,6,0.3333,81.0
deflection,www.mcdermottcue.com,3,6,0.5,55.0
deflection,www.vikingcue.com,2,6,0.3333,46.0
deflection,mebida.vn,4,6,0.6667,37.0
deflection,www.studiomatrx.org,1,6,0.1667,14.0
deflection,www.garagejournal.com,3,6,0.5,57.0
deflection,www.hse.gov.uk,2,6,0.3333,90.0
deflection,pavementinteractive.org,2,6,0.3333,62.0
deflection,electronics.alibaba.com,2,6,0.3333,92.0
deflection,ww3.rics.org,1,6,0.1667,86.0
deflection,www.fdot.gov,3,6,0.5,78.0
deflection,www.theguardian.com,3,6,0.5,93.0
deflection,woodcalcs.uk,2,6,0.3333,1.4
deflection,www.techsupport.weyerhaeuser.com,1,6,0.1667,74.0
deflection,www.searspartsdirect.com,3,6,0.5,64.0
deflection,gameranx.com,0,6,0.0,70.0
deflection,www.structuremag.org,3,6,0.5,71.0
deflection,www.popularwoodworking.com,2,6,0.3333,70.0
deflection,timberdevelopment.uk,3,6,0.5,62.0
deflection,ncc.abcb.gov.au,1,6,0.1667,81.0
deflection,doczz.net,0,6,0.0,52.0
deflection,www.wired.com,2,6,0.3333,92.0
deflection,1source.basspro.com,1,6,0.1667,79.0
deflection,www.mscdirect.com,1,6,0.1667,74.0
deflection,www.engineeringtoolbox.com,3,6,0.5,78.0
deflection,asm.matweb.com,3,6,0.5,73.0
deflection,news.xbox.com,2,6,0.3333,91.0
deflection,www.xometry.com,1,6,0.1667,74.0
deflection,ulamex.com,1,6,0.1667,9.0
deflection,www.merriam-webster.com,2,6,0.3333,91.0
deflection,www.toolshedtested.com,2,6,0.3333,0.3
deflection,www.buildwiz.uk,2,6,0.3333,4.2
deflection,assets.victaulic.com,4,6,0.6667,70.0
deflection,www.nskamericas.com,4,6,0.6667,46.0
deflection,gameinformer.com,2,6,0.3333,79.0
deflection,pickcue.com,0,6,0.0,0.0
deflection,cdn.skfmediahub.skf.com,3,6,0.5,82.0
deflection,www.maplefloor.org,5,5,1.0,56.0
deflection,support.ryobi.com.au,5,5,1.0,47.0
deflection,www.realcedar.com,2,5,0.4,63.0
deflection,www.difficultyquest.com,1,5,0.2,0.0
deflection,www.timberonline.co.uk,1,5,0.2,10.0
deflection,www.rmiracksafety.org,3,5,0.6,43.0
deflection,www.uneedpm.com,2,5,0.4,31.0
deflection,www.steelsolver.com,1,5,0.2,1.8
deflection,cis.ihs.com,1,5,0.2,80.0
deflection,www.epa.gov,0,5,0.0,93.0
deflection,www.efunda.com,0,5,0.0,68.0
deflection,knowledge.bsigroup.com,2,5,0.4,89.0
deflection,www.atlantisrail.com,4,5,0.8,42.0
deflection,structuralsteelcomponents.com,3,5,0.6,4.8
deflection,www.billiardsking.com,2,5,0.4,13.0
deflection,www.dickssportinggoods.com,1,5,0.2,83.0
deflection,www.slideshare.net,1,5,0.2,92.0
deflection,manualzilla.com,0,5,0.0,30.0
deflection,www.lvl-beam.com,2,5,0.4,5.0
deflection,www.yumpu.com,1,5,0.2,90.0
deflection,senmit.com,3,5,0.6,12.0
deflection,www.bajajfinserv.in,1,5,0.2,78.0
deflection,chalkline.com.au,3,5,0.6,0.9
deflection,www.govinfo.gov,2,5,0.4,91.0
deflection,osha.prod.pace.dol.gov,2,5,0.4,91.0
deflection,rosap.ntl.bts.gov,1,5,0.2,84.0
deflection,besseytools.com,2,5,0.4,40.0
deflection,ultrasabers.com,1,5,0.2,52.0
deflection,www.billiardsforum.com,0,5,0.0,33.0
deflection,www.artresin.com,2,5,0.4,64.0
deflection,majorleaguefishing.com,2,5,0.4,71.0
deflection,billiardhome.com,3,5,0.6,0.8
deflection,www.dewalt.com,3,5,0.6,78.0
deflection,www.unicomposite.com,2,5,0.4,22.0
deflection,www.tarmacview.com,2,5,0.4,6.0
deflection,www.schaeffler.co.in,3,5,0.6,52.0
deflection,www.sleepfoundation.org,5,5,1.0,90.0
deflection,www.toolgrit.com,0,5,0.0,17.0
deflection,pdfcoffee.com,0,5,0.0,70.0
deflection,www.ryedaletimber.co.uk,3,5,0.6,2.6
deflection,www.nature.com,4,5,0.8,93.0
deflection,images.carid.com,2,5,0.4,70.0
deflection,www.cuesports.ca,4,5,0.8,0.8
deflection,www.tacklewarehouse.com,1,5,0.2,72.0
deflection,www.allacronyms.com,1,5,0.2,58.0
deflection,sprucerank.com,0,5,0.0,7.0
deflection,www.dwyeromega.com,2,5,0.4,73.0
deflection,www.ecmweb.com,0,5,0.0,72.0
deflection,www.howdifficultisit.com,2,5,0.4,0.0
deflection,www.skf.com,4,5,0.8,82.0
deflection,www.newenglandmetalroof.com,1,5,0.2,28.0
deflection,andersonbilliardssupply.ca,0,5,0.0,0.0
deflection,www.gamepressure.com,4,5,0.8,65.0
deflection,industrialmonitordirect.com,2,5,0.4,31.0
deflection,konstruction.ca,3,5,0.6,39.0
deflection,superneox.com,1,5,0.2,36.0
deflection,www.barnes.com.au,3,5,0.6,38.0
deflection,pottheblack.com,0,5,0.0,0.0
deflection,www.ukworkshop.co.uk,0,5,0.0,33.0
deflection,www.unistrut.com,3,5,0.6,27.0
deflection,www.koeitecmoamerica.com,3,5,0.6,65.0
deflection,help.autodesk.com,2,5,0.4,90.0
deflection,www.umass.edu,2,5,0.4,88.0
deflection,www.matweb.com,0,5,0.0,73.0
deflection,www.wpa-pool.com,1,5,0.2,55.0
deflection,neosabers.com,2,5,0.4,36.0
deflection,www.starwars.com,2,5,0.4,83.0
deflection,steeltubeinstitute.org,2,5,0.4,53.0
deflection,www.cuesight.com,1,4,0.25,31.0
deflection,www.asme.org,2,4,0.5,86.0
deflection,www.techgearlab.com,0,4,0.0,69.0
deflection,www.omnicalculator.com,3,4,0.75,83.0
deflection,www.techtarget.com,2,4,0.5,91.0
deflection,www.slpipeline.com,2,4,0.5,14.0
deflection,freewaycorp.com,4,4,1.0,13.0
deflection,insosupply.com,2,4,0.5,13.0
deflection,forestsource.io,0,4,0.0,7.0
deflection,equipment.usapickleball.org,2,4,0.5,80.0
deflection,www.ifixit.com,1,4,0.25,83.0
deflection,www.tek.com,1,4,0.25,76.0
deflection,www.schaeffler.com,2,4,0.5,77.0
deflection,cyberpost.co,1,4,0.25,45.0
deflection,theplywood.com,1,4,0.25,36.0
deflection,www.blibli.com,2,4,0.5,83.0
deflection,www.nps.gov,1,4,0.25,92.0
deflection,workshopcalc.com,1,4,0.25,12.0
deflection,apawood-europe.org,2,4,0.5,27.0
deflection,www.aestechno.com,3,4,0.75,8.0
deflection,www.scheels.com,2,4,0.5,76.0
deflection,www.heatilator.com,3,4,0.75,60.0
deflection,www.metmuseum.org,1,4,0.25,90.0
deflection,sawmillcreek.org,0,4,0.0,52.0
deflection,educationsurvey.steelcase.com,0,4,0.0,79.0
deflection,www.journeymanhq.com,2,4,0.5,44.0
deflection,www.latimes.com,1,4,0.25,92.0
deflection,primagames.com,1,4,0.25,71.0
deflection,woodbin.com,1,4,0.25,41.0
deflection,blindsurprise.com,3,4,0.75,7.0
deflection,www.diy.com,1,4,0.25,78.0
deflection,realtruck.com,2,4,0.5,75.0
deflection,billiardboys.com,2,4,0.5,2.5
deflection,poolcueguide.com,0,4,0.0,5.0
deflection,www.revzilla.com,2,4,0.5,75.0
deflection,www.iccsafe.org,3,4,0.75,87.0
deflection,poolandbilliardcue.com,0,4,0.0,6.0
deflection,www.hasbro.com,3,4,0.75,82.0
deflection,civiltutorials.com,0,4,0.0,20.0
deflection,bestcrankbaits.com,3,4,0.75,0.0
deflection,constructionmentor.net,1,4,0.25,16.0
deflection,paperzz.com,0,4,0.0,53.0
deflection,www.wavesold.com,1,4,0.25,6.0
deflection,www.fao.org,1,4,0.25,91.0
deflection,langhe-alu.com,0,4,0.0,16.0
deflection,masicarbon.com,2,4,0.5,0.0
deflection,testbook.com,0,4,0.0,74.0
deflection,www.obsessedwoodworking.com,4,4,1.0,28.0
deflection,www.sourcebyspec.com,3,4,0.75,11.0
deflection,blog.projectmaterials.com,2,4,0.5,40.0
deflection,www.torkcraft.com,2,4,0.5,33.0
deflection,www.cutwel.co.uk,3,4,0.75,31.0
deflection,instructions.hasbro.com,1,4,0.25,82.0
deflection,blog.activision.com,2,4,0.5,80.0
deflection,hdmpool.com,1,4,0.25,0.0
deflection,morethanbilliards.com,1,4,0.25,7.0
deflection,www.woodwiki.org,0,4,0.0,1.2
deflection,vivarailings.com,2,4,0.5,41.0
deflection,iibec.org,0,4,0.0,70.0
deflection,www.ccsabers.com,2,4,0.5,22.0
deflection,sawshub.com,2,4,0.5,32.0
deflection,www.greenbuildingadvisor.com,2,4,0.5,74.0
deflection,www.justanswer.com,2,4,0.5,76.0
deflection,www.bellevilleintl.com,3,4,0.75,6.0
deflection,medias.schaeffler.us,2,4,0.5,64.0
deflection,sandtbilliards.com,0,4,0.0,8.0
deflection,en.wiktionary.org,0,4,0.0,91.0
deflection,www.autozone.com,2,4,0.5,79.0
deflection,www.ncbi.nlm.nih.gov,4,4,1.0,95.0
deflection,highways.fhwa.dot.gov,2,4,0.5,91.0
deflection,www.americanmuscle.com,3,4,0.75,68.0
deflection,store.anycubic.com,1,4,0.25,72.0
deflection,media.tatacroma.com,1,4,0.25,8.0
deflection,www.musee-armee.fr,3,4,0.75,72.0
deflection,drdavepoolinfo.com,2,4,0.5,44.0
deflection,www.galacticsaberstore.com,1,4,0.25,1.5
deflection,premiercues.co,1,4,0.25,0.0
deflection,www.canadiantire.ca,1,4,0.25,83.0
deflection,openstax.org,3,4,0.75,81.0
deflection,www.suspension.com,2,4,0.5,33.0
deflection,www.nfpaglobalsolutions.com,3,4,0.75,47.0
deflection,aciuniversity.concrete.org,1,4,0.25,80.0
deflection,billiardsrepublic.com,2,4,0.5,0.0
deflection,www.reference.com,1,4,0.25,84.0
deflection,www.linkedin.com,0,4,0.0,99.0
deflection,www.homebuilding.co.uk,0,4,0.0,75.0
deflection,www.innovativesaws.com,2,4,0.5,1.3
deflection,arstechnica.com,2,4,0.5,91.0
deflection,www.stuff.tv,2,4,0.5,74.0
deflection,technische-antriebselemente.de,1,4,0.25,30.0
deflection,consumercare.hasbro.com,2,4,0.5,82.0
deflection,mattressmiracle.ca,1,4,0.25,36.0
deflection,nepis.epa.gov,1,4,0.25,93.0
deflection,www.pushsquare.com,1,4,0.25,74.0
deflection,www.windowscentral.com,1,4,0.25,84.0
deflection,app.schluter.com,2,4,0.5,78.0
deflection,www.manualsdir.com,1,4,0.25,59.0
deflection,www.cpsc.gov,2,4,0.5,90.0
deflection,plastics-database.org,1,4,0.25,3.0
deflection,materialsmarket.com,3,4,0.75,45.0
deflection,en.bandainamcoent.eu,1,4,0.25,76.0
deflection,www.justdial.com,1,4,0.25,86.0
deflection,bestjigsawreview.net,0,4,0.0,0.0
deflection,mamaneedsaproject.com,0,4,0.0,33.0
deflection,docs.vention.com,2,4,0.5,53.0
deflection,roofpitch.net,1,4,0.25,28.0
deflection,www.nmbs.co.uk,2,4,0.5,49.0
deflection,burnettetools.com,3,4,0.75,11.0
deflection,www.chalcoaluminum.com,0,4,0.0,26.0
deflection,homeguide.com,2,4,0.5,81.0
deflection,diy.stackexchange.com,1,4,0.25,91.0
deflection,journals.sagepub.com,1,4,0.25,92.0
deflection,assets.publishing.service.gov.uk,2,4,0.5,92.0
deflection,doublebuilding.com,4,4,1.0,7.0
deflection,docinfofiles.nfpa.org,3,4,0.75,90.0
deflection,shop.machinemfg.com,1,4,0.25,55.0
deflection,www.digitaltrends.com,2,4,0.5,89.0
deflection,us.store.bambulab.com,1,4,0.25,79.0
deflection,www.woodcraft.com,1,4,0.25,73.0
deflection,www.nist.gov,0,4,0.0,92.0
deflection,www.uline.com,2,4,0.5,78.0
deflection,turn2engineering.com,3,4,0.75,10.0
deflection,fliphtml5.com,0,4,0.0,91.0
deflection,www.collinsdictionary.com,0,3,0.0,86.0
deflection,www.prnewswire.com,0,3,0.0,92.0
deflection,www.billardpro.de,3,3,1.0,30.0
deflection,www.totalboat.com,1,3,0.3333,56.0
deflection,www.gates.com,2,3,0.6667,76.0
deflection,www.cdc.gov,0,3,0.0,94.0
deflection,www.tacklescout.com,2,3,0.6667,8.0
deflection,www.wbdg.org,1,3,0.3333,77.0
deflection,www.moglix.com,1,3,0.3333,73.0
deflection,canadianwoodworking.com,0,3,0.0,56.0
deflection,www.admetec.com,2,3,0.6667,38.0
deflection,eng.libretexts.org,2,3,0.6667,81.0
deflection,steelconstruction.info,2,3,0.6667,69.0
deflection,www.makeitfrom.com,1,3,0.3333,57.0
deflection,www.sekiro.jp,1,3,0.3333,45.0
deflection,play.google.com,0,3,0.0,100.0
deflection,online.flippingbook.com,0,3,0.0,91.0
deflection,www.koeitecmoeurope.com,2,3,0.6667,53.0
deflection,rsj.info,1,3,0.3333,1.1
deflection,mezzcue.com,1,3,0.3333,40.0
deflection,texashawgs.com,1,3,0.3333,33.0
deflection,www.coba.com,1,3,0.3333,44.0
deflection,www.engineerlaboratory.com,1,3,0.3333,0.2
deflection,lhcarbonsolutions.com,1,3,0.3333,0.2
deflection,www.norfolk-lumber.com,0,3,0.0,0.0
deflection,www.engbench.com,0,3,0.0,0.2
deflection,www.thebilliardbay.com,1,3,0.3333,28.0
deflection,www.tradeindia.com,1,3,0.3333,83.0
deflection,joistspan.com,1,3,0.3333,0.0
deflection,www.aboutdarwin.com,0,3,0.0,47.0
deflection,www.designingbuildings.co.uk,1,3,0.3333,79.0
deflection,www.3dmag.com,1,3,0.3333,34.0
deflection,www.drumdial.com,2,3,0.6667,34.0
deflection,calcbee.com,0,3,0.0,17.0
deflection,www.junckershardwood.com,0,3,0.0,35.0
deflection,www.nickstimberstore.co.uk,1,3,0.3333,11.0
deflection,coachad.com,0,3,0.0,55.0
deflection,hindi.gadgets360.com,0,3,0.0,81.0
deflection,alsyedconstruction.com,0,3,0.0,31.0
deflection,support.activision.com,2,3,0.6667,80.0
deflection,homebilliards.ca,0,3,0.0,15.0
deflection,anyflip.com,0,3,0.0,85.0
deflection,www.jimmytool.com,1,3,0.3333,1.0
deflection,anvilfield.com,0,3,0.0,2.0
deflection,nsabers.com,0,3,0.0,52.0
deflection,www.txdot.gov,1,3,0.3333,81.0
deflection,steincoindustrial.com,1,3,0.3333,15.0
deflection,www.thk.com,1,3,0.3333,72.0
deflection,patents.google.com,1,3,0.3333,100.0
deflection,patents.justia.com,1,3,0.3333,91.0
deflection,chartdata.web.app,0,3,0.0,91.0
deflection,www.greengaffer.co.uk,2,3,0.6667,2.2
deflection,calcs.app,0,3,0.0,5.0
deflection,obis.osha.gov,1,3,0.3333,91.0
deflection,www.cushionfoamz.com,1,3,0.3333,0.8
deflection,jlcmc.com,0,3,0.0,29.0
deflection,learn.kregtool.com,1,3,0.3333,68.0
deflection,doubtcalc.com,0,3,0.0,0.0
deflection,www.thenbs.com,0,3,0.0,78.0
deflection,makitatools.com,2,3,0.6667,73.0
deflection,tcnatile.com,1,3,0.3333,74.0
deflection,shop.redcandlegames.com,1,3,0.3333,49.0
deflection,dinosaur.apawood.org,0,3,0.0,71.0
deflection,www.hansenpolebuildings.com,0,3,0.0,30.0
deflection,ro.scribd.com,0,3,0.0,91.0
deflection,www.nylon.com.tw,0,3,0.0,12.0
deflection,www.bauder.co.uk,2,3,0.6667,51.0
deflection,military-history.fandom.com,0,3,0.0,92.0
deflection,evolution.skf.com,1,3,0.3333,82.0
deflection,www.billiardsomega.com,1,3,0.3333,7.0
deflection,pricehistory.app,2,3,0.6667,40.0
deflection,shopee.co.id,1,3,0.3333,91.0
deflection,www.nhbc.co.uk,2,3,0.6667,78.0
deflection,fr.scribd.com,0,3,0.0,91.0
deflection,www.steel.org.au,0,3,0.0,65.0
deflection,can-cut.ca,0,3,0.0,0.0
deflection,toolguyd.com,1,3,0.3333,56.0
deflection,theroofingbrief.com,1,3,0.3333,28.0
deflection,www.readkong.com,1,3,0.3333,63.0
deflection,www.parker.com,1,3,0.3333,82.0
deflection,anitokid.blogspot.com,1,3,0.3333,95.0
deflection,www.fishhookonline.com,2,3,0.6667,0.0
deflection,www.sekirothegame.com,1,3,0.3333,53.0
deflection,www.thomaselectronics.com,1,3,0.3333,20.0
deflection,schoncues.com,1,3,0.3333,24.0
deflection,www.meaningfulspaces.com,0,3,0.0,29.0
deflection,upload.indiacode.nic.in,1,3,0.3333,82.0
deflection,www.uswaterproofing.com,1,3,0.3333,45.0
deflection,www.roymech.co.uk,1,3,0.3333,46.0
deflection,media.pooldawg.com,1,3,0.3333,49.0
deflection,deckmath.com,0,3,0.0,2.7
deflection,www.imdb.com,1,3,0.3333,94.0
deflection,www.discspringsmfg.com,1,3,0.3333,10.0
deflection,media.iccsafe.org,1,3,0.3333,87.0
deflection,isabers.com,0,3,0.0,13.0
deflection,woodworkstarter.com,1,3,0.3333,0.0
deflection,www.wordreference.com,0,3,0.0,80.0
deflection,www.hunker.com,1,3,0.3333,79.0
deflection,www.mapei.com,1,3,0.3333,81.0
deflection,www.thomasnet.com,2,3,0.6667,85.0
deflection,www.slashgear.com,1,3,0.3333,81.0
deflection,mechcodex.com,0,3,0.0,6.0
deflection,www.law.cornell.edu,0,3,0.0,92.0
deflection,blog.supplyhouse.com,3,3,1.0,65.0
deflection,www.tarkettsportsindoor.com,1,3,0.3333,45.0
deflection,pdf.lowes.com,2,3,0.6667,88.0
deflection,www.replicasabers.co.uk,1,3,0.3333,3.5
deflection,www.emarketplace.in.skf.com,2,3,0.6667,82.0
deflection,unistrut-us-live.ae-admin.com,0,3,0.0,66.0
deflection,www.bhg.com,1,3,0.3333,88.0
deflection,www.flooringclarity.com,1,3,0.3333,38.0
deflection,www.albanycountyfasteners.com,2,3,0.6667,38.0
deflection,www.powertoolsinsider.com,0,3,0.0,4.9
deflection,steeljoist.org,1,3,0.3333,56.0
deflection,formulafactory.tools,1,3,0.3333,0.4
deflection,www.penntoolco.com,1,3,0.3333,51.0
deflection,www.meuccicues.com,2,3,0.6667,31.0
deflection,www.sunlu.com,1,3,0.3333,60.0
deflection,www.hotrod.com,1,3,0.3333,75.0
deflection,www.protolabs.com,1,3,0.3333,73.0
deflection,craftedwoodcreations.com,2,3,0.6667,0.4
deflection,structurescentre.com,1,3,0.3333,7.0
deflection,www.fluke.com,1,3,0.3333,80.0
deflection,iwpllc.com,2,3,0.6667,37.0
deflection,googansquad.com,3,3,1.0,41.0
deflection,everything.explained.today,0,3,0.0,56.0
deflection,www.advantagelumber.com,0,3,0.0,57.0
deflection,www.concrete.org.uk,1,3,0.3333,65.0
deflection,www.harborfreight.com,1,3,0.3333,78.0
deflection,www.lsxmag.com,3,3,1.0,54.0
deflection,infralens.in,1,3,0.3333,21.0
deflection,tool.report,0,3,0.0,20.0
deflection,www.leevalley.com,1,3,0.3333,73.0
deflection,www.sawyertwain.com,0,3,0.0,38.0
deflection,support.ryobi.co.nz,3,3,1.0,27.0
deflection,ops.fhwa.dot.gov,1,3,0.3333,91.0
deflection,acronymsandslang.com,0,3,0.0,34.0
deflection,www.woodtalkonline.com,1,3,0.3333,27.0
deflection,www.aa-fishing.com,1,3,0.3333,39.0
deflection,www.electricallicenserenewal.com,1,3,0.3333,54.0
deflection,usapickleball.org,3,3,1.0,80.0
deflection,shakercabinets.com,0,3,0.0,32.0
deflection,www.indexbox.io,2,3,0.6667,74.0
deflection,thegioibida.net,2,3,0.6667,27.0
deflection,polymaker.com,1,3,0.3333,71.0
deflection,www.moto1.nz,1,3,0.3333,30.0
deflection,sdi.org,2,3,0.6667,54.0
deflection,www.jkcement.com,1,3,0.3333,53.0
deflection,www.tme.com,3,3,1.0,59.0
deflection,alamobilliards.com,0,3,0.0,4.3
deflection,www.aluminiumwarehouse.co.uk,1,3,0.3333,33.0
deflection,ebooks.inflibnet.ac.in,0,3,0.0,81.0
deflection,metalzenith.com,0,3,0.0,26.0
deflection,blog.prusa3d.com,0,3,0.0,79.0
deflection,weekendbuilds.com,1,3,0.3333,18.0
deflection,feeneyinc.com,1,3,0.3333,56.0
deflection,saberspro.com,1,3,0.3333,19.0
deflection,calcsteel.com,1,3,0.3333,1.3
deflection,www.travisperkins.co.uk,2,3,0.6667,72.0
deflection,www.sanyabearing.com,2,3,0.6667,1.9
deflection,www.ptc.com,1,3,0.3333,83.0
deflection,cueballpath.com,2,3,0.6667,0.0
deflection,www.intechopen.com,0,3,0.0,85.0
deflection,toolsradar.com,1,3,0.3333,12.0
deflection,stitchdesk.com,2,3,0.6667,13.0
deflection,www.catchvault.co,0,3,0.0,0.0
deflection,www.ikea.com,1,3,0.3333,91.0
deflection,www.vevor.com,0,3,0.0,73.0
deflection,vive.cultura.gov.it,1,3,0.3333,84.0
deflection,www.mheducation.co.in,0,3,0.0,49.0
deflection,www.hobby-machinist.com,2,3,0.6667,39.0
deflection,www.gamedeveloper.com,0,3,0.0,83.0
deflection,www.mcdermottcues.com,3,3,1.0,11.0
deflection,www.bc.com,0,3,0.0,70.0
deflection,www.prusa3d.com,1,3,0.3333,79.0
deflection,www.mheducation.com,2,3,0.6667,82.0
deflection,www.decks.com,1,3,0.3333,63.0
deflection,ai.motion.com,1,3,0.3333,70.0
deflection,support.predatorgroup.com,0,3,0.0,34.0
deflection,learnmech.com,1,3,0.3333,32.0
deflection,calculateroofpitch.com,0,3,0.0,1.9
deflection,www.civil.iitb.ac.in,1,3,0.3333,79.0
deflection,www.laticrete.com,3,3,1.0,72.0
deflection,www.khanacademy.org,2,3,0.6667,90.0
deflection,wcsafety.com,0,3,0.0,3.6
deflection,definecivil.com,0,3,0.0,8.0
deflection,glencoe.mheducation.com,0,3,0.0,82.0
deflection,twinfinite.net,2,3,0.6667,72.0
deflection,ikogroup.co.uk,1,3,0.3333,53.0
deflection,asia.matweb.com,1,3,0.3333,73.0
deflection,www.switchbladegaming.com,0,3,0.0,20.0
deflection,optimalbeam.com,2,3,0.6667,5.0
deflection,bstrategyhub.com,0,3,0.0,53.0
deflection,www.cnccookbook.com,2,3,0.6667,67.0
deflection,www.731woodworks.com,0,3,0.0,29.0
deflection,www.checkatrade.com,1,3,0.3333,90.0
deflection,flatroofreport.com,2,3,0.6667,13.0
deflection,www.leespring.com,1,3,0.3333,57.0
deflection,woodspecieslibrary.com,1,3,0.3333,3.8
deflection,www.shelving.com,2,3,0.6667,44.0
deflection,www.sjf.com,2,3,0.6667,30.0
deflection,codehub.building.govt.nz,0,2,0.0,78.0
deflection,starwars.fandom.com,1,2,0.5,92.0
deflection,uk.trustpilot.com,1,2,0.5,94.0
deflection,www.difference.wiki,0,2,0.0,44.0
deflection,support.tekla.com,1,2,0.5,75.0
deflection,www.seastrom-mfg.com,2,2,1.0,29.0
deflection,www.beginnerhomeprojects.com,1,2,0.5,0.9
deflection,www.mheducation.ca,0,2,0.0,54.0
deflection,www.sanfoundry.com,0,2,0.0,51.0
deflection,www.hindustantimes.com,0,2,0.0,89.0
deflection,uk.rs-online.com,0,2,0.0,83.0
deflection,sinoextrud.com,0,2,0.0,23.0
deflection,www.collegesimplified.in,0,2,0.0,24.0
deflection,projectpower.official.ec,2,2,1.0,90.0
deflection,www.strongtie.com,0,2,0.0,75.0
deflection,koyo.jtekt.co.jp,1,2,0.5,74.0
deflection,www.belleflex.com,2,2,1.0,15.0
deflection,toolstash.com,0,2,0.0,35.0
deflection,smallboatsmonthly.com,1,2,0.5,53.0
deflection,spetools.com,2,2,1.0,19.0
deflection,www.hymaxusa.com,1,2,0.5,30.0
deflection,handwiki.org,0,2,0.0,62.0
deflection,www.direct-fireplaces.com,0,2,0.0,34.0
deflection,predatorpoolcuess.com,0,2,0.0,0.0
deflection,www.relabspray.com,2,2,1.0,0.1
deflection,www.allaboutcircuits.com,1,2,0.5,77.0
deflection,sgmagazine.com,0,2,0.0,54.0
deflection,www.faa.gov,1,2,0.5,90.0
deflection,chem.libretexts.org,1,2,0.5,81.0
deflection,www.dayco.com,2,2,1.0,65.0
deflection,statewidebuildingproducts.com.au,1,2,0.5,2.8
deflection,buildmatinsight.com,0,2,0.0,1.9
deflection,www.materialref.com,0,2,0.0,0.9
deflection,www.spray-nozzle.co.uk,2,2,1.0,17.0
deflection,www.nesdis.noaa.gov,0,2,0.0,92.0
deflection,www.reggioregister.com,1,2,0.5,33.0
deflection,modernize.com,1,2,0.5,75.0
deflection,www.kanjam.com,1,2,0.5,43.0
deflection,www.usbr.gov,1,2,0.5,81.0
deflection,cue.repair,2,2,1.0,0.8
deflection,toolbox.igus.com,2,2,1.0,59.0
deflection,calgarycarpentry.ca,0,2,0.0,0.0
deflection,supremebilliards.com,1,2,0.5,7.0
deflection,www.tekton.com,0,2,0.0,51.0
deflection,splicedonline.com,0,2,0.0,26.0
deflection,electricalacademia.com,0,2,0.0,35.0
deflection,www.ancon.co.uk,1,2,0.5,38.0
deflection,a1foamandfabrics.com,0,2,0.0,2.5
deflection,www.cogan.com,2,2,1.0,43.0
deflection,www-mdp.eng.cam.ac.uk,1,2,0.5,91.0
deflection,www.metals4u.co.uk,1,2,0.5,41.0
deflection,www.miamidade.gov,0,2,0.0,83.0
deflection,biologyinsights.com,0,2,0.0,71.0
deflection,www.ryansautomi.com,1,2,0.5,0.0
deflection,123dok.com,0,2,0.0,44.0
deflection,parco-inc.com,0,2,0.0,24.0
deflection,bonnellaluminum.com,1,2,0.5,35.0
deflection,ca.buildestimatory.com,1,2,0.5,2.0
deflection,frpspec.com,0,2,0.0,0.0
deflection,www.parktool.com,1,2,0.5,74.0
deflection,climbtheladder.com,0,2,0.0,64.0
deflection,engineeringhulk.com,1,2,0.5,8.0
deflection,toolbelthq.com,0,2,0.0,0.1
deflection,www.sefindia.org,0,2,0.0,30.0
deflection,www.worthyhardware.com,0,2,0.0,30.0
deflection,www.venueguide.fiba.basketball,2,2,1.0,81.0
deflection,filamentcompare.com,1,2,0.5,9.0
deflection,lightsabers.fandom.com,1,2,0.5,92.0
deflection,www.theinspectaspect.com,0,2,0.0,3.4
deflection,tnksanwa.co.jp,0,2,0.0,29.0
deflection,www.infysia.com,0,2,0.0,0.2
deflection,www.autoaccessoriesgarage.com,1,2,0.5,59.0
deflection,www.aubearing.com,0,2,0.0,20.0
deflection,www.yuanhecd.com,1,2,0.5,2.9
deflection,www.dsuban.com,1,2,0.5,42.0
deflection,theconstructor.org,1,2,0.5,73.0
deflection,www.activision.com,1,2,0.5,80.0
deflection,education.mdc.mo.gov,0,2,0.0,90.0
deflection,www.secotools.com,2,2,1.0,69.0
deflection,documents.milwaukeetool.com,1,2,0.5,78.0
deflection,sevenswords.uk,1,2,0.5,24.0
deflection,www.atkore.com,0,2,0.0,69.0
deflection,www.bricksuperstore.co.uk,0,2,0.0,18.0
deflection,www.azbilliards.com,0,2,0.0,59.0
deflection,support.ptc.com,0,2,0.0,83.0
deflection,www.trex.com,1,2,0.5,80.0
deflection,texasbelting.com,1,2,0.5,11.0
deflection,filamentprofileshub.com,0,2,0.0,0.0
deflection,metalnpi.com,0,2,0.0,0.0
deflection,routerplan.com,0,2,0.0,0.0
deflection,www.rapid-protos.com,0,2,0.0,27.0
deflection,egyankosh.ac.in,2,2,1.0,71.0
deflection,blog.rapala.com,1,2,0.5,70.0
deflection,mainehomerecreation.com.user.server279.com,0,2,0.0,68.0
deflection,www.doityourself.com,0,2,0.0,77.0
deflection,www.analyticsinsight.net,1,2,0.5,80.0
deflection,www.iteh.eu,2,2,1.0,27.0
deflection,usecalcpro.com,0,2,0.0,20.0
deflection,www.bfgoodrich.com.au,1,2,0.5,47.0
deflection,wibergmetal.com,0,2,0.0,0.0
deflection,www.medievalchronicles.com,0,2,0.0,42.0
deflection,www.alumhm.com,2,2,1.0,46.0
deflection,www.abbreviations.com,1,2,0.5,69.0
deflection,www.analog.com,0,2,0.0,84.0
deflection,www.formerra.com,0,2,0.0,36.0
deflection,www.grpgratingsystems.co.uk,2,2,1.0,13.0
deflection,dictionary.tn,0,2,0.0,17.0
deflection,duhui-bearing.com,1,2,0.5,21.0
deflection,www.toolboxbuzz.com,1,2,0.5,39.0
deflection,askthervengineer.com,1,2,0.5,8.0
deflection,www.bcompact.com,0,2,0.0,30.0
deflection,blikacablerailing.com,1,2,0.5,10.0
deflection,www.bestreviews.guide,0,2,0.0,61.0
deflection,www.unistrut.co.nz,1,2,0.5,4.4
deflection,havitsteelstructure.com,1,2,0.5,32.0
deflection,nhbcprod.blob.core.windows.net,2,2,1.0,92.0
deflection,www.woodworkingnetwork.com,0,2,0.0,74.0
deflection,ctre.iastate.edu,1,2,0.5,88.0
deflection,achivx.com,0,2,0.0,40.0
deflection,www.services.bis.gov.in,2,2,1.0,80.0
deflection,www.kitd.co.uk,2,2,1.0,0.1
deflection,www.sfhmeter.com,0,2,0.0,0.0
deflection,www.gamereactor.eu,0,2,0.0,71.0
deflection,www.fia.com,0,2,0.0,81.0
deflection,www.hooverpumping.com,0,2,0.0,10.0
deflection,apastech.com,0,2,0.0,0.0
deflection,www.taylormaxwell.co.uk,1,2,0.5,36.0
deflection,bigcatcues.com,0,2,0.0,10.0
deflection,www.abbreviationfinder.org,0,2,0.0,46.0
deflection,www.atlastube.com,0,2,0.0,35.0
deflection,ascelibrary.com,1,2,0.5,27.0
deflection,business.walmart.com,1,2,0.5,92.0
deflection,www.lucasi-cue.com,1,2,0.5,0.0
deflection,bex.com,2,2,1.0,30.0
deflection,thecueelf.com,2,2,1.0,0.0
deflection,www.aftfasteners.com,1,2,0.5,38.0
deflection,aosky.com,1,2,0.5,3.8
deflection,www.protool-ltd.co.uk,1,2,0.5,1.8
deflection,www.innovativepanel.com,2,2,1.0,0.2
deflection,www.pearson.com,0,2,0.0,87.0
deflection,ez-pdh.com,0,2,0.0,33.0
deflection,us.anycubic3d.com,0,2,0.0,35.0
deflection,www.torontocomfortzone.com,2,2,1.0,0.8
deflection,www.jstage.jst.go.jp,0,2,0.0,91.0
deflection,natural-resources.canada.ca,1,2,0.5,93.0
deflection,web.mit.edu,0,2,0.0,92.0
deflection,www.ancientwarrior.co.uk,1,2,0.5,27.0
deflection,asia.store.bambulab.com,0,2,0.0,79.0
deflection,materialsplus.ca,0,2,0.0,9.0
deflection,inventableshardwaresupport.zendesk.com,2,2,1.0,93.0
deflection,www.theiteh.com,0,2,0.0,1.6
deflection,chinamachiningsolutions.com,2,2,1.0,6.0
deflection,www.ecmag.com,0,2,0.0,72.0
deflection,suncoastcyclesports.com,2,2,1.0,19.0
deflection,dynamicsabers.com,1,2,0.5,4.7
deflection,www.motocard.com,0,2,0.0,57.0
deflection,www.arcbuildingsupplies.com,0,2,0.0,0.2
deflection,etadviser.com,0,2,0.0,32.0
deflection,www.making.unsw.edu.au,1,2,0.5,88.0
deflection,sid.onlinelibrary.wiley.com,0,2,0.0,93.0
deflection,nationaltileauthority.com,0,2,0.0,12.0
deflection,www.pickletip.com,1,2,0.5,27.0
deflection,www.thedrive.com,1,2,0.5,81.0
deflection,monroeengineering.com,1,2,0.5,60.0
deflection,www.professionalroofing.net,0,2,0.0,60.0
deflection,www.kreo.net,1,2,0.5,48.0
deflection,aec.org,1,2,0.5,58.0
deflection,www.acronymfinder.com,0,2,0.0,74.0
deflection,elibrary.judiciary.gov.ph,2,2,1.0,77.0
deflection,www.goodreads.com,1,2,0.5,92.0
deflection,ecoblinds.com,1,2,0.5,1.2
deflection,www.nen.nl,1,2,0.5,82.0
deflection,billiardandpoolcenter.com,0,2,0.0,5.0
deflection,www.unistrut.com.au,0,2,0.0,4.1
deflection,www.buildusingsteel.org,0,2,0.0,45.0
deflection,develop.chargeblast.com,1,2,0.5,67.0
deflection,overlays.acpa.org,0,2,0.0,68.0
deflection,minitrencher.com,1,2,0.5,10.0
deflection,www.custombuildingproducts.com,2,2,1.0,66.0
deflection,www.cueworld.com.au,0,2,0.0,7.0
deflection,www.milwaukeetool.com,2,2,1.0,78.0
deflection,www.target-darts.co.uk,1,2,0.5,58.0
deflection,www.esun3d.com,0,2,0.0,56.0
deflection,oceanservice.noaa.gov,0,2,0.0,92.0
deflection,americanbelleville.com,2,2,1.0,1.3
deflection,sema.org.uk,1,2,0.5,56.0
deflection,tradecalculator.co.uk,0,2,0.0,14.0
deflection,www.quantumsteeldesign.com,0,2,0.0,0.0
deflection,prathercue.com,0,2,0.0,12.0
deflection,workzonesafety-media.s3.amazonaws.com,0,2,0.0,95.0
deflection,www.howarth-timber.co.uk,0,2,0.0,41.0
deflection,www.shacknews.com,1,2,0.5,75.0
deflection,www.myikeabedroom.com,0,2,0.0,4.1
deflection,encyclopedia.che.engin.umich.edu,1,2,0.5,91.0
deflection,pickasaw.com,0,2,0.0,1.7
deflection,ifti.com,0,2,0.0,31.0
deflection,readthisfirst.in,0,2,0.0,0.1
deflection,www.space.com,1,2,0.5,87.0
deflection,racksystem.org,2,2,1.0,0.0
deflection,www.plantengineering.com,0,2,0.0,72.0
deflection,www.hvacrschool.com,1,2,0.5,60.0
deflection,www.techspot.com,0,2,0.0,82.0
deflection,parade.com,1,2,0.5,85.0
deflection,boards.autodesk.com,0,2,0.0,90.0
deflection,www.engr.psu.edu,1,2,0.5,91.0
deflection,modded.com,0,2,0.0,41.0
deflection,nylonplastic.com,0,2,0.0,64.0
deflection,www.facebook.com,1,2,0.5,100.0
deflection,www.idealo.de,1,2,0.5,83.0
deflection,sekkei-tech.com,0,2,0.0,0.1
deflection,plydirect.co.uk,0,2,0.0,19.0
deflection,bikerguides.com,0,2,0.0,1.9
deflection,www.linearmotiontips.com,1,2,0.5,57.0
deflection,www.norbarusa.com,0,2,0.0,25.0
deflection,calculatorspot.online,0,2,0.0,15.0
deflection,www.montigo.com,0,2,0.0,55.0
deflection,www.centuryspring.com,1,2,0.5,49.0
deflection,www.carbonfibercue.com,1,2,0.5,3.0
deflection,www.keysight.com,1,2,0.5,82.0
deflection,web.mae.ufl.edu,1,2,0.5,90.0
deflection,www.quadratec.com,1,2,0.5,66.0
deflection,allaboutgame.blog,0,2,0.0,0.0
deflection,shop.app,0,2,0.0,88.0
deflection,www.faboraplatform.com,0,2,0.0,0.1
deflection,www.bis.gov.in,0,2,0.0,80.0
deflection,axyo.de,1,2,0.5,28.0
deflection,www.esaral.com,0,2,0.0,33.0
deflection,constructionmethodology.com,2,2,1.0,3.4
deflection,jamanetwork.com,2,2,1.0,91.0
deflection,www.themattressadvisor.com,0,2,0.0,28.0
deflection,www.coursehero.com,0,2,0.0,77.0
deflection,www.instagram.com,0,2,0.0,100.0
deflection,www.tandfonline.com,0,2,0.0,92.0
deflection,procalc.ai,0,2,0.0,2.5
deflection,ashdowntooling.co.uk,1,2,0.5,1.0
deflection,science.nasa.gov,1,2,0.5,92.0
deflection,www.cambridge.org,1,2,0.5,92.0
deflection,www.layercure.com,1,2,0.5,0.0
deflection,www.glemco.com,1,2,0.5,13.0
deflection,www.mkapeb.com,2,2,1.0,7.0
deflection,www.finepowertools.com,1,2,0.5,37.0
deflection,www.dsogaming.com,0,2,0.0,69.0
deflection,www.rockler.com,0,2,0.0,72.0
deflection,www.michianabilliards.com,0,2,0.0,0.0
deflection,www.chantawood.com,0,2,0.0,46.0
deflection,1library.net,0,2,0.0,58.0
deflection,realwoodworkplans.com,0,2,0.0,14.0
deflection,lift-easy.com,0,2,0.0,2.8
deflection,www.boschtools.com,0,2,0.0,71.0
deflection,wallacelive.wallacecollection.org,1,2,0.5,72.0
deflection,www.hampsteadcharteredsurveyors.co.uk,0,2,0.0,3.0
deflection,www.msstimber.co.uk,1,2,0.5,13.0
deflection,www.gamespew.com,0,2,0.0,60.0
deflection,www.mathworks.com,0,2,0.0,86.0
deflection,www.nan-steel.com,0,2,0.0,32.0
deflection,www.videogameschronicle.com,0,2,0.0,76.0
deflection,in.misumi-ec.com,2,2,1.0,75.0
deflection,www.mikeholt.com,0,2,0.0,66.0
deflection,www.roofingsuperstore.co.uk,0,2,0.0,50.0
deflection,gearsolutions.com,1,2,0.5,54.0
deflection,vi-reupholstery.com,0,2,0.0,1.2
deflection,thepoolacademy.com,1,2,0.5,10.0
deflection,zmanfishing.com,2,2,1.0,57.0
deflection,luresupplyco.com,2,2,1.0,0.0
deflection,www.spotonbilliards.com,0,2,0.0,14.0
deflection,thebackyardstandard.com,1,2,0.5,1.5
deflection,vpn2.modernsteel.com,1,2,0.5,31.0
deflection,engineerexcel.com,1,2,0.5,46.0
deflection,olsatools.com,1,2,0.5,30.0
deflection,au.store.bambulab.com,2,2,1.0,79.0
deflection,www.customhardhats.com,0,2,0.0,20.0
deflection,dindas.com.au,1,2,0.5,27.0
deflection,www.ni.com,2,2,1.0,82.0
deflection,www.wonderslate.com,1,2,0.5,43.0
deflection,www.daeilsys.com,0,2,0.0,16.0
deflection,cozycove.co.uk,0,2,0.0,0.0
deflection,www.homedepot.ca,1,2,0.5,78.0
deflection,www.fishingworldguide.com,1,2,0.5,4.2
deflection,trid.trb.org,1,2,0.5,80.0
deflection,www.diffen.com,0,2,0.0,73.0
deflection,www.timeforwheels.com,2,2,1.0,3.2
deflection,www.wibergmetal.com,0,2,0.0,0.0
deflection,spiegato.com,1,2,0.5,53.0
deflection,www.wclco.com,1,2,0.5,11.0
deflection,scholarsmine.mst.edu,1,2,0.5,77.0
deflection,www.altekmetal.com,0,2,0.0,17.0
deflection,www.indcareer.com,0,2,0.0,34.0
deflection,www.filamente3d.ro,0,2,0.0,11.0
deflection,www.quintrex.com.au,1,2,0.5,42.0
deflection,mybubbaandme.com,2,2,1.0,6.0
deflection,www.hemmings.com,0,2,0.0,77.0
deflection,www.timken.com,1,2,0.5,75.0
deflection,componentadvertiser.com,2,2,1.0,30.0
deflection,www.intertekinform.com,1,2,0.5,73.0
deflection,composite-tech.com,0,2,0.0,23.0
deflection,youcanfish.com,2,2,1.0,10.0
deflection,homeflooringanswers.com,0,2,0.0,0.0
deflection,www.shortform.com,0,2,0.0,72.0
deflection,www.sportsgearlab.com,0,2,0.0,6.0
deflection,www.geoengineer.org,2,2,1.0,56.0
deflection,www.sciencing.com,0,2,0.0,79.0
deflection,www.orascoptic.com,1,2,0.5,45.0
deflection,ccpia.org,0,2,0.0,72.0
deflection,bmrsuspension.com,1,2,0.5,36.0
deflection,aircondlounge.com,1,2,0.5,18.0
deflection,bearingwizard.com,2,2,1.0,31.0
deflection,www.destructoid.com,0,2,0.0,78.0
deflection,www.wwgoa.com,2,2,1.0,53.0
deflection,filaments.ai-driven.ai,0,2,0.0,0.3
deflection,www.maytec-usa.com,1,2,0.5,9.0
deflection,www.fema.gov,0,2,0.0,91.0
deflection,www.hgtv.com,0,2,0.0,88.0
deflection,breakroombilliards.shop,1,2,0.5,3.6
deflection,plywoodetc.co.uk,1,2,0.5,0.5
deflection,www.fixr.com,0,2,0.0,78.0
deflection,www.thespruce.com,2,2,1.0,90.0
deflection,projectcalc.app,0,2,0.0,3.2
deflection,online.musees-valais.ch,1,2,0.5,50.0
deflection,www.wayfair.com,0,2,0.0,88.0
deflection,www.lumadent.com,1,2,0.5,34.0
deflection,home.howstuffworks.com,1,2,0.5,90.0
deflection,architecturecourses.org,1,2,0.5,43.0
deflection,www.blindschalet.com,0,2,0.0,43.0
deflection,www.livescience.com,1,2,0.5,90.0
deflection,www.boatsales.com.au,0,2,0.0,59.0
deflection,www.rackman.com,0,2,0.0,21.0
deflection,www.containersystems.com,1,2,0.5,22.0
deflection,www.manualshelf.com,1,2,0.5,34.0
deflection,reliabilityanalytics.com,1,2,0.5,14.0
deflection,ssginc.com,0,2,0.0,0.1
deflection,www.designworldonline.com,0,2,0.0,71.0
deflection,shuntool.com,0,2,0.0,21.0
deflection,www.dictionary.com,0,2,0.0,90.0
deflection,www.worthfultools.com,0,2,0.0,1.6
deflection,www.higherprecision.com,0,2,0.0,24.0
deflection,edu.rsc.org,1,2,0.5,90.0
deflection,www.standards.org.au,0,2,0.0,82.0
deflection,www.thebassfishinglife.com,1,2,0.5,6.0
deflection,www.servicelinksa.co.za,0,2,0.0,10.0
deflection,blogs.autodesk.com,0,2,0.0,90.0
deflection,eu.schluter.com,1,2,0.5,78.0
deflection,game8.co,1,2,0.5,72.0
deflection,cdn1.bambulab.com,1,2,0.5,79.0
deflection,www.eng-tips.com,0,2,0.0,62.0
deflection,www.der-vivenso.de,0,2,0.0,0.0
deflection,skyciv.com,0,2,0.0,56.0
deflection,gbodyforum.com,2,2,1.0,21.0
deflection,expertbeacon.com,2,2,1.0,65.0
deflection,www.prweb.com,0,2,0.0,90.0
deflection,www.primepolypipes.com,1,2,0.5,0.2
deflection,jacobycustomcues.com,0,2,0.0,35.0
deflection,dassmetal.com,2,2,1.0,25.0
deflection,www.grandviewoutdoors.com,0,2,0.0,54.0
deflection,www.apestructures.com,2,2,1.0,2.7
deflection,www.xbox.com,1,2,0.5,91.0
deflection,bookstore.saice.org.za,1,2,0.5,53.0
deflection,buildestimatory.com,1,2,0.5,2.0
deflection,www.thomsonlinear.com,1,2,0.5,59.0
deflection,brightplywood.com,0,2,0.0,0.7
deflection,www.windsorplywood.com,1,2,0.5,50.0
deflection,www.havai.in,0,2,0.0,4.7
deflection,cdnmedia.mapei.com,2,2,1.0,81.0
deflection,trada.co.uk,0,2,0.0,65.0
deflection,rosabilliards.com,1,2,0.5,0.4
deflection,www.gamerevolution.com,0,2,0.0,70.0
deflection,luxurycues.com.vn,0,2,0.0,2.9
deflection,www.concretenetwork.com,2,2,1.0,76.0
deflection,realtree.com,2,2,1.0,70.0
deflection,www.abcb.gov.au,1,2,0.5,81.0
deflection,www.uline.ca,0,2,0.0,66.0
deflection,www.recollectioncues.com,0,2,0.0,5.0
deflection,gamewith.jp,0,2,0.0,73.0
deflection,samhotool.com,0,2,0.0,11.0
deflection,www.katzmoseswoodworking.com,0,2,0.0,14.0
deflection,www.building.govt.nz,1,2,0.5,78.0
deflection,machinecalcs.com,1,2,0.5,0.2
deflection,rackerman.co.uk,1,2,0.5,1.1
deflection,extension.okstate.edu,0,2,0.0,84.0
deflection,glossary.ametsoc.org,0,2,0.0,84.0
deflection,www.acorn-ind.co.uk,0,2,0.0,44.0
deflection,www.trueachievements.com,0,2,0.0,71.0
deflection,sandyjame.gumroad.com,1,2,0.5,92.0
deflection,www.hasbropulse.com,0,2,0.0,72.0
deflection,centramatic.com,1,2,0.5,33.0
deflection,iskbearing.com,0,2,0.0,30.0
deflection,gameandentertain.com,0,2,0.0,8.0
deflection,southwestalu.com,0,2,0.0,0.1
deflection,vulcraft.com,2,2,1.0,48.0
deflection,www.reviewed.com,0,2,0.0,79.0
deflection,www.valmonttubing.com,1,2,0.5,28.0
deflection,assemblies-tools.usg.com,0,2,0.0,74.0
deflection,www.wermac.org,1,2,0.5,56.0
deflection,allflavorworkshop.com,0,2,0.0,0.6
deflection,hardhatcalc.com,1,2,0.5,9.0
deflection,www.gamepur.com,0,2,0.0,60.0
deflection,www.ht-pt.com,1,2,0.5,32.0
deflection,www.woodworkersjournal.com,0,2,0.0,59.0
deflection,www.scielo.org.za,0,2,0.0,74.0
deflection,www.union-steels.com,0,2,0.0,11.0
deflection,videogamejournalist.blogspot.com,1,2,0.5,95.0
deflection,biliardoweb.com,0,2,0.0,6.0
deflection,www.diynot.com,0,2,0.0,44.0
deflection,www.palletracksystems.com,0,2,0.0,7.0
deflection,cms.gates.com,1,2,0.5,76.0
deflection,www.pfa.org,0,2,0.0,53.0
deflection,connorsports.com,0,2,0.0,43.0
deflection,textshala.com,0,2,0.0,0.2
deflection,materialflow.com,2,2,1.0,25.0
deflection,liftingsolutions.ingersollrand.com,0,2,0.0,75.0
deflection,www.daikinmea.com,2,2,1.0,50.0
deflection,wtt.pauken.org,2,2,1.0,4.3
deflection,www.productreview.com.au,0,2,0.0,79.0
deflection,shop.macsteel.co.za,1,2,0.5,39.0
deflection,meche.mit.edu,1,2,0.5,92.0
deflection,www.geobezdan.com,1,2,0.5,40.0
deflection,www.aluminumsheet.net,1,2,0.5,40.0
deflection,scielo.org.za,0,2,0.0,74.0
deflection,literature.feeneyinc.com,0,2,0.0,56.0
deflection,www.clarwe.com,0,2,0.0,14.0
deflection,arxiv.org,0,2,0.0,93.0
deflection,www.carid.com,0,2,0.0,70.0
deflection,physics.nyu.edu,0,2,0.0,91.0
deflection,awaengineers.com,1,2,0.5,17.0
deflection,www.choice.com.au,0,2,0.0,79.0
deflection,greenyplace.com,0,2,0.0,18.0
deflection,sathee.iitk.ac.in,2,2,1.0,78.0
deflection,hvaclaboratory.com,2,2,1.0,21.0
breadcrumbing,www.psychologytoday.com,12,24,0.5,93.0
breadcrumbing,health.clevelandclinic.org,15,24,0.625,92.0
breadcrumbing,psychcentral.com,8,19,0.4211,87.0
breadcrumbing,www.simplypsychology.org,6,16,0.375,85.0
breadcrumbing,www.medicalnewstoday.com,4,13,0.3077,91.0
breadcrumbing,www.merriam-webster.com,6,13,0.4615,91.0
breadcrumbing,www.healthline.com,4,13,0.3077,92.0
breadcrumbing,www.theknot.com,1,12,0.0833,91.0
breadcrumbing,therapist.com,2,12,0.1667,66.0
breadcrumbing,www.simplypsychology.com,0,7,0.0,42.0
breadcrumbing,busybusy.com,2,7,0.2857,56.0
breadcrumbing,www.urbandictionary.com,1,7,0.1429,88.0
breadcrumbing,www.mdpi.com,0,6,0.0,92.0
breadcrumbing,slang.net,2,6,0.3333,59.0
breadcrumbing,www.collinsdictionary.com,0,4,0.0,86.0
breadcrumbing,greatist.com,2,4,0.5,81.0
breadcrumbing,www.cosmopolitan.com,3,4,0.75,89.0
breadcrumbing,streetslang.com,3,4,0.75,26.0
breadcrumbing,www.dictionary.com,1,4,0.25,90.0
breadcrumbing,www.vogue.co.uk,0,4,0.0,86.0
breadcrumbing,www.vice.com,2,4,0.5,91.0
breadcrumbing,pmc.ncbi.nlm.nih.gov,0,4,0.0,95.0
breadcrumbing,www.vogue.com,0,3,0.0,91.0
breadcrumbing,helpcenter.busybusy.io,1,3,0.3333,28.0
breadcrumbing,www.glamour.com,0,3,0.0,86.0
breadcrumbing,www.menshealth.com,1,3,0.3333,87.0
breadcrumbing,en.wiktionary.org,0,3,0.0,91.0
breadcrumbing,www.reddit.com,1,3,0.3333,95.0
breadcrumbing,www.mindbodygreen.com,0,3,0.0,85.0
breadcrumbing,www.dronemobile.com,1,2,0.5,58.0
breadcrumbing,dictionary.cambridge.org,2,2,1.0,92.0
breadcrumbing,www.scribd.com,0,2,0.0,91.0
breadcrumbing,www.seventeen.com,0,2,0.0,77.0
breadcrumbing,www.self.com,1,2,0.5,86.0
breadcrumbing,www.doktorsitesi.com,1,2,0.5,75.0
breadcrumbing,www.theguardian.com,1,2,0.5,93.0
breadcrumbing,www.sugardaddy.com,1,2,0.5,55.0
breadcrumbing,www.bustle.com,2,2,1.0,88.0
breadcrumbing,scholarpublishing.org,0,2,0.0,64.0
breadcrumbing,www.glam.com,1,2,0.5,72.0
breadcrumbing,www.flippgen.com,0,2,0.0,35.0
breadcrumbing,www.independent.co.uk,2,2,1.0,91.0
breadcrumbing,www.verywellmind.com,1,2,0.5,90.0
breadcrumbing,www.hiwellapp.com,1,2,0.5,53.0
breadcrumbing,www.onluxy.com,1,2,0.5,46.0
breadcrumbing,www.flureapp.com,0,2,0.0,24.0
breadcrumbing,therapytips.org,0,2,0.0,42.0
breadcrumbing,www.marriage.com,0,2,0.0,75.0
breadcrumbing,netpsychology.org,0,2,0.0,33.0
breadcrumbing,www.forbes.com,1,2,0.5,94.0
breadcrumbing,timesofindia.indiatimes.com,1,2,0.5,92.0
breadcrumbing,filecache.mediaroom.com,2,2,1.0,87.0
breadcrumbing,unanswered.io,1,2,0.5,28.0
breadcrumbing,slangdefine.org,0,2,0.0,56.0
breadcrumbing,www.counsellorshivanisadhoo.com,0,2,0.0,3.9
breadcrumbing,wordspy.com,0,2,0.0,67.0
breadcrumbing,www.trendencias.com,0,2,0.0,72.0
breadcrumbing,srshopee.in,1,2,0.5,0.0
breadcrumbing,www.cosmopolitan.in,1,1,1.0,64.0
breadcrumbing,amurest.com,0,1,0.0,16.0
breadcrumbing,tureng.com,0,1,0.0,75.0
breadcrumbing,link.springer.com,0,1,0.0,93.0
breadcrumbing,dziendobry.tvn.pl,1,1,1.0,80.0
breadcrumbing,weloversize.com,0,1,0.0,35.0
breadcrumbing,www.clublexus.com,0,1,0.0,47.0
breadcrumbing,www.timesnowhindi.com,0,1,0.0,60.0
breadcrumbing,ifeelonline.com,0,1,0.0,47.0
breadcrumbing,www.choosingtherapy.com,0,1,0.0,77.0
breadcrumbing,psychologytimes.com.tr,0,1,0.0,34.0
breadcrumbing,legalclarity.org,0,1,0.0,76.0
breadcrumbing,www.elle.com.tr,0,1,0.0,50.0
breadcrumbing,katiecouric.com,0,1,0.0,75.0
breadcrumbing,www.gq.com.mx,0,1,0.0,72.0
breadcrumbing,ilknuryilmaz.com,0,1,0.0,11.0
breadcrumbing,www.researchgate.net,0,1,0.0,93.0
breadcrumbing,cadenaser.com,1,1,1.0,85.0
breadcrumbing,www.glamourmagazine.co.uk,0,1,0.0,81.0
breadcrumbing,es.scribd.com,0,1,0.0,91.0
breadcrumbing,kismia.com,0,1,0.0,46.0
breadcrumbing,www.timesmojo.com,0,1,0.0,15.0
breadcrumbing,www.mid-day.com,0,1,0.0,80.0
breadcrumbing,www.explorerforum.com,0,1,0.0,37.0
breadcrumbing,nypost.com,1,1,1.0,91.0
breadcrumbing,www.favordating.com,1,1,1.0,7.0
breadcrumbing,www.unotv.com,0,1,0.0,70.0
breadcrumbing,www.elespanol.com,0,1,0.0,86.0
breadcrumbing,www.linguee.es,0,1,0.0,69.0
breadcrumbing,medya.press,0,1,0.0,14.0
breadcrumbing,www.glamour.mx,0,1,0.0,69.0
breadcrumbing,economictimes.indiatimes.com,0,1,0.0,92.0
breadcrumbing,dictionary.langeek.co,1,1,1.0,52.0
breadcrumbing,www.couply.io,0,1,0.0,28.0
breadcrumbing,www.tandfonline.com,1,1,1.0,92.0
breadcrumbing,www.significadode.org,0,1,0.0,36.0
breadcrumbing,www.fox5ny.com,0,1,0.0,79.0
breadcrumbing,www.larousse.com,0,1,0.0,52.0
breadcrumbing,www.glamour.es,0,1,0.0,72.0
breadcrumbing,www.slangzone.net,1,1,1.0,27.0
breadcrumbing,pskgokcenegem.com,0,1,0.0,0.0
breadcrumbing,ericberne.com,0,1,0.0,56.0
breadcrumbing,www.sugardaddymeet.com,0,1,0.0,74.0
breadcrumbing,leonardo-tavares.com,0,1,0.0,25.0
breadcrumbing,what-son.com,0,1,0.0,4.9
breadcrumbing,www.cheaterscanner.com,0,1,0.0,27.0
breadcrumbing,flava.app,0,1,0.0,17.0
breadcrumbing,xder.app,0,1,0.0,0.0
breadcrumbing,support.dronemobile.com,1,1,1.0,58.0
breadcrumbing,shortfoodblog.com,0,1,0.0,11.0
breadcrumbing,www.wordreference.com,0,1,0.0,80.0
breadcrumbing,www.zoosk.com,0,1,0.0,71.0
breadcrumbing,www.crossfit.com,0,1,0.0,86.0
breadcrumbing,www.femina.in,0,1,0.0,73.0
breadcrumbing,www.20minutos.es,0,1,0.0,85.0
breadcrumbing,ultimateguidetodating.com,0,1,0.0,2.5
breadcrumbing,www.telecinco.es,0,1,0.0,78.0
breadcrumbing,www.netlingo.com,0,1,0.0,72.0
breadcrumbing,mettapsikoloji.online,0,1,0.0,16.0
breadcrumbing,boostmatches.com,0,1,0.0,12.0
breadcrumbing,www.webmd.com,1,1,1.0,92.0
breadcrumbing,shoforum.com,0,1,0.0,11.0
breadcrumbing,www.ittifakgazetesi.com,0,1,0.0,30.0
breadcrumbing,www.myimperfectlife.com,0,1,0.0,52.0
breadcrumbing,context.reverso.net,0,1,0.0,84.0
breadcrumbing,fictionattic.gumroad.com,0,1,0.0,92.0
breadcrumbing,badoo.com,1,1,1.0,76.0
breadcrumbing,ojs.unikom.ac.id,0,1,0.0,66.0
breadcrumbing,en.wikipedia.org,0,1,0.0,97.0
breadcrumbing,compartir.coop,0,1,0.0,6.0
breadcrumbing,www.soulbottherapy.com,0,1,0.0,3.0
breadcrumbing,www.datezie.com,0,1,0.0,20.0
breadcrumbing,www.lofficielibiza.com,0,1,0.0,54.0
breadcrumbing,www.bostanlipsikoloji.com,0,1,0.0,14.0
breadcrumbing,dronenestle.com,0,1,0.0,3.4
breadcrumbing,shadeshomeandgift.co.uk,0,1,0.0,0.1
breadcrumbing,kitchenjournal.net,0,1,0.0,25.0
breadcrumbing,www.relate.org.uk,0,1,0.0,78.0
breadcrumbing,www.indiatimes.com,0,1,0.0,92.0
breadcrumbing,uctanuca.com,0,1,0.0,4.9
breadcrumbing,es.wiktionary.org,0,1,0.0,91.0
breadcrumbing,hellodivorce.com,0,1,0.0,58.0
breadcrumbing,okdiario.com,0,1,0.0,79.0
breadcrumbing,www.corvetteforum.com,0,1,0.0,63.0
breadcrumbing,fortune.com,0,1,0.0,91.0
breadcrumbing,pubmed.ncbi.nlm.nih.gov,0,1,0.0,95.0
breadcrumbing,www.cnnbrasil.com.br,0,1,0.0,86.0
breadcrumbing,medium.com,0,1,0.0,94.0
breadcrumbing,www.prevention.com,0,1,0.0,84.0
ghosting,www.rtings.com,277,449,0.6169,79.0
ghosting,www.reddit.com,156,284,0.5493,95.0
ghosting,www.tomshardware.com,77,167,0.4611,87.0
ghosting,www.lenovo.com,80,149,0.5369,90.0
ghosting,en.wikipedia.org,75,122,0.6148,97.0
ghosting,engineerfix.com,59,104,0.5673,59.0
ghosting,www.mybinding.com,55,98,0.5612,53.0
ghosting,www.techradar.com,37,91,0.4066,91.0
ghosting,www.samsung.com,59,91,0.6484,92.0
ghosting,www.wired.com,51,83,0.6145,92.0
ghosting,www.techspot.com,26,82,0.3171,82.0
ghosting,www.tomsguide.com,37,82,0.4512,87.0
ghosting,www.hp.com,46,75,0.6133,91.0
ghosting,www.pcgamer.com,34,70,0.4857,85.0
ghosting,www.corsair.com,34,67,0.5075,80.0
ghosting,www.pcworld.com,27,60,0.45,88.0
ghosting,www.displayninja.com,30,57,0.5263,52.0
ghosting,www.quartet.com,32,54,0.5926,43.0
ghosting,www.youtube.com,13,51,0.2549,99.0
ghosting,www.chalkola.com,25,47,0.5319,40.0
ghosting,www.lg.com,31,45,0.6889,89.0
ghosting,www.fda.gov,28,44,0.6364,93.0
ghosting,www.razer.com,24,43,0.5581,83.0
ghosting,presentationspaces.co.uk,19,41,0.4634,22.0
ghosting,eyewiki.aao.org,27,39,0.6923,88.0
ghosting,www.notebookcheck.net,11,37,0.2973,80.0
ghosting,mysupport.razer.com,19,36,0.5278,83.0
ghosting,www.digitalcameraworld.com,17,33,0.5152,79.0
ghosting,www.itechguides.com,17,33,0.5152,41.0
ghosting,www.digitaltrends.com,11,31,0.3548,89.0
ghosting,www.alibaba.com,4,31,0.129,92.0
ghosting,www.pccomponentes.com,10,30,0.3333,75.0
ghosting,www.whiteboardsandpinboards.com.au,12,30,0.4,20.0
ghosting,www.merriam-webster.com,14,30,0.4667,91.0
ghosting,www.dell.com,18,30,0.6,91.0
ghosting,pmc.ncbi.nlm.nih.gov,16,30,0.5333,95.0
ghosting,manuals.plus,11,29,0.3793,76.0
ghosting,www.ifixit.com,11,28,0.3929,83.0
ghosting,www.remarkablecoating.com,14,26,0.5385,24.0
ghosting,www.windowscentral.com,12,26,0.4615,84.0
ghosting,www.androidauthority.com,16,25,0.64,85.0
ghosting,www.asus.com,14,25,0.56,90.0
ghosting,pubmed.ncbi.nlm.nih.gov,10,25,0.4,95.0
ghosting,dictionary.cambridge.org,10,24,0.4167,92.0
ghosting,www.walmart.com,7,24,0.2917,92.0
ghosting,tecnoblog.net,12,24,0.5,78.0
ghosting,www.intel.com,12,24,0.5,91.0
ghosting,www.newegg.com,11,24,0.4583,84.0
ghosting,electronics.alibaba.com,5,23,0.2174,92.0
ghosting,apps.apple.com,14,22,0.6364,97.0
ghosting,www.dictionary.com,6,21,0.2857,90.0
ghosting,rog.asus.com,9,21,0.4286,90.0
ghosting,www.bestbuy.com,6,20,0.3,89.0
ghosting,everwhiteboards.com,9,20,0.45,36.0
ghosting,www.crayola.com,7,20,0.35,78.0
ghosting,www.clarus.com,6,20,0.3,50.0
ghosting,www.testberichte.de,9,19,0.4737,71.0
ghosting,www.bhphotovideo.com,9,19,0.4737,86.0
ghosting,arstechnica.com,9,19,0.4737,91.0
ghosting,www.forbes.com,10,19,0.5263,94.0
ghosting,www.trustpilot.com,9,19,0.4737,94.0
ghosting,www.viewsonic.com,7,18,0.3889,78.0
ghosting,www.digitalcitizen.life,6,18,0.3333,76.0
ghosting,scienceinsights.org,4,18,0.2222,71.0
ghosting,www.think-board.com,7,18,0.3889,42.0
ghosting,petapixel.com,10,17,0.5882,84.0
ghosting,www.target.com,6,17,0.3529,91.0
ghosting,www.msi.com,9,17,0.5294,84.0
ghosting,www.redragon.com.br,7,17,0.4118,31.0
ghosting,www.aoc.com,13,17,0.7647,73.0
ghosting,store.steampowered.com,11,16,0.6875,93.0
ghosting,www.accessdata.fda.gov,8,16,0.5,93.0
ghosting,fountainpenlove.com,11,16,0.6875,31.0
ghosting,www.tecmundo.com.br,6,16,0.375,79.0
ghosting,steelseries.com,12,16,0.75,77.0
ghosting,tftcentral.co.uk,3,16,0.1875,65.0
ghosting,www.gamesradar.com,4,16,0.25,84.0
ghosting,arxiv.org,7,16,0.4375,93.0
ghosting,www.indexbox.io,5,16,0.3125,74.0
ghosting,aulagear.com,11,16,0.6875,32.0
ghosting,consolemods.org,9,16,0.5625,52.0
ghosting,www.microcenter.com,6,16,0.375,76.0
ghosting,www.nikonusa.com,13,15,0.8667,80.0
ghosting,us.msi.com,5,15,0.3333,84.0
ghosting,mkbguide.com,6,15,0.4,14.0
ghosting,www.worthingtondirect.com,6,15,0.4,36.0
ghosting,discussions.apple.com,6,15,0.4,97.0
ghosting,support.apple.com,9,15,0.6,97.0
ghosting,www.displaydb.com,1,15,0.0667,9.0
ghosting,lt1917.com,8,15,0.5333,0.5
ghosting,www.techgearlab.com,4,14,0.2857,69.0
ghosting,www.cambridgeincolour.com,12,14,0.8571,74.0
ghosting,www.briteinc.com,6,14,0.4286,7.0
ghosting,www.leuchtturm1917.us,11,14,0.7857,60.0
ghosting,www.creality.com,9,13,0.6923,75.0
ghosting,www.sciencedirect.com,1,13,0.0769,94.0
ghosting,redragon.com,4,13,0.3077,31.0
ghosting,losslessscaling.com,10,13,0.7692,16.0
ghosting,www.androidcentral.com,8,13,0.6154,83.0
ghosting,github.com,2,13,0.1538,97.0
ghosting,redragon.es,9,13,0.6923,46.0
ghosting,www.technopat.net,7,13,0.5385,63.0
ghosting,rustoleumsupport.zendesk.com,5,13,0.3846,93.0
ghosting,www.fountainpennetwork.com,5,13,0.3846,62.0
ghosting,wiki.creality.com,9,13,0.6923,75.0
ghosting,www.creslia.com,5,12,0.4167,32.0
ghosting,www.xataka.com,4,12,0.3333,81.0
ghosting,www.palmgear.com,3,12,0.25,60.0
ghosting,screensizechecker.com,3,12,0.25,16.0
ghosting,laptopmedia.com,3,12,0.25,63.0
ghosting,www.printablepress.com,3,12,0.25,23.0
ghosting,www.webstaurantstore.com,3,12,0.25,80.0
ghosting,www.acuvue.com,7,12,0.5833,77.0
ghosting,www.theguardian.com,8,12,0.6667,93.0
ghosting,monitornerds.com,1,12,0.0833,36.0
ghosting,www.the-digital-picture.com,5,12,0.4167,68.0
ghosting,www.wideny.com,4,12,0.3333,23.0
ghosting,www.dxomark.com,6,12,0.5,77.0
ghosting,www.bach.com.au,2,12,0.1667,2.0
ghosting,www.thejournalshop.com,10,12,0.8333,38.0
ghosting,www.magnatag.com,4,12,0.3333,35.0
ghosting,japan-stationery.com,6,12,0.5,0.1
ghosting,www.microsoft.com,8,12,0.6667,96.0
ghosting,justboards.com.au,5,12,0.4167,32.0
ghosting,www.switchbladegaming.com,1,12,0.0833,20.0
ghosting,play.google.com,4,11,0.3636,100.0
ghosting,www.sherwin-williams.com,5,11,0.4545,87.0
ghosting,tweakers.net,3,11,0.2727,80.0
ghosting,www.analog.com,7,11,0.6364,84.0
ghosting,www.psdevwiki.com,6,11,0.5455,52.0
ghosting,nyblackboard.com,6,11,0.5455,22.0
ghosting,www.gamespot.com,4,11,0.3636,86.0
ghosting,shop.boox.com,5,11,0.4545,69.0
ghosting,www.x-kom.pl,4,11,0.3636,73.0
ghosting,www.staples.com,3,11,0.2727,82.0
ghosting,www.dingbats-notebooks.com,6,11,0.5455,47.0
ghosting,www.kabum.com.br,3,11,0.2727,71.0
ghosting,www.vividrepairs.co.uk,3,11,0.2727,26.0
ghosting,www.bobvila.com,5,11,0.4545,85.0
ghosting,help.cricut.com,4,11,0.3636,77.0
ghosting,repairspotter.com,3,11,0.2727,29.0
ghosting,www.theverge.com,4,11,0.3636,92.0
ghosting,forums.tomshardware.com,3,11,0.2727,87.0
ghosting,www.usmarkerboard.com,4,11,0.3636,14.0
ghosting,www.healthline.com,3,11,0.2727,92.0
ghosting,mechanicalkeyboard.net,4,11,0.3636,8.0
ghosting,www.casio.com,8,11,0.7273,83.0
ghosting,tech.yahoo.com,2,11,0.1818,94.0
ghosting,canaltech.com.br,5,10,0.5,80.0
ghosting,gamingpcguru.com,2,10,0.2,4.9
ghosting,steamcommunity.com,4,10,0.4,91.0
ghosting,gearedgaming.com,5,10,0.5,4.7
ghosting,www.laptopmag.com,3,10,0.3,78.0
ghosting,epomaker.com,6,10,0.6,60.0
ghosting,www.aulagaming.com,9,10,0.9,22.0
ghosting,www.eink.com,3,10,0.3,71.0
ghosting,www.urbandecay.com,9,10,0.9,72.0
ghosting,en.wiktionary.org,0,10,0.0,91.0
ghosting,illuminatedresources.com,5,10,0.5,1.1
ghosting,www.shopify.com,6,10,0.6,96.0
ghosting,health.clevelandclinic.org,8,10,0.8,92.0
ghosting,theofficefurniture.com.au,1,10,0.1,0.0
ghosting,www.benq.eu,5,10,0.5,75.0
ghosting,ypen.com,8,10,0.8,0.0
ghosting,www.moleskine.com,6,10,0.6,77.0
ghosting,www.benq.com,4,10,0.4,79.0
ghosting,help.iphonephotographyschool.com,2,9,0.2222,71.0
ghosting,screenres.app,1,9,0.1111,6.0
ghosting,gamefaqs.gamespot.com,1,9,0.1111,86.0
ghosting,emojipedia.org,5,9,0.5556,91.0
ghosting,polyvision.com,4,9,0.4444,47.0
ghosting,news.lenovo.com,4,9,0.4444,90.0
ghosting,www.sony.com,4,9,0.4444,88.0
ghosting,dreaming3d.net,4,9,0.4444,5.0
ghosting,evezone.evetech.co.za,3,9,0.3333,48.0
ghosting,www.market.com,3,9,0.3333,51.0
ghosting,support.brother.com,6,9,0.6667,81.0
ghosting,www.fnac.com,6,9,0.6667,89.0
ghosting,redragonshop.com,3,9,0.3333,55.0
ghosting,www.epey.com,4,9,0.4444,71.0
ghosting,www.profesionalreview.com,3,9,0.3333,65.0
ghosting,www.pcgamesn.com,0,9,0.0,78.0
ghosting,www.aaojournal.org,5,9,0.5556,76.0
ghosting,dl.razerzone.com,6,9,0.6667,74.0
ghosting,blog.the-ebook-reader.com,5,9,0.5556,54.0
ghosting,www.yyppgi.com,3,9,0.3333,6.0
ghosting,www.zeiss.com,8,9,0.8889,83.0
ghosting,www.zagg.com,3,9,0.3333,72.0
ghosting,support.microsoft.com,5,9,0.5556,96.0
ghosting,press.razer.com,1,9,0.1111,83.0
ghosting,www.motortrend.com,7,9,0.7778,84.0
ghosting,www.penaddict.com,4,9,0.4444,60.0
ghosting,news.samsung.com,0,9,0.0,92.0
ghosting,sublimationguides.com,6,9,0.6667,1.8
ghosting,www.avery.com,4,9,0.4444,77.0
ghosting,www.computerbild.de,3,9,0.3333,81.0
ghosting,threebythree.com,2,9,0.2222,40.0
ghosting,www.officefurniture2go.com,2,9,0.2222,28.0
ghosting,www.rustoleum.com,6,9,0.6667,75.0
ghosting,www.mercadolibre.com.co,2,9,0.2222,79.0
ghosting,www.globalindustrial.com,6,9,0.6667,72.0
ghosting,www.krekib.com,4,9,0.4444,2.7
ghosting,www.szmadic.com,4,9,0.4444,27.0
ghosting,blog.acer.com,0,9,0.0,84.0
ghosting,www.muji.us,7,9,0.7778,72.0
ghosting,www.collinsdictionary.com,3,8,0.375,86.0
ghosting,rocketbookhelp.zendesk.com,5,8,0.625,93.0
ghosting,www.smartprix.com,1,8,0.125,72.0
ghosting,www.findofficefurniture.com,3,8,0.375,31.0
ghosting,www.creativebloq.com,4,8,0.5,86.0
ghosting,www.mercadolivre.com.br,3,8,0.375,90.0
ghosting,www.redragon.in,3,8,0.375,16.0
ghosting,www.dpreview.com,4,8,0.5,83.0
ghosting,modelrec.com,4,8,0.5,23.0
ghosting,getrocketbook.com,3,8,0.375,66.0
ghosting,www.digitaljournal.com,1,8,0.125,85.0
ghosting,faq.edding.com,3,8,0.375,67.0
ghosting,gaming.lenovo.com,4,8,0.5,90.0
ghosting,nibhaven.com,5,8,0.625,0.0
ghosting,www.currys.co.uk,3,8,0.375,78.0
ghosting,www.cdw.com,5,8,0.625,80.0
ghosting,support.logi.com,2,8,0.25,76.0
ghosting,www.chip.de,0,8,0.0,86.0
ghosting,aulakeyboard.com,2,8,0.25,31.0
ghosting,whiteboard.com,4,8,0.5,22.0
ghosting,www.dsogaming.com,6,8,0.75,69.0
ghosting,www.pcvarge.com,2,8,0.25,22.0
ghosting,swiftenterprisesopc.com,5,8,0.625,2.6
ghosting,www.displayspecifications.com,3,8,0.375,57.0
ghosting,www.nvidia.com,4,8,0.5,91.0
ghosting,www.psychologytoday.com,5,8,0.625,93.0
ghosting,pilotpen.com.au,4,8,0.5,46.0
ghosting,www.91mobiles.com,4,8,0.5,75.0
ghosting,www.cgl.ucsf.edu,4,8,0.5,89.0
ghosting,www.ncbi.nlm.nih.gov,4,8,0.5,95.0
ghosting,edu.rsc.org,5,8,0.625,90.0
ghosting,blog.viking-direct.co.uk,5,8,0.625,62.0
ghosting,hardzone.es,1,8,0.125,60.0
ghosting,thepenarchive.com,4,8,0.5,8.0
ghosting,lauralisscott.com,1,8,0.125,6.0
ghosting,www.spainexchange.com,0,8,0.0,34.0
ghosting,www.reviewed.com,3,8,0.375,79.0
ghosting,www.gigabyte.com,4,8,0.5,81.0
ghosting,technav.ieee.org,5,8,0.625,92.0
ghosting,support.heatpressnation.com,3,8,0.375,55.0
ghosting,www.1101.com,3,8,0.375,78.0
ghosting,my.clevelandclinic.org,3,8,0.375,92.0
ghosting,www.virtualpcadvisors.com,6,8,0.75,0.0
ghosting,allaboutplanners.com.au,1,8,0.125,43.0
ghosting,www.acer.com,2,8,0.25,84.0
ghosting,care.sawgrassink.com,5,8,0.625,61.0
ghosting,manualzz.com,1,8,0.125,65.0
ghosting,hpmaterial.com,1,8,0.125,0.0
ghosting,notebookring.com,5,7,0.7143,0.0
ghosting,www.simplypsychology.org,2,7,0.2857,85.0
ghosting,www.computerbase.de,2,7,0.2857,75.0
ghosting,www.lemon8-app.com,2,7,0.2857,81.0
ghosting,www.tomshw.it,3,7,0.4286,72.0
ghosting,www.howtogeek.com,3,7,0.4286,89.0
ghosting,www.mayoclinic.org,7,7,1.0,92.0
ghosting,www.4over4.com,5,7,0.7143,62.0
ghosting,www.maxtekglobal.com,6,7,0.8571,6.0
ghosting,blog.moorecoinc.com,5,7,0.7143,48.0
ghosting,www.magazineluiza.com.br,1,7,0.1429,81.0
ghosting,www.notebookstories.com,5,7,0.7143,32.0
ghosting,whyitfailed.fyi,4,7,0.5714,0.1
ghosting,photo.stackexchange.com,1,7,0.1429,91.0
ghosting,kuyconus.com,1,7,0.1429,0.2
ghosting,www.nei.nih.gov,3,7,0.4286,95.0
ghosting,www.engadget.com,2,7,0.2857,90.0
ghosting,www.ryans.com,4,7,0.5714,59.0
ghosting,www.oxfordlearnersdictionaries.com,3,7,0.4286,81.0
ghosting,www.expomarkers.com,4,7,0.5714,30.0
ghosting,es.wikipedia.org,4,7,0.5714,97.0
ghosting,www.frandroid.com,5,7,0.7143,78.0
ghosting,www.mediamarkt.com.tr,2,7,0.2857,72.0
ghosting,www.homedepot.com,3,7,0.4286,90.0
ghosting,www.wayfair.com,4,7,0.5714,88.0
ghosting,www.aad.org,5,7,0.7143,90.0
ghosting,www.buscape.com.br,3,7,0.4286,71.0
ghosting,bestboard.co.za,1,7,0.1429,0.1
ghosting,www.uol.com.br,5,7,0.7143,91.0
ghosting,www.museituppublishing.com,2,7,0.2857,31.0
ghosting,www.teamfdm.com,3,7,0.4286,26.0
ghosting,rumkin.com,4,7,0.5714,65.0
ghosting,forum.creality.com,4,7,0.5714,75.0
ghosting,www.urbandictionary.com,2,7,0.2857,88.0
ghosting,www.logitech.com,5,7,0.7143,87.0
ghosting,tecnoblog.mx,3,7,0.4286,7.0
ghosting,slang.net,2,7,0.2857,59.0
ghosting,los40.com,4,7,0.5714,73.0
ghosting,www.melgeek.com,3,7,0.4286,46.0
ghosting,www.welt.de,2,6,0.3333,90.0
ghosting,dtfdatabase.com,2,6,0.3333,1.3
ghosting,www.esigns.com,4,6,0.6667,34.0
ghosting,www.eufymake.com,3,6,0.5,65.0
ghosting,www.allaboutvision.com,2,6,0.3333,80.0
ghosting,aoc.com,1,6,0.1667,73.0
ghosting,www.bi-office.com,2,6,0.3333,27.0
ghosting,www.theknot.com,1,6,0.1667,91.0
ghosting,www.voltris.com.br,0,6,0.0,8.0
ghosting,bestreviews.com,1,6,0.1667,76.0
ghosting,the-gadgeteer.com,2,6,0.3333,75.0
ghosting,www.crossway.org,3,6,0.5,79.0
ghosting,pageflutter.com,1,6,0.1667,36.0
ghosting,displaystested.com,0,6,0.0,0.8
ghosting,www.pichau.com.br,2,6,0.3333,62.0
ghosting,aula-keyboards.com,4,6,0.6667,0.0
ghosting,psychcentral.com,3,6,0.5,87.0
ghosting,help.brother-usa.com,4,6,0.6667,78.0
ghosting,help.prusa3d.com,3,6,0.5,79.0
ghosting,psref.lenovo.com,4,6,0.6667,90.0
ghosting,mrpen.com,2,6,0.3333,30.0
ghosting,rosap.ntl.bts.gov,4,6,0.6667,84.0
ghosting,doi.org,1,6,0.1667,94.0
ghosting,www.sony.co.in,3,6,0.5,71.0
ghosting,www.fixmyprint3d.com,5,6,0.8333,6.0
ghosting,www.croma.com,2,6,0.3333,73.0
ghosting,bestdeskgear.com,1,6,0.1667,0.0
ghosting,www.vgamers.cl,1,6,0.1667,7.0
ghosting,www.coohom.com,2,6,0.3333,73.0
ghosting,top5best.com,2,6,0.3333,56.0
ghosting,superuser.com,1,6,0.1667,84.0
ghosting,www.mykawaiistationery.com,0,6,0.0,0.0
ghosting,www.wepc.com,1,6,0.1667,67.0
ghosting,www.edding.com,2,6,0.3333,67.0
ghosting,www.slashgear.com,1,6,0.1667,81.0
ghosting,www.techtimes.com,1,6,0.1667,84.0
ghosting,www.usa.canon.com,4,6,0.6667,85.0
ghosting,www.sony.co.uk,2,6,0.3333,78.0
ghosting,compositepaint.com,2,6,0.3333,38.0
ghosting,www.medicalnewstoday.com,2,6,0.3333,91.0
ghosting,vortexgaming.io,1,6,0.1667,33.0
ghosting,tinder.com,1,6,0.1667,82.0
ghosting,www.lesnumeriques.com,2,6,0.3333,80.0
ghosting,www.gadgetreview.com,0,6,0.0,72.0
ghosting,www.wellappointeddesk.com,4,6,0.6667,46.0
ghosting,www.pccomponentes.fr,3,6,0.5,40.0
ghosting,support.lutron.com,4,6,0.6667,80.0
ghosting,www.samotech.co.uk,2,6,0.3333,13.0
ghosting,ir.logitech.com,4,6,0.6667,87.0
ghosting,saintgeek.cl,0,6,0.0,0.3
ghosting,pcsupport.lenovo.com,1,6,0.1667,90.0
ghosting,magiboardsusa.com,5,6,0.8333,12.0
ghosting,knowledgelib.io,3,6,0.5,20.0
ghosting,www.spanr.ai,2,6,0.3333,4.2
ghosting,thegamingsetup.com,2,6,0.3333,36.0
ghosting,www.lowes.com,3,6,0.5,88.0
ghosting,www.digit.in,2,6,0.3333,73.0
ghosting,forum.donanimarsivi.com,2,6,0.3333,35.0
ghosting,device.report,1,6,0.1667,66.0
ghosting,store.acer.com,4,6,0.6667,84.0
ghosting,jennifermaker.com,1,6,0.1667,61.0
ghosting,all3dp.com,4,6,0.6667,76.0
ghosting,blog.kabum.com.br,3,6,0.5,71.0
ghosting,www.sharpie.com,3,6,0.5,68.0
ghosting,www.queenstarmarker.com,3,6,0.5,2.5
ghosting,uk.trustpilot.com,3,5,0.6,94.0
ghosting,revisionfx.com,4,5,0.8,56.0
ghosting,www.flashforge.com,4,5,0.8,68.0
ghosting,gadget-words.com,0,5,0.0,0.1
ghosting,www.expertreviews.co.uk,0,5,0.0,73.0
ghosting,techreviewadvisor.com,0,5,0.0,34.0
ghosting,cricut.com,2,5,0.4,77.0
ghosting,www.royal-display.com,0,5,0.0,15.0
ghosting,www.magneticconcepts.com,2,5,0.4,15.0
ghosting,biologyinsights.com,1,5,0.2,71.0
ghosting,www.clubic.com,2,5,0.4,81.0
ghosting,cyberpost.co,1,5,0.2,45.0
ghosting,www.displays2go.ca,2,5,0.4,37.0
ghosting,www.nps.gov,3,5,0.6,92.0
ghosting,mywhiteboards.com,1,5,0.2,12.0
ghosting,eathealthy365.com,1,5,0.2,54.0
ghosting,smartbuy.alibaba.com,0,5,0.0,92.0
ghosting,screenlab.nl,0,5,0.0,0.0
ghosting,www.scribd.com,1,5,0.2,91.0
ghosting,thepoorpenman.com,3,5,0.6,13.0
ghosting,keytest.info,1,5,0.2,3.9
ghosting,therapist.com,1,5,0.2,66.0
ghosting,global.machenike.com,3,5,0.6,45.0
ghosting,www.researchgate.net,0,5,0.0,93.0
ghosting,www.hardware.com.br,1,5,0.2,54.0
ghosting,www.kbb.com,3,5,0.6,89.0
ghosting,www.vivo.com,3,5,0.6,81.0
ghosting,www.technetgame.com.br,3,5,0.6,0.0
ghosting,business.walmart.com,2,5,0.4,92.0
ghosting,www.duluxtrade.com.au,2,5,0.4,56.0
ghosting,kb.plugable.com,2,5,0.4,63.0
ghosting,diaryofajournalplanner.com,2,5,0.4,43.0
ghosting,support.tcl.com,3,5,0.6,81.0
ghosting,h30434.www3.hp.com,2,5,0.4,91.0
ghosting,b2b.leuchtturm1917.com,3,5,0.6,59.0
ghosting,www.ceneo.pl,2,5,0.4,82.0
ghosting,support.steelseries.com,2,5,0.4,77.0
ghosting,www.sawgrassink.com,4,5,0.8,61.0
ghosting,www.gentlemanstationer.com,1,5,0.2,44.0
ghosting,www.decals.com,3,5,0.6,31.0
ghosting,www.quill.com,0,5,0.0,70.0
ghosting,clackpicks.com,1,5,0.2,0.3
ghosting,brockpress.com,0,5,0.0,43.0
ghosting,forums.macrumors.com,0,5,0.0,86.0
ghosting,saas.aoc.com,1,5,0.2,73.0
ghosting,www.oficinadanet.com.br,0,5,0.0,67.0
ghosting,pokde.net,2,5,0.4,46.0
ghosting,www.startech.com.bd,4,5,0.8,76.0
ghosting,hinge.co,2,5,0.4,76.0
ghosting,www.hyper-creative.co.uk,2,5,0.4,36.0
ghosting,show-me.uk,2,5,0.4,8.0
ghosting,www.jeuxvideo.com,2,5,0.4,76.0
ghosting,hwtest.net,2,5,0.4,0.0
ghosting,computershop.eu,1,5,0.2,3.3
ghosting,key-test.com,2,5,0.4,37.0
ghosting,www.staedtler.com,1,5,0.2,73.0
ghosting,blog.preferredbypete.com,0,5,0.0,0.7
ghosting,umatechnology.org,0,5,0.0,56.0
ghosting,www-acc.aoc.com,1,5,0.2,73.0
ghosting,www.aulastar.com,3,5,0.6,47.0
ghosting,www.mercadolibre.com.mx,3,5,0.6,87.0
ghosting,www.burningimage.net,4,5,0.8,6.0
ghosting,www.displaysense.co.uk,2,5,0.4,33.0
ghosting,de.wikipedia.org,2,5,0.4,97.0
ghosting,www.nearhub.us,0,5,0.0,51.0
ghosting,www.education.sanmar.com,2,5,0.4,83.0
ghosting,forum.bambulab.com,4,5,0.8,79.0
ghosting,psrefstuff.lenovo.com,2,5,0.4,90.0
ghosting,www.natureico.com,2,5,0.4,0.3
ghosting,www.thisoldhouse.com,2,5,0.4,86.0
ghosting,doczz.net,1,5,0.2,52.0
ghosting,us.ktcplay.com,1,5,0.2,41.0
ghosting,prooffice.nl,3,5,0.6,41.0
ghosting,hyperx.com,4,5,0.8,72.0
ghosting,www.caseking.de,1,5,0.2,65.0
ghosting,www.infobae.com,1,5,0.2,88.0
ghosting,www.adrenaline.com.br,2,5,0.4,62.0
ghosting,testbeforeyoubuy.com,1,5,0.2,14.0
ghosting,monitorcritic.com,0,5,0.0,0.0
ghosting,global.canon,2,5,0.4,80.0
ghosting,www.glasswhiteboard.com,3,5,0.6,13.0
ghosting,www.whathifi.com,1,5,0.2,78.0
ghosting,sublishop.co.uk,4,5,0.8,13.0
ghosting,www.turtlebeach.com,2,5,0.4,74.0
ghosting,www.majstra.com,3,5,0.6,18.0
ghosting,www.phonearena.com,2,5,0.4,80.0
ghosting,gamingnation.in,3,5,0.6,3.0
ghosting,www.pcgameshardware.de,1,5,0.2,73.0
ghosting,www.rumahkeyboard.com,2,5,0.4,11.0
ghosting,burnintest.org,0,5,0.0,0.3
ghosting,www.gameslearningsociety.org,0,5,0.0,52.0
ghosting,www.techreviewer.com,1,5,0.2,30.0
ghosting,www.thecoreitech.com,1,5,0.2,7.0
ghosting,advantages.b-cdn.net,0,5,0.0,92.0
ghosting,www.ahdictionary.com,2,5,0.4,72.0
ghosting,blog.silverpc.hu,0,5,0.0,27.0
ghosting,learn.microsoft.com,1,5,0.2,96.0
ghosting,www.axios.com,2,5,0.4,91.0
ghosting,schoolnoticeboards.com,1,5,0.2,0.0
ghosting,zowie.benq.com,4,5,0.8,79.0
ghosting,store.creality.com,3,5,0.6,75.0
ghosting,ghent.com,2,5,0.4,44.0
ghosting,www.fujifilm-x.com,2,5,0.4,79.0
ghosting,www.iphonelife.com,0,5,0.0,66.0
ghosting,www.gouletpens.com,3,5,0.6,63.0
ghosting,about.nike.com,3,5,0.6,90.0
ghosting,www.club386.com,1,5,0.2,55.0
ghosting,www.slangsphere.com,2,5,0.4,28.0
ghosting,www.papermate.com,3,5,0.6,54.0
ghosting,help.boox.com,1,5,0.2,69.0
ghosting,www.pchardwarepro.com,0,5,0.0,18.0
ghosting,www.clubedohardware.com.br,1,5,0.2,59.0
ghosting,www.amd.com,3,5,0.6,90.0
ghosting,www.htvront.com,3,5,0.6,66.0
ghosting,www.post-it.com,2,5,0.4,71.0
ghosting,www.ofzenandcomputing.com,0,5,0.0,42.0
ghosting,whiteboard-expert.nl,3,4,0.75,23.0
ghosting,leviton.com,3,4,0.75,76.0
ghosting,www.reclameaqui.com.br,2,4,0.5,89.0
ghosting,www.bangorcork.com,1,4,0.25,17.0
ghosting,studybibleguide.com,0,4,0.0,10.0
ghosting,yourphotoadvisor.com,2,4,0.5,24.0
ghosting,www.datingscout.com,1,4,0.25,56.0
ghosting,www.adobe.com,3,4,0.75,96.0
ghosting,versusguy.com,0,4,0.0,0.5
ghosting,thecameralensshop.com,0,4,0.0,0.0
ghosting,snapshot.asia.canon,2,4,0.5,73.0
ghosting,www.instructables.com,0,4,0.0,88.0
ghosting,classroom.synonym.com,1,4,0.25,70.0
ghosting,www.zjhuimei.com,0,4,0.0,0.0
ghosting,people.com,2,4,0.5,91.0
ghosting,www.crayola.com.au,3,4,0.75,29.0
ghosting,techcrunch.com,1,4,0.25,92.0
ghosting,mechanical-keyboard.com,2,4,0.5,3.3
ghosting,docs.qmk.fm,2,4,0.5,74.0
ghosting,seller.alibaba.com,0,4,0.0,92.0
ghosting,insider.razer.com,0,4,0.0,83.0
ghosting,unfnshed.com,1,4,0.25,12.0
ghosting,retro.chiba.tw,0,4,0.0,20.0
ghosting,ltx-www.sherwin-williams.com,2,4,0.5,87.0
ghosting,www.nintendolife.com,3,4,0.75,77.0
ghosting,www.fhwa.dot.gov,1,4,0.25,91.0
ghosting,www.mdpi.com,0,4,0.0,92.0
ghosting,blackscreen.live,0,4,0.0,7.0
ghosting,media.benjaminmoore.com,2,4,0.5,85.0
ghosting,www.edmundoptics.com,1,4,0.25,71.0
ghosting,www.cuttles.io,2,4,0.5,42.0
ghosting,latam.msi.com,1,4,0.25,84.0
ghosting,educationpossible.com,3,4,0.75,40.0
ghosting,digital-photography-school.com,2,4,0.5,80.0
ghosting,attackshark.com,1,4,0.25,58.0
ghosting,es.scribd.com,2,4,0.5,91.0
ghosting,www.lttlabs.com,1,4,0.25,44.0
ghosting,www.evetech.co.za,3,4,0.75,48.0
ghosting,www.redragonzone.com,1,4,0.25,62.0
ghosting,www.consumerreports.org,2,4,0.5,90.0
ghosting,simpoleracingpro.com,1,4,0.25,0.0
ghosting,press.asus.com,1,4,0.25,90.0
ghosting,us.dingbats-notebooks.com,2,4,0.5,47.0
ghosting,www.uploadvr.com,3,4,0.75,76.0
ghosting,keyboardgurus.com,1,4,0.25,0.2
ghosting,stockx.com,1,4,0.25,80.0
ghosting,www.esafety.gov.au,2,4,0.5,85.0
ghosting,www.kitguru.net,0,4,0.0,70.0
ghosting,www.keychron.com,1,4,0.25,75.0
ghosting,produtosgamer.com.br,3,4,0.75,14.0
ghosting,chinastationery.com,2,4,0.5,28.0
ghosting,printer-hub.ru,1,4,0.25,18.0
ghosting,officefurnituredesigns.com.au,2,4,0.5,29.0
ghosting,www.mercadolibre.cl,1,4,0.25,80.0
ghosting,www.anker.com,1,4,0.25,81.0
ghosting,ewritable.net,2,4,0.5,9.0
ghosting,help.hinge.co,2,4,0.5,76.0
ghosting,www.tech2have.com.au,2,4,0.5,0.2
ghosting,www.chalkola.co.uk,2,4,0.5,8.0
ghosting,manuals.playstation.net,0,4,0.0,76.0
ghosting,www.ocu.org,3,4,0.75,80.0
ghosting,www.conde.com,3,4,0.75,36.0
ghosting,www.monsgeek.com,1,4,0.25,52.0
ghosting,www.techwalla.com,1,4,0.25,74.0
ghosting,www.bustle.com,1,4,0.25,88.0
ghosting,magscapes.com,2,4,0.5,19.0
ghosting,ledlightinginfo.com,2,4,0.5,34.0
ghosting,www.3dsourced.com,2,4,0.5,58.0
ghosting,www.ldlc.com,1,4,0.25,74.0
ghosting,www.komputronik.pl,3,4,0.75,74.0
ghosting,www.flipkart.com,3,4,0.75,89.0
ghosting,www.expomarkers.ca,0,4,0.0,4.9
ghosting,designerpages.s3.amazonaws.com,2,4,0.5,95.0
ghosting,www.logovisual.com,3,4,0.75,34.0
ghosting,chrisraper.org.uk,0,4,0.0,18.0
ghosting,spiegato.com,2,4,0.5,53.0
ghosting,pressingimages.com,1,4,0.25,3.4
ghosting,blesket.com,0,4,0.0,37.0
ghosting,www.apple.com,0,4,0.0,97.0
ghosting,neoledhub.com,1,4,0.25,0.2
ghosting,techteamgb.co.uk,0,4,0.0,21.0
ghosting,www.bunnings.com.au,1,4,0.25,81.0
ghosting,www.dryerasedesigns.com,2,4,0.5,8.0
ghosting,www.news.com.au,1,4,0.25,88.0
ghosting,www.mpb.com,4,4,1.0,74.0
ghosting,www.fujifilm.com,0,4,0.0,86.0
ghosting,www.aoa.org,4,4,1.0,84.0
ghosting,www.pcwelt.de,2,4,0.5,78.0
ghosting,www.lens.com,2,4,0.5,55.0
ghosting,kayakcambria.com,2,4,0.5,8.0
ghosting,www.manualslib.com,1,4,0.25,76.0
ghosting,www.livescience.com,1,4,0.25,90.0
ghosting,gadgetshieldz.com,2,4,0.5,26.0
ghosting,www.moleskine.co.jp,2,4,0.5,50.0
ghosting,www.chemicalguys.com,2,4,0.5,72.0
ghosting,da.steelseries.com,1,4,0.25,77.0
ghosting,www.canadawhiteboardco.ca,2,4,0.5,0.7
ghosting,pcmena.com,0,4,0.0,12.0
ghosting,dareu.com,3,4,0.75,50.0
ghosting,mitadmissions.org,2,4,0.5,70.0
ghosting,kakaku.com,0,4,0.0,83.0
ghosting,www.penguinrandomhouse.com,3,4,0.75,91.0
ghosting,www.influenster.com,2,4,0.5,72.0
ghosting,www.officedepot.com,1,4,0.25,81.0
ghosting,everything.explained.today,1,4,0.25,56.0
ghosting,edu.casio.com,0,4,0.0,83.0
ghosting,www.staging.leuchtturm1917.com,2,4,0.5,59.0
ghosting,www.coolblue.be,2,4,0.5,71.0
ghosting,www.review-rating.com,1,4,0.25,25.0
ghosting,www.sensorwatch.net,3,4,0.75,31.0
ghosting,www.nikon.com.au,2,4,0.5,61.0
ghosting,ir.corsair.com,2,4,0.5,80.0
ghosting,www.edmunds.com,4,4,1.0,86.0
ghosting,www.allwhiteboard.com,0,4,0.0,0.2
ghosting,community.acer.com,4,4,1.0,84.0
ghosting,help.corsair.com,1,4,0.25,80.0
ghosting,www.thegadgetpick.com,1,4,0.25,33.0
ghosting,moleskine.com.au,1,4,0.25,27.0
ghosting,www.tombowusa.com,1,4,0.25,61.0
ghosting,invictuspc.mx,0,4,0.0,4.9
ghosting,www.productreview.com.au,2,4,0.5,79.0
ghosting,www.trendyol.com,2,4,0.5,90.0
ghosting,pandalargo.com.br,1,4,0.25,1.8
ghosting,www.askdifference.com,0,4,0.0,40.0
ghosting,www.datingindustryinsights.com,2,4,0.5,25.0
ghosting,www.runfishapparel.com,1,4,0.25,0.0
ghosting,www.displays2go.com,1,4,0.25,63.0
ghosting,www.gadgets360.com,0,4,0.0,81.0
ghosting,www.businessinsider.com,0,4,0.0,92.0
ghosting,eu.dingbats-notebooks.com,0,4,0.0,47.0
ghosting,novo.redragon.com.br,3,4,0.75,31.0
ghosting,planningengineered.com,2,4,0.5,2.0
ghosting,www.bestbuy.ca,1,4,0.25,79.0
ghosting,www.techadvisor.com,0,4,0.0,81.0
ghosting,visicare.com,2,4,0.5,0.7
ghosting,download.microsoft.com,1,4,0.25,96.0
ghosting,www.laptopoutlet.co.uk,0,4,0.0,48.0
ghosting,www.bol.com,4,4,1.0,91.0
ghosting,rog-forum.asus.com,1,4,0.25,90.0
ghosting,www.fujinon.com,3,4,0.75,44.0
ghosting,cityluxe.sg,1,4,0.25,31.0
ghosting,driver.machenike.com,4,4,1.0,45.0
ghosting,news.logitech.com,2,4,0.5,87.0
ghosting,www.lovetwohands.com,1,4,0.25,1.6
ghosting,forums.blurbusters.com,1,4,0.25,66.0
ghosting,row.hyperx.com,4,4,1.0,72.0
ghosting,keyboardsexpert.com,1,4,0.25,18.0
ghosting,www.imore.com,2,4,0.5,81.0
ghosting,ajazzstore.com,2,4,0.5,25.0
ghosting,smartersurfaces.com,0,4,0.0,42.0
ghosting,academia.stackexchange.com,0,4,0.0,91.0
ghosting,www.noboeurope.com,2,4,0.5,54.0
ghosting,necolebitchie.com,1,4,0.25,50.0
ghosting,loddiedoddie.com,0,4,0.0,11.0
ghosting,www.mediaexpert.pl,1,4,0.25,79.0
ghosting,th.my-best.com,2,4,0.5,79.0
ghosting,www.echidnasewing.com.au,0,4,0.0,49.0
ghosting,dl.dell.com,2,4,0.5,91.0
ghosting,www.startech.com,2,4,0.5,74.0
ghosting,www.weekand.com,1,4,0.25,82.0
ghosting,www.bruneau.be,2,4,0.5,29.0
ghosting,interact-labs.com,2,4,0.5,10.0
ghosting,shop.mechalick.com,2,4,0.5,1.5
ghosting,www.artesianministries.org,1,3,0.3333,19.0
ghosting,www.aulainnovations.com,1,3,0.3333,13.0
ghosting,www.patrache.studio,2,3,0.6667,0.1
ghosting,www.aranzulla.it,1,3,0.3333,72.0
ghosting,www.redrecs.com,0,3,0.0,6.0
ghosting,gaming.stackexchange.com,0,3,0.0,91.0
ghosting,uchida.com,2,3,0.6667,42.0
ghosting,www.reuters.com,2,3,0.6667,93.0
ghosting,computer.howstuffworks.com,1,3,0.3333,90.0
ghosting,www.minitool.com,0,3,0.0,74.0
ghosting,www.cdc.gov,1,3,0.3333,94.0
ghosting,www.techtarget.com,2,3,0.6667,91.0
ghosting,www.housedigest.com,1,3,0.3333,75.0
ghosting,www.desertcart.in,1,3,0.3333,54.0
ghosting,foro.elchapuzasinformatico.com,0,3,0.0,60.0
ghosting,sonyinteractive.com,0,3,0.0,75.0
ghosting,listemoji.com,0,3,0.0,27.0
ghosting,review.kakaku.com,0,3,0.0,83.0
ghosting,www.vogue.com,0,3,0.0,91.0
ghosting,trainerswarehouse.com,1,3,0.3333,50.0
ghosting,redditrecs.com,1,3,0.3333,34.0
ghosting,www.adorama.com,2,3,0.6667,80.0
ghosting,www.mmorpg.com,0,3,0.0,72.0
ghosting,medlineplus.gov,1,3,0.3333,91.0
ghosting,yesteotro.cl,1,3,0.3333,0.0
ghosting,www.fastsigns.co.uk,3,3,1.0,39.0
ghosting,smartersurfaces.com.au,3,3,1.0,29.0
ghosting,www.lifewire.com,1,3,0.3333,89.0
ghosting,pipedia.org,2,3,0.6667,52.0
ghosting,type-faster.com,1,3,0.3333,0.0
ghosting,phillipreeve.net,1,3,0.3333,53.0
ghosting,whiteboardsonline.com.au,3,3,1.0,0.9
ghosting,www.simplythebest.com,1,3,0.3333,10.0
ghosting,techbrowser.co,0,3,0.0,3.5
ghosting,displaypixels.io,0,3,0.0,0.0
ghosting,www.cameralabs.com,0,3,0.0,57.0
ghosting,manualzilla.com,0,3,0.0,30.0
ghosting,www.etymonline.com,0,3,0.0,83.0
ghosting,coopervision.com,1,3,0.3333,75.0
ghosting,www.materiel.net,2,3,0.6667,70.0
ghosting,www.gamestar.de,2,3,0.6667,75.0
ghosting,thetechfrontier.net,0,3,0.0,4.4
ghosting,www.reviews.org,1,3,0.3333,76.0
ghosting,weareready.es,1,3,0.3333,6.0
ghosting,box.co.uk,0,3,0.0,60.0
ghosting,www.chip.com.tr,0,3,0.0,65.0
ghosting,www.t3.com,1,3,0.3333,77.0
ghosting,www.laps4.com,0,3,0.0,40.0
ghosting,me.steelseries.com,0,3,0.0,77.0
ghosting,uk.kobobooks.com,1,3,0.3333,82.0
ghosting,www.lowyat.net,1,3,0.3333,71.0
ghosting,cellphones.com.vn,0,3,0.0,76.0
ghosting,lumen.com.mx,1,3,0.3333,54.0
ghosting,row.gadgetshieldz.com,1,3,0.3333,26.0
ghosting,rustoleumsupport-ca.zendesk.com,1,3,0.3333,93.0
ghosting,support.thelightphone.com,1,3,0.3333,72.0
ghosting,sterling-ink.com,3,3,1.0,30.0
ghosting,blog.bambulab.com,3,3,1.0,79.0
ghosting,toolsandideas.com,0,3,0.0,7.0
ghosting,en.wikisource.org,0,3,0.0,89.0
ghosting,www.keyboardanalyzer.com,2,3,0.6667,0.0
ghosting,www.livemint.com,2,3,0.6667,88.0
ghosting,www.officecentre.nl,2,3,0.6667,37.0
ghosting,mobilestalk.net,0,3,0.0,13.0
ghosting,www.paperpenanalogue.ch,0,3,0.0,2.4
ghosting,pcmonitors.info,1,3,0.3333,49.0
ghosting,vintagevinylnews.com,1,3,0.3333,38.0
ghosting,electronicapc.com,1,3,0.3333,3.9
ghosting,www.differencebetween.net,0,3,0.0,73.0
ghosting,br.msi.com,1,3,0.3333,84.0
ghosting,rptech.radiopopular.pt,1,3,0.3333,60.0
ghosting,www.articlecity.com,0,3,0.0,56.0
ghosting,kineticlabs.com,3,3,1.0,52.0
ghosting,subligeniusprint.com,0,3,0.0,32.0
ghosting,www.displayport.org,1,3,0.3333,68.0
ghosting,www.vcom.com.hk,1,3,0.3333,28.0
ghosting,www.falabella.com,0,3,0.0,77.0
ghosting,note.com,0,3,0.0,92.0
ghosting,sherrinicholds.com,0,3,0.0,0.0
ghosting,www.cherry.de,3,3,1.0,73.0
ghosting,www.videogameconsolelibrary.com,1,3,0.3333,42.0
ghosting,www.facebook.com,0,3,0.0,100.0
ghosting,abcnews.com,2,3,0.6667,91.0
ghosting,www.statesreview.com,0,3,0.0,0.0
ghosting,www.groovypost.com,1,3,0.3333,73.0
ghosting,detail.zol.com.cn,1,3,0.3333,86.0
ghosting,forum.tomshw.it,0,3,0.0,72.0
ghosting,rieyeinstitute.com,3,3,1.0,19.0
ghosting,time.com,1,3,0.3333,92.0
ghosting,panelpicks.com,0,3,0.0,1.3
ghosting,journalreviewr.com,2,3,0.6667,22.0
ghosting,au.bestreviews.guide,0,3,0.0,61.0
ghosting,shop.app,0,3,0.0,88.0
ghosting,specialty.vision,2,3,0.6667,35.0
ghosting,www.qlsmartblackboard.com,0,3,0.0,0.0
ghosting,www.instagram.com,0,3,0.0,100.0
ghosting,www.tandfonline.com,2,3,0.6667,92.0
ghosting,science.nasa.gov,2,3,0.6667,92.0
ghosting,www.officesupply.com,0,3,0.0,55.0
ghosting,www.lepeboard.org,0,3,0.0,0.0
ghosting,www.fotografiamacro.org,1,3,0.3333,1.6
ghosting,zowie.benq.eu,2,3,0.6667,75.0
ghosting,www.avnetwork.com,2,3,0.6667,73.0
ghosting,dropreference.com,0,3,0.0,35.0
ghosting,linustechtips.com,0,3,0.0,69.0
ghosting,www.delltechnologies.com,3,3,1.0,83.0
ghosting,www.gsmgotech.com,0,3,0.0,19.0
ghosting,www.3djuegos.com,0,3,0.0,68.0
ghosting,penshelf.com,2,3,0.6667,0.1
ghosting,geekchamp.com,0,3,0.0,45.0
ghosting,nvidia.custhelp.com,2,3,0.6667,90.0
ghosting,www.thegioididong.com,1,3,0.3333,80.0
ghosting,www.stickylife.com,2,3,0.6667,24.0
ghosting,www.incehesap.com,0,3,0.0,66.0
ghosting,makerspace.uflib.ufl.edu,1,3,0.3333,90.0
ghosting,www.amazon.com.mx,0,3,0.0,90.0
ghosting,www.manual.do,0,3,0.0,16.0
ghosting,www.hermanmiller.com,2,3,0.6667,81.0
ghosting,tr.gamepowerpc.com,3,3,1.0,38.0
ghosting,www.customink.com,3,3,1.0,81.0
ghosting,support.hp.com,2,3,0.6667,91.0
ghosting,fone.tips,1,3,0.3333,12.0
ghosting,3dproducts.co.nz,1,3,0.3333,10.0
ghosting,www.ratatype.com.br,1,3,0.3333,35.0
ghosting,pangoly.com,0,3,0.0,35.0
ghosting,analogfromhere.com,1,3,0.3333,0.6
ghosting,endlesspens.com,2,3,0.6667,33.0
ghosting,www.coolblue.nl,1,3,0.3333,78.0
ghosting,www.wikiversus.com,1,3,0.3333,34.0
ghosting,uk.msi.com,1,3,0.3333,84.0
ghosting,www.arri.com,3,3,1.0,76.0
ghosting,aulaindia.com,1,3,0.3333,31.0
ghosting,www.verywellmind.com,3,3,1.0,90.0
ghosting,www.klipper3d.org,2,3,0.6667,66.0
ghosting,www.kroger.com,0,3,0.0,86.0
ghosting,streetslang.com,3,3,1.0,26.0
ghosting,www.walmart.ca,0,3,0.0,80.0
ghosting,www.menshealth.com,2,3,0.6667,87.0
ghosting,www.heise.de,3,3,1.0,91.0
ghosting,www.topachat.com,1,3,0.3333,56.0
ghosting,www.sammobile.com,0,3,0.0,76.0
ghosting,www.silhouetteschoolblog.com,1,3,0.3333,52.0
ghosting,cypaint.com,1,3,0.3333,27.0
ghosting,shop.rapoo.com,0,3,0.0,52.0
ghosting,www.ssw.com.au,1,3,0.3333,65.0
ghosting,www.robadainformatici.it,0,3,0.0,21.0
ghosting,www.gomechanicalkeyboard.com,1,3,0.3333,25.0
ghosting,shop.douglasandson.com,1,3,0.3333,9.0
ghosting,newsroom.amd.com,0,3,0.0,90.0
ghosting,www.pocketgamer.com,1,3,0.3333,75.0
ghosting,ifm-ecom.nl,3,3,1.0,11.0
ghosting,www.ghent.com,3,3,1.0,44.0
ghosting,blog.vikingdirect.ie,0,3,0.0,39.0
ghosting,www.manualshelf.com,0,3,0.0,34.0
ghosting,fluidstance.com,1,3,0.3333,49.0
ghosting,daringfireball.net,1,3,0.3333,88.0
ghosting,store.aao.org,1,3,0.3333,88.0
ghosting,saicreationswatches.com,0,3,0.0,20.0
ghosting,smit-visual.nl,2,3,0.6667,29.0
ghosting,www.cybertek.fr,2,3,0.6667,69.0
ghosting,amateurphotographer.com,2,3,0.6667,73.0
ghosting,alt-workspace.co.uk,1,3,0.3333,0.0
ghosting,www.industrybuying.com,1,3,0.3333,62.0
ghosting,keepfond.com,1,3,0.3333,0.3
ghosting,qualeamelhor.com.br,1,3,0.3333,8.0
ghosting,www.meetic.fr,1,3,0.3333,71.0
ghosting,www.smokingpipes.com,2,3,0.6667,61.0
ghosting,byrdelectrical.com.au,2,3,0.6667,19.0
ghosting,www.gfinityesports.com,0,3,0.0,64.0
ghosting,vibe.us,1,3,0.3333,56.0
ghosting,www.scienceabc.com,0,3,0.0,73.0
ghosting,inairspace.com,1,3,0.3333,38.0
ghosting,artoyster.com,0,3,0.0,8.0
ghosting,community.usa.canon.com,0,3,0.0,85.0
ghosting,teamsunday.com,0,3,0.0,55.0
ghosting,www.canonrumors.com,0,3,0.0,63.0
ghosting,www.newsweek.com,0,3,0.0,91.0
ghosting,www.ledlightexpert.com,2,3,0.6667,60.0
ghosting,www.havitstore.com.tr,2,3,0.6667,19.0
ghosting,sovisgames.com,3,3,1.0,0.0
ghosting,www.ramenstation.noktot.com,1,3,0.3333,2.0
ghosting,www.simplypsychology.com,0,3,0.0,42.0
ghosting,www.answers.com,1,3,0.3333,82.0
ghosting,www.uvic.ca,3,3,1.0,85.0
ghosting,www.aulaph.com,1,3,0.3333,11.0
ghosting,www.darty.com,2,3,0.6667,77.0
ghosting,sharktastica.co.uk,2,3,0.6667,28.0
ghosting,ohsospotless.com,1,3,0.3333,51.0
ghosting,www.aeanet.org,0,3,0.0,54.0
ghosting,prosettings.net,1,3,0.3333,71.0
ghosting,en-academic.com,0,3,0.0,71.0
ghosting,www.vistaprint.com,3,3,1.0,86.0
ghosting,www.realtor.com,2,3,0.6667,91.0
ghosting,www.linkedin.com,1,3,0.3333,99.0
ghosting,www.tomartmarker.com,2,3,0.6667,1.8
ghosting,writeyboard.com.au,1,3,0.3333,2.1
ghosting,www.hercampus.com,1,3,0.3333,78.0
ghosting,gbasp.ru,2,3,0.6667,7.0
ghosting,kleinkantoor.nl,2,3,0.6667,16.0
ghosting,www.eizoglobal.com,0,3,0.0,70.0
ghosting,www.4gamer.net,0,3,0.0,78.0
ghosting,www.hobbyconsolas.com,0,3,0.0,69.0
ghosting,www.galenleather.com,2,3,0.6667,53.0
ghosting,www.xtool.com,2,3,0.6667,74.0
ghosting,www.igeeksblog.com,0,3,0.0,72.0
ghosting,www.schooloutlet.com,3,3,1.0,36.0
ghosting,www.boardsdirect.co.uk,1,3,0.3333,30.0
ghosting,www.dvm360.com,1,3,0.3333,78.0
ghosting,3dprinting.stackexchange.com,1,3,0.3333,91.0
ghosting,ezgif.com,1,3,0.3333,81.0
ghosting,www.mercadolibre.com.pe,1,3,0.3333,73.0
ghosting,www.pundy.com,2,3,0.6667,6.0
ghosting,www.newyorker.com,1,3,0.3333,91.0
ghosting,www.allure.com,2,3,0.6667,87.0
ghosting,www.pewresearch.org,2,3,0.6667,92.0
ghosting,www.teknopolis.co,0,3,0.0,10.0
ghosting,support.smarttech.com,1,3,0.3333,77.0
ghosting,androfan.com,0,3,0.0,3.0
ghosting,www.chairoffice.co.uk,2,3,0.6667,41.0
ghosting,www.divinecreativelove.com,0,3,0.0,6.0
ghosting,www.mediamarkt.de,0,3,0.0,80.0
ghosting,steamdb.info,0,3,0.0,80.0
ghosting,www.vantablack.co.uk,3,3,1.0,55.0
ghosting,media.kingston.com,3,3,1.0,81.0
ghosting,moleskinecustom.jp,0,3,0.0,12.0
ghosting,help.steampowered.com,0,3,0.0,93.0
ghosting,www.bbb.org,3,3,1.0,93.0
ghosting,uniu.com.tw,1,3,0.3333,3.0
ghosting,www.teleprompter.com,0,3,0.0,70.0
ghosting,smartersurfaces.ca,1,3,0.3333,10.0
ghosting,marlinfw.org,3,3,1.0,66.0
ghosting,unanswered.io,0,3,0.0,28.0
ghosting,slangdefine.org,0,3,0.0,56.0
ghosting,izoly.com,2,3,0.6667,9.0
ghosting,blog.emojipedia.org,1,3,0.3333,91.0
ghosting,learningenglishwithoxford.oup.com,1,3,0.3333,92.0
ghosting,www.photonics.com,1,3,0.3333,75.0
ghosting,ultimatepctools.com,0,3,0.0,15.0
ghosting,blog.tombowusa.com,1,3,0.3333,61.0
ghosting,www.banthebots.org,1,3,0.3333,6.0
ghosting,files.eric.ed.gov,1,3,0.3333,91.0
ghosting,www.your-colors.com,3,3,1.0,56.0
ghosting,www.weikfitness.com,0,3,0.0,30.0
ghosting,aulagaminglatam.com,2,3,0.6667,3.6
ghosting,www.cyberpuerta.mx,2,3,0.6667,61.0
ghosting,dwellifyhome.com,0,3,0.0,37.0
ghosting,www.electricity-magnetism.org,1,3,0.3333,38.0
ghosting,totaltechpicks.com,0,3,0.0,0.0
ghosting,wd40.com.au,2,3,0.6667,42.0
ghosting,www.vogue.co.uk,0,3,0.0,86.0
ghosting,www.krylon.com,1,3,0.3333,65.0
ghosting,www.logitechg.com,1,3,0.3333,81.0
ghosting,vesa.org,1,3,0.3333,73.0
ghosting,journals.sagepub.com,1,3,0.3333,92.0
ghosting,www.mindbodygreen.com,1,3,0.3333,85.0
ghosting,www.tcl.com,2,3,0.6667,81.0
ghosting,www.digitow.com.br,0,3,0.0,41.0
ghosting,imaging.nikon.com,2,3,0.6667,82.0
ghosting,en.techfokus.rs,0,3,0.0,6.0
ghosting,www.bloomberg.com,1,3,0.3333,92.0
ghosting,www.ps5progames.com,1,3,0.3333,0.4
ghosting,www.cnnbrasil.com.br,1,3,0.3333,86.0
ghosting,techterms.com,0,3,0.0,79.0
ghosting,hiditec.com,1,3,0.3333,8.0
ghosting,www.rtl.de,1,3,0.3333,86.0
ghosting,www.nikkoindustries.com,1,3,0.3333,30.0
ghosting,www.sothebys.com,2,3,0.6667,85.0
ghosting,nothing.community,3,3,1.0,62.0
ghosting,muji.ca,0,3,0.0,51.0
ghosting,shop.dasung.com,1,3,0.3333,37.0
ghosting,mugsie.com,0,3,0.0,11.0
ghosting,www.webtekno.com,0,3,0.0,73.0
ghosting,www.geekom.de,1,3,0.3333,40.0
ghosting,www.uline.com,2,3,0.6667,78.0
ghosting,www.swipestats.io,2,3,0.6667,36.0
ghosting,artsupplycritic.com,1,3,0.3333,10.0
ghosting,sublimakersacademy.com,2,3,0.6667,0.5
ghosting,www.mundialgame.com,0,3,0.0,0.0
ghosting,allegro.pl,1,3,0.3333,91.0
ghosting,www.loreal.com,3,3,1.0,85.0
ghosting,stationery.lazada.sg,1,2,0.5,91.0
ghosting,fr.msi.com,0,2,0.0,84.0
ghosting,techolay.net,0,2,0.0,30.0
ghosting,penvibe.com,0,2,0.0,35.0
ghosting,tt-hardware.com,1,2,0.5,38.0
ghosting,tureng.com,1,2,0.5,75.0
ghosting,store.lenovo.com,0,2,0.0,90.0
ghosting,www.elitmuzik.com.tr,0,2,0.0,20.0
ghosting,www.canon.com.au,1,2,0.5,74.0
ghosting,www.jbcustomjournals.com,0,2,0.0,21.0
ghosting,www.history.com,0,2,0.0,90.0
ghosting,www.electricaltechnology.org,1,2,0.5,63.0
ghosting,forum.hardware.fr,0,2,0.0,65.0
ghosting,www.pcguide.com,2,2,1.0,73.0
ghosting,www.prnewswire.com,0,2,0.0,92.0
ghosting,fountainpenfriendlyblog.wordpress.com,0,2,0.0,96.0
ghosting,blog.szynalski.com,0,2,0.0,56.0
ghosting,www.magiboards.com,1,2,0.5,11.0
ghosting,www.visigraph.com,1,2,0.5,16.0
ghosting,handwiki.org,0,2,0.0,62.0
ghosting,ecranspc.com,0,2,0.0,10.0
ghosting,www.3m.com,2,2,1.0,88.0
ghosting,www.ireviews.com,1,2,0.5,45.0
ghosting,www.barrons.com,1,2,0.5,89.0
ghosting,www.ajproducts.co.uk,1,2,0.5,37.0
ghosting,piptitech.com,0,2,0.0,0.0
ghosting,tr.steelseries.com,1,2,0.5,77.0
ghosting,www.emojimeaning.com,1,2,0.5,39.0
ghosting,www.risinglcd.com,0,2,0.0,20.0
ghosting,library.imaging.org,0,2,0.0,71.0
ghosting,cms.journalingtechniques.org,1,2,0.5,21.0
ghosting,pimpmytype.com,0,2,0.0,65.0
ghosting,www.kmart.com.au,0,2,0.0,76.0
ghosting,www.hepsiburada.com,0,2,0.0,87.0
ghosting,teccerto.com.br,0,2,0.0,0.4
ghosting,www.sdmfoundation.org,2,2,1.0,15.0
ghosting,craftexpressus.com,1,2,0.5,39.0
ghosting,store.epicgames.com,1,2,0.5,90.0
ghosting,www.jacksonsart.com,1,2,0.5,75.0
ghosting,www.creality3dofficial.com,1,2,0.5,55.0
ghosting,einktab.ca,0,2,0.0,24.0
ghosting,megapc.pt,1,2,0.5,8.0
ghosting,electronics.stackexchange.com,0,2,0.0,91.0
ghosting,academia-lab.com,0,2,0.0,48.0
ghosting,hone.gg,0,2,0.0,45.0
ghosting,omt-veyhl.com,1,2,0.5,35.0
ghosting,swpp.co.uk,0,2,0.0,66.0
ghosting,www.itpro.com,1,2,0.5,84.0
ghosting,www.similarweb.com,1,2,0.5,89.0
ghosting,minimalcompany.com,2,2,1.0,42.0
ghosting,melhorestecladosgamer.com.br,0,2,0.0,0.0
ghosting,writingatlarge.com,1,2,0.5,15.0
ghosting,www.vantablack.co.jp,2,2,1.0,6.0
ghosting,www.netzwelt.de,0,2,0.0,77.0
ghosting,switchandclick.com,1,2,0.5,51.0
ghosting,www.snapmaker.com,1,2,0.5,66.0
ghosting,shattered.io,0,2,0.0,74.0
ghosting,techyorker.com,0,2,0.0,29.0
ghosting,www.nike.com,0,2,0.0,90.0
ghosting,root-nation.com,0,2,0.0,62.0
ghosting,storage-asset.msi.com,1,2,0.5,84.0
ghosting,www.efe.com.pe,0,2,0.0,45.0
ghosting,ichthysbible.com,1,2,0.5,10.0
ghosting,www.penchalet.com,0,2,0.0,55.0
ghosting,pspstation.org,1,2,0.5,10.0
ghosting,squashchamps.com,2,2,1.0,10.0
ghosting,www.otterbox.com,0,2,0.0,73.0
ghosting,blog.office-plus.ca,1,2,0.5,30.0
ghosting,pixeltest.net,0,2,0.0,2.2
ghosting,delta-products.com,0,2,0.0,1.9
ghosting,thisoldbaker.com,0,2,0.0,11.0
ghosting,www.bme.com.bd,0,2,0.0,31.0
ghosting,www.onixbd.com,1,2,0.5,28.0
ghosting,www.euro.com.pl,0,2,0.0,75.0
ghosting,snapshot.canon-asia.com,0,2,0.0,73.0
ghosting,us.qidi3d.com,1,2,0.5,56.0
ghosting,omb.report,1,2,0.5,71.0
ghosting,www.fantech-tw.com,1,2,0.5,15.0
ghosting,boo.world,1,2,0.5,56.0
ghosting,www.123inkt.nl,2,2,1.0,58.0
ghosting,www.edmundoptics.co.uk,2,2,1.0,29.0
ghosting,support.bumble.com,0,2,0.0,80.0
ghosting,borisfx.com,1,2,0.5,73.0
ghosting,www.ulta.com,2,2,1.0,83.0
gaslighting,app.thestorygraph.com,31,58,0.5345,80.0
gaslighting,health.clevelandclinic.org,20,35,0.5714,92.0
gaslighting,www.merriam-webster.com,24,32,0.75,91.0
gaslighting,dictionary.apa.org,17,30,0.5667,92.0
gaslighting,en.wikipedia.org,16,28,0.5714,97.0
gaslighting,www.supersummary.com,12,27,0.4444,65.0
gaslighting,www.goodreads.com,5,25,0.2,92.0
gaslighting,www.psychologytoday.com,11,20,0.55,93.0
gaslighting,psychcentral.com,9,18,0.5,87.0
gaslighting,www.reddit.com,10,18,0.5556,95.0
gaslighting,beta.thestorygraph.com,4,18,0.2222,80.0
gaslighting,triggerwarningdatabase.com,8,17,0.4706,36.0
gaslighting,www.simplypsychology.org,9,16,0.5625,85.0
gaslighting,www.healthline.com,2,16,0.125,92.0
gaslighting,www.webmd.com,7,14,0.5,92.0
gaslighting,www.thehotline.org,4,13,0.3077,89.0
gaslighting,www.commonsensemedia.org,7,13,0.5385,87.0
gaslighting,scienceinsights.org,4,13,0.3077,71.0
gaslighting,www.apa.org,3,12,0.25,92.0
gaslighting,www.theguardian.com,4,11,0.3636,93.0
gaslighting,www.dictionary.com,1,11,0.0909,90.0
gaslighting,booktriggerwarnings.com,5,11,0.4545,36.0
gaslighting,pmc.ncbi.nlm.nih.gov,5,10,0.5,95.0
gaslighting,www.collinsdictionary.com,2,8,0.25,86.0
gaslighting,www.publishersweekly.com,5,8,0.625,87.0
gaslighting,books.google.com,4,8,0.5,100.0
gaslighting,www.penguinrandomhouse.com,5,8,0.625,91.0
gaslighting,www.simplypsychology.com,3,8,0.375,42.0
gaslighting,www.gottman.com,3,7,0.4286,85.0
gaslighting,www.kirkusreviews.com,2,7,0.2857,86.0
gaslighting,time.com,1,7,0.1429,92.0
gaslighting,www.freidamcfadden.com,3,7,0.4286,47.0
gaslighting,en.wiktionary.org,1,7,0.1429,91.0
gaslighting,pubmed.ncbi.nlm.nih.gov,3,7,0.4286,95.0
gaslighting,play.google.com,2,6,0.3333,100.0
gaslighting,www.sciencedirect.com,2,6,0.3333,94.0
gaslighting,books.apple.com,1,6,0.1667,97.0
gaslighting,www.rottentomatoes.com,1,6,0.1667,87.0
gaslighting,rwszupzmsadbjqghhiwjxwntmpecjm.thestorygraph.com,1,6,0.1667,80.0
gaslighting,dictionary.cambridge.org,1,5,0.2,92.0
gaslighting,pendouglas.com,2,5,0.4,37.0
gaslighting,sobrief.com,0,5,0.0,53.0
gaslighting,www.counselling-directory.org.uk,1,5,0.2,85.0
gaslighting,mentalhealthhotline.org,2,5,0.4,63.0
gaslighting,psychology.org.au,2,5,0.4,82.0
gaslighting,entiresummary.com,2,5,0.4,1.9
gaslighting,hotgirlscribe.com,2,5,0.4,0.0
gaslighting,www.imdb.com,2,5,0.4,94.0
gaslighting,www.apotheken-umschau.de,3,4,0.75,82.0
gaslighting,www.litcharts.com,4,4,1.0,72.0
gaslighting,www.latimes.com,3,4,0.75,92.0
gaslighting,www.wa.gov.au,2,4,0.5,87.0
gaslighting,darkpsychologylab.com,2,4,0.5,0.3
gaslighting,www.sparknotes.com,3,4,0.75,77.0
gaslighting,goodreads.com,0,4,0.0,92.0
gaslighting,vi.reddit.com,0,4,0.0,95.0
gaslighting,factually.co,0,4,0.0,60.0
gaslighting,www.forbes.com,1,4,0.25,94.0
gaslighting,podcasts.apple.com,1,4,0.25,97.0
gaslighting,www.nolamorgan.com,1,4,0.25,0.1
gaslighting,www.metacritic.com,0,4,0.0,83.0
gaslighting,journals.sagepub.com,0,4,0.0,92.0
gaslighting,us.macmillan.com,3,4,0.75,86.0
gaslighting,psychologyexposed.com,2,3,0.6667,0.4
gaslighting,www.lemon8-app.com,0,3,0.0,81.0
gaslighting,www.goodnovel.com,0,3,0.0,63.0
gaslighting,people.com,2,3,0.6667,91.0
gaslighting,psychologydictionary.org,1,3,0.3333,62.0
gaslighting,www.vogue.com,2,3,0.6667,91.0
gaslighting,www.theknot.com,0,3,0.0,91.0
gaslighting,www.fruit.com,3,3,1.0,63.0
gaslighting,www.fyinorfolk.nhs.uk,0,3,0.0,27.0
gaslighting,psychologyclinix.com,1,3,0.3333,1.4
gaslighting,www.kiddrapinet.co.uk,0,3,0.0,26.0
gaslighting,www.everand.com,0,3,0.0,80.0
gaslighting,www.washingtonpost.com,3,3,1.0,93.0
gaslighting,www.nsw.gov.au,3,3,1.0,92.0
gaslighting,www.booktriggerwarnings.com,0,3,0.0,36.0
gaslighting,www.psychiatry.org,0,3,0.0,89.0
gaslighting,kanikarose.com,0,3,0.0,0.2
gaslighting,www.radiotimes.com,1,3,0.3333,80.0
gaslighting,knowyourmeme.com,1,3,0.3333,86.0
gaslighting,www.medicalnewstoday.com,0,3,0.0,91.0
gaslighting,www.audible.com,1,3,0.3333,91.0
gaslighting,openup.com,1,3,0.3333,69.0
gaslighting,wellnessguided.org,1,3,0.3333,0.0
gaslighting,fr.reddit.com,0,3,0.0,95.0
gaslighting,www.panmacmillan.com,1,3,0.3333,77.0
gaslighting,safeguarding-guide.nhs.uk,0,3,0.0,53.0
gaslighting,www.keepingwellnwl.nhs.uk,1,3,0.3333,38.0
gaslighting,encyclopedia.arabpsychology.com,0,3,0.0,47.0
gaslighting,authorelenaarmas.com,1,3,0.3333,28.0
gaslighting,www.lexistry.com,0,2,0.0,10.0
gaslighting,www.inverse.com,1,2,0.5,83.0
gaslighting,ursummary.com,0,2,0.0,8.0
gaslighting,www.gramedia.com,2,2,1.0,77.0
gaslighting,gamefaqs.gamespot.com,0,2,0.0,86.0
gaslighting,www.aok.de,2,2,1.0,86.0
gaslighting,seedscientific.com,0,2,0.0,66.0
gaslighting,sortbycravings.com,0,2,0.0,18.0
gaslighting,thecinemaholic.com,1,2,0.5,68.0
gaslighting,abcnews.go.com,0,2,0.0,92.0
gaslighting,www.duden.de,1,2,0.5,82.0
gaslighting,www.confectionerynews.com,1,2,0.5,73.0
gaslighting,hthayat.haberturk.com,2,2,1.0,81.0
gaslighting,www.thewrap.com,0,2,0.0,84.0
gaslighting,doi.org,0,2,0.0,94.0
gaslighting,www.acog.org,1,2,0.5,88.0
gaslighting,www.oxfordlearnersdictionaries.com,0,2,0.0,81.0
gaslighting,onlinelibrary.wiley.com,0,2,0.0,93.0
gaslighting,www.abc.net.au,0,2,0.0,91.0
gaslighting,changes.ie,0,2,0.0,13.0
gaslighting,psikolojiturkiye.com,2,2,1.0,27.0
gaslighting,pt.wikipedia.org,1,2,0.5,97.0
gaslighting,roseandstar.com,2,2,1.0,7.0
gaslighting,www.pbs.org,0,2,0.0,91.0
gaslighting,dictionary.langeek.co,1,2,0.5,52.0
gaslighting,www.tandfonline.com,1,2,0.5,92.0
gaslighting,www.tastingtable.com,0,2,0.0,82.0
gaslighting,es.wikipedia.org,1,2,0.5,97.0
gaslighting,theliterarylifestyle.com,0,2,0.0,37.0
gaslighting,dd.reddit.com,0,2,0.0,95.0
gaslighting,www.vanityfair.com,2,2,1.0,89.0
gaslighting,psychovista.com,0,2,0.0,5.0
gaslighting,ipsychology.net,2,2,1.0,2.6
gaslighting,comicbook.com,0,2,0.0,80.0
gaslighting,www.bookreviewguide.com,1,2,0.5,0.1
gaslighting,www.ellecanada.com,0,2,0.0,75.0
gaslighting,psi-network.de,0,2,0.0,66.0
gaslighting,www.thecounselorscoach.com,0,2,0.0,27.0
gaslighting,www.independent.co.uk,0,2,0.0,91.0
gaslighting,www.verywellmind.com,0,2,0.0,90.0
gaslighting,np.reddit.com,0,2,0.0,95.0
gaslighting,fr.wikipedia.org,0,2,0.0,97.0
gaslighting,clinisyn.com,2,2,1.0,7.0
gaslighting,bookclubs.com,0,2,0.0,72.0
gaslighting,www.wordreference.com,0,2,0.0,80.0
gaslighting,www.safeguarding-guide.nhs.uk,0,2,0.0,53.0
gaslighting,www.qld.gov.au,1,2,0.5,88.0
gaslighting,www.news.com.au,0,2,0.0,88.0
gaslighting,www.plotexplained.com,1,2,0.5,18.0
gaslighting,www.ottershawsurgery.nhs.uk,0,2,0.0,2.0
gaslighting,www.sourcebooks.com,0,2,0.0,73.0
gaslighting,es.snhu.edu,2,2,1.0,79.0
gaslighting,www.mandela.agency,0,2,0.0,0.0
gaslighting,dergipark.org.tr,0,2,0.0,84.0
gaslighting,www.scienceofpeople.com,0,2,0.0,77.0
gaslighting,www.brigitte.de,1,2,0.5,78.0
gaslighting,www.infobae.com,0,2,0.0,88.0
gaslighting,www.foodrepublic.com,1,2,0.5,76.0
gaslighting,www.theline.org.au,1,2,0.5,50.0
gaslighting,www.chrisburtonauthor.com,0,2,0.0,0.1
gaslighting,pookiemeaning.in,1,2,0.5,18.0
gaslighting,everything.explained.today,2,2,1.0,56.0
gaslighting,www.bookbeat.com,0,2,0.0,76.0
gaslighting,www.frontiersin.org,1,2,0.5,92.0
gaslighting,www.opcouragesoutheast.nhs.uk,0,2,0.0,36.0
gaslighting,www.enotes.com,0,2,0.0,73.0
gaslighting,www.cliffsnotes.com,1,2,0.5,73.0
gaslighting,www.newpictures.co.uk,1,2,0.5,21.0
gaslighting,www.gradesaver.com,0,2,0.0,68.0
gaslighting,timesofindia.indiatimes.com,1,2,0.5,92.0
gaslighting,darkpsych.com,0,2,0.0,0.0
gaslighting,mytherapist.ie,0,2,0.0,28.0
gaslighting,www.elle.com,1,2,0.5,90.0
gaslighting,tv.apple.com,1,2,0.5,97.0
gaslighting,my.clevelandclinic.org,0,2,0.0,92.0
gaslighting,finance.yahoo.com,1,2,0.5,94.0
gaslighting,www.hannahgrace.co.uk,2,2,1.0,13.0
gaslighting,us.reddit.com,0,2,0.0,95.0
gaslighting,www.romance.io,0,2,0.0,52.0
gaslighting,www.justwatch.com,2,2,1.0,82.0
gaslighting,www.tewv.nhs.uk,0,2,0.0,59.0
gaslighting,www.loveisrespect.org,0,2,0.0,81.0
gaslighting,the-bibliofile.com,2,2,1.0,56.0
gaslighting,www.cbsnews.com,0,2,0.0,92.0
gaslighting,www.comingsoon.net,1,2,0.5,76.0
gaslighting,www.psychologie-heute.de,0,1,0.0,73.0
gaslighting,www.cosmopolitan.in,1,1,1.0,64.0
gaslighting,drybrooksurgery.nhs.uk,0,1,0.0,23.0
gaslighting,uk.trustpilot.com,0,1,0.0,94.0
gaslighting,asianwiki.com,0,1,0.0,71.0
gaslighting,tureng.com,0,1,0.0,75.0
gaslighting,link.springer.com,0,1,0.0,93.0
gaslighting,psymagusd.com,0,1,0.0,2.7
gaslighting,vitrinelinguistique.oqlf.gouv.qc.ca,0,1,0.0,91.0
gaslighting,psicoclinicabarcelona.com,0,1,0.0,14.0
gaslighting,www.redflagai.co,1,1,1.0,35.0
gaslighting,yeeraf.co.th,0,1,0.0,26.0
gaslighting,www.english-heritage.org.uk,1,1,1.0,85.0
gaslighting,www.beartai.com,1,1,1.0,64.0
gaslighting,newbookrecommendation.com,0,1,0.0,31.0
gaslighting,www.joumana.live,0,1,0.0,19.0
gaslighting,psicologiaymente.com,0,1,0.0,78.0
gaslighting,awrensays.com,0,1,0.0,3.0
gaslighting,boredtodeathbookclub.com,0,1,0.0,16.0
gaslighting,www.pluggedin.com,0,1,0.0,71.0
gaslighting,writershelpingwriters.net,0,1,0.0,59.0
gaslighting,businessuni.net,0,1,0.0,21.0
gaslighting,www.relationshipsnsw.org.au,0,1,0.0,62.0
gaslighting,bookclb.com,0,1,0.0,28.0
gaslighting,www.ebsco.com,0,1,0.0,87.0
gaslighting,www.kmart.com.au,0,1,0.0,76.0
gaslighting,www.guven.com.tr,0,1,0.0,47.0
gaslighting,fruitoftheloom.co.il,0,1,0.0,0.2
gaslighting,www.kelloggs.com,1,1,1.0,75.0
gaslighting,www.watchmojo.com,0,1,0.0,64.0
gaslighting,www.adelaideforrest.com,0,1,0.0,10.0
gaslighting,www.nylon.com,1,1,1.0,80.0
gaslighting,samadshoeb.com,0,1,0.0,0.0
gaslighting,www.cbinsights.com,0,1,0.0,86.0
gaslighting,xoxosam.squarespace.com,0,1,0.0,95.0
gaslighting,yandex.com.tr,0,1,0.0,86.0
gaslighting,www.dreadcentral.com,0,1,0.0,75.0
gaslighting,accademiadipsicologia.it,0,1,0.0,10.0
gaslighting,www.kltv.com,1,1,1.0,73.0
gaslighting,georgetownpsychology.com,0,1,0.0,27.0
gaslighting,lsf.go.id,0,1,0.0,38.0
gaslighting,www.stephanielynlifecoaching.com,0,1,0.0,10.0
gaslighting,typelish.com,0,1,0.0,11.0
gaslighting,www.netzwelt.de,0,1,0.0,77.0
gaslighting,www.lucymary.co.uk,0,1,0.0,14.0
gaslighting,www.blick.ch,1,1,1.0,83.0
gaslighting,georgielous.blogspot.com,1,1,1.0,95.0
gaslighting,meanpedia.com,0,1,0.0,26.0
gaslighting,www.gq-magazin.de,1,1,1.0,76.0
gaslighting,www.ontario.ca,0,1,0.0,91.0
gaslighting,www.hachette.com.au,0,1,0.0,72.0
gaslighting,www.sarahhogle.com,1,1,1.0,18.0
gaslighting,laurenasher.com,0,1,0.0,16.0
gaslighting,bibliophilewithbluehair.com,0,1,0.0,0.6
gaslighting,se.reddit.com,0,1,0.0,95.0
gaslighting,qr.netflix.com,1,1,1.0,92.0
gaslighting,jaapl.org,0,1,0.0,71.0
gaslighting,medlineplus.gov,0,1,0.0,91.0
gaslighting,newstagetheatre.com,0,1,0.0,33.0
gaslighting,www.nationalgasmuseum.org.uk,1,1,1.0,24.0
gaslighting,apps.apple.com,1,1,1.0,97.0
gaslighting,punenjoy.com,0,1,0.0,42.0
gaslighting,www.santagostino.it,0,1,0.0,67.0
gaslighting,www.unconsentingmedia.org,0,1,0.0,38.0
gaslighting,www.psychreg.org,0,1,0.0,73.0
gaslighting,www.nairaland.com,0,1,0.0,73.0
gaslighting,advancebookreaders.com,0,1,0.0,15.0
gaslighting,legalclarity.org,0,1,0.0,76.0
gaslighting,www.hachette.co.uk,1,1,1.0,76.0
gaslighting,www.slaphappylarry.com,0,1,0.0,32.0
gaslighting,readifypro.com,0,1,0.0,0.3
gaslighting,www.sensacine.com.mx,0,1,0.0,50.0
gaslighting,nerdsip.com,0,1,0.0,40.0
gaslighting,vocabdictionary.com,0,1,0.0,16.0
gaslighting,ctarchive.counseling.org,1,1,1.0,82.0
gaslighting,www.dailymotion.com,0,1,0.0,91.0
gaslighting,www.chefsresource.com,0,1,0.0,56.0
gaslighting,jamigold.com,0,1,0.0,49.0
gaslighting,embed.release-stage.netflix.com,0,1,0.0,92.0
gaslighting,www.knuddels.de,1,1,1.0,65.0
gaslighting,www.yeniadimgazetesi.com,0,1,0.0,29.0
gaslighting,www.popcornnews.ru,0,1,0.0,46.0
gaslighting,www.instyle.com.tr,1,1,1.0,42.0
gaslighting,slam.nhs.uk,0,1,0.0,70.0
gaslighting,www.techradar.com,0,1,0.0,91.0
gaslighting,www.nhsinform.scot,0,1,0.0,84.0
gaslighting,www.etymonline.com,1,1,1.0,83.0
gaslighting,www.arrajol.com,0,1,0.0,44.0
gaslighting,atc.org,1,1,1.0,49.0
gaslighting,w.thaiall.com,0,1,0.0,40.0
gaslighting,www2.scholastic.ca,0,1,0.0,74.0
gaslighting,donnafasano.com,0,1,0.0,37.0
gaslighting,www.ip.usp.br,1,1,1.0,88.0
gaslighting,www.researchgate.net,0,1,0.0,93.0
gaslighting,brieschmidt.com,0,1,0.0,5.0
gaslighting,www.kendallcmcd.com,0,1,0.0,0.0
gaslighting,www.helenhoang.com,0,1,0.0,49.0
gaslighting,www.shopethical.org.au,0,1,0.0,0.2
gaslighting,www.selfapy.com,0,1,0.0,59.0
gaslighting,www.rogerebert.com,1,1,1.0,81.0
gaslighting,alittlebitculty.com,0,1,0.0,38.0
gaslighting,wydawnictwoagora.pl,1,1,1.0,48.0
gaslighting,vdl.org.au,1,1,1.0,28.0
gaslighting,psicolaria.cl,0,1,0.0,1.3
gaslighting,newsroom.clevelandclinic.org,0,1,0.0,92.0
gaslighting,www.newjerseystage.com,0,1,0.0,70.0
gaslighting,www.collectivelyweheal.com,0,1,0.0,10.0
gaslighting,urbanthesaurus.org,0,1,0.0,24.0
gaslighting,www.tvguide.com,0,1,0.0,79.0
gaslighting,nontechceo.co.uk,1,1,1.0,0.0
gaslighting,www.overdrive.com,0,1,0.0,85.0
gaslighting,www.beyondthebookends.com,0,1,0.0,34.0
gaslighting,streetsmartsafety.org,0,1,0.0,5.0
gaslighting,www.standard.co.uk,1,1,1.0,89.0
gaslighting,s1.propertyindustryeye.com,0,1,0.0,70.0
gaslighting,shannonthomas.com,0,1,0.0,19.0
gaslighting,www.christianpost.com,0,1,0.0,80.0
gaslighting,read.macmillan.com,0,1,0.0,86.0
gaslighting,repositorio.ufmg.br,1,1,1.0,81.0
gaslighting,www.skriuwer.com,1,1,1.0,26.0
gaslighting,www.readingzone.com,0,1,0.0,51.0
gaslighting,torpublishinggroup.com,0,1,0.0,61.0
gaslighting,www.allocine.fr,0,1,0.0,85.0
gaslighting,www.abebooks.com,0,1,0.0,86.0
gaslighting,collection.sciencemuseumgroup.org.uk,0,1,0.0,77.0
gaslighting,www.sumupth.com,0,1,0.0,7.0
gaslighting,www.acibadem.com.tr,0,1,0.0,74.0
gaslighting,www.medme.pl,1,1,1.0,62.0
gaslighting,www.hollowknight.com,1,1,1.0,62.0
gaslighting,www.abookloversdigest.com,0,1,0.0,0.0
gaslighting,www.jpc.de,0,1,0.0,80.0
gaslighting,explore.st-aug.edu,0,1,0.0,56.0
gaslighting,www.albanylawreview.org,0,1,0.0,46.0
gaslighting,ayudapsicologica.co,1,1,1.0,19.0
gaslighting,store.steampowered.com,1,1,1.0,93.0
gaslighting,pl.reddit.com,0,1,0.0,95.0
gaslighting,bookshop.org,0,1,0.0,91.0
gaslighting,elementsofstory.com,1,1,1.0,0.0
gaslighting,about.me,1,1,1.0,90.0
gaslighting,creators.spotify.com,0,1,0.0,95.0
gaslighting,brainmanager.io,0,1,0.0,40.0
gaslighting,ndl.ethernet.edu.et,0,1,0.0,65.0
gaslighting,folkstory.com,0,1,0.0,40.0
gaslighting,www.canada.ca,0,1,0.0,93.0
gaslighting,thehonestmillennial.wordpress.com,0,1,0.0,96.0
gaslighting,blog.apaonline.org,0,1,0.0,73.0
gaslighting,www.soompi.com,1,1,1.0,75.0
gaslighting,www.mamamia.com.au,0,1,0.0,77.0
gaslighting,www.lanacion.com.ar,0,1,0.0,86.0
gaslighting,bn.org.pl,1,1,1.0,74.0
gaslighting,www.news24.com,0,1,0.0,84.0
gaslighting,www.be-salt.com,1,1,1.0,43.0
gaslighting,sheltersafe.ca,0,1,0.0,68.0
gaslighting,www.avancepsicologos.com,0,1,0.0,37.0
gaslighting,podscripts.co,0,1,0.0,52.0
gaslighting,www.g2.com,0,1,0.0,91.0
gaslighting,www.healthdirect.gov.au,1,1,1.0,87.0
gaslighting,chilepsicologos.cl,0,1,0.0,30.0
gaslighting,teatimelit.com,0,1,0.0,14.0
gaslighting,www.redflagdata.com,0,1,0.0,0.0
gaslighting,patents.google.com,0,1,0.0,100.0
gaslighting,www.whats-on-netflix.com,0,1,0.0,74.0
gaslighting,www.churchofjesuschrist.org,1,1,1.0,86.0
gaslighting,nypost.com,1,1,1.0,91.0
gaslighting,www.nestle.co.uk,0,1,0.0,71.0
gaslighting,www.kriso.ee,0,1,0.0,49.0
gaslighting,yougov.com,0,1,0.0,89.0
gaslighting,www.womenslaw.org,0,1,0.0,76.0
gaslighting,www.aljazeera.net,0,1,0.0,82.0
gaslighting,williamsburgtherapygroup.com,0,1,0.0,39.0
gaslighting,www.psico.org,0,1,0.0,55.0
gaslighting,ratedreads.com,0,1,0.0,26.0
gaslighting,keithlovesmovies.com,0,1,0.0,26.0
gaslighting,www.netgalley.com,0,1,0.0,76.0
gaslighting,dailydot.com,0,1,0.0,82.0
gaslighting,eli.gov.pl,1,1,1.0,74.0
gaslighting,www.slashfilm.com,1,1,1.0,79.0
gaslighting,www.esafety.gov.au,0,1,0.0,85.0
gaslighting,ffxiv.consolegameswiki.com,0,1,0.0,65.0
gaslighting,www.lavanguardia.com,1,1,1.0,88.0
gaslighting,no.reddit.com,0,1,0.0,95.0
gaslighting,greerhendricks.com,0,1,0.0,12.0
gaslighting,studiolab.northwestern.edu,0,1,0.0,90.0
gaslighting,www.mccc.edu,1,1,1.0,63.0
gaslighting,iris.who.int,1,1,1.0,93.0
gaslighting,dorsettheatrefestival.org,0,1,0.0,43.0
gaslighting,ipredator.co,0,1,0.0,34.0
gaslighting,www.studocu.com,0,1,0.0,77.0
gaslighting,www.indulgexpress.com,0,1,0.0,73.0
gaslighting,www.swimcheck.com,0,1,0.0,26.0
gaslighting,wegotthiscovered.com,0,1,0.0,73.0
gaslighting,www.gabriellesands.com,0,1,0.0,4.6
gaslighting,booksthatslay.com,0,1,0.0,26.0
gaslighting,nationalboardofreview.org,0,1,0.0,55.0
gaslighting,www.sfchronicle.com,1,1,1.0,88.0
gaslighting,northlight.org,0,1,0.0,44.0
gaslighting,hellojesus.app,0,1,0.0,0.3
gaslighting,7news.com.au,0,1,0.0,80.0
gaslighting,www.helpguide.org,1,1,1.0,87.0
gaslighting,www.tamindir.com,0,1,0.0,71.0
gaslighting,thecritic.co.uk,0,1,0.0,71.0
gaslighting,www.awesomebooks.com,0,1,0.0,60.0
gaslighting,www.lfcc.tv,1,1,1.0,24.0
gaslighting,www.salon.com,1,1,1.0,87.0
gaslighting,www.alternatememories.com,0,1,0.0,19.0
gaslighting,www.berkshirehathaway.com,1,1,1.0,80.0
gaslighting,heavenlybookish.be,0,1,0.0,6.0
gaslighting,www.arageek.com,0,1,0.0,64.0
gaslighting,booksnconversations.wordpress.com,0,1,0.0,96.0
gaslighting,thelockedtomb.fandom.com,0,1,0.0,92.0
gaslighting,psychologydiary.com,1,1,1.0,10.0
gaslighting,www.goodtherapy.org,0,1,0.0,84.0
gaslighting,drnae.com,1,1,1.0,35.0
gaslighting,www.simonandschuster.com,0,1,0.0,88.0
gaslighting,rouselawyers.com.au,0,1,0.0,13.0
gaslighting,www.who.int,0,1,0.0,93.0
gaslighting,thebalancecollective.co.uk,0,1,0.0,24.0
gaslighting,www.psic.it,0,1,0.0,0.6
gaslighting,jamanetwork.com,0,1,0.0,91.0
gaslighting,blogs.bcm.edu,1,1,1.0,81.0
gaslighting,www.szotar.net,0,1,0.0,46.0
gaslighting,www.calendar-canada.ca,0,1,0.0,28.0
gaslighting,www.criterion.com,0,1,0.0,78.0
gaslighting,www.calendar-australia.com,1,1,1.0,33.0
gaslighting,www.uniroma1.it,0,1,0.0,82.0
gaslighting,cannonballread.com,0,1,0.0,38.0
gaslighting,www.cambridge.org,0,1,0.0,92.0
gaslighting,www.scholastic.ca,0,1,0.0,74.0
gaslighting,es.reddit.com,0,1,0.0,95.0
gaslighting,it.wikipedia.org,0,1,0.0,97.0
gaslighting,uptogames.net,1,1,1.0,33.0
gaslighting,www.usmagazine.com,0,1,0.0,84.0
gaslighting,www.dreamwell.com,0,1,0.0,13.0
gaslighting,www.doctoralia.es,0,1,0.0,83.0
gaslighting,multiversodoleitor.com.br,0,1,0.0,0.0
gaslighting,www.beaut.ie,0,1,0.0,35.0
gaslighting,www.gov.uk,0,1,0.0,94.0
gaslighting,www.booksummaryandreview.com,0,1,0.0,6.0
gaslighting,www.secilbayrak.com,0,1,0.0,8.0
gaslighting,www.attractiondiary.com,0,1,0.0,26.0
gaslighting,www.rachelcsykes.com,1,1,1.0,2.4
gaslighting,www.foodstufffinds.co.uk,0,1,0.0,7.0
gaslighting,stephenking.com,0,1,0.0,75.0
gaslighting,www.scielo.br,1,1,1.0,88.0
gaslighting,suffolksexualhealthservice.org.uk,0,1,0.0,33.0
gaslighting,www.wmuk.org,0,1,0.0,61.0
gaslighting,swlondon-healthiertogether.nhs.uk,0,1,0.0,26.0
gaslighting,www.england.nhs.uk,0,1,0.0,89.0
gaslighting,en.wikwik.org,0,1,0.0,44.0
gaslighting,www.seknfind.org,1,1,1.0,18.0
gaslighting,hollowknightsilksong.com,0,1,0.0,64.0
gaslighting,www.craigbeck.com,1,1,1.0,26.0
gaslighting,www.waz.de,1,1,1.0,81.0
gaslighting,www.naukowa.pl,1,1,1.0,32.0
gaslighting,psychologieetserenite.com,0,1,0.0,18.0
gaslighting,www.logodesign.org,0,1,0.0,47.0
gaslighting,kdramaandramen.com,1,1,1.0,1.2
gaslighting,www.osen.co.kr,0,1,0.0,61.0
gaslighting,www.kapakligazetesi.com.tr,0,1,0.0,13.0
gaslighting,rpcse.org,0,1,0.0,0.0
gaslighting,greerhendrickswriter.com,0,1,0.0,0.0
gaslighting,bengali-lighter.org,0,1,0.0,2.2
gaslighting,www.si.edu,0,1,0.0,91.0
gaslighting,nationaldepressionhotline.org,0,1,0.0,55.0
gaslighting,www.stuttgarter-nachrichten.de,0,1,0.0,79.0
gaslighting,lovhind.com,0,1,0.0,28.0
gaslighting,www.1001terapist.com,0,1,0.0,30.0
gaslighting,www.teamcherry.com.au,1,1,1.0,66.0
gaslighting,www.sallyhepworthauthor.com,1,1,1.0,34.0
gaslighting,www.getvoxbrief.com,0,1,0.0,8.0
gaslighting,editorial.rottentomatoes.com,0,1,0.0,87.0
gaslighting,www.uoc.edu,0,1,0.0,79.0
gaslighting,www.birgun.net,0,1,0.0,74.0
gaslighting,211ontario.ca,0,1,0.0,73.0
gaslighting,www.neverletgo.movie,0,1,0.0,25.0
gaslighting,www.lepoint.fr,0,1,0.0,86.0
gaslighting,www.gucluanadolugazetesi.com,0,1,0.0,26.0
gaslighting,my-dailythoughts.com,0,1,0.0,6.0
gaslighting,www.healthcentral.com,0,1,0.0,82.0
gaslighting,www.universalpicturesathome.com,1,1,1.0,76.0
gaslighting,de.wikipedia.org,0,1,0.0,97.0
gaslighting,www.medlineplus.gov,0,1,0.0,91.0
gaslighting,www.jones-massey.com,0,1,0.0,4.2
gaslighting,www.spektrum.de,1,1,1.0,83.0
gaslighting,www.blackflagband.com,1,1,1.0,37.0
gaslighting,www.mentalfloss.com,1,1,1.0,86.0
gaslighting,usa.newonnetflix.info,1,1,1.0,46.0
gaslighting,www.youtube.com,0,1,0.0,99.0
gaslighting,selfhelp.cntw.nhs.uk,0,1,0.0,70.0
gaslighting,sctcoc.org,1,1,1.0,11.0
gaslighting,www.shortform.com,0,1,0.0,72.0
gaslighting,www.hachettebookgroup.com,1,1,1.0,85.0
gaslighting,www.cinebelasartes.com.br,1,1,1.0,38.0
gaslighting,www.nintendo.com,1,1,1.0,90.0
gaslighting,www.techtimes.com,0,1,0.0,84.0
gaslighting,ims.com.br,1,1,1.0,71.0
gaslighting,rabsbookishplanet.wordpress.com,0,1,0.0,96.0
gaslighting,www.mentalhealth.com,0,1,0.0,79.0
gaslighting,www.judgeanthony.com,0,1,0.0,14.0
gaslighting,gyaanstore.com,0,1,0.0,4.5
gaslighting,www.wineverygame.com,0,1,0.0,28.0
gaslighting,www.nhs.uk,0,1,0.0,92.0
gaslighting,www.senat.gov.pl,1,1,1.0,74.0
gaslighting,coe.tcu.edu,1,1,1.0,79.0
gaslighting,uk.reddit.com,0,1,0.0,95.0
gaslighting,cnd.bostonchildrens.org,0,1,0.0,44.0
gaslighting,gesund.bund.de,1,1,1.0,94.0
gaslighting,guilfordjournals.com,0,1,0.0,78.0
gaslighting,www.refinery29.com,1,1,1.0,88.0
gaslighting,everydaypsy.com,0,1,0.0,8.0
gaslighting,rcmp.ca,0,1,0.0,79.0
gaslighting,www.doesthedogdie.com,0,1,0.0,64.0
gaslighting,jazminemedia.com,1,1,1.0,26.0
gaslighting,www.ajnet.me,0,1,0.0,58.0
gaslighting,rainn.org,0,1,0.0,87.0
gaslighting,www.ncbi.nlm.nih.gov,0,1,0.0,95.0
gaslighting,www.andreabartz.com,1,1,1.0,35.0
gaslighting,absolutewrite.com,0,1,0.0,61.0
gaslighting,loudwire.com,0,1,0.0,74.0
gaslighting,www.denofgeek.com,0,1,0.0,78.0
gaslighting,reportwire.org,0,1,0.0,38.0
gaslighting,openlibrary.org,0,1,0.0,86.0
gaslighting,simple.wiktionary.org,0,1,0.0,91.0
gaslighting,www.realsimple.com,1,1,1.0,87.0
gaslighting,inasianspaces.com,0,1,0.0,24.0
gaslighting,www.gbvlearningnetwork.ca,0,1,0.0,55.0
gaslighting,www.attachmentproject.com,1,1,1.0,74.0
gaslighting,psicologos.uno,0,1,0.0,2.8
gaslighting,www.the-independent.com,0,1,0.0,80.0
gaslighting,open.spotify.com,0,1,0.0,95.0
gaslighting,americanhistory.si.edu,1,1,1.0,91.0
gaslighting,uk.headtopics.com,0,1,0.0,74.0
gaslighting,foodsalternative.com,0,1,0.0,1.7
gaslighting,www.dexerto.com,0,1,0.0,79.0
gaslighting,www.un.org,0,1,0.0,93.0
gaslighting,www.themarysue.com,0,1,0.0,77.0
gaslighting,www.bethesda.nhs.uk,0,1,0.0,2.5
gaslighting,mantelligence.com,0,1,0.0,54.0
gaslighting,www.sec.gov,1,1,1.0,92.0
gaslighting,www.symbols.com,0,1,0.0,61.0
gaslighting,www.cinemablend.com,0,1,0.0,79.0
gaslighting,tangerina.uol.com.br,0,1,0.0,91.0
gaslighting,www.risingshadow.net,0,1,0.0,39.0
gaslighting,beyondthespicelevel.com,0,1,0.0,0.0
gaslighting,marketeeronline.co,0,1,0.0,66.0
gaslighting,psychology-spot.com,0,1,0.0,52.0
gaslighting,www.highonfilms.com,0,1,0.0,64.0
gaslighting,www.kimbartosch.com,0,1,0.0,3.9
gaslighting,www.xuletas.es,0,1,0.0,20.0
gaslighting,brewingwriter.com,0,1,0.0,32.0
gaslighting,boingboing.net,1,1,1.0,84.0
gaslighting,www.fictiondb.com,0,1,0.0,50.0
gaslighting,sz-magazin.sueddeutsche.de,0,1,0.0,90.0
gaslighting,www.fbi.gov,0,1,0.0,91.0
gaslighting,bookanalysis.com,0,1,0.0,34.0
gaslighting,www.candyfavorites.com,0,1,0.0,47.0
gaslighting,www.scmp.com,1,1,1.0,90.0
gaslighting,2andahalfminutes.blogspot.com,0,1,0.0,95.0
gaslighting,mandela.blackveilsecurity.com,1,1,1.0,27.0
gaslighting,www.fotlinc.com,0,1,0.0,56.0
gaslighting,www.itv.com,1,1,1.0,88.0
gaslighting,decider.com,0,1,0.0,77.0
gaslighting,www.romancedrop.com,0,1,0.0,0.0
gaslighting,ipsicologo.com,0,1,0.0,6.0
gaslighting,literarytransgressions.wordpress.com,0,1,0.0,96.0
gaslighting,news.xbox.com,0,1,0.0,91.0
gaslighting,pullabook.com,0,1,0.0,0.0
gaslighting,search.worldcat.org,0,1,0.0,88.0
gaslighting,www.thesharonstudio.com,0,1,0.0,31.0
gaslighting,terim.ahmetcadirci.com,0,1,0.0,40.0
gaslighting,www.loc.gov,0,1,0.0,91.0
gaslighting,www.hollywoodfringe.org,0,1,0.0,72.0
gaslighting,emiratipsychologydictionary.com,0,1,0.0,0.0
gaslighting,www.redflag-ai.com,0,1,0.0,0.0
gaslighting,www.iepp.es,0,1,0.0,60.0
gaslighting,relatietherapeutenregister.nl,0,1,0.0,40.0
gaslighting,withmonareda.com,1,1,1.0,4.0
gaslighting,linktr.ee,1,1,1.0,94.0
gaslighting,colegiodepsicologossj.com.ar,0,1,0.0,26.0
gaslighting,www.marriage.com,1,1,1.0,75.0
gaslighting,s.gr-assets.com,0,1,0.0,65.0
gaslighting,www.respondinc.org,0,1,0.0,45.0
gaslighting,www.hilaryfordwrites.com,0,1,0.0,0.0
gaslighting,www.aol.com,0,1,0.0,91.0
gaslighting,www.springnews.co.th,0,1,0.0,68.0
gaslighting,blog.apapubs.org,0,1,0.0,38.0
gaslighting,hampshirecamhs.nhs.uk,0,1,0.0,50.0
gaslighting,www.nordbayern.de,1,1,1.0,80.0
gaslighting,www.moviebreak.de,0,1,0.0,52.0
gaslighting,bip.brpo.gov.pl,1,1,1.0,88.0
gaslighting,www.ladbible.com,0,1,0.0,77.0
gaslighting,villains.fandom.com,1,1,1.0,92.0
gaslighting,www.disboards.com,0,1,0.0,54.0
gaslighting,disney.fandom.com,1,1,1.0,92.0
gaslighting,my.linkedin.com,0,1,0.0,99.0
gaslighting,www.bpcc.edu,1,1,1.0,55.0
gaslighting,www.uol.com.br,1,1,1.0,91.0
gaslighting,thesaurus.altervista.org,0,1,0.0,88.0
gaslighting,www.ingredientinspector.org,0,1,0.0,28.0
gaslighting,www.thereviewgeek.com,1,1,1.0,50.0
gaslighting,share.libbyapp.com,0,1,0.0,79.0
gaslighting,www.linkedin.com,0,1,0.0,99.0
gaslighting,www.cadbury.co.uk,0,1,0.0,72.0
gaslighting,www.gamesradar.com,1,1,1.0,84.0
gaslighting,www.psychstory.co.uk,0,1,0.0,16.0
gaslighting,www.looper.com,1,1,1.0,74.0
gaslighting,lucidita.org,1,1,1.0,0.0
gaslighting,arxiv.org,1,1,1.0,93.0
gaslighting,thebite.aisb.ro,0,1,0.0,29.0
gaslighting,denizciden.com,0,1,0.0,20.0
gaslighting,psychologiawpraktyce.pl,1,1,1.0,49.0
gaslighting,www.empath.ph,0,1,0.0,26.0
gaslighting,busymomsreadtoo.com,0,1,0.0,1.6
gaslighting,www.informapsicologia.com,1,1,1.0,24.0
gaslighting,www.cgomovies.co.uk,0,1,0.0,12.0
gaslighting,www.businessinsider.de,0,1,0.0,82.0
gaslighting,www.socialync.io,1,1,1.0,41.0
gaslighting,www.questionai.com,0,1,0.0,65.0
gaslighting,www.distractify.com,0,1,0.0,76.0
gaslighting,dictionary.reverso.net,0,1,0.0,84.0
gaslighting,book-mojo.com,0,1,0.0,18.0
gaslighting,velev.press,0,1,0.0,18.0
gaslighting,www.aihw.gov.au,1,1,1.0,84.0
gaslighting,meme.com,0,1,0.0,38.0
gaslighting,anlami-nedir.com,0,1,0.0,1.8
gaslighting,anahuang.com,0,1,0.0,37.0
gaslighting,www.brynneweaverbooks.com,0,1,0.0,31.0
gaslighting,www.pna.gov.ph,0,1,0.0,77.0
gaslighting,www.annualreviews.org,1,1,1.0,89.0
gaslighting,www.mashed.com,1,1,1.0,79.0
gaslighting,womenshealth.gov,0,1,0.0,85.0
gaslighting,www.ag.gov.au,0,1,0.0,84.0
gaslighting,www.psicologosberrini.com.br,1,1,1.0,43.0
gaslighting,emprendepsicologo.com,1,1,1.0,18.0
gaslighting,www.cheatsheet.com,0,1,0.0,77.0
gaslighting,www.jennycolgan.com,0,1,0.0,36.0
gaslighting,indypl.bibliocommons.com,0,1,0.0,82.0
gaslighting,www.computerbild.de,0,1,0.0,81.0
gaslighting,mentalhealth.bmj.com,1,1,1.0,92.0
gaslighting,www.barmer.de,0,1,0.0,80.0
gaslighting,www.livraddict.com,0,1,0.0,57.0
gaslighting,www.limetreesurgery.nhs.uk,0,1,0.0,7.0
gaslighting,bt1.health.clevelandclinic.org,0,1,0.0,92.0
gaslighting,lubimyczytac.pl,1,1,1.0,79.0
gaslighting,www.europeanstudios.fr,0,1,0.0,17.0
gaslighting,www.chipchick.com,0,1,0.0,55.0
gaslighting,www.psy.chula.ac.th,1,1,1.0,79.0
gaslighting,elperiodicodelapsicologia.info,0,1,0.0,2.3
gaslighting,digital.admtec.org.br,0,1,0.0,34.0
gaslighting,cgdrews.squarespace.com,1,1,1.0,95.0
gaslighting,www.parliament.vic.gov.au,1,1,1.0,76.0
gaslighting,theplaylist.net,0,1,0.0,75.0
gaslighting,thepractical.co,0,1,0.0,9.0
gaslighting,zpe.gov.pl,1,1,1.0,74.0
gaslighting,filmcolossus.com,0,1,0.0,30.0
gaslighting,wholenessly.com,1,1,1.0,11.0
gaslighting,www.crosswalk.com,0,1,0.0,79.0
gaslighting,www.mamma.com,0,1,0.0,66.0
gaslighting,breeze-wellbeing.com,0,1,0.0,51.0
gaslighting,www.verywellhealth.com,0,1,0.0,90.0
gaslighting,rebeccayarros.com,1,1,1.0,54.0
gaslighting,illumicrate.com,1,1,1.0,52.0
gaslighting,www.simonandschuster.ca,0,1,0.0,71.0
gaslighting,www.ait-praha.cz,0,1,0.0,3.6
gaslighting,www.thelist.com,0,1,0.0,75.0
gaslighting,www.womenshealthmag.com,1,1,1.0,87.0
gaslighting,www.asiae.co.kr,0,1,0.0,79.0
gaslighting,www.soane.org,1,1,1.0,71.0
gaslighting,www.parents.com,1,1,1.0,87.0
gaslighting,blog.tech4schoollibrarians.com,0,1,0.0,5.0
gaslighting,en.reddit.com,0,1,0.0,95.0
gaslighting,katalogi.pbp.poznan.pl,1,1,1.0,86.0
gaslighting,www.psychologies.com,0,1,0.0,80.0
gaslighting,www.wordwebonline.com,0,1,0.0,52.0
gaslighting,music.amazon.ca,0,1,0.0,92.0
gaslighting,www.danielleljensen.com,1,1,1.0,31.0
gaslighting,www.tcm.com,1,1,1.0,77.0
gaslighting,www.emaratalyoum.com,0,1,0.0,70.0
gaslighting,comicvine.gamespot.com,0,1,0.0,86.0
gaslighting,www.oreo.com,0,1,0.0,74.0
gaslighting,www.eater.com,0,1,0.0,90.0
gaslighting,www.ukfilmreview.co.uk,1,1,1.0,67.0
gaslighting,fruitoftheloom.in,0,1,0.0,1.0
gaslighting,furm.com,1,1,1.0,72.0
gaslighting,www.urbandictionary.com,1,1,1.0,88.0
gaslighting,consensualfiction.wordpress.com,0,1,0.0,96.0
gaslighting,www.onthestage.tickets,0,1,0.0,77.0
gaslighting,www.neuronerdsociety.com,0,1,0.0,0.0
gaslighting,brunch.co.kr,0,1,0.0,79.0
gaslighting,neurolaunch.com,1,1,1.0,71.0
gaslighting,www.instyle.com,0,1,0.0,85.0
gaslighting,www.tvinsider.com,1,1,1.0,77.0
gaslighting,www.psychologs.com,0,1,0.0,56.0
gaslighting,www.bettermindthailand.com,1,1,1.0,12.0
gaslighting,www.wellandgood.com,0,1,0.0,83.0
gaslighting,bibleask.org,0,1,0.0,40.0
gaslighting,cineramble.com,0,1,0.0,1.1
gaslighting,www.mindbodygreen.com,0,1,0.0,85.0
gaslighting,menwomenpsychology.com,0,1,0.0,0.8
gaslighting,www.thedailymeal.com,0,1,0.0,79.0
gaslighting,yourstory.com,1,1,1.0,85.0
gaslighting,booklovinmamas.net,0,1,0.0,11.0
gaslighting,storymaps.arcgis.com,0,1,0.0,92.0
gaslighting,reportandsupport.kcl.ac.uk,0,1,0.0,87.0
gaslighting,www.slangsphere.com,1,1,1.0,28.0
gaslighting,raq.org.au,0,1,0.0,59.0
gaslighting,www.jstor.org,0,1,0.0,91.0
gaslighting,www.trustpilot.com,0,1,0.0,94.0
gaslighting,extra.ie,0,1,0.0,67.0
gaslighting,moodlitlounge.com,0,1,0.0,0.0
gaslighting,onurcansiz.com,0,1,0.0,2.6
gaslighting,old.reddit.com,0,1,0.0,95.0
gaslighting,www.vice.com,0,1,0.0,91.0
gaslighting,forums.wdwmagic.com,0,1,0.0,56.0
gaslighting,www.mynet.com,0,1,0.0,77.0
gaslighting,boards.straightdope.com,0,1,0.0,76.0
gaslighting,store.playstation.com,0,1,0.0,91.0
gaslighting,arabpsychology.com,0,1,0.0,47.0
gaslighting,unity.com,0,1,0.0,91.0
gaslighting,www.tomsguide.com,0,1,0.0,87.0
gaslighting,enjoy-korea.net,0,1,0.0,0.8
gaslighting,www.denizbulten.com,0,1,0.0,31.0
gaslighting,laws-lois.justice.gc.ca,0,1,0.0,90.0
gaslighting,www.tckpublishing.com,0,1,0.0,65.0
gaslighting,www.macys.com,0,1,0.0,85.0
gaslighting,www.bookrags.com,0,1,0.0,64.0
gaslighting,ne-demek.com.tr,0,1,0.0,6.0
gaslighting,db.arabpsychology.com,0,1,0.0,47.0
gaslighting,psicologoenchamberi.es,0,1,0.0,1.4
gaslighting,www.tenasia.co.kr,1,1,1.0,53.0
gaslighting,queenslandtheatre.com.au,0,1,0.0,53.0
gaslighting,www.marineden.com,0,1,0.0,0.5
gaslighting,jornal.usp.br,1,1,1.0,88.0
gaslighting,sr.reddit.com,0,1,0.0,95.0
gaslighting,www.sinful-stories.com,0,1,0.0,0.0
doomscrolling,www.theguardian.com,24,41,0.5854,93.0
doomscrolling,www.cbsnews.com,14,30,0.4667,92.0
doomscrolling,www.euronews.com,8,22,0.3636,90.0
doomscrolling,www.fastcompany.com,6,21,0.2857,92.0
doomscrolling,www.reddit.com,11,20,0.55,95.0
doomscrolling,dictionary.cambridge.org,9,17,0.5294,92.0
doomscrolling,www.businessinsider.com,10,17,0.5882,92.0
doomscrolling,journals.sagepub.com,7,14,0.5,92.0
doomscrolling,www.axios.com,4,12,0.3333,91.0
doomscrolling,www.abc.net.au,4,11,0.3636,91.0
doomscrolling,knowyourmeme.com,6,11,0.5455,86.0
doomscrolling,www.whistleout.com,2,11,0.1818,69.0
doomscrolling,pubmed.ncbi.nlm.nih.gov,5,11,0.4545,95.0
doomscrolling,vertu.com,1,10,0.1,70.0
doomscrolling,www.hmd.com,4,9,0.4444,73.0
doomscrolling,www.youtube.com,0,9,0.0,99.0
doomscrolling,www.tuaw.com,1,9,0.1111,76.0
doomscrolling,www.oxfordlearnersdictionaries.com,7,8,0.875,81.0
doomscrolling,www.easterneye.biz,2,8,0.25,65.0
doomscrolling,www.androidcentral.com,7,8,0.875,83.0
doomscrolling,www.collinsdictionary.com,5,7,0.7143,86.0
doomscrolling,www.hindustantimes.com,3,7,0.4286,89.0
doomscrolling,www.vogue.com,4,7,0.5714,91.0
doomscrolling,www.techradar.com,1,7,0.1429,91.0
doomscrolling,www.washingtonpost.com,5,7,0.7143,93.0
doomscrolling,www.accio.com,0,7,0.0,76.0
doomscrolling,en.wiktionary.org,2,7,0.2857,91.0
doomscrolling,en.wikipedia.org,5,7,0.7143,97.0
doomscrolling,tech.yahoo.com,3,7,0.4286,94.0
doomscrolling,apps.apple.com,5,6,0.8333,97.0
doomscrolling,www.laptopmag.com,0,6,0.0,78.0
doomscrolling,www.gadgetreview.com,0,6,0.0,72.0
doomscrolling,www.techopedia.com,0,6,0.0,87.0
doomscrolling,www.aol.com,2,6,0.3333,91.0
doomscrolling,apnews.com,4,6,0.6667,92.0
doomscrolling,fortune.com,4,6,0.6667,91.0
doomscrolling,trotons.com,0,5,0.0,20.0
doomscrolling,www.theatlantic.com,2,5,0.4,91.0
doomscrolling,www.independent.co.uk,2,5,0.4,91.0
doomscrolling,skibiditimes.com,1,5,0.2,15.0
doomscrolling,www.merriam-webster.com,2,5,0.4,91.0
doomscrolling,www.wokewaves.com,0,5,0.0,64.0
doomscrolling,digitaldigest.com,0,5,0.0,24.0
doomscrolling,www.indiatimes.com,2,5,0.4,92.0
doomscrolling,news.westernu.ca,3,5,0.6,70.0
doomscrolling,pro.morningconsult.com,2,5,0.4,83.0
doomscrolling,www.tomsguide.com,2,5,0.4,87.0
doomscrolling,www.knitpro.eu,1,5,0.2,57.0
doomscrolling,pmc.ncbi.nlm.nih.gov,1,5,0.2,95.0
doomscrolling,mwnlifestyle.com,0,4,0.0,29.0
doomscrolling,analogbag.net,0,4,0.0,7.0
doomscrolling,play.google.com,2,4,0.5,100.0
doomscrolling,store.steampowered.com,4,4,1.0,93.0
doomscrolling,www.sbs.com.au,3,4,0.75,87.0
doomscrolling,www.instagram.com,0,4,0.0,100.0
doomscrolling,www.cosmo.ph,0,4,0.0,64.0
doomscrolling,www.dictionary.com,0,4,0.0,90.0
doomscrolling,keyphone.tech,0,4,0.0,25.0
doomscrolling,www.deseret.com,0,4,0.0,84.0
doomscrolling,www.theverge.com,4,4,1.0,92.0
doomscrolling,dictionary.reverso.net,0,4,0.0,84.0
doomscrolling,www.stuff.tv,0,4,0.0,74.0
doomscrolling,www.forbes.com,0,4,0.0,94.0
doomscrolling,indianexpress.com,1,4,0.25,89.0
doomscrolling,www.bigissue.com,2,3,0.6667,78.0
doomscrolling,www.pymnts.com,0,3,0.0,88.0
doomscrolling,www.lofficielusa.com,2,3,0.6667,75.0
doomscrolling,goonlife.com,0,3,0.0,0.0
doomscrolling,www.netzwelt.de,1,3,0.3333,77.0
doomscrolling,en.futuroprossimo.it,0,3,0.0,53.0
doomscrolling,brainstamped.com,0,3,0.0,0.3
doomscrolling,www.weforum.org,0,3,0.0,92.0
doomscrolling,techboltx.com,0,3,0.0,7.0
doomscrolling,es.euronews.com,3,3,1.0,90.0
doomscrolling,nypost.com,1,3,0.3333,91.0
doomscrolling,www.whowhatwear.com,2,3,0.6667,84.0
doomscrolling,thewishliststore.com.au,0,3,0.0,0.0
doomscrolling,www.facebook.com,0,3,0.0,100.0
doomscrolling,openthemagazine.com,3,3,1.0,71.0
doomscrolling,what-kate-made.com,1,3,0.3333,3.6
doomscrolling,corp.oup.com,3,3,1.0,92.0
doomscrolling,view.asiae.co.kr,2,3,0.6667,79.0
doomscrolling,www.ft.com,2,3,0.6667,92.0
doomscrolling,de.wikipedia.org,1,3,0.3333,97.0
doomscrolling,weekly.blog.gustavus.edu,0,3,0.0,71.0
doomscrolling,www.wired.com,2,3,0.6667,92.0
doomscrolling,umycrochet.com,0,3,0.0,18.0
doomscrolling,twit.tv,0,3,0.0,79.0
doomscrolling,www.scmp.com,1,3,0.3333,90.0
doomscrolling,shop.tiktok.com,0,3,0.0,97.0
doomscrolling,imfirenzedigest.com,0,3,0.0,26.0
doomscrolling,www.outlierreport.com,0,3,0.0,1.4
doomscrolling,www.pewresearch.org,1,3,0.3333,92.0
doomscrolling,www.goodhousekeeping.com,3,3,1.0,90.0
doomscrolling,www.crosswalk.com,0,3,0.0,79.0
doomscrolling,stacker.com,0,3,0.0,77.0
doomscrolling,www.channelnewsasia.com,0,3,0.0,87.0
doomscrolling,9to5mac.com,2,3,0.6667,87.0
doomscrolling,digitalhistories.kennesaw.edu,2,3,0.6667,79.0
doomscrolling,geng.gg,0,3,0.0,48.0
doomscrolling,citizen.digital,2,3,0.6667,73.0
doomscrolling,www.alibaba.com,0,3,0.0,92.0
doomscrolling,www.trillmag.com,0,2,0.0,57.0
doomscrolling,inithabits.com,1,2,0.5,14.0
doomscrolling,www.aarp.org,1,2,0.5,91.0
doomscrolling,culturacolectiva.com,1,2,0.5,71.0
doomscrolling,www.aok.de,2,2,1.0,86.0
doomscrolling,medlineplus.gov,1,2,0.5,91.0
doomscrolling,www.sciencedirect.com,1,2,0.5,94.0
doomscrolling,www.elcomercio.com,1,2,0.5,76.0
doomscrolling,howtosayguide.com,0,2,0.0,21.0
doomscrolling,katiecouric.com,0,2,0.0,75.0
doomscrolling,the-gadgeteer.com,0,2,0.0,75.0
doomscrolling,steamcommunity.com,2,2,1.0,91.0
doomscrolling,www.meltwater.com,0,2,0.0,87.0
doomscrolling,www.scribd.com,0,2,0.0,91.0
doomscrolling,x.com,0,2,0.0,97.0
doomscrolling,www.timeslive.co.za,1,2,0.5,79.0
doomscrolling,doi.org,0,2,0.0,94.0
doomscrolling,www.indiatoday.in,2,2,1.0,86.0
doomscrolling,www.techarabinda.in,0,2,0.0,0.0
doomscrolling,rri.co.id,0,2,0.0,77.0
doomscrolling,economictimes.indiatimes.com,0,2,0.0,92.0
doomscrolling,www.techspot.com,0,2,0.0,82.0
doomscrolling,time.com,2,2,1.0,92.0
doomscrolling,electronics.sony.com,1,2,0.5,88.0
doomscrolling,www.t-mobile.com,0,2,0.0,87.0
doomscrolling,www.bgr.com,0,2,0.0,82.0
doomscrolling,gen.pro,0,2,0.0,32.0
doomscrolling,lolesports.com,0,2,0.0,76.0
doomscrolling,www.which.co.uk,0,2,0.0,89.0
doomscrolling,koreajoongangdaily.joins.com,0,2,0.0,82.0
doomscrolling,www.psychologytoday.com,1,2,0.5,93.0
doomscrolling,www.idropnews.com,0,2,0.0,61.0
doomscrolling,www.irishexaminer.com,1,2,0.5,82.0
doomscrolling,www.realsimple.com,2,2,1.0,87.0
doomscrolling,www.the-independent.com,1,2,0.5,80.0
doomscrolling,open.spotify.com,0,2,0.0,95.0
doomscrolling,rollingstoneindia.com,1,2,0.5,71.0
doomscrolling,nibble-app.com,0,2,0.0,56.0
doomscrolling,productifyapp.org,0,2,0.0,6.0
doomscrolling,linglify.com,0,2,0.0,0.1
doomscrolling,www.nssmag.com,0,2,0.0,72.0
doomscrolling,goong.com,0,2,0.0,32.0
doomscrolling,www.bworldonline.com,1,2,0.5,78.0
doomscrolling,crochelly.com,0,2,0.0,0.0
doomscrolling,meme.com,1,2,0.5,38.0
doomscrolling,timesofindia.indiatimes.com,0,2,0.0,92.0
doomscrolling,www.highspeedoptions.com,0,2,0.0,67.0
doomscrolling,www.irishtimes.com,1,2,0.5,89.0
doomscrolling,www.nhm.ac.uk,2,2,1.0,84.0
doomscrolling,wou.edu,1,2,0.5,72.0
doomscrolling,www.vox.com,2,2,1.0,91.0
doomscrolling,unanswered.io,0,2,0.0,28.0
doomscrolling,slangdefine.org,0,2,0.0,56.0
doomscrolling,www.healthline.com,2,2,1.0,92.0
doomscrolling,www.trendhunter.com,0,2,0.0,82.0
doomscrolling,www.koreatimes.co.kr,0,2,0.0,82.0
doomscrolling,techxplore.com,1,2,0.5,80.0
doomscrolling,www.backmarket.ie,1,2,0.5,44.0
doomscrolling,slang.net,0,2,0.0,59.0
doomscrolling,medium.com,0,2,0.0,94.0
doomscrolling,dumbphones.co.in,0,2,0.0,1.6
doomscrolling,www.fzine.com,0,2,0.0,44.0
doomscrolling,www.thebanner.com,0,2,0.0,76.0
doomscrolling,hj.diva-portal.org,0,1,0.0,86.0
doomscrolling,uk.trustpilot.com,1,1,1.0,94.0
doomscrolling,englishstudyhere.com,1,1,1.0,31.0
doomscrolling,asianwiki.com,0,1,0.0,71.0
doomscrolling,www.getjar.com,0,1,0.0,66.0
doomscrolling,m.economictimes.com,0,1,0.0,82.0
doomscrolling,subtleasiantreats.com,0,1,0.0,42.0
doomscrolling,www.morso.app,0,1,0.0,14.0
doomscrolling,www.thegoodtrade.com,1,1,1.0,77.0
doomscrolling,www.cdc.gov,1,1,1.0,94.0
doomscrolling,mobygeek.com,0,1,0.0,33.0
doomscrolling,www.nbclosangeles.com,0,1,0.0,82.0
doomscrolling,www.christianity.com,0,1,0.0,79.0
doomscrolling,fintechasia.net,0,1,0.0,66.0
doomscrolling,www.niaaa.nih.gov,0,1,0.0,95.0
doomscrolling,www.nationalgeographic.com,1,1,1.0,91.0
doomscrolling,www.vam.ac.uk,1,1,1.0,87.0
doomscrolling,magnetic.media,0,1,0.0,42.0
doomscrolling,arc-nenc.nihr.ac.uk,1,1,1.0,84.0
doomscrolling,t-j.ru,1,1,1.0,76.0
doomscrolling,www.lemon8-app.com,0,1,0.0,81.0
doomscrolling,www.ap.org,1,1,1.0,86.0
doomscrolling,phonelockboxes.com,0,1,0.0,2.0
doomscrolling,gamefaqs.gamespot.com,0,1,0.0,86.0
doomscrolling,www.fda.gov,0,1,0.0,93.0
doomscrolling,opalcool.com,0,1,0.0,26.0
doomscrolling,www.clickorlando.com,0,1,0.0,79.0
doomscrolling,www.aztecaqueretaro.com,0,1,0.0,19.0
doomscrolling,graziamagazine.com,0,1,0.0,76.0
doomscrolling,baylorlariat.com,0,1,0.0,62.0
doomscrolling,www.cornellsun.com,0,1,0.0,73.0
doomscrolling,wortbedeutung-sciodoo.de,0,1,0.0,6.0
doomscrolling,techcrunch.com,0,1,0.0,92.0
doomscrolling,www.fortunechina.com,0,1,0.0,71.0
doomscrolling,www.fox13news.com,1,1,1.0,79.0
doomscrolling,dictionaryblog.cambridge.org,0,1,0.0,92.0
doomscrolling,englishhubplus.com,1,1,1.0,0.0
doomscrolling,www.mayoclinic.org,1,1,1.0,92.0
doomscrolling,herlify.com,0,1,0.0,0.0
doomscrolling,dearwander.com,0,1,0.0,1.6
doomscrolling,inet.detik.com,0,1,0.0,88.0
doomscrolling,nerdsip.com,0,1,0.0,40.0
doomscrolling,ricedigital.co.uk,1,1,1.0,41.0
doomscrolling,www.mckinsey.com,1,1,1.0,92.0
doomscrolling,sunbeamwireless.com,0,1,0.0,42.0
doomscrolling,screenfreezone.com,0,1,0.0,0.1
doomscrolling,pets.mail.ru,0,1,0.0,92.0
doomscrolling,www.chosun.com,0,1,0.0,85.0
doomscrolling,www.bestplushtoysfactory.com,0,1,0.0,0.0
doomscrolling,opallmt.com,0,1,0.0,1.0
doomscrolling,characters.fandom.com,0,1,0.0,92.0
doomscrolling,www.researchgate.net,0,1,0.0,93.0
doomscrolling,www.browardhealth.org,0,1,0.0,65.0
doomscrolling,www.techdetoxbox.com,0,1,0.0,18.0
doomscrolling,caffeyolly.com,0,1,0.0,51.0
doomscrolling,legalknowledgebase.com,1,1,1.0,25.0
doomscrolling,www.rogerebert.com,1,1,1.0,81.0
doomscrolling,www.ipsos.com,0,1,0.0,89.0
doomscrolling,shopping.yahoo.com,1,1,1.0,94.0
doomscrolling,www.abbreviations.com,0,1,0.0,69.0
doomscrolling,abcfitness.com,1,1,1.0,75.0
doomscrolling,bitchesoverdramas.com,0,1,0.0,15.0
doomscrolling,stand.ucla.edu,1,1,1.0,91.0
doomscrolling,www.kcra.com,0,1,0.0,78.0
doomscrolling,www.glamourmagazine.co.uk,0,1,0.0,81.0
doomscrolling,techconnect.city,0,1,0.0,26.0
doomscrolling,www.channelnews.com.au,0,1,0.0,69.0
doomscrolling,mobileworld24.pl,1,1,1.0,14.0
doomscrolling,talkmobile.co.uk,0,1,0.0,49.0
doomscrolling,russiatoday.ru,0,1,0.0,43.0
doomscrolling,www.life.lk,0,1,0.0,38.0
doomscrolling,support.riseguide.com,0,1,0.0,38.0
doomscrolling,uptownman.substack.com,0,1,0.0,94.0
doomscrolling,ru.euronews.com,1,1,1.0,90.0
doomscrolling,onlockbox.com,0,1,0.0,0.8
doomscrolling,bestbuyguidebook.com,0,1,0.0,4.0
doomscrolling,qz.com,1,1,1.0,90.0
doomscrolling,www.abbreviationfinder.org,0,1,0.0,46.0
doomscrolling,papers.ssrn.com,1,1,1.0,91.0
doomscrolling,eltiempolatino.com,0,1,0.0,60.0
doomscrolling,www.fairphone.com,0,1,0.0,78.0
doomscrolling,www.walmart.com,0,1,0.0,92.0
doomscrolling,www.exeterenigma.com,0,1,0.0,15.0
doomscrolling,stacks.cdc.gov,0,1,0.0,94.0
doomscrolling,www.pearson.com,1,1,1.0,87.0
doomscrolling,chr.ewaoa.com,1,1,1.0,5.0
doomscrolling,www.consumerreports.org,1,1,1.0,90.0
doomscrolling,www.hplbd.com,0,1,0.0,55.0
doomscrolling,archive.cdc.gov,0,1,0.0,94.0
doomscrolling,www.citizen.co.za,0,1,0.0,77.0
doomscrolling,mobilestalk.net,0,1,0.0,13.0
doomscrolling,bilimsaray.kz,0,1,0.0,33.0
doomscrolling,www.ibtimes.co.uk,0,1,0.0,82.0
doomscrolling,www.countrylife.co.uk,0,1,0.0,75.0
doomscrolling,www.ksl.com,0,1,0.0,82.0
doomscrolling,www.acronymfinder.com,0,1,0.0,74.0
doomscrolling,yougov.com,1,1,1.0,89.0
doomscrolling,www.bestproducts.com,0,1,0.0,75.0
doomscrolling,mindsightnow.com,0,1,0.0,37.0
doomscrolling,scatteredsquirrel.com,0,1,0.0,36.0
doomscrolling,gamerz-forum.com,0,1,0.0,26.0
doomscrolling,www.mentalhealth.org.uk,1,1,1.0,87.0
doomscrolling,stockx.com,1,1,1.0,80.0
doomscrolling,daily.afisha.ru,1,1,1.0,80.0
doomscrolling,www.aap.org,0,1,0.0,90.0
doomscrolling,corporate.sanrio.co.jp,0,1,0.0,77.0
doomscrolling,www.fashionrella.com,1,1,1.0,0.2
doomscrolling,www.cosmopolitan.com,1,1,1.0,89.0
doomscrolling,www.danskindustri.dk,0,1,0.0,82.0
doomscrolling,rpp.pe,0,1,0.0,77.0
doomscrolling,grattanstreetpress.com,0,1,0.0,30.0
doomscrolling,lenta.ru,0,1,0.0,83.0
doomscrolling,m.earticle.net,0,1,0.0,66.0
doomscrolling,www.androidauthority.com,1,1,1.0,85.0
doomscrolling,journals.plos.org,1,1,1.0,92.0
doomscrolling,sites.prh.com,0,1,0.0,77.0
doomscrolling,www.thevibes.com,0,1,0.0,65.0
doomscrolling,www.idsnews.com,1,1,1.0,72.0
doomscrolling,letsdatascience.com,0,1,0.0,65.0
doomscrolling,gulfnews.com,0,1,0.0,85.0
doomscrolling,gachapara.jp,0,1,0.0,6.0
doomscrolling,electronics.alibaba.com,0,1,0.0,92.0
doomscrolling,fashionmagazine.com,0,1,0.0,74.0
doomscrolling,www.nbcdfw.com,1,1,1.0,82.0
doomscrolling,journal.bakrie.ac.id,0,1,0.0,63.0
doomscrolling,www.nbcconnecticut.com,0,1,0.0,78.0
doomscrolling,support.fairphone.com,0,1,0.0,78.0
doomscrolling,www.moderndaymoms.com,0,1,0.0,32.0
doomscrolling,www.explorethepast.co.uk,1,1,1.0,38.0
doomscrolling,www.techrepublic.com,0,1,0.0,89.0
doomscrolling,spartanshield.org,0,1,0.0,26.0
doomscrolling,www.globastation.com,0,1,0.0,0.0
doomscrolling,informecolombia.com,0,1,0.0,29.0
doomscrolling,www.retail-week.com,0,1,0.0,76.0
doomscrolling,lockabox.com,1,1,1.0,16.0
doomscrolling,riseguide.com,0,1,0.0,38.0
doomscrolling,www.marketingcharts.com,0,1,0.0,84.0
doomscrolling,mediaindonesia.com,0,1,0.0,79.0
doomscrolling,www.mykawaiitoys.com,0,1,0.0,0.0
doomscrolling,www.giga.de,0,1,0.0,80.0
doomscrolling,advertise.aarp.org,0,1,0.0,91.0
doomscrolling,www.byrdie.com,0,1,0.0,85.0
doomscrolling,enviroliteracy.org,0,1,0.0,66.0
doomscrolling,shop.boox.com,1,1,1.0,69.0
doomscrolling,www.rottentomatoes.com,1,1,1.0,87.0
doomscrolling,www.swlondoner.co.uk,0,1,0.0,65.0
doomscrolling,es.wikipedia.org,0,1,0.0,97.0
doomscrolling,www.informador.mx,0,1,0.0,74.0
doomscrolling,builtin.com,0,1,0.0,86.0
doomscrolling,www.broadwcast.org,0,1,0.0,16.0
doomscrolling,www.consumer.org.nz,1,1,1.0,75.0
doomscrolling,www.bustle.com,0,1,0.0,88.0
doomscrolling,jongordon.com,1,1,1.0,64.0
doomscrolling,www.heights.com,0,1,0.0,54.0
doomscrolling,english.dainikjagranmpcg.com,0,1,0.0,45.0
doomscrolling,www.seattlepi.com,0,1,0.0,80.0
doomscrolling,www.shropshirestar.com,1,1,1.0,74.0
doomscrolling,umatechnology.org,0,1,0.0,56.0
doomscrolling,www.computerwoche.de,0,1,0.0,80.0
doomscrolling,www.startup.ai,0,1,0.0,8.0
doomscrolling,odishatv.in,0,1,0.0,64.0
doomscrolling,us.forums.blizzard.com,0,1,0.0,87.0
doomscrolling,www.costume-shop.com,0,1,0.0,26.0
doomscrolling,wtop.com,1,1,1.0,82.0
doomscrolling,puirp.com,0,1,0.0,33.0
doomscrolling,www.globenewswire.com,1,1,1.0,92.0
doomscrolling,www.in.gr,0,1,0.0,75.0
doomscrolling,www.clicksphone.com,1,1,1.0,40.0
doomscrolling,www.europapress.es,1,1,1.0,86.0
doomscrolling,www.jnjmedicalconnect.com,0,1,0.0,59.0
doomscrolling,www.techinsights.com,0,1,0.0,76.0
doomscrolling,jamesclear.com,1,1,1.0,86.0
doomscrolling,gamerevenuedata.com,0,1,0.0,0.0
doomscrolling,lsa.umich.edu,0,1,0.0,91.0
doomscrolling,www.examword.com,0,1,0.0,33.0
doomscrolling,www.x-kom.pl,1,1,1.0,73.0
doomscrolling,www.foxnews.com,1,1,1.0,91.0
doomscrolling,www.humaneworld.org,0,1,0.0,86.0
doomscrolling,www.nbcnews.com,0,1,0.0,91.0
doomscrolling,www.kci.go.kr,1,1,1.0,76.0
doomscrolling,freeperiodpress.com,0,1,0.0,30.0
doomscrolling,checkyourfact.com,0,1,0.0,57.0
doomscrolling,spiegato.com,0,1,0.0,53.0
doomscrolling,www.eink.com,0,1,0.0,71.0
doomscrolling,www.health.com,0,1,0.0,87.0
doomscrolling,goss.ie,0,1,0.0,53.0
doomscrolling,www.lemonde.fr,1,1,1.0,91.0
doomscrolling,www.kinfolk.com,0,1,0.0,74.0
doomscrolling,savedelete.com,1,1,1.0,58.0
doomscrolling,hiphopcanada.com,0,1,0.0,44.0
doomscrolling,pro.imdb.com,0,1,0.0,94.0
doomscrolling,www.annalembke.com,1,1,1.0,58.0
doomscrolling,fr.wikipedia.org,0,1,0.0,97.0
doomscrolling,www.opalandjoy.com,0,1,0.0,8.0
doomscrolling,uclpimedia.com,0,1,0.0,35.0
doomscrolling,uclanlive.uclan.ac.uk,1,1,1.0,77.0
doomscrolling,digitalprotek.com,0,1,0.0,0.0
doomscrolling,shop.pinwheel.com,0,1,0.0,55.0
doomscrolling,thred.com,0,1,0.0,56.0
doomscrolling,kvia.com,0,1,0.0,72.0
doomscrolling,www.medicalnewstoday.com,0,1,0.0,91.0
doomscrolling,www.diariodenavarra.es,0,1,0.0,74.0
doomscrolling,www.psychologies.ru,0,1,0.0,72.0
doomscrolling,unglossedmag.co.uk,1,1,1.0,34.0
doomscrolling,www.digitalmusicnews.com,0,1,0.0,78.0
doomscrolling,www.ttfone.com,1,1,1.0,19.0
doomscrolling,www.wsj.com,0,1,0.0,92.0
doomscrolling,www.nbcwashington.com,0,1,0.0,81.0
doomscrolling,www.nih.gov,0,1,0.0,95.0
doomscrolling,www.alz.org,0,1,0.0,90.0
doomscrolling,kftrj.org,0,1,0.0,25.0
doomscrolling,www.refinery29.com,1,1,1.0,88.0
doomscrolling,emwhitenoise.substack.com,0,1,0.0,94.0
doomscrolling,sproutsocial.com,0,1,0.0,90.0
doomscrolling,bydeze.com,0,1,0.0,16.0
doomscrolling,www.deloitte.com,1,1,1.0,92.0
doomscrolling,www.globaltimesnow.com,0,1,0.0,29.0
doomscrolling,www.csmonitor.com,0,1,0.0,86.0
doomscrolling,organicapureor.world,0,1,0.0,0.0
doomscrolling,welcon.kocca.kr,0,1,0.0,72.0
doomscrolling,popboxss.com,0,1,0.0,29.0
doomscrolling,neonmusic.co.uk,0,1,0.0,49.0
doomscrolling,blog.bestbuy.ca,0,1,0.0,79.0
doomscrolling,www.g6ebus.org,1,1,1.0,0.0
doomscrolling,www.magloft.com,0,1,0.0,58.0
doomscrolling,www.popularmechanics.com,1,1,1.0,86.0
doomscrolling,www.ntu.ac.uk,1,1,1.0,79.0
doomscrolling,www.beautyworldnews.com,0,1,0.0,42.0
doomscrolling,www.nimbi.dk,0,1,0.0,28.0
doomscrolling,aging.uams.edu,0,1,0.0,77.0
doomscrolling,www.nporadio1.nl,0,1,0.0,83.0
doomscrolling,www.americatv.com.pe,0,1,0.0,65.0
doomscrolling,medcast.com.au,0,1,0.0,50.0
doomscrolling,pollsandinsights.com,0,1,0.0,38.0
doomscrolling,americanhistory.si.edu,1,1,1.0,91.0
doomscrolling,acure.com,0,1,0.0,53.0
doomscrolling,mediacat.uk,0,1,0.0,61.0
doomscrolling,www.webmd.com,0,1,0.0,92.0
doomscrolling,www.nature.com,0,1,0.0,93.0
doomscrolling,www.susggocrochet.com,0,1,0.0,2.6
doomscrolling,books.google.com,0,1,0.0,100.0
doomscrolling,www.ndtvshopping.com,0,1,0.0,50.0
doomscrolling,bellisimospa.net,0,1,0.0,4.3
doomscrolling,www.penguinrandomhouse.com,1,1,1.0,91.0
doomscrolling,thenodmag.com,1,1,1.0,54.0
doomscrolling,www.itv.com,1,1,1.0,88.0
doomscrolling,www.hibbett.com,0,1,0.0,68.0
doomscrolling,www.vogue.co.kr,0,1,0.0,66.0
doomscrolling,www.teenvogue.com,1,1,1.0,86.0
doomscrolling,www.englishlesson.com,0,1,0.0,1.2
doomscrolling,broadwcast.org,0,1,0.0,16.0
doomscrolling,www.lazi-akademie.de,0,1,0.0,41.0
doomscrolling,www.oreilly.com,0,1,0.0,90.0
doomscrolling,www.opalhw.com,0,1,0.0,0.0
doomscrolling,bricksmagazine.co.uk,0,1,0.0,59.0
doomscrolling,www.itechpost.com,0,1,0.0,71.0
doomscrolling,community.etsy.com,1,1,1.0,94.0
doomscrolling,griply.app,0,1,0.0,26.0
doomscrolling,www.techmoxr.com,0,1,0.0,0.0
doomscrolling,www.dormtherapy.com,1,1,1.0,36.0
doomscrolling,beforeitsnews.com,0,1,0.0,74.0
doomscrolling,whatifididnt.com,0,1,0.0,8.0
doomscrolling,anotepad.com,0,1,0.0,74.0
doomscrolling,thegentlewoman.co.uk,0,1,0.0,58.0
doomscrolling,www.whathifi.com,0,1,0.0,78.0
doomscrolling,steamcharts.com,0,1,0.0,72.0
doomscrolling,www.espressoenglish.net,0,1,0.0,56.0
doomscrolling,via.ritzau.dk,0,1,0.0,80.0
doomscrolling,www.linkedin.com,0,1,0.0,99.0
doomscrolling,spritzwellness.com,0,1,0.0,17.0
doomscrolling,www.phonearena.com,0,1,0.0,80.0
doomscrolling,www.ragdalehall.co.uk,1,1,1.0,45.0
doomscrolling,www.killyourdarlings.com.au,0,1,0.0,59.0
doomscrolling,www.pinwheel.com,1,1,1.0,55.0
doomscrolling,alternativeto.net,0,1,0.0,80.0
doomscrolling,fashionunited.com,0,1,0.0,76.0
doomscrolling,www.safewise.com,1,1,1.0,78.0
doomscrolling,www.newyorker.com,0,1,0.0,91.0
doomscrolling,redkiwiapp.com,0,1,0.0,43.0
doomscrolling,www.wfsb.com,0,1,0.0,76.0
doomscrolling,www.auckland.ac.nz,1,1,1.0,84.0
doomscrolling,www.itsmarcio.com,0,1,0.0,0.0
doomscrolling,www.elle.com.au,0,1,0.0,75.0
doomscrolling,factsfigs.com,0,1,0.0,4.8
doomscrolling,getbrick.com,0,1,0.0,68.0
doomscrolling,researchportal.tuni.fi,0,1,0.0,82.0
doomscrolling,mudita.com,1,1,1.0,54.0
doomscrolling,es.digitaltrends.com,0,1,0.0,89.0
doomscrolling,www.thehousewifemodern.com,0,1,0.0,28.0
doomscrolling,tokitoybox.com,0,1,0.0,0.0
doomscrolling,appleinsider.com,0,1,0.0,84.0
doomscrolling,blog.ochsner.org,0,1,0.0,75.0
doomscrolling,www.atsdr.cdc.gov,0,1,0.0,94.0
doomscrolling,www.sprachnudel.de,0,1,0.0,61.0
doomscrolling,www.verywellhealth.com,0,1,0.0,90.0
doomscrolling,www.womenshealthmag.com,0,1,0.0,87.0
doomscrolling,ads.tiktok.com,0,1,0.0,97.0
doomscrolling,byloftie.com,1,1,1.0,63.0
doomscrolling,fastpix.com,1,1,1.0,36.0
doomscrolling,my.clevelandclinic.org,0,1,0.0,92.0
doomscrolling,scribe.usc.edu,0,1,0.0,90.0
doomscrolling,www.gizmochina.com,0,1,0.0,76.0
doomscrolling,draadbreuk.nl,0,1,0.0,25.0
doomscrolling,dict.leo.org,0,1,0.0,82.0
doomscrolling,magazinesptp.com,0,1,0.0,4.2
doomscrolling,theeverymom.com,0,1,0.0,71.0
doomscrolling,www.aljazeera.com,0,1,0.0,90.0
doomscrolling,www.straitstimes.com,1,1,1.0,89.0
doomscrolling,www.macrumors.com,1,1,1.0,86.0
doomscrolling,www.pi.fyi,0,1,0.0,57.0
doomscrolling,www.metacritic.com,0,1,0.0,83.0
doomscrolling,www.banthebots.org,0,1,0.0,6.0
doomscrolling,printaintdead.us,0,1,0.0,17.0
doomscrolling,www.urbandictionary.com,0,1,0.0,88.0
doomscrolling,kaweah.freedombox.rocks,0,1,0.0,8.0
doomscrolling,archive.vn,0,1,0.0,71.0
doomscrolling,www.marketscreener.com,1,1,1.0,80.0
doomscrolling,ru.wikipedia.org,1,1,1.0,97.0
doomscrolling,betterselflabs.com,1,1,1.0,0.4
doomscrolling,finance.yahoo.com,0,1,0.0,94.0
doomscrolling,www.theflagshipeclipse.com,0,1,0.0,27.0
doomscrolling,www.theteenmagazine.com,0,1,0.0,58.0
doomscrolling,www.mheducation.com,1,1,1.0,82.0
doomscrolling,www.classpop.com,0,1,0.0,60.0
doomscrolling,press.strava.com,1,1,1.0,91.0
doomscrolling,vocabish.com,0,1,0.0,33.0
doomscrolling,www.thegymgroup.com,1,1,1.0,64.0
doomscrolling,counterpointresearch.com,1,1,1.0,80.0
doomscrolling,yourstory.com,0,1,0.0,85.0
doomscrolling,several.com,0,1,0.0,32.0
doomscrolling,asme.memberclicks.net,0,1,0.0,86.0
doomscrolling,chr.ewapub.com,0,1,0.0,58.0
doomscrolling,www.trustpilot.com,0,1,0.0,94.0
doomscrolling,www.internetslangs.net,0,1,0.0,1.5
doomscrolling,www.24horas.cl,0,1,0.0,74.0
doomscrolling,www.itmedia.co.jp,0,1,0.0,88.0
doomscrolling,www.revlox.com,0,1,0.0,26.0
doomscrolling,www.vice.com,0,1,0.0,91.0
doomscrolling,www.digitaltrends.com,0,1,0.0,89.0
doomscrolling,www.yahoo.com,0,1,0.0,94.0
doomscrolling,iamevolving.com,1,1,1.0,38.0
doomscrolling,www.mordorintelligence.com,0,1,0.0,89.0
doomscrolling,shapedigitalmedia.com,0,1,0.0,0.0
doomscrolling,www.bfi.org.uk,1,1,1.0,84.0
doomscrolling,www.therakyatpost.com,0,1,0.0,67.0
doomscrolling,wastelandia.fandom.com,0,1,0.0,92.0
doomscrolling,pulse.indiatimes.com,0,1,0.0,92.0
doomscrolling,forum.mudita.com,1,1,1.0,54.0
doomscrolling,www.scientificamerican.com,0,1,0.0,91.0
doomscrolling,lingolandedu.com,1,1,1.0,31.0
doomscrolling,www.health.harvard.edu,1,1,1.0,93.0
doomscrolling,www.morningbrew.com,0,1,0.0,80.0
doomscrolling,academic.oup.com,0,1,0.0,92.0
doomscrolling,ansa-phone.co.uk,0,1,0.0,0.0
doomscrolling,aif.ru,1,1,1.0,81.0
doomscrolling,theenergybus.com,1,1,1.0,34.0
doomscrolling,notezpad.com,0,1,0.0,5.0
doomscrolling,www.britishhamper.com,1,1,1.0,30.0
doomscrolling,www.arabnews.com,1,1,1.0,83.0
heartbreak,en.wikipedia.org,460,762,0.6037,97.0
heartbreak,www.goodreads.com,124,269,0.461,92.0
heartbreak,www.reddit.com,138,249,0.5542,95.0
heartbreak,www.theguardian.com,92,223,0.4126,93.0
heartbreak,music.apple.com,104,219,0.4749,97.0
heartbreak,pitchfork.com,100,202,0.495,86.0
heartbreak,www.allmusic.com,79,187,0.4225,85.0
heartbreak,books.google.com,90,185,0.4865,100.0
heartbreak,www.supersummary.com,66,138,0.4783,65.0
heartbreak,www.penguinrandomhouse.com,62,128,0.4844,91.0
heartbreak,www.kirkusreviews.com,56,111,0.5045,86.0
heartbreak,www.imdb.com,37,106,0.3491,94.0
heartbreak,www.grammy.com,64,106,0.6038,84.0
heartbreak,www.latimes.com,25,85,0.2941,92.0
heartbreak,www.simonandschuster.com,32,84,0.381,88.0
heartbreak,books.apple.com,21,78,0.2692,97.0
heartbreak,www.nme.com,27,75,0.36,84.0
heartbreak,time.com,33,68,0.4853,92.0
heartbreak,www.washingtonpost.com,32,67,0.4776,93.0
heartbreak,www.forbes.com,24,65,0.3692,94.0
heartbreak,people.com,37,62,0.5968,91.0
heartbreak,www.publishersweekly.com,30,61,0.4918,87.0
heartbreak,www.rottentomatoes.com,26,60,0.4333,87.0
heartbreak,open.spotify.com,23,57,0.4035,95.0
heartbreak,www.elle.com,20,55,0.3636,90.0
heartbreak,play.google.com,7,54,0.1296,100.0
heartbreak,www.yahoo.com,11,52,0.2115,94.0
heartbreak,www.commonsensemedia.org,35,51,0.6863,87.0
heartbreak,us.macmillan.com,27,51,0.5294,86.0
heartbreak,www.usmagazine.com,17,50,0.34,84.0
heartbreak,americansongwriter.com,18,49,0.3673,78.0
heartbreak,www.shazam.com,13,49,0.2653,80.0
heartbreak,www.newyorker.com,17,47,0.3617,91.0
heartbreak,goodreads.com,11,46,0.2391,92.0
heartbreak,www.penguin.co.in,30,44,0.6818,68.0
heartbreak,www.astrology.com,12,44,0.2727,73.0
heartbreak,www.penguin.co.uk,19,42,0.4524,85.0
heartbreak,www.healthline.com,32,42,0.7619,92.0
heartbreak,www.litcharts.com,14,40,0.35,72.0
heartbreak,www.youtube.com,13,40,0.325,99.0
heartbreak,www.metacritic.com,16,40,0.4,83.0
heartbreak,www.vogue.com,20,38,0.5263,91.0
heartbreak,www.dictionary.com,14,37,0.3784,90.0
heartbreak,openlibrary.org,4,37,0.1081,86.0
heartbreak,parade.com,7,36,0.1944,85.0
heartbreak,www.vanityfair.com,14,36,0.3889,89.0
heartbreak,apnews.com,23,36,0.6389,92.0
heartbreak,www.capitalfm.com,13,34,0.3824,74.0
heartbreak,www.teenvogue.com,14,33,0.4242,86.0
heartbreak,pubmed.ncbi.nlm.nih.gov,19,33,0.5758,95.0
heartbreak,www.cbsnews.com,12,33,0.3636,92.0
heartbreak,www.colleenhoover.com,20,33,0.6061,59.0
heartbreak,dictionary.cambridge.org,19,31,0.6129,92.0
heartbreak,au.rollingstone.com,14,31,0.4516,90.0
heartbreak,taylorswiftswitzerland.ch,3,31,0.0968,24.0
heartbreak,www.theringer.com,14,31,0.4516,81.0
heartbreak,sobrief.com,8,30,0.2667,53.0
heartbreak,www.eonline.com,11,29,0.3793,85.0
heartbreak,www.sparknotes.com,13,28,0.4643,77.0
heartbreak,www.glamour.com,13,28,0.4643,86.0
heartbreak,www.shortform.com,5,28,0.1786,72.0
heartbreak,www.enotes.com,10,28,0.3571,73.0
heartbreak,www.gq.com,14,28,0.5,88.0
heartbreak,www.gia.edu,10,28,0.3571,87.0
heartbreak,www.hachette.co.uk,10,25,0.4,76.0
heartbreak,everything.explained.today,1,25,0.04,56.0
heartbreak,www.thefader.com,6,25,0.24,80.0
heartbreak,www.loc.gov,11,25,0.44,91.0
heartbreak,www.merriam-webster.com,11,25,0.44,91.0
heartbreak,www.nylon.com,7,24,0.2917,80.0
heartbreak,ajluxe.com,7,24,0.2917,38.0
heartbreak,www.complex.com,6,24,0.25,86.0
heartbreak,www.abc.net.au,13,24,0.5417,91.0
heartbreak,app.thestorygraph.com,11,23,0.4783,80.0
heartbreak,www.cosmopolitan.com,6,23,0.2609,89.0
heartbreak,www.romance.io,14,23,0.6087,52.0
heartbreak,suno.com,11,22,0.5,86.0
heartbreak,www.facebook.com,0,22,0.0,100.0
heartbreak,www.editorsreads.com,7,22,0.3182,0.2
heartbreak,pmc.ncbi.nlm.nih.gov,6,22,0.2727,95.0
heartbreak,www.blinkist.com,5,21,0.2381,76.0
heartbreak,www.panmacmillan.com,12,21,0.5714,77.0
heartbreak,www.iheart.com,9,21,0.4286,91.0
heartbreak,academic.oup.com,7,21,0.3333,92.0
heartbreak,www.biography.com,10,20,0.5,85.0
heartbreak,www.simonandschuster.net,9,20,0.45,60.0
heartbreak,www.officialcharts.com,8,20,0.4,75.0
heartbreak,www.netflix.com,6,20,0.3,92.0
heartbreak,www.rogerebert.com,11,20,0.55,81.0
heartbreak,sonichits.com,5,20,0.25,50.0
heartbreak,www.the-independent.com,11,20,0.55,80.0
heartbreak,www.penguin.com.au,5,19,0.2632,79.0
heartbreak,www.goodnovel.com,4,19,0.2105,63.0
heartbreak,biologyinsights.com,5,19,0.2632,71.0
heartbreak,qa.grammy.com,9,19,0.4737,84.0
heartbreak,publishing.andrewsmcmeel.com,4,18,0.2222,73.0
heartbreak,www.kobo.com,4,18,0.2222,90.0
heartbreak,emojipedia.org,12,17,0.7059,91.0
heartbreak,www.songmeaningsandfacts.com,2,17,0.1176,40.0
heartbreak,podscripts.co,4,17,0.2353,52.0
heartbreak,www.hachettebookgroup.com,7,17,0.4118,85.0
heartbreak,timesofindia.indiatimes.com,7,17,0.4118,92.0
heartbreak,www.harpersbazaar.com,6,17,0.3529,89.0
heartbreak,www.researchgate.net,3,16,0.1875,93.0
heartbreak,www.musicradar.com,4,16,0.25,79.0
heartbreak,ew.com,10,16,0.625,86.0
heartbreak,en.wiktionary.org,3,16,0.1875,91.0
heartbreak,abcnews.go.com,3,15,0.2,92.0
heartbreak,www.poetryfoundation.org,6,15,0.4,88.0
heartbreak,www.cambridge.org,6,15,0.4,92.0
heartbreak,es.wikipedia.org,9,15,0.6,97.0
heartbreak,lyricsmeanings.com,6,15,0.4,6.0
heartbreak,tattoostyleguide.com,8,15,0.5333,0.0
heartbreak,help.suno.com,12,15,0.8,86.0
heartbreak,tv.apple.com,5,15,0.3333,97.0
heartbreak,songsense.io,5,15,0.3333,26.0
heartbreak,www.vogue.co.uk,8,15,0.5333,86.0
heartbreak,ursummary.com,4,14,0.2857,8.0
heartbreak,www.marieclaire.com,6,14,0.4286,84.0
heartbreak,www.standard.co.uk,6,14,0.4286,89.0
heartbreak,ink-and-thread.co.uk,4,14,0.2857,0.0
heartbreak,theromancelist.com,7,14,0.5,7.0
heartbreak,www.albumoftheyear.org,3,14,0.2143,67.0
heartbreak,shapes.inc,2,14,0.1429,54.0
heartbreak,www.elitedaily.com,4,14,0.2857,82.0
heartbreak,www.crystalvaults.com,4,14,0.2857,67.0
heartbreak,swiftlysungstories.com,4,14,0.2857,4.7
heartbreak,www.sourcebooks.com,5,14,0.3571,73.0
heartbreak,www.daiyokai.com,8,14,0.5714,10.0
heartbreak,www.christianwebsite.com,5,14,0.3571,42.0
heartbreak,www.hercampus.com,5,14,0.3571,78.0
heartbreak,www.tattoosai.com,7,14,0.5,50.0
heartbreak,www.sputnikmusic.com,2,14,0.1429,61.0
heartbreak,www.vice.com,3,14,0.2143,91.0
heartbreak,medium.com,2,14,0.1429,94.0
heartbreak,www.collinsdictionary.com,9,13,0.6923,86.0
heartbreak,www.timeout.com,6,13,0.4615,90.0
heartbreak,www.npr.org,6,13,0.4615,92.0
heartbreak,www.ebsco.com,5,13,0.3846,87.0
heartbreak,blackink.ai,4,13,0.3077,48.0
heartbreak,www.crossword.in,3,13,0.2308,56.0
heartbreak,www.taylorswift.com,9,13,0.6923,78.0
heartbreak,sortra.com,5,13,0.3846,45.0
heartbreak,bookriot.com,5,13,0.3846,80.0
heartbreak,reedsy.com,5,13,0.3846,83.0
heartbreak,songtell.com,3,13,0.2308,41.0
heartbreak,www.esquire.com,5,13,0.3846,87.0
heartbreak,geology.com,2,13,0.1538,79.0
heartbreak,taylorswift.fandom.com,3,13,0.2308,92.0
heartbreak,www.ifshe.co.uk,2,13,0.1538,45.0
heartbreak,www.tvinsider.com,8,13,0.6154,77.0
heartbreak,www.history.com,8,12,0.6667,90.0
heartbreak,www.oxfordlearnersdictionaries.com,5,12,0.4167,81.0
heartbreak,www.bustle.com,2,12,0.1667,88.0
heartbreak,www.gemselect.com,4,12,0.3333,68.0
heartbreak,musicbrainz.org,2,12,0.1667,79.0
heartbreak,www.centreofexcellence.com,4,12,0.3333,67.0
heartbreak,new.rupikaur.com,7,12,0.5833,66.0
heartbreak,screenwiseapp.com,5,12,0.4167,20.0
heartbreak,music.amazon.com,1,12,0.0833,96.0
heartbreak,health.clevelandclinic.org,8,12,0.6667,92.0
heartbreak,m.imdb.com,2,12,0.1667,94.0
heartbreak,trytattoo.ai,7,12,0.5833,2.8
heartbreak,www.encyclopedia.com,2,12,0.1667,84.0
heartbreak,www.simonandschuster.co.uk,4,12,0.3333,73.0
heartbreak,www.sumizeit.com,7,12,0.5833,49.0
heartbreak,www.barnesandnoble.com,3,12,0.25,92.0
heartbreak,moodreads.app,8,12,0.6667,5.0
heartbreak,lyricstories.com,3,12,0.25,6.0
heartbreak,indianexpress.com,4,12,0.3333,89.0
heartbreak,www.justwatch.com,1,12,0.0833,82.0
heartbreak,www.jstor.org,5,12,0.4167,91.0
heartbreak,rupikaur.com,8,12,0.6667,66.0
heartbreak,www.lemon8-app.com,1,11,0.0909,81.0
heartbreak,store.taylorswift.com,3,11,0.2727,78.0
heartbreak,www.temporalis.tattoo,8,11,0.7273,55.0
heartbreak,www.target.com,3,11,0.2727,91.0
heartbreak,en.wikisource.org,3,11,0.2727,89.0
heartbreak,www.thewrap.com,4,11,0.3636,84.0
heartbreak,www.solacely.co,0,11,0.0,36.0
heartbreak,booksthatslay.com,1,11,0.0909,26.0
heartbreak,www.pbs.org,3,11,0.2727,91.0
heartbreak,abcnews.com,3,11,0.2727,91.0
heartbreak,enviroliteracy.org,3,11,0.2727,66.0
heartbreak,wisdomofthespirit.com,3,11,0.2727,34.0
heartbreak,help.udio.com,8,11,0.7273,75.0
heartbreak,orphiq.com,7,11,0.6364,39.0
heartbreak,www.xxlmag.com,5,11,0.4545,74.0
heartbreak,bookmarks.reviews,4,11,0.3636,61.0
heartbreak,www.independent.co.uk,3,11,0.2727,91.0
heartbreak,www.radiotimes.com,3,11,0.2727,80.0
heartbreak,www.udiscovermusic.com,0,11,0.0,75.0
heartbreak,www.bonnierbooks.co.uk,5,11,0.4545,63.0
heartbreak,www.gradesaver.com,3,11,0.2727,68.0
heartbreak,podcasts.apple.com,1,11,0.0909,97.0
heartbreak,www.simonandschuster.co.in,7,11,0.6364,39.0
heartbreak,www.crystalmeaning.com,4,11,0.3636,0.3
heartbreak,blog.native-instruments.com,5,11,0.4545,81.0
heartbreak,www.swooon.com,7,11,0.6364,56.0
heartbreak,www.bookrags.com,2,11,0.1818,64.0
heartbreak,poets.org,6,10,0.6,85.0
heartbreak,www.hachette.com.au,6,10,0.6,72.0
heartbreak,folklife.si.edu,4,10,0.4,91.0
heartbreak,www.berklee.edu,8,10,0.8,81.0
heartbreak,www.etonline.com,7,10,0.7,81.0
heartbreak,www.tvguide.com,6,10,0.6,79.0
heartbreak,read.macmillan.com,4,10,0.4,86.0
heartbreak,www.crystals.com,5,10,0.5,45.0
heartbreak,fountainheadny.com,4,10,0.4,16.0
heartbreak,www.tandfonline.com,4,10,0.4,92.0
heartbreak,www.petscare.com,5,10,0.5,52.0
heartbreak,acibademinternational.com,6,10,0.6,57.0
heartbreak,www.akc.org,7,10,0.7,90.0
heartbreak,editorial.rottentomatoes.com,4,10,0.4,87.0
heartbreak,knowyourmeme.com,5,10,0.5,86.0
heartbreak,www.audible.com,1,10,0.1,91.0
heartbreak,www.bloomsbury.com,7,10,0.7,88.0
heartbreak,www.readingandthinking.com,3,10,0.3,2.4
heartbreak,www.loudersound.com,3,10,0.3,76.0
heartbreak,los40.com,3,10,0.3,73.0
heartbreak,www.pluggedin.com,4,9,0.4444,71.0
heartbreak,www.penguinrandomhouseretail.com,2,9,0.2222,63.0
heartbreak,theboot.com,3,9,0.3333,71.0
heartbreak,www.justjared.com,2,9,0.2222,76.0
heartbreak,www.webnovel.com,3,9,0.3333,74.0
heartbreak,www.sciencedirect.com,5,9,0.5556,94.0
heartbreak,doi.org,5,9,0.5556,94.0
heartbreak,www.indiatoday.in,3,9,0.3333,86.0
heartbreak,www.dazeddigital.com,2,9,0.2222,84.0
heartbreak,storyofsong.com,3,9,0.3333,25.0
heartbreak,www.psychologytoday.com,6,9,0.6667,93.0
heartbreak,neonmusic.co.uk,2,9,0.2222,49.0
heartbreak,www.meaningfulspirit.com,1,9,0.1111,26.0
heartbreak,shop.tiktok.com,2,9,0.2222,97.0
heartbreak,www.wisdomlib.org,2,9,0.2222,74.0
heartbreak,en.wikiquote.org,3,9,0.3333,86.0
heartbreak,www.rollingstone.co.uk,4,9,0.4444,73.0
heartbreak,faroutmagazine.co.uk,3,9,0.3333,76.0
heartbreak,www.cheatsheet.com,1,9,0.1111,77.0
heartbreak,www.apa.org,6,9,0.6667,92.0
heartbreak,rebeccayarros.com,3,9,0.3333,54.0
heartbreak,www.urbandictionary.com,4,9,0.4444,88.0
heartbreak,thebookerprizes.com,5,9,0.5556,76.0
heartbreak,boyslieofficial.com,6,9,0.6667,41.0
heartbreak,about.netflix.com,4,8,0.5,92.0
heartbreak,www.smoothradio.com,2,8,0.25,66.0
heartbreak,www.musictimes.com,1,8,0.125,59.0
heartbreak,www.simonandschuster.com.au,4,8,0.5,73.0
heartbreak,www.rekhta.org,8,8,1.0,72.0
heartbreak,www.setlist.fm,4,8,0.5,80.0
heartbreak,www.broadwayworld.com,3,8,0.375,88.0
heartbreak,apps.apple.com,1,8,0.125,97.0
heartbreak,www.thecrimson.com,4,8,0.5,81.0
heartbreak,nextluxury.com,3,8,0.375,62.0
heartbreak,www.tattoostours.com,1,8,0.125,0.7
heartbreak,www.soompi.com,3,8,0.375,75.0
heartbreak,www.bloomingexpert.com,4,8,0.5,21.0
heartbreak,www.rhino.com,4,8,0.5,71.0
heartbreak,crystalmeanings.org,2,8,0.25,1.3
heartbreak,stg07.penguin.co.in,3,8,0.375,68.0
heartbreak,thecrystalcouncil.com,1,8,0.125,66.0
heartbreak,www.plotexplained.com,0,8,0.0,18.0
heartbreak,press.warnerrecords.com,7,8,0.875,71.0
heartbreak,tattoobuild.com,4,8,0.5,7.0
heartbreak,www.spanishdict.com,2,8,0.25,76.0
heartbreak,www.musicweek.com,4,8,0.5,75.0
heartbreak,www.answers.com,3,8,0.375,82.0
heartbreak,stereogum.com,2,8,0.25,79.0
heartbreak,exclaim.ca,2,8,0.25,75.0
heartbreak,www.universalmusic.ca,5,8,0.625,52.0
heartbreak,holler.country,1,8,0.125,62.0
heartbreak,www.tvline.com,3,8,0.375,78.0
heartbreak,www.meaningtattoo.com,4,8,0.5,8.0
heartbreak,readdork.com,2,8,0.25,58.0
heartbreak,people.howstuffworks.com,5,8,0.625,90.0
heartbreak,blog.emojipedia.org,4,8,0.5,91.0
heartbreak,www.bet.com,1,8,0.125,80.0
heartbreak,abbasite.com,1,8,0.125,70.0
heartbreak,www.bfi.org.uk,3,8,0.375,84.0
heartbreak,melodyinsight.com,5,8,0.625,3.4
heartbreak,newbookrecommendation.com,0,7,0.0,31.0
heartbreak,www.tonestart.com,4,7,0.5714,9.0
heartbreak,crystalsalchemy.com,2,7,0.2857,21.0
heartbreak,www.mic.com,3,7,0.4286,82.0
heartbreak,www.sagegoddess.com,3,7,0.4286,54.0
heartbreak,www.clrn.org,1,7,0.1429,63.0
heartbreak,www.audacy.com,3,7,0.4286,84.0
heartbreak,www.petmd.com,5,7,0.7143,85.0
heartbreak,openai.com,6,7,0.8571,93.0
heartbreak,thecinemaholic.com,4,7,0.5714,68.0
heartbreak,www.qobuz.com,0,7,0.0,83.0
heartbreak,yokai.jp,3,7,0.4286,36.0
heartbreak,www.bikerringshop.com,1,7,0.1429,55.0
heartbreak,www.musicianwages.com,1,7,0.1429,46.0
heartbreak,www.book-filter.com,1,7,0.1429,6.0
heartbreak,www.papermag.com,3,7,0.4286,80.0
heartbreak,aquamarise.com,2,7,0.2857,51.0
heartbreak,codamusic.me,2,7,0.2857,52.0
heartbreak,westbraeliterarygroup.com,2,7,0.2857,10.0
heartbreak,www.musicseed.ai,3,7,0.4286,0.6
heartbreak,www.instagram.com,0,7,0.0,100.0
heartbreak,www.musicmetricsvault.com,2,7,0.2857,27.0
heartbreak,tasteofcountry.com,1,7,0.1429,73.0
heartbreak,www.bookey.app,1,7,0.1429,61.0
heartbreak,www.jotapas.com,1,7,0.1429,1.0
heartbreak,comicbook.com,4,7,0.5714,80.0
heartbreak,www.si.edu,2,7,0.2857,91.0
heartbreak,www.ft.com,3,7,0.4286,92.0
heartbreak,brenebrown.com,6,7,0.8571,84.0
heartbreak,symbolismdesk.com,2,7,0.2857,5.0
heartbreak,www.songcontext.com,0,7,0.0,23.0
heartbreak,www.hachetteindia.com,0,7,0.0,40.0
heartbreak,www.tattoomenow.com,3,7,0.4286,26.0
heartbreak,www.webmd.com,4,7,0.5714,92.0
heartbreak,bts.ibighit.com,5,7,0.7143,72.0
heartbreak,www.fictiondb.com,2,7,0.2857,50.0
heartbreak,www.aol.com,0,7,0.0,91.0
heartbreak,pixar.fandom.com,2,7,0.2857,92.0
heartbreak,www.bookbrowse.com,0,7,0.0,69.0
heartbreak,thebernese.org,4,7,0.5714,6.0
heartbreak,www.linkedin.com,0,7,0.0,99.0
heartbreak,www.revolt.tv,1,7,0.1429,74.0
heartbreak,arstechnica.com,3,7,0.4286,91.0
heartbreak,www.distractify.com,5,7,0.7143,76.0
heartbreak,www.bookreporter.com,1,7,0.1429,68.0
heartbreak,www.out.com,5,7,0.7143,78.0
heartbreak,www.penguinrandomhouse.ca,0,7,0.0,80.0
heartbreak,www.aboutamazon.com,1,7,0.1429,90.0
heartbreak,www.goodhousekeeping.com,5,7,0.7143,90.0
heartbreak,www.simonandschuster.ca,2,7,0.2857,71.0
heartbreak,beta.thestorygraph.com,0,7,0.0,80.0
heartbreak,www.nccih.nih.gov,5,7,0.7143,95.0
heartbreak,www.playstation.com,6,7,0.8571,91.0
heartbreak,journals.sagepub.com,3,7,0.4286,92.0
heartbreak,audiosorcerer.com,4,7,0.5714,12.0
heartbreak,www.thedailybeast.com,1,7,0.1429,88.0
heartbreak,www.tattoodo.com,1,6,0.1667,69.0
heartbreak,www.hindustantimes.com,1,6,0.1667,89.0
heartbreak,www.maskmuseum.org,2,6,0.3333,35.0
heartbreak,www.scifidimensions.com,1,6,0.1667,32.0
heartbreak,www.nationalgeographic.com,3,6,0.5,91.0
heartbreak,www.touchvintage.com,2,6,0.3333,0.1
heartbreak,semicolontattoomeaning.com,3,6,0.5,2.8
heartbreak,www.wineenthusiast.com,4,6,0.6667,82.0
heartbreak,www.cornellsun.com,3,6,0.5,73.0
heartbreak,www.icha-global.org,0,6,0.0,0.0
heartbreak,www.dailymotion.com,0,6,0.0,91.0
heartbreak,crystals-for-healing.com,0,6,0.0,0.8
heartbreak,www.sonymusic.ca,2,6,0.3333,63.0
heartbreak,www.emilyhenrybooks.com,3,6,0.5,43.0
heartbreak,www.universal-music.de,2,6,0.3333,77.0
heartbreak,www.walmart.com,1,6,0.1667,92.0
heartbreak,www.gamespot.com,4,6,0.6667,86.0
heartbreak,news.pollstar.com,5,6,0.8333,76.0
heartbreak,liloandstitch.fandom.com,5,6,0.8333,92.0
heartbreak,www.ticketmaster.com,2,6,0.3333,90.0
heartbreak,www.sfchronicle.com,2,6,0.3333,88.0
heartbreak,www.ccmusic.com,0,6,0.0,50.0
heartbreak,live.grammy.com,0,6,0.0,84.0
heartbreak,taylorjenkinsreid.com,2,6,0.3333,53.0
heartbreak,note.com,1,6,0.1667,92.0
heartbreak,tattoosymbolism.com,4,6,0.6667,1.1
heartbreak,aesthetics.fandom.com,2,6,0.3333,92.0
heartbreak,kristinhannah.com,1,6,0.1667,53.0
heartbreak,www.indigo.ca,0,6,0.0,87.0
heartbreak,losangelestattooshop.com,3,6,0.5,13.0
heartbreak,please.untaint.us,0,6,0.0,0.5
heartbreak,sites.google.com,0,6,0.0,100.0
heartbreak,www.songsummaries.com,4,6,0.6667,2.9
heartbreak,de.wikipedia.org,4,6,0.6667,97.0
heartbreak,www.mentalfloss.com,4,6,0.6667,86.0
heartbreak,austen.com,2,6,0.3333,47.0
heartbreak,tattooradar.com,4,6,0.6667,2.7
heartbreak,www.tshaonline.org,2,6,0.3333,79.0
heartbreak,www.carleyfortune.com,4,6,0.6667,32.0
heartbreak,djbooth.net,5,6,0.8333,69.0
heartbreak,www.anahana.com,1,6,0.1667,62.0
heartbreak,catalog.afi.com,4,6,0.6667,78.0
heartbreak,songcage.com,3,6,0.5,5.0
heartbreak,www.heididischler.com,2,6,0.3333,6.0
heartbreak,www.kpbs.org,2,6,0.3333,79.0
heartbreak,awstest-small-a-02.isc-seo.upenn.edu,1,6,0.1667,91.0
heartbreak,about.suno.com,2,6,0.3333,86.0
heartbreak,emojiguide.com,0,6,0.0,74.0
heartbreak,www.disneyplus.com,2,6,0.3333,90.0
heartbreak,musicrow.com,1,6,0.1667,73.0
heartbreak,www.stylecraze.com,3,6,0.5,77.0
heartbreak,www.bobdylan.com,3,6,0.5,76.0
heartbreak,webfiddle.net,1,6,0.1667,23.0
heartbreak,www.smithsonianmag.com,4,6,0.6667,90.0
heartbreak,www.wbur.org,1,6,0.1667,86.0
heartbreak,sports.yahoo.com,0,6,0.0,94.0
heartbreak,en.fmyly.com,0,6,0.0,13.0
heartbreak,dollyalderton.com,4,6,0.6667,27.0
heartbreak,www.instyle.com,5,6,0.8333,85.0
heartbreak,www.bandsintown.com,1,6,0.1667,91.0
heartbreak,www.mindbodygreen.com,2,6,0.3333,85.0
heartbreak,www.londontheatre.co.uk,4,6,0.6667,71.0
heartbreak,www.melodigging.com,3,6,0.5,11.0
heartbreak,www.ourtattooworld.com,2,6,0.3333,0.8
heartbreak,penguinrandomhouselibrary.com,1,6,0.1667,57.0
heartbreak,www.embernovels.com,2,6,0.3333,0.1
heartbreak,atwoodmagazine.com,2,6,0.3333,71.0
heartbreak,d23.com,3,6,0.5,76.0
heartbreak,www.justjaredjr.com,3,6,0.5,66.0
heartbreak,freshairarchive.org,3,5,0.6,58.0
heartbreak,billboardphilippines.com,1,5,0.2,53.0
heartbreak,www.emojimeaning.com,0,5,0.0,39.0
heartbreak,advancebookreaders.com,1,5,0.2,15.0
heartbreak,rachelcaine.com,3,5,0.6,39.0
heartbreak,www.metmuseum.org,2,5,0.4,90.0
heartbreak,www.scribd.com,1,5,0.2,91.0
heartbreak,shibboleth.idm.home.nyu.edu,1,5,0.2,91.0
heartbreak,www.etymonline.com,1,5,0.2,83.0
heartbreak,www.oprahdaily.com,0,5,0.0,84.0
heartbreak,www.marissameyer.com,2,5,0.4,52.0
heartbreak,www.slantmagazine.com,2,5,0.4,74.0
heartbreak,www.crunchyroll.com,1,5,0.2,83.0
heartbreak,online.berklee.edu,4,5,0.8,81.0
heartbreak,sites.dwrl.utexas.edu,2,5,0.4,91.0
heartbreak,www.glamourmagazine.co.uk,0,5,0.0,81.0
heartbreak,ca.billboard.com,1,5,0.2,90.0
heartbreak,www.bostonglobe.com,2,5,0.4,90.0
heartbreak,tattooscribes.com,2,5,0.4,0.1
heartbreak,lithub.com,3,5,0.6,84.0
heartbreak,gemsritual.com,1,5,0.2,1.8
heartbreak,www.goodmorningamerica.com,2,5,0.4,86.0
heartbreak,onlinelibrary.wiley.com,2,5,0.4,93.0
heartbreak,www.musicnotes.com,2,5,0.4,76.0
heartbreak,www.syfy.com,4,5,0.8,80.0
heartbreak,tattoo.co.jp,2,5,0.4,11.0
heartbreak,girlfriend.aarp.org,3,5,0.6,91.0
heartbreak,www.selectedreads.com,1,5,0.2,26.0
heartbreak,whatemoji.org,0,5,0.0,19.0
heartbreak,www.salon.com,2,5,0.4,87.0
heartbreak,www.meesho.com,0,5,0.0,80.0
heartbreak,dictionary.apa.org,3,5,0.6,92.0
heartbreak,self-compassion.org,4,5,0.8,82.0
heartbreak,www.kqed.org,2,5,0.4,86.0
heartbreak,www.harvard.com,3,5,0.6,74.0
heartbreak,www.wwe.com,4,5,0.8,81.0
heartbreak,www.tattooaiart.com,2,5,0.4,0.5
heartbreak,www.criterion.com,2,5,0.4,78.0
heartbreak,www.antarestech.com,5,5,1.0,70.0
heartbreak,www.thecurrent.org,0,5,0.0,71.0
heartbreak,symbolopedia.com,1,5,0.2,23.0
heartbreak,www.kerrang.com,1,5,0.2,73.0
heartbreak,www.elvisthemusic.com,4,5,0.8,55.0
heartbreak,toolzent.com,3,5,0.6,0.0
heartbreak,www.petalrepublic.com,3,5,0.6,58.0
heartbreak,wordszo.com,0,5,0.0,0.0
heartbreak,nicholassparks.com,2,5,0.4,56.0
heartbreak,46tattoo.com,3,5,0.6,4.8
heartbreak,parents.simonandschuster.com,1,5,0.2,88.0
heartbreak,tylerthecreator.fandom.com,2,5,0.4,92.0
heartbreak,www.gresham.ac.uk,1,5,0.2,71.0
heartbreak,www.lemonde.fr,2,5,0.4,91.0
heartbreak,storeeu.taylorswift.com,0,5,0.0,78.0
heartbreak,static.rottentomatoes.com,1,5,0.2,87.0
heartbreak,bookclubs.com,2,5,0.4,72.0
heartbreak,www.thebeatles.com,3,5,0.6,75.0
heartbreak,la-studio.cc,1,5,0.2,0.7
heartbreak,www.nobbier.com,2,5,0.4,29.0
heartbreak,www.broadway.com,1,5,0.2,78.0
heartbreak,lolalambchops.com,0,5,0.0,33.0
heartbreak,www.metopera.org,3,5,0.6,79.0
heartbreak,www.popularmechanics.com,0,5,0.0,86.0
heartbreak,www.denofgeek.com,3,5,0.6,78.0
heartbreak,www.themarysue.com,1,5,0.2,77.0
heartbreak,www.gq-magazine.co.uk,2,5,0.4,83.0
heartbreak,bookbrief.io,0,5,0.0,14.0
heartbreak,artsandculture.google.com,2,5,0.4,100.0
heartbreak,old.raptv.com,0,5,0.0,30.0
heartbreak,www.rte.ie,2,5,0.4,86.0
heartbreak,www.deseret.com,2,5,0.4,84.0
heartbreak,www.spinmagazine.com,3,5,0.6,78.0
heartbreak,www.uvm.edu,1,5,0.2,84.0
heartbreak,www.wonderlandmagazine.com,2,5,0.4,75.0
heartbreak,sites.psu.edu,1,5,0.2,91.0
heartbreak,www.thereviewgeek.com,0,5,0.0,50.0
heartbreak,www.music-news.com,0,5,0.0,70.0
heartbreak,www.ranker.com,1,5,0.2,79.0
heartbreak,www.allure.com,2,5,0.4,87.0
heartbreak,www.gutenberg.org,1,5,0.2,90.0
heartbreak,www.remindmagazine.com,0,5,0.0,63.0
heartbreak,www.thetimes.com,2,5,0.4,91.0
heartbreak,www.louieloutattoo.com,4,5,0.8,12.0
heartbreak,symbolhubs.com,3,5,0.6,30.0
heartbreak,www.irishtimes.com,2,5,0.4,89.0
heartbreak,my.clevelandclinic.org,1,5,0.2,92.0
heartbreak,hiphopdx.com,1,5,0.2,74.0
heartbreak,penguinrandomhousehighereducation.com,3,5,0.6,64.0
heartbreak,books.google.co.in,2,5,0.4,91.0
heartbreak,digital.abcaudio.com,0,5,0.0,69.0
heartbreak,www.bbfc.co.uk,2,5,0.4,76.0
heartbreak,crystaldatabase.com,0,5,0.0,4.0
heartbreak,www.ucc.ie,3,5,0.6,82.0
heartbreak,goth-clothing.com,0,5,0.0,11.0
heartbreak,poemanalysis.com,1,5,0.2,61.0
heartbreak,www.flowerglossary.com,2,5,0.4,36.0
heartbreak,hypebeast.com,1,5,0.2,86.0
heartbreak,www.behindthecovers.com,2,5,0.4,0.0
heartbreak,www.taylorswiftweb.net,2,5,0.4,20.0
heartbreak,www.cinemaexpress.com,2,4,0.5,61.0
heartbreak,taylorswift.com.br,1,4,0.25,12.0
heartbreak,link.springer.com,2,4,0.5,93.0
heartbreak,www.houstonchronicle.com,2,4,0.5,85.0
heartbreak,www.dash.hrecos.org,0,4,0.0,32.0
heartbreak,writingtips.org,0,4,0.0,34.0
heartbreak,ich.unesco.org,3,4,0.75,92.0
heartbreak,thetvdb.com,0,4,0.0,73.0
heartbreak,youreternalsong.com,0,4,0.0,0.0
heartbreak,www.wprl.org,2,4,0.5,30.0
heartbreak,www.philstar.com,2,4,0.5,82.0
heartbreak,www.zee5.com,2,4,0.5,76.0
heartbreak,awakenche.org,1,4,0.25,40.0
heartbreak,meanpedia.com,1,4,0.25,26.0
heartbreak,www.musica.com,2,4,0.5,57.0
heartbreak,www.them.us,4,4,1.0,80.0
heartbreak,www.cuded.com,2,4,0.5,48.0
heartbreak,www.todosiglas.com,1,4,0.25,11.0
heartbreak,www.billboard.com,0,4,0.0,90.0
heartbreak,uk.bookshop.org,1,4,0.25,91.0
heartbreak,www.chefsresource.com,1,4,0.25,56.0
heartbreak,sortbycravings.com,0,4,0.0,18.0
heartbreak,www.abiza.co.uk,1,4,0.25,22.0
heartbreak,newsroom.tiktok.com,3,4,0.75,97.0
heartbreak,mindsoulsync.com,0,4,0.0,0.1
heartbreak,www.sjpl.org,1,4,0.25,62.0
heartbreak,www.abbreviations.com,2,4,0.5,69.0
heartbreak,www.spiritualmarker.com,1,4,0.25,9.0
heartbreak,www.seventeen.com,0,4,0.0,77.0
heartbreak,www.gpb.org,0,4,0.0,77.0
heartbreak,www.abbreviationfinder.org,1,4,0.25,46.0
heartbreak,www.moma.org,2,4,0.5,89.0
heartbreak,store.steampowered.com,3,4,0.75,93.0
heartbreak,static.macmillan.com,0,4,0.0,86.0
heartbreak,www.interviewmagazine.com,0,4,0.0,80.0
heartbreak,www.newindianexpress.com,1,4,0.25,84.0
heartbreak,artstyles.com,3,4,0.75,51.0
heartbreak,www.chron.com,1,4,0.25,89.0
heartbreak,nypost.com,3,4,0.75,91.0
heartbreak,frankocean.fandom.com,0,4,0.0,92.0
heartbreak,www.slashfilm.com,2,4,0.5,79.0
heartbreak,www.fnac.com,0,4,0.0,89.0
heartbreak,www.koreaboo.com,1,4,0.25,71.0
heartbreak,www.folger.edu,4,4,1.0,78.0
heartbreak,www.thedisneyclassics.com,2,4,0.5,33.0
heartbreak,www.studocu.com,1,4,0.25,77.0
heartbreak,uproxx.com,2,4,0.5,80.0
heartbreak,www.whiskeyriff.com,0,4,0.0,64.0
heartbreak,www.pulitzer.org,2,4,0.5,80.0
heartbreak,booksofbrilliance.com,0,4,0.0,34.0
heartbreak,www.tarot.com,3,4,0.75,70.0
heartbreak,www.marieclaire.com.au,2,4,0.5,74.0
heartbreak,science.howstuffworks.com,1,4,0.25,90.0
heartbreak,www.newstatesman.com,0,4,0.0,84.0
heartbreak,500tattoos.com,2,4,0.5,3.9
heartbreak,kingsroadtattooparlor.com,1,4,0.25,0.4
heartbreak,kanyewest.fandom.com,1,4,0.25,92.0
heartbreak,www.boston.com,2,4,0.5,87.0
heartbreak,www.conversationsonlove.co.uk,0,4,0.0,7.0
heartbreak,help.openai.com,1,4,0.25,93.0
heartbreak,conangray.fandom.com,0,4,0.0,92.0
heartbreak,origintattoolondon.co.uk,2,4,0.5,5.0
heartbreak,sonica.mx,2,4,0.5,30.0
heartbreak,www.udio.com,0,4,0.0,75.0
heartbreak,www.flipkart.com,0,4,0.0,89.0
heartbreak,www.igi.org,2,4,0.5,80.0
heartbreak,happymag.tv,1,4,0.25,70.0
heartbreak,www.fanfiction.net,0,4,0.0,77.0
heartbreak,movies.fandom.com,0,4,0.0,92.0
heartbreak,foundersny.com,0,4,0.0,0.0
heartbreak,www.grimoire.love,0,4,0.0,0.5
heartbreak,www.classicrockhistory.com,1,4,0.25,48.0
heartbreak,pro.imdb.com,0,4,0.0,94.0
heartbreak,www.verywellmind.com,0,4,0.0,90.0
heartbreak,fr.wikipedia.org,1,4,0.25,97.0
heartbreak,study.com,1,4,0.25,85.0
heartbreak,celebrity.nine.com.au,1,4,0.25,84.0
heartbreak,gemslore.com,0,4,0.0,1.3
heartbreak,www.nhs.uk,3,4,0.75,92.0
heartbreak,nmwa.org,1,4,0.25,75.0
heartbreak,www.goal.com,1,4,0.25,83.0
heartbreak,www.zalora.sg,1,4,0.25,70.0
heartbreak,www.biblegateway.com,3,4,0.75,91.0
heartbreak,www.si.com,2,4,0.5,88.0
heartbreak,www.wired.com,0,4,0.0,92.0
heartbreak,americanhistory.si.edu,2,4,0.5,91.0
heartbreak,thesongfoundry.com,2,4,0.5,19.0
heartbreak,billboard.com.br,1,4,0.25,59.0
heartbreak,www.infobae.com,1,4,0.25,88.0
heartbreak,ca.rollingstone.com,0,4,0.0,90.0
heartbreak,www.pixar.com,2,4,0.5,80.0
heartbreak,www.subculturewiki.com,2,4,0.5,0.0
heartbreak,tidal.com,1,4,0.25,91.0
heartbreak,hbtat2.com,1,4,0.25,61.0
heartbreak,heartmeaning.com,1,4,0.25,3.2
heartbreak,www.scmp.com,1,4,0.25,90.0
heartbreak,ifhehadbeenwithme.com,2,4,0.5,0.0
heartbreak,context.reverso.net,0,4,0.0,84.0
heartbreak,www.universal-music.co.jp,0,4,0.0,80.0
heartbreak,cordeliamagazine.wordpress.com,1,4,0.25,96.0
heartbreak,www.bibliovault.org,0,4,0.0,70.0
heartbreak,disney.fandom.com,1,4,0.25,92.0
heartbreak,quillbot.com,1,4,0.25,83.0
heartbreak,newsroom.spotify.com,1,4,0.25,95.0
heartbreak,www.vulture.com,2,4,0.5,87.0
heartbreak,thursd.com,1,4,0.25,65.0
heartbreak,music.fandom.com,0,4,0.0,92.0
heartbreak,share.libbyapp.com,0,4,0.0,79.0
heartbreak,dogtime.com,1,4,0.25,77.0
heartbreak,elpais.com,1,4,0.25,91.0
heartbreak,www.springfieldspringfield.co.uk,2,4,0.5,49.0
heartbreak,dictionary.reverso.net,0,4,0.0,84.0
heartbreak,www.unicode.org,3,4,0.75,90.0
heartbreak,selftattoo.com,1,4,0.25,32.0
heartbreak,playbill.com,1,4,0.25,83.0
heartbreak,academic.macmillan.com,1,4,0.25,86.0
heartbreak,bestpickzone.com,1,4,0.25,0.6
heartbreak,yamahacreators.com,3,4,0.75,52.0
heartbreak,kworb.net,0,4,0.0,61.0
heartbreak,www.royalcanin.com,1,4,0.25,83.0
heartbreak,www.helzberg.com,3,4,0.75,63.0
heartbreak,www.indiatimes.com,1,4,0.25,92.0
heartbreak,beadage.net,1,4,0.25,40.0
heartbreak,www.soundguys.com,1,4,0.25,74.0
heartbreak,theweek.com,0,4,0.0,84.0
heartbreak,slangdefine.org,0,4,0.0,56.0
heartbreak,www.runnersworld.com,2,4,0.5,85.0
heartbreak,mymythos.org,0,4,0.0,25.0
heartbreak,www.straitstimes.com,2,4,0.5,89.0
heartbreak,www.tcm.com,3,4,0.75,77.0
heartbreak,www.allinthedifference.com,0,4,0.0,20.0
heartbreak,www.tribuneindia.com,0,4,0.0,82.0
heartbreak,www.thelineofbestfit.com,2,4,0.5,73.0
heartbreak,www.thenationalnews.com,1,4,0.25,86.0
heartbreak,magazine.weverse.io,1,4,0.25,76.0
heartbreak,diff.wiki,1,4,0.25,14.0
heartbreak,researchonline.ljmu.ac.uk,0,4,0.0,77.0
heartbreak,kingsavetattoo.com,1,4,0.25,32.0
heartbreak,www.siriusxm.com,0,4,0.0,85.0
heartbreak,differencebtw.com,0,4,0.0,22.0
heartbreak,musicproductionwiki.com,0,4,0.0,3.0
heartbreak,learningvale.com,0,4,0.0,8.0
heartbreak,christinalaurenbooks.com,3,4,0.75,44.0
heartbreak,www.modernluxury.com,1,4,0.25,85.0
heartbreak,culture.fandom.com,0,4,0.0,92.0
heartbreak,treesforlife.org.uk,3,4,0.75,74.0
heartbreak,www.livenation.com,1,4,0.25,84.0
heartbreak,qa.answers.com,2,4,0.5,82.0
heartbreak,www.crystalyzeguide.com,1,4,0.25,26.0
heartbreak,www.comingsoon.net,2,4,0.5,76.0
heartbreak,www.literaryacademy.in,1,4,0.25,0.0
heartbreak,www.immortalreviews.com,1,4,0.25,6.0
heartbreak,divinetatva.com,2,4,0.5,0.0
heartbreak,news.iheart.com,0,4,0.0,91.0
heartbreak,apptattoogenieai.com,0,4,0.0,0.1
heartbreak,lyricswritingcourse.com,0,3,0.0,8.0
heartbreak,eiyokimono.com,1,3,0.3333,17.0
heartbreak,www.difference.wiki,0,3,0.0,44.0
heartbreak,www.flowermeaning.com,1,3,0.3333,49.0
heartbreak,www.northcountrypublicradio.org,2,3,0.6667,72.0
heartbreak,www.oakley.com,1,3,0.3333,80.0
heartbreak,ocdinkstudio.com,0,3,0.0,6.0
heartbreak,www.prnewswire.com,0,3,0.0,92.0
heartbreak,www.oxfordstudent.com,0,3,0.0,60.0
heartbreak,snapshot.apple.com,0,3,0.0,97.0
heartbreak,www.capitalxtra.com,0,3,0.0,60.0
heartbreak,boredtodeathbookclub.com,3,3,1.0,16.0
heartbreak,www.tatlerasia.com,0,3,0.0,80.0
heartbreak,www.reuters.com,1,3,0.3333,93.0
heartbreak,www.goldradio.com,1,3,0.3333,52.0
heartbreak,mantratattoo.us,1,3,0.3333,20.0
heartbreak,magickalspot.com,1,3,0.3333,54.0
heartbreak,k9sphere.com,0,3,0.0,31.0
heartbreak,soultheory.in,1,3,0.3333,3.1
heartbreak,thehoneypop.com,0,3,0.0,45.0
heartbreak,fashionista.com,1,3,0.3333,81.0
heartbreak,www.popmart.com,0,3,0.0,74.0
heartbreak,www.brainyquote.com,2,3,0.6667,90.0
heartbreak,graziamagazine.com,1,3,0.3333,76.0
heartbreak,boniver.org,2,3,0.6667,60.0
heartbreak,unsplash.com,0,3,0.0,94.0
heartbreak,spiritanimalatlas.com,0,3,0.0,0.0
heartbreak,www.choosingtherapy.com,3,3,1.0,77.0
heartbreak,filtron.co,0,3,0.0,20.0
heartbreak,www.firemountaingems.com,0,3,0.0,70.0
heartbreak,emoj.info,0,3,0.0,18.0
heartbreak,www.nga.gov,2,3,0.6667,83.0
heartbreak,www.columbiajournal.org,0,3,0.0,60.0
heartbreak,www.onthebulletin.com,0,3,0.0,17.0
heartbreak,researchportal.northumbria.ac.uk,1,3,0.3333,79.0
heartbreak,katiecouric.com,1,3,0.3333,75.0
heartbreak,www.milenio.com,1,3,0.3333,81.0
heartbreak,www.coldplay.com,2,3,0.6667,75.0
heartbreak,wbssmedia.com,1,3,0.3333,34.0
heartbreak,animatedviews.com,3,3,1.0,47.0
heartbreak,signifika.com,2,3,0.6667,0.4
heartbreak,emojiatlas.com,0,3,0.0,18.0
heartbreak,www.shelf-awareness.com,0,3,0.0,73.0
heartbreak,www.nintendolife.com,1,3,0.3333,77.0
heartbreak,goth-apparel.com,0,3,0.0,3.6
heartbreak,www.pansymaiden.com,0,3,0.0,26.0
heartbreak,www.betches.com,1,3,0.3333,70.0
heartbreak,musiccritic.com,0,3,0.0,50.0
heartbreak,www.heart.org,1,3,0.3333,91.0
heartbreak,www.mdpi.com,2,3,0.6667,92.0
heartbreak,www.overdrive.com,0,3,0.0,85.0
heartbreak,www.focusfeatures.com,0,3,0.0,76.0
heartbreak,www.marieclaire.co.uk,0,3,0.0,80.0
heartbreak,popculture.com,0,3,0.0,73.0
heartbreak,www.pandit.com,2,3,0.6667,37.0
heartbreak,crystalguide.co,0,3,0.0,8.0
heartbreak,www.foxlark.com,0,3,0.0,7.0
heartbreak,www.am.com.mx,2,3,0.6667,63.0
heartbreak,www.graceland.com,2,3,0.6667,73.0
heartbreak,www.allenandunwin.com,2,3,0.6667,74.0
heartbreak,starsunfolded.com,1,3,0.3333,64.0
heartbreak,blog.oup.com,2,3,0.6667,92.0
heartbreak,www.jambase.com,1,3,0.3333,73.0
heartbreak,business.walmart.com,0,3,0.0,92.0
heartbreak,www.gob.mx,0,3,0.0,91.0
heartbreak,www.bmi.com,0,3,0.0,80.0
heartbreak,nomorecrycrystal.com,0,3,0.0,0.0
heartbreak,fictionlit.com,2,3,0.6667,14.0
heartbreak,www.espn.com,1,3,0.3333,91.0
heartbreak,bookshop.org,0,3,0.0,91.0
heartbreak,www.vogue.in,3,3,1.0,81.0
heartbreak,www.cometapi.com,1,3,0.3333,61.0
heartbreak,www.crystaligned.com,2,3,0.6667,0.0
heartbreak,www.rollingstone.com,0,3,0.0,90.0
heartbreak,www.afi.com,0,3,0.0,78.0
heartbreak,www.sade.com,2,3,0.6667,52.0
heartbreak,commons.wikimedia.org,0,3,0.0,93.0
heartbreak,www.ourmusicworld.com,1,3,0.3333,36.0
heartbreak,www.tripadvisor.com,1,3,0.3333,93.0
heartbreak,www.ibtimes.co.uk,0,3,0.0,82.0
heartbreak,biddytarot.com,2,3,0.6667,71.0
heartbreak,www.theplantaide.com,0,3,0.0,7.0
heartbreak,elaramuse.com,0,3,0.0,1.0
heartbreak,consequence.net,0,3,0.0,79.0
heartbreak,studylib.net,1,3,0.3333,73.0
heartbreak,www.phillymag.com,0,3,0.0,80.0
heartbreak,www.zumiez.com,1,3,0.3333,72.0
heartbreak,www.documentarytube.com,0,3,0.0,41.0
heartbreak,www.tvmaze.com,1,3,0.3333,73.0
heartbreak,www.classical-music.com,1,3,0.3333,72.0
heartbreak,www.everand.com,1,3,0.3333,80.0
heartbreak,www.songhall.org,1,3,0.3333,67.0
heartbreak,biblehub.com,1,3,0.3333,87.0
heartbreak,interscope.com,1,3,0.3333,72.0
heartbreak,www.romantasyorder.com,2,3,0.6667,27.0
heartbreak,www.chicagomag.com,3,3,1.0,79.0
heartbreak,wiki.sizzltek.com,1,3,0.3333,0.0
heartbreak,www.wideopencountry.com,1,3,0.3333,73.0
heartbreak,www.britishmuseum.org,1,3,0.3333,86.0
heartbreak,www.nypl.org,1,3,0.3333,86.0
heartbreak,lyricstranslate.com,0,3,0.0,74.0
heartbreak,online.ucpress.edu,2,3,0.6667,84.0
heartbreak,entiresummary.com,1,3,0.3333,1.9
heartbreak,www.exopaedia.org,1,3,0.3333,27.0
heartbreak,www.popsongprofessor.com,0,3,0.0,22.0
heartbreak,yourghostproduction.com,1,3,0.3333,13.0
heartbreak,fivebooks.com,0,3,0.0,71.0
heartbreak,atelierzhen.com,0,3,0.0,0.2
heartbreak,unicode.org,2,3,0.6667,90.0
heartbreak,highschool.latimes.com,1,3,0.3333,92.0
heartbreak,www.mindat.org,2,3,0.6667,78.0
heartbreak,www.calendar-canada.ca,0,3,0.0,28.0
heartbreak,www.filmibeat.com,1,3,0.3333,71.0
heartbreak,archive.gia.edu,0,3,0.0,87.0
heartbreak,taylorswiftmusicworld.com,0,3,0.0,1.2
heartbreak,lifestyle.inquirer.net,0,3,0.0,84.0
heartbreak,www.shambhala.com,1,3,0.3333,76.0
heartbreak,sacredheartworks.com,1,3,0.3333,0.0
heartbreak,laist.com,1,3,0.3333,82.0
heartbreak,vcahospitals.com,0,3,0.0,84.0
heartbreak,wordzaura.com,1,3,0.3333,0.1
heartbreak,www.attractiondiary.com,0,3,0.0,26.0
heartbreak,www.jasna.org,2,3,0.6667,67.0
heartbreak,vagazine.com,1,3,0.3333,38.0
heartbreak,bookloversforlife.com,2,3,0.6667,5.0
heartbreak,equipboard.com,2,3,0.6667,62.0
heartbreak,www.liveabout.com,0,3,0.0,87.0
heartbreak,help.bandlab.com,2,3,0.6667,79.0
heartbreak,www.avclub.com,1,3,0.3333,82.0
heartbreak,trilogyofromance.com.au,2,3,0.6667,6.0
heartbreak,outsons.com,0,3,0.0,34.0
heartbreak,www.xsnoize.com,0,3,0.0,45.0
heartbreak,justrandomthings.com,0,3,0.0,23.0
heartbreak,tatticle.com,0,3,0.0,31.0
heartbreak,www.insidehook.com,0,3,0.0,80.0
heartbreak,discover.hubpages.com,0,3,0.0,87.0
heartbreak,www.fandom.com,1,3,0.3333,92.0
heartbreak,scroll.in,3,3,1.0,80.0
heartbreak,www.nohgaku.or.jp,1,3,0.3333,61.0
heartbreak,countrymusichalloffame.org,0,3,0.0,76.0
heartbreak,www.nybooks.com,1,3,0.3333,82.0
heartbreak,faqabout.me,1,3,0.3333,28.0
heartbreak,www.ellecanada.com,0,3,0.0,75.0
heartbreak,www.worldofbooks.com,0,3,0.0,76.0
heartbreak,satyori.com,0,3,0.0,26.0
heartbreak,www.gigwise.com,0,3,0.0,70.0
heartbreak,www.wikizero.net,0,3,0.0,19.0
heartbreak,www.esquire.de,3,3,1.0,65.0
heartbreak,emoji.gg,1,3,0.3333,66.0
heartbreak,mysticelysia.com,2,3,0.6667,0.0
heartbreak,www.essence.com,0,3,0.0,85.0
heartbreak,thegreatestbooks.org,0,3,0.0,52.0
heartbreak,www.who.com.au,1,3,0.3333,66.0
heartbreak,winefolly.com,0,3,0.0,78.0
heartbreak,otterspirit.com,1,3,0.3333,38.0
heartbreak,www.wordreference.com,1,3,0.3333,80.0
heartbreak,www.leapaheadapp.com,0,3,0.0,4.8
heartbreak,www.azquotes.com,0,3,0.0,83.0
heartbreak,gshow.globo.com,3,3,1.0,91.0
heartbreak,dokumen.pub,0,3,0.0,70.0
heartbreak,www.yalom.com,0,3,0.0,56.0
heartbreak,folklore.usc.edu,3,3,1.0,90.0
heartbreak,www.poetrysoup.com,0,3,0.0,61.0
heartbreak,party.alibaba.com,0,3,0.0,92.0
heartbreak,thebernesemountain.dog,0,3,0.0,0.0
heartbreak,fixquotes.com,0,3,0.0,45.0
heartbreak,www.livescience.com,0,3,0.0,90.0
heartbreak,www.japanesetattoo.com.au,0,3,0.0,2.1
heartbreak,oliviarodrigo.lnk.to,2,3,0.6667,91.0
heartbreak,www.ncbi.nlm.nih.gov,3,3,1.0,95.0
heartbreak,runrepeat.com,0,3,0.0,76.0
heartbreak,inba.gob.mx,1,3,0.3333,75.0
heartbreak,www.rollingstone.de,1,3,0.3333,71.0
heartbreak,mindandstone.com,1,3,0.3333,0.0
heartbreak,blogs.loc.gov,0,3,0.0,91.0
heartbreak,rollingstoneindia.com,2,3,0.6667,71.0
heartbreak,niovela.com,1,3,0.3333,5.0
heartbreak,www.chosic.com,1,3,0.3333,70.0
heartbreak,www.celebscouples.com,0,3,0.0,15.0
heartbreak,www.nickiswift.com,0,3,0.0,67.0
heartbreak,www.yamaha.com,1,3,0.3333,88.0
heartbreak,suno-ai.notion.site,0,3,0.0,92.0
heartbreak,www.rapreviews.com,1,3,0.3333,55.0
heartbreak,www.last.fm,1,3,0.3333,90.0
heartbreak,storeca.taylorswift.com,1,3,0.3333,78.0
heartbreak,www.tripfiction.com,0,3,0.0,51.0
heartbreak,pemachodronfoundation.org,2,3,0.6667,68.0
heartbreak,rapdictionary.com,0,3,0.0,34.0
heartbreak,torontoartsacademy.com,1,3,0.3333,13.0
heartbreak,www.allacronyms.com,1,3,0.3333,58.0
heartbreak,www.amazon.com,0,3,0.0,96.0
heartbreak,explainsong.com,0,3,0.0,6.0
heartbreak,linktr.ee,0,3,0.0,94.0
heartbreak,www.frontiersin.org,1,3,0.3333,92.0
heartbreak,crystalstones.com,1,3,0.3333,31.0
heartbreak,3ofspadestattoo.com,1,3,0.3333,11.0
heartbreak,www.zevira.net,1,3,0.3333,8.0
heartbreak,www.grailed.com,3,3,1.0,76.0
heartbreak,www.aboutamazon.co.uk,0,3,0.0,76.0
heartbreak,www.scielo.org.mx,2,3,0.6667,78.0
heartbreak,scalpel.fm,1,3,0.3333,1.1
heartbreak,www.looper.com,1,3,0.3333,74.0
heartbreak,shopau.oliviarodrigo.com,2,3,0.6667,71.0
heartbreak,danecouncil.org.uk,1,3,0.3333,28.0
heartbreak,www.mlb.com,1,3,0.3333,90.0
heartbreak,artincontext.org,0,3,0.0,70.0
heartbreak,www.livenation.co.uk,1,3,0.3333,79.0
heartbreak,reference.org,0,3,0.0,32.0
heartbreak,sarahjmaas.com,3,3,1.0,61.0
heartbreak,www.businessinsider.com,2,3,0.6667,92.0
heartbreak,www.cntraveler.com,1,3,0.3333,88.0
heartbreak,www.candlewick.com,1,3,0.3333,72.0
heartbreak,au.variety.com,0,3,0.0,91.0
heartbreak,www.caroleking.com,1,3,0.3333,59.0
heartbreak,scienceinsights.org,1,3,0.3333,71.0
heartbreak,stevienicks.info,1,3,0.3333,13.0
heartbreak,booktokbooks.com,0,3,0.0,0.4
heartbreak,www.elle.com.au,2,3,0.6667,75.0
heartbreak,funeral.com,1,3,0.3333,45.0
heartbreak,mexicada.shop,1,3,0.3333,8.0
heartbreak,monolithstudio.com,1,3,0.3333,34.0
heartbreak,www.hotnewhiphop.com,1,3,0.3333,75.0
heartbreak,badbunny.pro,2,3,0.6667,13.0
heartbreak,www.metal-archives.com,1,3,0.3333,76.0
heartbreak,timeline.carnegiehall.org,1,3,0.3333,80.0
heartbreak,www.zhihu.com,0,3,0.0,91.0
heartbreak,entertainment.howstuffworks.com,2,3,0.6667,90.0
heartbreak,letterboxd.com,1,3,0.3333,89.0
heartbreak,shop.scholastic.co.uk,2,3,0.6667,77.0
heartbreak,blog.ticketmaster.com,1,3,0.3333,90.0
heartbreak,extrachill.com,0,3,0.0,49.0
heartbreak,www.allcrystal.com,0,3,0.0,49.0
heartbreak,wikipedia.nlaha.com,2,3,0.6667,4.9
heartbreak,healingcrystals369.com,3,3,1.0,5.0
heartbreak,archive.junkee.com,1,3,0.3333,72.0
heartbreak,emojideck.com,0,3,0.0,1.4
heartbreak,www.independent.ie,0,3,0.0,85.0
heartbreak,websites.umich.edu,1,3,0.3333,91.0
heartbreak,heraldicjewelry.com,2,3,0.6667,33.0
heartbreak,www.headphonesty.com,0,3,0.0,65.0
heartbreak,red.taylorswift.com.br,0,3,0.0,12.0
heartbreak,litnotes.ai,0,3,0.0,14.0
heartbreak,blog.landr.com,1,3,0.3333,81.0
heartbreak,www.theconsumers.guide,1,3,0.3333,20.0
heartbreak,www.classicfm.com,3,3,1.0,77.0
heartbreak,crystallifevibrations.com,0,3,0.0,0.0
heartbreak,www.tatuagemblog.com,2,3,0.6667,12.0
heartbreak,americanliterature.com,1,3,0.3333,72.0
heartbreak,dev.gia.edu,1,3,0.3333,87.0
heartbreak,www.gemstones.com,1,3,0.3333,48.0
heartbreak,musicdives.com,0,3,0.0,0.6
heartbreak,www.storytel.com,1,3,0.3333,81.0
heartbreak,www.jonimitchell.com,2,3,0.6667,68.0
heartbreak,rockhall.com,1,3,0.3333,79.0
heartbreak,www.urbanoutfitters.com,1,3,0.3333,82.0
heartbreak,www.concertarchives.org,1,3,0.3333,62.0
heartbreak,thewaltdisneycompany.com,2,3,0.6667,86.0
heartbreak,www.crystaldestiny.com,2,3,0.6667,7.0
heartbreak,www.crystalviden.com,0,3,0.0,37.0
heartbreak,lcweb2.loc.gov,2,3,0.6667,91.0
heartbreak,www.queensjournal.ca,0,3,0.0,63.0
heartbreak,in.bookmyshow.com,0,3,0.0,82.0
heartbreak,servingsomelines.com,0,3,0.0,0.7
heartbreak,glennondoyle.com,1,3,0.3333,53.0
heartbreak,www.musicvf.com,0,3,0.0,40.0
heartbreak,www.harperacademic.com,2,3,0.6667,49.0
heartbreak,landhatelier.com,0,3,0.0,31.0
heartbreak,unibathtime.co.uk,0,3,0.0,11.0
heartbreak,www.japanesewiki.com,0,3,0.0,49.0
heartbreak,wikipedia.cthon.io,1,3,0.3333,0.0
heartbreak,seatplan.com,2,2,1.0,56.0
heartbreak,www.cosmopolitan.in,0,2,0.0,64.0
heartbreak,www.trillmag.com,1,2,0.5,57.0
heartbreak,themusic.com.au,1,2,0.5,71.0
heartbreak,animepapa.com,1,2,0.5,10.0
heartbreak,rajashree.in,1,2,0.5,2.1
heartbreak,1883magazine.com,0,2,0.0,69.0
heartbreak,asianwiki.com,0,2,0.0,71.0
heartbreak,mb.com.ph,0,2,0.0,80.0
heartbreak,symbolorigin.com,0,2,0.0,6.0
heartbreak,press.aboutamazon.com,0,2,0.0,90.0
heartbreak,www.novelflow.app,0,2,0.0,26.0
heartbreak,www.whosdatedwho.com,0,2,0.0,55.0
heartbreak,design.tutsplus.com,1,2,0.5,91.0
heartbreak,astrostyle.com,0,2,0.0,69.0
heartbreak,openbooksummary.com,0,2,0.0,0.0
heartbreak,www.theparisreview.org,1,2,0.5,81.0
heartbreak,www.pcgamer.com,2,2,1.0,85.0
heartbreak,www.healingcrystals.com,0,2,0.0,56.0
heartbreak,www.cdc.gov,0,2,0.0,94.0
heartbreak,www.americangemsociety.org,1,2,0.5,76.0
heartbreak,www.healingcrystalsco.com,0,2,0.0,27.0
heartbreak,fontadvice.com,1,2,0.5,1.6
heartbreak,www.etsy.com,2,2,1.0,94.0
heartbreak,www.theodysseyonline.com,0,2,0.0,76.0
heartbreak,www.adobe.com,2,2,1.0,96.0
heartbreak,store.epicgames.com,0,2,0.0,90.0
heartbreak,www.number6publishing.com,0,2,0.0,21.0
heartbreak,www.desertcart.in,0,2,0.0,54.0
heartbreak,albumdive.com,0,2,0.0,0.0
heartbreak,barfindia.com,0,2,0.0,7.0
heartbreak,www.aarp.org,1,2,0.5,91.0
heartbreak,www.conangray.com,0,2,0.0,43.0
heartbreak,www.classificationoffice.govt.nz,1,2,0.5,70.0
heartbreak,littlecornerofamusiclover.com,1,2,0.5,8.0
heartbreak,conversion-dev.svc.cul.columbia.edu,1,2,0.5,91.0
heartbreak,www.scrippsnews.com,1,2,0.5,79.0
heartbreak,www.buzzfeed.at,2,2,1.0,34.0
heartbreak,spiritualask.com,1,2,0.5,7.0
heartbreak,norcalpublicmedia.org,0,2,0.0,65.0
heartbreak,owiki.org,0,2,0.0,4.9
heartbreak,stepheniemeyer.com,0,2,0.0,64.0
heartbreak,www.gramedia.com,0,2,0.0,77.0
heartbreak,gamefaqs.gamespot.com,1,2,0.5,86.0
heartbreak,simonteen.com,1,2,0.5,49.0
heartbreak,ide.rgu.ac.in,1,2,0.5,54.0
heartbreak,warnerbros.fandom.com,0,2,0.0,92.0
heartbreak,tattooswin.com,0,2,0.0,11.0
heartbreak,corporate.target.com,0,2,0.0,91.0
heartbreak,www.heartbreaktattoo.com,0,2,0.0,3.2
heartbreak,geo.libretexts.org,1,2,0.5,81.0
heartbreak,www.paralleli.org,0,2,0.0,8.0
heartbreak,m.acronymsandslang.com,0,2,0.0,34.0
heartbreak,www.ajner.com,0,2,0.0,32.0
heartbreak,wnyc.org,0,2,0.0,84.0
heartbreak,cms.guilford.com,1,2,0.5,78.0
heartbreak,www.nike.com,0,2,0.0,90.0
heartbreak,www.whatsong.org,0,2,0.0,2.9
heartbreak,www.kemstonejewelry.com,0,2,0.0,0.0
heartbreak,inkandchai.in,0,2,0.0,0.0
heartbreak,www.dtnext.in,1,2,0.5,71.0
heartbreak,www.lyricslayers.com,1,2,0.5,18.0
heartbreak,melodycraft.app,0,2,0.0,8.0
heartbreak,www.allbookstores.com,0,2,0.0,58.0
heartbreak,www.theknot.com,1,2,0.5,91.0
heartbreak,readysteadycut.com,0,2,0.0,52.0
heartbreak,mostrecommendedbooks.com,0,2,0.0,53.0
heartbreak,www.hws.edu,1,2,0.5,74.0
heartbreak,captiions.com,2,2,1.0,52.0
heartbreak,en.everybodywiki.com,1,2,0.5,76.0
heartbreak,www.kpopstarz.com,0,2,0.0,58.0
heartbreak,www.audible.in,0,2,0.0,71.0
honeymoon phase,www.theknot.com,14,25,0.56,91.0
honeymoon phase,www.indiatoday.in,3,11,0.2727,86.0
honeymoon phase,therapist.com,5,10,0.5,66.0
honeymoon phase,www.vogue.co.uk,4,10,0.4,86.0
honeymoon phase,www.verywellmind.com,4,9,0.4444,90.0
honeymoon phase,bumble.com,6,8,0.75,80.0
honeymoon phase,www.psychologytoday.com,0,8,0.0,93.0
honeymoon phase,dictionary.cambridge.org,3,7,0.4286,92.0
honeymoon phase,www.grindr.com,1,7,0.1429,74.0
honeymoon phase,timesofindia.indiatimes.com,0,7,0.0,92.0
honeymoon phase,omghitched.com,2,7,0.2857,27.0
honeymoon phase,theeverygirl.com,0,6,0.0,77.0
honeymoon phase,2hearted.com,0,6,0.0,0.0
honeymoon phase,www.californiapsychics.com,0,6,0.0,60.0
honeymoon phase,scienceinsights.org,0,6,0.0,71.0
honeymoon phase,www.paired.com,0,6,0.0,61.0
honeymoon phase,www.calm.com,1,5,0.2,87.0
honeymoon phase,www.reddit.com,1,5,0.2,95.0
honeymoon phase,www.etymonline.com,0,4,0.0,83.0
honeymoon phase,www.netmums.com,0,4,0.0,75.0
honeymoon phase,en.wiktionary.org,2,4,0.5,91.0
honeymoon phase,en.wikipedia.org,2,4,0.5,97.0
honeymoon phase,www.merriam-webster.com,2,4,0.5,91.0
honeymoon phase,www.mindbodygreen.com,2,4,0.5,85.0
honeymoon phase,www.collinsdictionary.com,1,3,0.3333,86.0
honeymoon phase,www.vogue.com,0,3,0.0,91.0
honeymoon phase,www.idntimes.com,0,3,0.0,79.0
honeymoon phase,www.gottman.com,0,3,0.0,85.0
honeymoon phase,findmytherapist.com,0,3,0.0,40.0
honeymoon phase,www.oxfordlearnersdictionaries.com,1,3,0.3333,81.0
honeymoon phase,www.lifeberrys.com,0,3,0.0,30.0
honeymoon phase,books.google.com,1,3,0.3333,100.0
honeymoon phase,www.marriage.com,0,3,0.0,75.0
honeymoon phase,lilydiajewellery.com,0,3,0.0,25.0
honeymoon phase,wholenessly.com,0,3,0.0,11.0
honeymoon phase,www.healthline.com,1,3,0.3333,92.0
honeymoon phase,www.brilliantearth.com,2,3,0.6667,75.0
honeymoon phase,ndtv.in,0,3,0.0,76.0
honeymoon phase,www.cosmopolitan.in,0,2,0.0,64.0
honeymoon phase,www.melissatysondesigns.com,0,2,0.0,20.0
honeymoon phase,www.family.cmho.org,1,2,0.5,64.0
honeymoon phase,tawkify.com,0,2,0.0,56.0
honeymoon phase,music.apple.com,2,2,1.0,97.0
honeymoon phase,legalclarity.org,2,2,1.0,76.0
honeymoon phase,mymindfulmatch.com,0,2,0.0,2.7
honeymoon phase,onairwithryan.iheart.com,0,2,0.0,91.0
honeymoon phase,www.wissen.de,0,2,0.0,73.0
honeymoon phase,www.woerter.net,0,2,0.0,8.0
honeymoon phase,www.latimes.com,1,2,0.5,92.0
honeymoon phase,www.duden.de,2,2,1.0,82.0
honeymoon phase,www.women.com,0,2,0.0,68.0
honeymoon phase,newsable.asianetnews.com,0,2,0.0,74.0
honeymoon phase,www.verben.de,0,2,0.0,21.0
honeymoon phase,de.wiktionary.org,1,2,0.5,91.0
honeymoon phase,precisely.revealing.me,0,2,0.0,0.0
honeymoon phase,lilymindwellbooks.com,0,2,0.0,2.6
honeymoon phase,franclaurent.com,1,2,0.5,7.0
honeymoon phase,elle.in,0,2,0.0,73.0
honeymoon phase,www.happierhuman.com,0,2,0.0,68.0
honeymoon phase,www.spanishdict.com,1,2,0.5,76.0
honeymoon phase,marriageada.org,0,2,0.0,11.0
honeymoon phase,health.clevelandclinic.org,1,2,0.5,92.0
honeymoon phase,www.withclarity.com,1,2,0.5,62.0
honeymoon phase,www.forbes.com,0,2,0.0,94.0
honeymoon phase,4cs.gia.edu,1,2,0.5,87.0
honeymoon phase,www.urbandictionary.com,0,2,0.0,88.0
honeymoon phase,ringsofuk.com,1,2,0.5,5.0
honeymoon phase,www.michelijewellery.com.au,1,2,0.5,3.6
honeymoon phase,journals.sagepub.com,0,2,0.0,92.0
honeymoon phase,learn.rumie.org,0,2,0.0,58.0
honeymoon phase,artisticpurity.com,0,1,0.0,0.1
honeymoon phase,www.idigic.net,0,1,0.0,64.0
honeymoon phase,slovar-vocab.com,0,1,0.0,45.0
honeymoon phase,theboot.com,0,1,0.0,71.0
honeymoon phase,www.lemon8-app.com,0,1,0.0,81.0
honeymoon phase,diabetesjournals.org,0,1,0.0,87.0
honeymoon phase,graziamagazine.com,0,1,0.0,76.0
honeymoon phase,ajluxe.com,0,1,0.0,38.0
honeymoon phase,vistavistavision.com,0,1,0.0,2.5
honeymoon phase,www.musica.com,0,1,0.0,57.0
honeymoon phase,www.sciencedirect.com,0,1,0.0,94.0
honeymoon phase,www.anscamobile.com,0,1,0.0,50.0
honeymoon phase,www.estherperel.com,0,1,0.0,76.0
honeymoon phase,howlongfor.com,0,1,0.0,2.9
honeymoon phase,www.wordorigins.org,0,1,0.0,58.0
honeymoon phase,invme.com,0,1,0.0,15.0
honeymoon phase,atc.org,1,1,1.0,49.0
honeymoon phase,urbandictionary.store,0,1,0.0,61.0
honeymoon phase,www.songmeaningsandfacts.com,0,1,0.0,40.0
honeymoon phase,www.usccb.org,0,1,0.0,86.0
honeymoon phase,blog.oup.com,0,1,0.0,92.0
honeymoon phase,www.vatican.va,0,1,0.0,90.0
honeymoon phase,www.davidsbridal.com,0,1,0.0,75.0
honeymoon phase,www.usajewels.com,0,1,0.0,28.0
honeymoon phase,doi.org,1,1,1.0,94.0
honeymoon phase,www.abc.net.au,0,1,0.0,91.0
honeymoon phase,www.doctissimo.fr,0,1,0.0,83.0
honeymoon phase,www.dazeddigital.com,0,1,0.0,84.0
honeymoon phase,www.salon.com,0,1,0.0,87.0
honeymoon phase,www.thehoneymoonguide.co,0,1,0.0,19.0
honeymoon phase,aquamarise.com,0,1,0.0,51.0
honeymoon phase,www.womansworld.com,0,1,0.0,76.0
honeymoon phase,www.zalkari.com,0,1,0.0,26.0
honeymoon phase,www.simonandschuster.com,0,1,0.0,88.0
honeymoon phase,de.langenscheidt.com,0,1,0.0,73.0
honeymoon phase,english.stackexchange.com,0,1,0.0,91.0
honeymoon phase,enviroliteracy.org,0,1,0.0,66.0
honeymoon phase,www.rottentomatoes.com,0,1,0.0,87.0
honeymoon phase,shiftychevre.com,0,1,0.0,29.0
honeymoon phase,www.marieclaire.com.tr,1,1,1.0,52.0
honeymoon phase,amp.knowyourmeme.com,0,1,0.0,86.0
honeymoon phase,app.ckbk.com,1,1,1.0,55.0
honeymoon phase,www.wikizero.net,0,1,0.0,19.0
honeymoon phase,www.who.com.au,0,1,0.0,66.0
honeymoon phase,www.wordreference.com,1,1,1.0,80.0
honeymoon phase,www.match.com,0,1,0.0,80.0
honeymoon phase,knowyourmeme.com,0,1,0.0,86.0
honeymoon phase,www.mentalhealth.com,0,1,0.0,79.0
honeymoon phase,www1.wdr.de,0,1,0.0,89.0
honeymoon phase,i-d.co,1,1,1.0,79.0
honeymoon phase,www.shethriveshere.com,0,1,0.0,1.8
honeymoon phase,www.hitched.co.uk,0,1,0.0,82.0
honeymoon phase,agapediamonds.com,0,1,0.0,29.0
honeymoon phase,www.cosmo.ph,0,1,0.0,64.0
honeymoon phase,www.realsimple.com,0,1,0.0,87.0
honeymoon phase,www.scienceofpeople.com,0,1,0.0,77.0
honeymoon phase,www.musicweek.com,0,1,0.0,75.0
honeymoon phase,www.rosecjewels.com,0,1,0.0,53.0
honeymoon phase,blog.the3day.org,1,1,1.0,61.0
honeymoon phase,couplesanalytics.com,0,1,0.0,22.0
honeymoon phase,www.nature.com,1,1,1.0,93.0
honeymoon phase,www.cleanorigin.com,0,1,0.0,62.0
honeymoon phase,www.cordobacouplestherapy.com,0,1,0.0,3.6
honeymoon phase,www.nickiswift.com,0,1,0.0,67.0
honeymoon phase,www.gq-magazine.co.uk,0,1,0.0,83.0
honeymoon phase,www.grammy.com,0,1,0.0,84.0
honeymoon phase,honeymoons.com,0,1,0.0,55.0
honeymoon phase,context.reverso.net,0,1,0.0,84.0
honeymoon phase,podimo.com,0,1,0.0,79.0
honeymoon phase,dict.youdao.com,0,1,0.0,84.0
honeymoon phase,dellyricajewelry.com,0,1,0.0,0.0
honeymoon phase,jennynurick.com,0,1,0.0,17.0
honeymoon phase,goong.com,0,1,0.0,32.0
honeymoon phase,www.enotes.com,1,1,1.0,73.0
honeymoon phase,www.ouh.nhs.uk,0,1,0.0,73.0
honeymoon phase,www.calmsage.com,0,1,0.0,52.0
honeymoon phase,playbill.com,1,1,1.0,83.0
honeymoon phase,www.azeera.com,0,1,0.0,19.0
honeymoon phase,dailymedieval.blogspot.com,0,1,0.0,95.0
honeymoon phase,toefl.xdf.cn,0,1,0.0,74.0
honeymoon phase,www.elle.com,0,1,0.0,90.0
honeymoon phase,www.hellomagazine.com,0,1,0.0,81.0
honeymoon phase,www.apa.org,0,1,0.0,92.0
honeymoon phase,www.zola.com,0,1,0.0,89.0
honeymoon phase,www.marieclaire.gr,0,1,0.0,60.0
honeymoon phase,www.thelist.com,0,1,0.0,75.0
honeymoon phase,honeymoontravel.de,0,1,0.0,21.0
honeymoon phase,www.honeymoonguru.ai,0,1,0.0,1.7
honeymoon phase,www.thesun.co.uk,0,1,0.0,89.0
honeymoon phase,www.encyclopedia.com,0,1,0.0,84.0
honeymoon phase,slangdefine.org,0,1,0.0,56.0
honeymoon phase,theeverymom.com,0,1,0.0,71.0
honeymoon phase,www.simonandschuster.co.uk,0,1,0.0,73.0
honeymoon phase,www.jcpenney.com,0,1,0.0,78.0
honeymoon phase,diccionario.reverso.net,0,1,0.0,84.0
honeymoon phase,honeymoonedit.com,0,1,0.0,32.0
honeymoon phase,www.ifshe.co.uk,0,1,0.0,45.0
honeymoon phase,kaweah.freedombox.rocks,0,1,0.0,8.0
honeymoon phase,tangroup.id,0,1,0.0,13.0
honeymoon phase,songsense.io,0,1,0.0,26.0
honeymoon phase,us.auth.bumble.com,1,1,1.0,80.0
honeymoon phase,www.helenharding.co.uk,1,1,1.0,12.0
honeymoon phase,www.iheart.com,0,1,0.0,91.0
honeymoon phase,www.jewelersmutual.com,0,1,0.0,75.0
honeymoon phase,pitchfork.com,1,1,1.0,86.0
honeymoon phase,indianexpress.com,0,1,0.0,89.0
honeymoon phase,jackiebledsoe.com,1,1,1.0,36.0
honeymoon phase,www.vice.com,0,1,0.0,91.0
honeymoon phase,pubmed.ncbi.nlm.nih.gov,1,1,1.0,95.0
honeymoon phase,slang.net,1,1,1.0,59.0
honeymoon phase,pmc.ncbi.nlm.nih.gov,0,1,0.0,95.0
honeymoon phase,ideas.hallmark.com,0,1,0.0,79.0
commitment issues,en.wikipedia.org,3,5,0.6,97.0
commitment issues,www.reddit.com,1,3,0.3333,95.0
commitment issues,www.trillmag.com,1,2,0.5,57.0
commitment issues,people.com,0,2,0.0,91.0
commitment issues,www.washingtonpost.com,1,2,0.5,93.0
commitment issues,parade.com,0,2,0.0,85.0
commitment issues,www.imdb.com,1,2,0.5,94.0
commitment issues,knowyourmeme.com,2,2,1.0,86.0
commitment issues,www.allure.com,1,2,0.5,87.0
commitment issues,www.bbb.org,0,2,0.0,93.0
commitment issues,www.astrology.com,1,2,0.5,73.0
commitment issues,www.trustpilot.com,0,2,0.0,94.0
commitment issues,www.hindustantimes.com,1,1,1.0,89.0
commitment issues,www.history.com,0,1,0.0,90.0
commitment issues,www.scamadviser.com,0,1,0.0,80.0
commitment issues,www.pcgamer.com,0,1,0.0,85.0
commitment issues,www.nationalgeographic.com,0,1,0.0,91.0
commitment issues,music.apple.com,0,1,0.0,97.0
commitment issues,www.cubed3.com,0,1,0.0,53.0
commitment issues,gamefaqs.gamespot.com,0,1,0.0,86.0
commitment issues,www.indeed.com,0,1,0.0,92.0
commitment issues,www.theknot.com,0,1,0.0,91.0
commitment issues,scottpilgrim.fandom.com,1,1,1.0,92.0
commitment issues,sfstandard.com,0,1,0.0,80.0
commitment issues,www.netflix.com,0,1,0.0,92.0
commitment issues,www.etonline.com,0,1,0.0,81.0
commitment issues,www.latimes.com,0,1,0.0,92.0
commitment issues,www.yourtango.com,0,1,0.0,78.0
commitment issues,digitalreport.com.tr,0,1,0.0,29.0
commitment issues,www.gamereactor.eu,0,1,0.0,71.0
commitment issues,www.painters-online.co.uk,0,1,0.0,60.0
commitment issues,www.cyclingweekly.com,1,1,1.0,77.0
commitment issues,www.news24.com,0,1,0.0,84.0
commitment issues,www.gamespot.com,0,1,0.0,86.0
commitment issues,www.whatsdannydoing.com,0,1,0.0,29.0
commitment issues,games.gg,0,1,0.0,69.0
commitment issues,www.glamour.com,0,1,0.0,86.0
commitment issues,newenglandhistoricalsociety.com,0,1,0.0,71.0
commitment issues,dictionary.apa.org,0,1,0.0,92.0
commitment issues,techbriefly.com,0,1,0.0,44.0
commitment issues,www.rottentomatoes.com,1,1,1.0,87.0
commitment issues,www.elitedaily.com,0,1,0.0,82.0
commitment issues,www.liveabout.com,1,1,1.0,87.0
commitment issues,comicbook.com,0,1,0.0,80.0
commitment issues,www.wmagazine.com,0,1,0.0,81.0
commitment issues,www.awn.com,0,1,0.0,76.0
commitment issues,news.ea.com,1,1,1.0,89.0
commitment issues,www.astrology-online.com,0,1,0.0,38.0
commitment issues,finearttutorials.com,0,1,0.0,35.0
commitment issues,personalityunleashed.com,1,1,1.0,34.0
commitment issues,hypebae.com,0,1,0.0,77.0
commitment issues,boingboing.net,0,1,0.0,84.0
commitment issues,www.gamerevolution.com,0,1,0.0,70.0
commitment issues,www.dairyqueen.com,0,1,0.0,78.0
commitment issues,www.teenvogue.com,0,1,0.0,86.0
commitment issues,www.sanatanveda.com,1,1,1.0,4.2
commitment issues,findahosttravelagency.com,0,1,0.0,30.0
commitment issues,www.ladbible.com,0,1,0.0,77.0
commitment issues,www.gamesradar.com,0,1,0.0,84.0
commitment issues,www.gatewaytravel.com,1,1,1.0,37.0
commitment issues,modaknits.com,1,1,1.0,40.0
commitment issues,gosling.psy.utexas.edu,0,1,0.0,91.0
commitment issues,www.dickblick.com,0,1,0.0,80.0
commitment issues,www.elle.com,1,1,1.0,90.0
commitment issues,sims.fandom.com,0,1,0.0,92.0
commitment issues,reviews.birdeye.com,0,1,0.0,86.0
commitment issues,www.frameline.org,1,1,1.0,70.0
commitment issues,www.indastro.com,0,1,0.0,49.0
commitment issues,www.instyle.com,0,1,0.0,85.0
commitment issues,www.mypandit.com,0,1,0.0,43.0
commitment issues,virginradio.co.uk,1,1,1.0,62.0
commitment issues,weworkremotely.com,0,1,0.0,79.0
commitment issues,en.canson.com,0,1,0.0,67.0
commitment issues,bi.org,0,1,0.0,63.0
commitment issues,www.ea.com,1,1,1.0,89.0
commitment issues,hostagencyreviews.com,1,1,1.0,57.0
commitment issues,pubmed.ncbi.nlm.nih.gov,0,1,0.0,95.0
commitment issues,www.yahoo.com,0,1,0.0,94.0
commitment issues,citizen.digital,0,1,0.0,73.0
commitment issues,www.diznew.com,1,1,1.0,30.0
commitment issues,www.thedailybeast.com,0,1,0.0,88.0
identity crisis,en.wikipedia.org,36,65,0.5538,97.0
identity crisis,www.gamespot.com,18,29,0.6207,86.0
identity crisis,www.theguardian.com,15,29,0.5172,93.0
identity crisis,www.reddit.com,9,28,0.3214,95.0
identity crisis,www.forbes.com,17,22,0.7727,94.0
identity crisis,www.imdb.com,7,19,0.3684,94.0
identity crisis,www.sec.gov,12,19,0.6316,92.0
identity crisis,www.cbsnews.com,17,19,0.8947,92.0
identity crisis,www.wired.com,14,18,0.7778,92.0
identity crisis,www.rottentomatoes.com,10,17,0.5882,87.0
identity crisis,www.pcgamer.com,6,16,0.375,85.0
identity crisis,www.latimes.com,8,14,0.5714,92.0
identity crisis,www.washingtonpost.com,6,14,0.4286,93.0
identity crisis,www.metacritic.com,6,14,0.4286,83.0
identity crisis,www.youtube.com,3,12,0.25,99.0
identity crisis,www.yahoo.com,6,11,0.5455,94.0
identity crisis,d23.com,6,11,0.5455,76.0
identity crisis,www.reuters.com,5,10,0.5,93.0
identity crisis,arstechnica.com,7,10,0.7,91.0
identity crisis,fortune.com,2,10,0.2,91.0
identity crisis,www.thewrap.com,4,9,0.4444,84.0
identity crisis,gameinformer.com,3,9,0.3333,79.0
identity crisis,investors.etsy.com,5,8,0.625,94.0
identity crisis,www.etsy.com,2,8,0.25,94.0
identity crisis,www.rogerebert.com,6,8,0.75,81.0
identity crisis,www.facebook.com,0,8,0.0,100.0
identity crisis,time.com,1,8,0.125,92.0
identity crisis,help.etsy.com,5,8,0.625,94.0
identity crisis,www.denofgeek.com,3,8,0.375,78.0
identity crisis,www.gamesradar.com,2,8,0.25,84.0
identity crisis,www.digitaltrends.com,5,8,0.625,89.0
identity crisis,www.globenewswire.com,3,7,0.4286,92.0
identity crisis,comicbook.com,2,7,0.2857,80.0
identity crisis,gamefaqs.gamespot.com,0,6,0.0,86.0
identity crisis,steamcommunity.com,3,6,0.5,91.0
identity crisis,www.engadget.com,1,6,0.1667,90.0
identity crisis,www.abc.net.au,6,6,1.0,91.0
identity crisis,www.drunkelephant.com,4,6,0.6667,70.0
identity crisis,www.pushsquare.com,3,6,0.5,74.0
identity crisis,www.boxofficemojo.com,4,6,0.6667,82.0
identity crisis,finance.yahoo.com,0,6,0.0,94.0
identity crisis,pubmed.ncbi.nlm.nih.gov,2,6,0.3333,95.0
identity crisis,ebs.publicnow.com,0,5,0.0,73.0
identity crisis,store.steampowered.com,3,5,0.6,93.0
identity crisis,www.pcgamesn.com,2,5,0.4,78.0
identity crisis,www.instagram.com,0,5,0.0,100.0
identity crisis,editorial.rottentomatoes.com,2,5,0.4,87.0
identity crisis,beautymatter.com,2,5,0.4,74.0
identity crisis,www.wsj.com,3,5,0.6,92.0
identity crisis,www.deseret.com,2,5,0.4,84.0
identity crisis,www.looper.com,2,5,0.4,74.0
identity crisis,www.windowscentral.com,0,5,0.0,84.0
identity crisis,www.marketscreener.com,0,5,0.0,80.0
identity crisis,www.gamedeveloper.com,2,5,0.4,83.0
identity crisis,medium.com,0,5,0.0,94.0
identity crisis,bbbprograms.org,3,5,0.6,83.0
identity crisis,www.starwars.com,2,5,0.4,83.0
identity crisis,staging.bbbprograms.org,4,4,1.0,83.0
identity crisis,people.com,2,4,0.5,91.0
identity crisis,www.fool.com,1,4,0.25,90.0
identity crisis,www.searshc.com,3,4,0.75,11.0
identity crisis,www.sciencedirect.com,3,4,0.75,94.0
identity crisis,www.techradar.com,3,4,0.75,91.0
identity crisis,listybox.com,0,4,0.0,5.0
identity crisis,www.slashfilm.com,1,4,0.25,79.0
identity crisis,www.glamour.com,3,4,0.75,86.0
identity crisis,www.retaildive.com,2,4,0.5,86.0
identity crisis,www.greenmatters.com,3,4,0.75,76.0
identity crisis,www.pokemon.com,4,4,1.0,85.0
identity crisis,www.vanityfair.com,2,4,0.5,89.0
identity crisis,www.the-numbers.com,1,4,0.25,76.0
identity crisis,cases.som.yale.edu,2,4,0.5,91.0
identity crisis,disney.fandom.com,0,4,0.0,92.0
identity crisis,steamcharts.com,4,4,1.0,72.0
identity crisis,www.springfieldspringfield.co.uk,1,4,0.25,49.0
identity crisis,financialreports.eu,0,4,0.0,31.0
identity crisis,bulbapedia.bulbagarden.net,4,4,1.0,80.0
identity crisis,www.axios.com,1,4,0.25,91.0
identity crisis,www.vice.com,2,4,0.5,91.0
identity crisis,www.fastcompany.com,2,4,0.5,92.0
identity crisis,www.collinsdictionary.com,1,3,0.3333,86.0
identity crisis,www.inverse.com,3,3,1.0,83.0
identity crisis,www.eufymake.com,0,3,0.0,65.0
identity crisis,news.northeastern.edu,1,3,0.3333,87.0
identity crisis,news.ubisoft.com,1,3,0.3333,86.0
identity crisis,www.vogue.com,0,3,0.0,91.0
identity crisis,www.investopedia.com,1,3,0.3333,92.0
identity crisis,www.mmorpg.com,0,3,0.0,72.0
identity crisis,legalclarity.org,1,3,0.3333,76.0
identity crisis,abercrombieandfitchcompany.gcs-web.com,2,3,0.6667,83.0
identity crisis,www.scribd.com,0,3,0.0,91.0
identity crisis,www.etymonline.com,2,3,0.6667,83.0
identity crisis,www.researchgate.net,1,3,0.3333,93.0
identity crisis,www.personalcareinsights.com,1,3,0.3333,85.0
identity crisis,www.outfy.com,0,3,0.0,65.0
identity crisis,craftybase.com,0,3,0.0,59.0
identity crisis,www.syfy.com,2,3,0.6667,80.0
identity crisis,www.techspot.com,1,3,0.3333,82.0
identity crisis,etsymargin.tools,0,3,0.0,13.0
identity crisis,www.tandfonline.com,1,3,0.3333,92.0
identity crisis,www.psychologytoday.com,0,3,0.0,93.0
identity crisis,app.ckbk.com,1,3,0.3333,55.0
identity crisis,www.kellogg.northwestern.edu,2,3,0.6667,90.0
identity crisis,puck.news,1,3,0.3333,74.0
identity crisis,www.the-independent.com,1,3,0.3333,80.0
identity crisis,knowledge.wharton.upenn.edu,2,3,0.6667,91.0
identity crisis,movies.disney.com,2,3,0.6667,89.0
identity crisis,www.theverge.com,1,3,0.3333,92.0
identity crisis,www.newgamenetwork.com,1,3,0.3333,57.0
identity crisis,www.newyorker.com,0,3,0.0,91.0
identity crisis,www.allure.com,1,3,0.3333,87.0
identity crisis,apnews.com,1,3,0.3333,92.0
identity crisis,www.smithsonianmag.com,0,3,0.0,90.0
identity crisis,www.encyclopedia.com,1,3,0.3333,84.0
identity crisis,www.pcgamesinsider.biz,1,3,0.3333,54.0
identity crisis,www.marvel.com,2,3,0.6667,84.0
identity crisis,www.bloomberg.com,1,3,0.3333,92.0
identity crisis,www.tcgplayer.com,0,3,0.0,83.0
identity crisis,starwars.fandom.com,2,2,1.0,92.0
identity crisis,www.gamewatcher.com,0,2,0.0,63.0
identity crisis,www.marketingdive.com,0,2,0.0,86.0
identity crisis,www.ebsco.com,2,2,1.0,87.0
identity crisis,victoriassecret.gcs-web.com,1,2,0.5,83.0
identity crisis,d2c-times.com,0,2,0.0,10.0
identity crisis,news.disney.com,1,2,0.5,89.0
identity crisis,play.google.com,0,2,0.0,100.0
identity crisis,graziamagazine.com,0,2,0.0,76.0
identity crisis,www.victoriassecretandco.com,2,2,1.0,59.0
identity crisis,tokyoghoul.fandom.com,2,2,1.0,92.0
identity crisis,transformco.com,1,2,0.5,64.0
identity crisis,gettruemargin.com,0,2,0.0,0.0
identity crisis,food52.com,0,2,0.0,83.0
identity crisis,www.indiannetworkformemorystudies.com,2,2,1.0,2.6
identity crisis,www.san-x.co.jp,1,2,0.5,72.0
identity crisis,english.elpais.com,2,2,1.0,91.0
identity crisis,www.insightagent.app,0,2,0.0,42.0
identity crisis,thedisneypurist.com,0,2,0.0,0.0
identity crisis,disneyanimation.com,0,2,0.0,71.0
identity crisis,nifty.ai,0,2,0.0,54.0
identity crisis,www.commonsensemedia.org,0,2,0.0,87.0
identity crisis,globalnews.ca,1,2,0.5,89.0
identity crisis,newsletter-dev.oscars.org,0,2,0.0,83.0
identity crisis,www.bostonglobe.com,1,2,0.5,90.0
identity crisis,www.allmusic.com,0,2,0.0,85.0
identity crisis,blog.marmalead.com,0,2,0.0,60.0
identity crisis,corp.shiseido.com,2,2,1.0,78.0
identity crisis,www.homesandgardens.com,1,2,0.5,84.0
identity crisis,columbophile.com,1,2,0.5,30.0
identity crisis,doi.org,2,2,1.0,94.0
identity crisis,www.modaes.com,0,2,0.0,71.0
identity crisis,www.impulsegamer.com,0,2,0.0,57.0
identity crisis,shapes.inc,0,2,0.0,54.0
identity crisis,www.whowhatwear.com,1,2,0.5,84.0
identity crisis,www.pbs.org,0,2,0.0,91.0
identity crisis,www.kirkusreviews.com,0,2,0.0,86.0
identity crisis,corporate.abercrombie.com,1,2,0.5,78.0
identity crisis,abcnews.com,1,2,0.5,91.0
identity crisis,www.filmcomment.com,0,2,0.0,72.0
identity crisis,femfounded.org,1,2,0.5,12.0
identity crisis,arts-crafts.wonderhowto.com,0,2,0.0,75.0
identity crisis,english.stackexchange.com,0,2,0.0,91.0
identity crisis,prototype.fandom.com,2,2,1.0,92.0
identity crisis,www.usmagazine.com,1,2,0.5,84.0
identity crisis,cosmeticsbusiness.com,0,2,0.0,76.0
identity crisis,www.videogameschronicle.com,0,2,0.0,76.0
identity crisis,www.avclub.com,1,2,0.5,82.0
identity crisis,honeysanime.com,0,2,0.0,44.0
identity crisis,insideretail.com.au,2,2,1.0,73.0
identity crisis,www.independent.co.uk,1,2,0.5,91.0
identity crisis,stablecommerce.ai,0,2,0.0,19.0
identity crisis,www.ausgamers.com,0,2,0.0,60.0
identity crisis,www.destructoid.com,0,2,0.0,78.0
identity crisis,www.thespruce.com,1,2,0.5,90.0
identity crisis,marvel.fandom.com,2,2,1.0,92.0
identity crisis,am.animatedviews.com,1,2,0.5,47.0
identity crisis,en.wiktionary.org,0,2,0.0,91.0
identity crisis,fintool.com,0,2,0.0,57.0
identity crisis,www.sahmcapital.com,0,2,0.0,58.0
identity crisis,pokemondb.net,0,2,0.0,71.0
identity crisis,cdn6.benzinga.com,1,2,0.5,87.0
identity crisis,books.google.com,0,2,0.0,100.0
identity crisis,www.cnrtl.fr,0,2,0.0,80.0
identity crisis,extratv.com,0,2,0.0,74.0
identity crisis,www.penguinrandomhouse.com,0,2,0.0,91.0
identity crisis,everything.explained.today,2,2,1.0,56.0
identity crisis,www.wisdomlib.org,1,2,0.5,74.0
identity crisis,www.serebii.net,0,2,0.0,73.0
identity crisis,villains.fandom.com,0,2,0.0,92.0
identity crisis,www.thereviewgeek.com,0,2,0.0,50.0
identity crisis,www.disneyplus.com,1,2,0.5,90.0
identity crisis,transcripts.simpleremix.com,0,2,0.0,1.3
identity crisis,www.merriam-webster.com,0,2,0.0,91.0
identity crisis,www.businessinsider.com,0,2,0.0,92.0
identity crisis,www.ranker.com,1,2,0.5,79.0
identity crisis,www.drunkelephant.co.uk,0,2,0.0,32.0
identity crisis,m.imdb.com,1,2,0.5,94.0
identity crisis,www.elle.com,0,2,0.0,90.0
identity crisis,www.supersummary.com,0,2,0.0,65.0
identity crisis,www.roalddahlmuseum.org,0,2,0.0,47.0
identity crisis,www.bbb.org,1,2,0.5,93.0
identity crisis,comicvine.gamespot.com,0,2,0.0,86.0
identity crisis,www.tvinsider.com,1,2,0.5,77.0
identity crisis,www.thedrum.com,0,2,0.0,88.0
identity crisis,toronto.ubisoft.com,0,2,0.0,86.0
identity crisis,academic.oup.com,0,2,0.0,92.0
identity crisis,www.criticalhit.net,0,1,0.0,59.0
identity crisis,dinocrisis.fandom.com,0,1,0.0,92.0
identity crisis,bhaktilipi.in,0,1,0.0,11.0
identity crisis,auto.alot.com,0,1,0.0,53.0
identity crisis,themusic.com.au,0,1,0.0,71.0
identity crisis,abc17news.com,0,1,0.0,71.0
identity crisis,www.diningandcooking.com,0,1,0.0,32.0
identity crisis,www.miamiarch.org,0,1,0.0,59.0
identity crisis,link.springer.com,1,1,1.0,93.0
identity crisis,www.northcountrypublicradio.org,0,1,0.0,72.0
identity crisis,www.gapinc.com,0,1,0.0,76.0
identity crisis,vitrinelinguistique.oqlf.gouv.qc.ca,1,1,1.0,91.0
identity crisis,ejournal.usm.my,1,1,1.0,75.0
identity crisis,anime.stackexchange.com,0,1,0.0,91.0
identity crisis,ijal.se,0,1,0.0,28.0
identity crisis,www.prnewswire.com,1,1,1.0,92.0
identity crisis,www.wargamer.com,1,1,1.0,65.0
identity crisis,www.gelato.com,0,1,0.0,82.0
identity crisis,www.penguin.com.au,0,1,0.0,79.0
identity crisis,www.boxofficeflops.com,1,1,1.0,11.0
identity crisis,www.subtitlecat.com,0,1,0.0,40.0
identity crisis,gamesbeat.com,1,1,1.0,72.0
identity crisis,sgmagazine.com,1,1,1.0,54.0
identity crisis,insideretail.us,0,1,0.0,52.0
identity crisis,www.budgetbytes.com,0,1,0.0,76.0
identity crisis,thenerdsofcolor.org,0,1,0.0,57.0
identity crisis,eatthisny.com,0,1,0.0,30.0
identity crisis,www.nationalgeographic.com,0,1,0.0,91.0
identity crisis,www.bls.gov,0,1,0.0,92.0
identity crisis,www.news.uliege.be,0,1,0.0,81.0
identity crisis,dictionary.cambridge.org,1,1,1.0,92.0
identity crisis,music.apple.com,1,1,1.0,97.0
identity crisis,www.scrippsnews.com,0,1,0.0,79.0
identity crisis,sacrificial-princess-and-the-king-of-beasts.fandom.com,0,1,0.0,92.0
identity crisis,www.retail-insight-network.com,0,1,0.0,72.0
identity crisis,mrsproductivity.medium.com,0,1,0.0,94.0
identity crisis,investor.urbn.com,1,1,1.0,70.0
identity crisis,transcripts.foreverdreaming.org,1,1,1.0,43.0
identity crisis,www.creativebloq.com,0,1,0.0,86.0
identity crisis,www.adweek.com,0,1,0.0,90.0
identity crisis,animerants.net,0,1,0.0,12.0
identity crisis,www.goodnovel.com,0,1,0.0,63.0
identity crisis,www.kmart.com,0,1,0.0,72.0
identity crisis,boundingintocomics.com,0,1,0.0,58.0
identity crisis,www.selfhelpguides.ntw.nhs.uk,0,1,0.0,63.0
identity crisis,www.marieclaire.com,0,1,0.0,84.0
identity crisis,www.em.com.br,1,1,1.0,79.0
identity crisis,www.dwt.com,0,1,0.0,76.0
identity crisis,www.randall-travel-award.missouri.edu,0,1,0.0,87.0
identity crisis,sg.portal-pokemon.com,0,1,0.0,66.0
identity crisis,www.serial-experiments-lain.com,1,1,1.0,2.5
identity crisis,factcheck.afp.com,1,1,1.0,82.0
identity crisis,www.thedigitalfix.com,0,1,0.0,57.0
identity crisis,www.ted.com,0,1,0.0,92.0
identity crisis,www.ikoafrica.com,0,1,0.0,12.0
identity crisis,concord.fandom.com,1,1,1.0,92.0
identity crisis,reactormag.com,1,1,1.0,77.0
identity crisis,www.ofcom.org.uk,0,1,0.0,88.0
identity crisis,magicalclan.com,0,1,0.0,4.4
identity crisis,www.restaurantbusinessonline.com,1,1,1.0,80.0
identity crisis,www.elifsafak.com.tr,0,1,0.0,49.0
identity crisis,press.lvcva.com,1,1,1.0,74.0
identity crisis,www.makeuseof.com,0,1,0.0,87.0
identity crisis,cyberpost.co,0,1,0.0,45.0
identity crisis,dictionary-apa-org.libdata2015.hilbert.edu,0,1,0.0,52.0
identity crisis,www.housebeautiful.com,0,1,0.0,86.0
identity crisis,www.mazeys.co.uk,1,1,1.0,25.0
identity crisis,surnames.behindthename.com,0,1,0.0,76.0
identity crisis,www.bubbleblabber.com,1,1,1.0,42.0
identity crisis,naruto.fandom.com,0,1,0.0,92.0
identity crisis,spongebob.wiki,0,1,0.0,0.3
identity crisis,www.notion.com,0,1,0.0,89.0
identity crisis,diet-cookies.com,0,1,0.0,31.0
identity crisis,www.complex.com,0,1,0.0,86.0
identity crisis,www.pamper.my,0,1,0.0,35.0
identity crisis,marvelcinematicuniverse.fandom.com,1,1,1.0,92.0
identity crisis,www.chefsresource.com,0,1,0.0,56.0
identity crisis,www.disneystore.com,0,1,0.0,79.0
identity crisis,www.mckinsey.com,0,1,0.0,92.0
identity crisis,transreads.org,1,1,1.0,56.0
identity crisis,www.tweaktown.com,0,1,0.0,76.0
identity crisis,vietnam.un.org,1,1,1.0,93.0
identity crisis,business.columbia.edu,0,1,0.0,91.0
identity crisis,animesuperhero.com,0,1,0.0,51.0
identity crisis,www.healdsburgtribune.com,0,1,0.0,45.0
identity crisis,withnews.jp,0,1,0.0,72.0
identity crisis,nymag.com,1,1,1.0,90.0
identity crisis,archive.seattletimes.com,1,1,1.0,90.0
identity crisis,archive.is,1,1,1.0,84.0
identity crisis,www.nhsinform.scot,1,1,1.0,84.0
identity crisis,the-nightmare-before-christmas.fandom.com,0,1,0.0,92.0
identity crisis,forums.ea.com,1,1,1.0,89.0
identity crisis,techland.net,0,1,0.0,63.0
identity crisis,www.articobits.com,0,1,0.0,57.0
identity crisis,www.blackfilm.com,0,1,0.0,60.0
identity crisis,www.chiefmarketer.com,0,1,0.0,80.0
identity crisis,www.hollywoodintoto.com,0,1,0.0,51.0
identity crisis,worthplaying.com,0,1,0.0,60.0
identity crisis,www.lasvegasadvisor.com,1,1,1.0,56.0
identity crisis,www.nintendolife.com,0,1,0.0,77.0
identity crisis,shows.disney.com,1,1,1.0,89.0
identity crisis,vanyaland.com,1,1,1.0,62.0
identity crisis,www.degruyterbrill.com,0,1,0.0,89.0
identity crisis,www.statista.com,0,1,0.0,93.0
identity crisis,www.bmluk.gv.at,0,1,0.0,79.0
identity crisis,sellercalculators.com,0,1,0.0,22.0
identity crisis,www.tvguide.com,0,1,0.0,79.0
identity crisis,theemotionpictures.com,0,1,0.0,10.0
identity crisis,www.mdpi.com,0,1,0.0,92.0
identity crisis,retentioncheck.com,0,1,0.0,26.0
identity crisis,www.blackandwhitecookies.com,1,1,1.0,4.7
identity crisis,www.kering.com,0,1,0.0,77.0
identity crisis,www.standard.co.uk,0,1,0.0,89.0
identity crisis,www.tesco.com,0,1,0.0,84.0
identity crisis,www.glamourmagazine.co.uk,0,1,0.0,81.0
identity crisis,www.ny-aa.org,1,1,1.0,42.0
identity crisis,abcnews.go.com,0,1,0.0,92.0
identity crisis,www.gpb.org,0,1,0.0,77.0
identity crisis,oak2.the-numbers.com,0,1,0.0,76.0
identity crisis,sobrief.com,0,1,0.0,53.0
identity crisis,bfidatadigipres.github.io,0,1,0.0,94.0
identity crisis,news.kraftheinzcompany.com,1,1,1.0,76.0
identity crisis,pokemon.neoseeker.com,1,1,1.0,67.0
identity crisis,flickdirect.com,0,1,0.0,42.0
identity crisis,x.com,0,1,0.0,97.0
identity crisis,www.gamereactor.eu,0,1,0.0,71.0
identity crisis,www.cgmagonline.com,0,1,0.0,70.0
identity crisis,context.center,0,1,0.0,15.0
identity crisis,timburton.fandom.com,0,1,0.0,92.0
identity crisis,www.modernretail.co,0,1,0.0,80.0
identity crisis,all-worlds-alliance.fandom.com,1,1,1.0,92.0
identity crisis,www.heyuguys.com,1,1,1.0,66.0
identity crisis,qz.com,1,1,1.0,90.0
identity crisis,animewelt.com,0,1,0.0,0.4
identity crisis,blogs.cornell.edu,1,1,1.0,92.0
identity crisis,sneakerhistory.com,1,1,1.0,36.0
identity crisis,www.nintendo.co.jp,0,1,0.0,82.0
identity crisis,www.footyheadlines.com,1,1,1.0,72.0
identity crisis,www.scoop.co.nz,0,1,0.0,80.0
identity crisis,almahomes.com,0,1,0.0,28.0
identity crisis,www.televisionacademy.com,1,1,1.0,80.0
identity crisis,abc7chicago.com,0,1,0.0,82.0
identity crisis,signaldocker.com,0,1,0.0,25.0
identity crisis,www.thecut.com,1,1,1.0,87.0
identity crisis,www.neogaf.com,0,1,0.0,72.0
identity crisis,postcardhistory.net,0,1,0.0,35.0
identity crisis,www.fantasy-animation.org,0,1,0.0,41.0
identity crisis,corporate.mattel.com,0,1,0.0,84.0
identity crisis,www.hookedgamers.com,0,1,0.0,50.0
identity crisis,mobilestalk.net,0,1,0.0,13.0
identity crisis,www.businessofbusiness.com,0,1,0.0,65.0
identity crisis,www.ksl.com,1,1,1.0,82.0
identity crisis,sherwood.news,1,1,1.0,74.0
identity crisis,nypost.com,0,1,0.0,91.0
identity crisis,www.gametruth.com,1,1,1.0,14.0
identity crisis,news.sky.com,0,1,0.0,90.0
identity crisis,www.boxofficeindia.com,1,1,1.0,53.0
identity crisis,www.consumeredge.com,0,1,0.0,49.0
identity crisis,canvasandcharms.com,0,1,0.0,8.0
identity crisis,agiled.app,0,1,0.0,51.0
identity crisis,www.goodreads.com,0,1,0.0,92.0
identity crisis,www.oxfordlearnersdictionaries.com,1,1,1.0,81.0
identity crisis,www.boxofficepro.com,1,1,1.0,72.0
identity crisis,onlinelibrary.wiley.com,1,1,1.0,93.0
identity crisis,madguru.dk,0,1,0.0,0.1
identity crisis,shrek.fandom.com,0,1,0.0,92.0
identity crisis,dcgamessupport.wbgames.com,0,1,0.0,72.0
identity crisis,corporate.sanrio.co.jp,0,1,0.0,77.0
identity crisis,backloggd.com,0,1,0.0,72.0
identity crisis,www.live955.com,1,1,1.0,30.0
identity crisis,www.cosmopolitan.com,1,1,1.0,89.0
identity crisis,www.powerpyx.com,1,1,1.0,55.0
identity crisis,www.koreaboo.com,0,1,0.0,71.0
identity crisis,www.ancestry.ca,0,1,0.0,69.0
identity crisis,screenanarchy.com,1,1,1.0,71.0
identity crisis,www.sfchronicle.com,1,1,1.0,88.0
identity crisis,financialfilings.com,0,1,0.0,32.0
identity crisis,thats-not-my-neighbor.fandom.com,1,1,1.0,92.0
identity crisis,www.activewearmanufacturer.com,0,1,0.0,18.0
identity crisis,gulfnews.com,1,1,1.0,85.0
identity crisis,thefoodthatshapedus.com,0,1,0.0,0.7
identity crisis,www.erickson.edu,0,1,0.0,63.0
identity crisis,wisdomcenter.uchicago.edu,1,1,1.0,91.0
identity crisis,www.dc.com,1,1,1.0,80.0
identity crisis,www.neol.jp,1,1,1.0,47.0
identity crisis,scifi.stackexchange.com,0,1,0.0,91.0
identity crisis,www.dazeddigital.com,0,1,0.0,84.0
identity crisis,www.salon.com,0,1,0.0,87.0
identity crisis,smashpad.com,0,1,0.0,31.0
identity crisis,www.playstationlifestyle.net,0,1,0.0,71.0
identity crisis,dermfriends.beehiiv.com,1,1,1.0,91.0
identity crisis,dictionary.apa.org,0,1,0.0,92.0
identity crisis,www.fao.org,1,1,1.0,91.0
identity crisis,muppet.fandom.com,0,1,0.0,92.0
identity crisis,www.spokesman.com,0,1,0.0,81.0
identity crisis,sonic-city.net,1,1,1.0,18.0
identity crisis,www.aota.org,0,1,0.0,81.0
identity crisis,www.sfgate.com,0,1,0.0,90.0
identity crisis,aieconomyhub.co,0,1,0.0,4.5
identity crisis,disney.go.com,0,1,0.0,92.0
identity crisis,forums.spacebattles.com,0,1,0.0,54.0
identity crisis,dvdizzy.com,0,1,0.0,41.0
identity crisis,neurodapt.au,0,1,0.0,0.0
identity crisis,thelifestreamdotorg.wordpress.com,0,1,0.0,96.0
identity crisis,nitropluschiral.fandom.com,0,1,0.0,92.0
identity crisis,marketingandheart.com,0,1,0.0,1.0
identity crisis,www.kingarthurbaking.com,1,1,1.0,83.0
identity crisis,ozgames.io,1,1,1.0,71.0
identity crisis,www.dsogaming.com,0,1,0.0,69.0
identity crisis,www.hugofox.com,0,1,0.0,76.0
identity crisis,www.wwdjapan.com,0,1,0.0,77.0
identity crisis,fnafinsider.com,1,1,1.0,9.0
identity crisis,www.pinterest.com,0,1,0.0,97.0
identity crisis,www.saharalasvegas.com,1,1,1.0,60.0
identity crisis,blog.playstation.com,1,1,1.0,91.0
identity crisis,www.victoriassecret.com,0,1,0.0,79.0
identity crisis,news.adidas.com,1,1,1.0,87.0
identity crisis,www.socialmediatoday.com,0,1,0.0,88.0
identity crisis,walt-disney-animation-studios.fandom.com,0,1,0.0,92.0
identity crisis,shortyawards.com,0,1,0.0,81.0
identity crisis,www.gamespew.com,0,1,0.0,60.0
identity crisis,www.capcom.co.jp,0,1,0.0,77.0
identity crisis,www.kerrang.com,0,1,0.0,73.0
identity crisis,sumikkogurashi-farm.fandom.com,0,1,0.0,92.0
identity crisis,www.england.nhs.uk,0,1,0.0,89.0
identity crisis,news.linkedin.com,0,1,0.0,99.0
identity crisis,fabric.so,0,1,0.0,46.0
identity crisis,www.glam.com,1,1,1.0,72.0
identity crisis,www.radiofree.com,1,1,1.0,31.0
identity crisis,agerpres.ro,0,1,0.0,76.0
identity crisis,ghostcultmag.com,1,1,1.0,54.0
identity crisis,theflickcast.com,0,1,0.0,29.0
identity crisis,www.wix.com,0,1,0.0,95.0
identity crisis,episode.ninja,1,1,1.0,27.0
identity crisis,www.cooksinfo.com,0,1,0.0,66.0
identity crisis,www.thinkinginthelight.com,0,1,0.0,0.8
identity crisis,gamersnexus.net,1,1,1.0,64.0
identity crisis,tfwiki.net,0,1,0.0,70.0
identity crisis,www.sanrio.eu,0,1,0.0,40.0
identity crisis,www1.folha.uol.com.br,1,1,1.0,91.0
identity crisis,lex.dk,0,1,0.0,79.0
identity crisis,dictionnaire.reverso.net,0,1,0.0,84.0
identity crisis,uxplanet.org,0,1,0.0,83.0
identity crisis,www.europe1.fr,0,1,0.0,83.0
identity crisis,instructions.hasbro.com,0,1,0.0,82.0
identity crisis,cphpost.dk,0,1,0.0,72.0
identity crisis,tiredconsumer.com,0,1,0.0,0.0
identity crisis,mosaic-distribution.com,1,1,1.0,13.0
identity crisis,btsinterviews.wordpress.com,0,1,0.0,96.0
identity crisis,content.time.com,0,1,0.0,92.0
identity crisis,www.fitnessclothingmanufacturer.com,1,1,1.0,29.0
identity crisis,starwars.archivum.wiki,0,1,0.0,0.8
identity crisis,www.psychiatry.org,0,1,0.0,89.0
identity crisis,residentevil.fandom.com,0,1,0.0,92.0
identity crisis,www.ft.com,1,1,1.0,92.0
identity crisis,www.san-x.jp,1,1,1.0,40.0
identity crisis,www.eonline.com,0,1,0.0,85.0
identity crisis,bpb-us-e2.wpmucdn.com,0,1,0.0,80.0
identity crisis,www.beaute-test.com,1,1,1.0,63.0
identity crisis,www.undertheradarmag.com,0,1,0.0,72.0
identity crisis,foodinstitute.com,1,1,1.0,75.0
identity crisis,toukyoghoul.tumblr.com,0,1,0.0,94.0
identity crisis,www.readings.com.au,0,1,0.0,75.0
identity crisis,yeoldebell-hotel.co.uk,0,1,0.0,36.0
identity crisis,spinningplatters.com,0,1,0.0,35.0
identity crisis,www.cookinghub.com,0,1,0.0,14.0
identity crisis,smalltownbeautyaddict.wordpress.com,0,1,0.0,96.0
identity crisis,saturation.io,0,1,0.0,43.0
identity crisis,transformers.fandom.com,1,1,1.0,92.0
identity crisis,2021-2025.state.gov,1,1,1.0,92.0
identity crisis,selfhelp.cntw.nhs.uk,0,1,0.0,70.0
identity crisis,talksport.com,0,1,0.0,79.0
identity crisis,wgreenberg.squarespace.com,0,1,0.0,95.0
identity crisis,www.thegrocer.co.uk,0,1,0.0,79.0
identity crisis,www.wordreference.com,0,1,0.0,80.0
identity crisis,www.myjewishlearning.com,1,1,1.0,78.0
identity crisis,www.chuckecheese.com,0,1,0.0,72.0
identity crisis,tickertrends.io,0,1,0.0,19.0
identity crisis,www.postmagazine.com,0,1,0.0,65.0
identity crisis,oag.ca.gov,0,1,0.0,94.0
identity crisis,www.chinadaily.com.cn,1,1,1.0,89.0
identity crisis,www.thesixthaxis.com,0,1,0.0,67.0
identity crisis,www.juventus.com,0,1,0.0,76.0
identity crisis,www.sportingnews.com,0,1,0.0,82.0
identity crisis,www.radiotimes.com,1,1,1.0,80.0
identity crisis,www.hoyolab.com,0,1,0.0,74.0
identity crisis,www.awn.com,1,1,1.0,76.0
identity crisis,www.christianitytoday.com,0,1,0.0,83.0
identity crisis,sonic.fandom.com,1,1,1.0,92.0
identity crisis,substack.com,0,1,0.0,94.0
identity crisis,lakai.com,1,1,1.0,42.0
identity crisis,jewishjoy.co,0,1,0.0,13.0
identity crisis,danian.co,0,1,0.0,9.0
identity crisis,www.nhs.uk,1,1,1.0,92.0
identity crisis,www.toolworthy.ai,0,1,0.0,20.0
identity crisis,www.urbn.com,1,1,1.0,70.0
identity crisis,bigshinyrobot.com,0,1,0.0,43.0
identity crisis,www.combustiblecelluloid.com,0,1,0.0,39.0
identity crisis,www.goal.com,0,1,0.0,83.0
identity crisis,www.recherche.uliege.be,1,1,1.0,81.0
identity crisis,www.ericksonbiography.com,0,1,0.0,11.0
identity crisis,mymirepoix.com,1,1,1.0,0.0
identity crisis,www.realitytvrevisited.com,1,1,1.0,27.0
identity crisis,www.semanticscholar.org,0,1,0.0,90.0
identity crisis,www.customerexperiencedive.com,0,1,0.0,75.0
identity crisis,periodicos.puc-campinas.edu.br,0,1,0.0,67.0
identity crisis,www.marketbeat.com,0,1,0.0,76.0
identity crisis,jakeharris.co,0,1,0.0,0.0
identity crisis,mybusinessnest.com,0,1,0.0,0.1
identity crisis,kmart-guam.com,0,1,0.0,3.4
identity crisis,hoichoi.tv,1,1,1.0,54.0
identity crisis,www.calibratedverdict.com,0,1,0.0,0.0
identity crisis,www.igenea.com,0,1,0.0,44.0
identity crisis,zapier.com,0,1,0.0,91.0
identity crisis,www.thebeautyanalyst.fr,0,1,0.0,23.0
identity crisis,www.si.com,0,1,0.0,88.0
identity crisis,wienermobile.oscarmayer.com,0,1,0.0,62.0
identity crisis,results.gamaan.org,1,1,1.0,48.0
identity crisis,www.indy100.com,0,1,0.0,76.0
identity crisis,www.sensesofcinema.com,0,1,0.0,72.0
identity crisis,www.informationweek.com,0,1,0.0,85.0
identity crisis,www.epicurious.com,0,1,0.0,84.0
identity crisis,nightmarebeforechristmas.org,0,1,0.0,4.7
identity crisis,www.marthastewart.com,1,1,1.0,88.0
identity crisis,about.nextdoor.com,0,1,0.0,91.0
identity crisis,churchlifejournal.nd.edu,0,1,0.0,87.0
identity crisis,uk.linkedin.com,1,1,1.0,99.0
identity crisis,www.dictionary.com,1,1,1.0,90.0
identity crisis,thedesignhousedubai.com,1,1,1.0,10.0
identity crisis,www.realsimple.com,1,1,1.0,87.0
identity crisis,evil.fandom.com,0,1,0.0,92.0
identity crisis,www.spanishdict.com,0,1,0.0,76.0
identity crisis,bombreport.com,1,1,1.0,35.0
identity crisis,www.alaindebotton.com,0,1,0.0,66.0
identity crisis,www.thetakeout.com,0,1,0.0,76.0
identity crisis,cjds.uwaterloo.ca,0,1,0.0,88.0
identity crisis,theasc.com,0,1,0.0,74.0
identity crisis,cooking.stackexchange.com,0,1,0.0,91.0
identity crisis,www.gog.com,0,1,0.0,84.0
identity crisis,www.dexerto.com,1,1,1.0,79.0
identity crisis,www.foxbusiness.com,0,1,0.0,88.0
identity crisis,www.film-tv-video.de,0,1,0.0,47.0
identity crisis,www.webmd.com,0,1,0.0,92.0
identity crisis,www.foodrepublic.com,1,1,1.0,76.0
identity crisis,transformers-universal.fandom.com,0,1,0.0,92.0
identity crisis,theprojectionroom.org,1,1,1.0,0.0
identity crisis,www.inkl.com,0,1,0.0,73.0
identity crisis,books.disney.com,1,1,1.0,89.0
identity crisis,www.purexbox.com,0,1,0.0,67.0
identity crisis,bts.ibighit.com,0,1,0.0,72.0
identity crisis,www.pixar.com,1,1,1.0,80.0
identity crisis,irep.ntu.ac.uk,0,1,0.0,79.0
identity crisis,forums.serebii.net,1,1,1.0,73.0
identity crisis,momcozy.com,0,1,0.0,73.0
identity crisis,www.grammy.com,1,1,1.0,84.0
identity crisis,knightsnewsblog.wordpress.com,0,1,0.0,96.0
identity crisis,www.tribute.ca,0,1,0.0,61.0
identity crisis,www.whatsafterthemovie.com,0,1,0.0,22.0
identity crisis,sumikko-gurashi.fandom.com,1,1,1.0,92.0
identity crisis,screenrant.com,1,1,1.0,85.0
identity crisis,www.deviantartsupport.com,0,1,0.0,55.0
identity crisis,www.familysearch.org,0,1,0.0,87.0
identity crisis,www.xda-developers.com,0,1,0.0,84.0
identity crisis,www.itv.com,0,1,0.0,88.0
identity crisis,www.nj.com,0,1,0.0,87.0
identity crisis,www.teenvogue.com,1,1,1.0,86.0
identity crisis,sumikkogurashi-movie.com,0,1,0.0,53.0
identity crisis,us.thrivin.com,0,1,0.0,21.0
identity crisis,decorwithstyle.com,0,1,0.0,20.0
identity crisis,www.apartmenttherapy.com,0,1,0.0,87.0
identity crisis,www.bignewsnetwork.com,0,1,0.0,76.0
identity crisis,www.rte.ie,0,1,0.0,86.0
identity crisis,jonathanrosenbaum.net,0,1,0.0,53.0
identity crisis,community.etsy.com,1,1,1.0,94.0
identity crisis,www.oscarmayer.com,0,1,0.0,62.0
identity crisis,fivenightsatfreddys.fandom.com,1,1,1.0,92.0
identity crisis,journalofantiques.com,0,1,0.0,50.0
identity crisis,www.spinmagazine.com,0,1,0.0,78.0
identity crisis,www.nice.org.uk,0,1,0.0,90.0
identity crisis,www.um.edu.mt,0,1,0.0,78.0
identity crisis,ericksonian.com,1,1,1.0,24.0
identity crisis,www.zomboscloset.com,0,1,0.0,26.0
identity crisis,www.deutschlandfunkkultur.de,0,1,0.0,85.0
identity crisis,blog.nextdoor.com,0,1,0.0,91.0
identity crisis,www.etymology.life,0,1,0.0,4.7
identity crisis,www.whattowatch.com,1,1,1.0,66.0
identity crisis,wmgreenbergdesserts.com,0,1,0.0,34.0
identity crisis,disneyparksblog.com,0,1,0.0,78.0
identity crisis,lucyandyak.com,1,1,1.0,64.0
identity crisis,goong.com,0,1,0.0,32.0
identity crisis,www.feeproofed.com,0,1,0.0,36.0
identity crisis,eppc.org,0,1,0.0,70.0
identity crisis,www.retailwatchers.com,0,1,0.0,16.0
identity crisis,www.newworld.com,0,1,0.0,67.0
identity crisis,investors.gapinc.com,0,1,0.0,76.0
identity crisis,www.footballboots.co.uk,0,1,0.0,43.0
identity crisis,famouspsychologists.org,0,1,0.0,30.0
identity crisis,archive.ph,0,1,0.0,84.0
identity crisis,www.linkedin.com,0,1,0.0,99.0
identity crisis,www-cdn.abcnews.com,0,1,0.0,91.0
identity crisis,www.superherohype.com,0,1,0.0,68.0
identity crisis,elpais.com,0,1,0.0,91.0
identity crisis,avurer.com,1,1,1.0,4.6
identity crisis,www.marketwatch.com,0,1,0.0,91.0
identity crisis,www.empireonline.com,0,1,0.0,79.0
identity crisis,www.hioscar.com,0,1,0.0,75.0
identity crisis,reference.org,0,1,0.0,32.0
identity crisis,dictionary.reverso.net,0,1,0.0,84.0
identity crisis,merchone.com,0,1,0.0,52.0
identity crisis,www.toms.com,0,1,0.0,79.0
identity crisis,www.restaurantdive.com,0,1,0.0,78.0
identity crisis,www.versus.uk.com,0,1,0.0,92.0
identity crisis,parentingpatch.com,0,1,0.0,41.0
identity crisis,www.seriouseats.com,1,1,1.0,86.0
identity crisis,au.variety.com,1,1,1.0,91.0
identity crisis,timesofindia.indiatimes.com,1,1,1.0,92.0
identity crisis,www.tvline.com,1,1,1.0,78.0
identity crisis,info.creditriskmonitor.com,0,1,0.0,40.0
identity crisis,in.portal-pokemon.com,0,1,0.0,66.0
identity crisis,consumercare.hasbro.com,0,1,0.0,82.0
identity crisis,www.scrapd.app,1,1,1.0,4.3
identity crisis,svf.in,1,1,1.0,38.0
identity crisis,www.hcp.com,0,1,0.0,48.0
identity crisis,www.thenews.coop,1,1,1.0,62.0
identity crisis,danpascariu.blog,0,1,0.0,0.0
identity crisis,www.feepilot.app,0,1,0.0,3.2
identity crisis,zombie.fandom.com,0,1,0.0,92.0
identity crisis,ladygeeksmedia.com,0,1,0.0,14.0
identity crisis,www.nme.com,0,1,0.0,84.0
identity crisis,www.oscars.org,0,1,0.0,83.0
identity crisis,newnoisemagazine.com,1,1,1.0,70.0
identity crisis,nerdbear.com,0,1,0.0,29.0
identity crisis,non-aliencreatures.fandom.com,0,1,0.0,92.0
identity crisis,princess.disney.com,1,1,1.0,89.0
identity crisis,www.goodhousekeeping.com,0,1,0.0,90.0
identity crisis,in-hi.portal-pokemon.com,0,1,0.0,66.0
identity crisis,www.harpersbazaar.com,0,1,0.0,89.0
identity crisis,books.openedition.org,0,1,0.0,87.0
identity crisis,www.apa.org,1,1,1.0,92.0
identity crisis,www.gameslearningsociety.org,0,1,0.0,52.0
identity crisis,www.boxofficeprophets.com,0,1,0.0,35.0
identity crisis,faun.pub,0,1,0.0,66.0
identity crisis,frietkaart.be,0,1,0.0,0.0
identity crisis,theholofiles.com,0,1,0.0,29.0
identity crisis,gamermatters.com,0,1,0.0,38.0
identity crisis,www.wbur.org,1,1,1.0,86.0
identity crisis,www.womenshealthmag.com,0,1,0.0,87.0
identity crisis,letterboxd.com,1,1,1.0,89.0
identity crisis,www.parents.com,1,1,1.0,87.0
identity crisis,theweek.com,0,1,0.0,84.0
identity crisis,www.sephora.com,1,1,1.0,87.0
identity crisis,www.paperdue.com,0,1,0.0,30.0
identity crisis,ny.eater.com,1,1,1.0,90.0
identity crisis,her.nottinghamshire.gov.uk,0,1,0.0,74.0
identity crisis,www.thearchaeologist.org,0,1,0.0,58.0
identity crisis,dmmd.fandom.com,0,1,0.0,92.0
identity crisis,www.tcm.com,0,1,0.0,77.0
identity crisis,whysoblu.com,1,1,1.0,35.0
identity crisis,books.google.co.in,1,1,1.0,91.0
identity crisis,www.seba.health,0,1,0.0,16.0
identity crisis,www.visitdenmark.com,0,1,0.0,75.0
identity crisis,www.eater.com,0,1,0.0,90.0
identity crisis,www.transformers-universe.com,1,1,1.0,15.0
identity crisis,thrivecuisine.com,0,1,0.0,40.0
identity crisis,www.urbandictionary.com,0,1,0.0,88.0
identity crisis,realfeecalc.com,0,1,0.0,0.0
identity crisis,www.capsulecomputers.com.au,0,1,0.0,46.0
identity crisis,lain.wiki,1,1,1.0,28.0
identity crisis,streamlinefeed.co.ke,0,1,0.0,55.0
identity crisis,www.tfw2005.com,0,1,0.0,57.0
identity crisis,www.polygon.com,0,1,0.0,86.0
identity crisis,www.roalddahl.com,0,1,0.0,72.0
identity crisis,symboliy.com,0,1,0.0,0.0
identity crisis,www.worldfoodwiki.com,0,1,0.0,1.9
identity crisis,screenplayhowto.com,0,1,0.0,51.0
identity crisis,iris.siue.edu,1,1,1.0,76.0
identity crisis,www.oafe.net,0,1,0.0,30.0
identity crisis,journals.sagepub.com,0,1,0.0,92.0
identity crisis,www.foxsports.com,0,1,0.0,84.0
identity crisis,www.business.reddit.com,0,1,0.0,95.0
identity crisis,assets.publishing.service.gov.uk,1,1,1.0,92.0
identity crisis,www.keepingwellnwl.nhs.uk,0,1,0.0,38.0
identity crisis,www.bet.com,0,1,0.0,80.0
identity crisis,www.sabelwellness.com,0,1,0.0,0.0
identity crisis,community.pokemon.com,0,1,0.0,85.0
identity crisis,www.filminquiry.com,1,1,1.0,66.0
identity crisis,pitchfork.com,0,1,0.0,86.0
identity crisis,www.alphaspread.com,0,1,0.0,54.0
identity crisis,indianexpress.com,1,1,1.0,89.0
identity crisis,www.hackrea.net,1,1,1.0,47.0
identity crisis,tokyo-cosplay.com,0,1,0.0,1.7
identity crisis,the2danimated.fandom.com,0,1,0.0,92.0
identity crisis,www.justwatch.com,0,1,0.0,82.0
identity crisis,www.secinfo.com,0,1,0.0,53.0
identity crisis,thedirect.com,0,1,0.0,72.0
identity crisis,reoringta.blogspot.com,0,1,0.0,95.0
identity crisis,www.papaorg.co.uk,0,1,0.0,26.0
identity crisis,www.paradoxinteractive.com,1,1,1.0,76.0
identity crisis,disney-material.fandom.com,0,1,0.0,92.0
identity crisis,www.groupon.com,0,1,0.0,84.0
identity crisis,www.nrn.com,1,1,1.0,81.0
identity crisis,www.countryliving.com,0,1,0.0,85.0
identity crisis,www.adidas-group.com,0,1,0.0,79.0
identity crisis,www.ea.com,1,1,1.0,89.0
identity crisis,research-portal.uea.ac.uk,0,1,0.0,82.0
identity crisis,autobot-academy.fandom.com,0,1,0.0,92.0
identity crisis,batman.fandom.com,0,1,0.0,92.0
identity crisis,www.tvtango.com,0,1,0.0,35.0
identity crisis,batmantheanimatedseries.fandom.com,0,1,0.0,92.0
identity crisis,www.urbanoutfitters.com,1,1,1.0,82.0
identity crisis,osotl.org,0,1,0.0,26.0
identity crisis,store.playstation.com,0,1,0.0,91.0
identity crisis,disneychannel.fandom.com,0,1,0.0,92.0
identity crisis,robertludlum.com,0,1,0.0,32.0
identity crisis,forums.tformers.com,1,1,1.0,39.0
identity crisis,cinemaroo.com,1,1,1.0,2.4
identity crisis,www.starburstmagazine.com,0,1,0.0,61.0
identity crisis,impact.disney.com,1,1,1.0,89.0
identity crisis,www.formula1.com,0,1,0.0,85.0
identity crisis,checkoutpage.com,0,1,0.0,70.0
identity crisis,www.tomsguide.com,0,1,0.0,87.0
identity crisis,thewaltdisneycompany.com,1,1,1.0,86.0
identity crisis,www.bfi.org.uk,0,1,0.0,84.0
identity crisis,www.annaluxpoetry.com,0,1,0.0,13.0
identity crisis,gakkou-gurashi.fandom.com,0,1,0.0,92.0
identity crisis,san-xcharacters.fandom.com,0,1,0.0,92.0
identity crisis,lastverified.com,0,1,0.0,0.2
identity crisis,www.animationarena.com,0,1,0.0,28.0
identity crisis,atwoodmagazine.com,0,1,0.0,71.0
identity crisis,marketplace.relevanceai.com,0,1,0.0,74.0
identity crisis,dockets.justia.com,0,1,0.0,91.0
identity crisis,www.alliedacademies.org,0,1,0.0,72.0
identity crisis,www.comingsoon.net,0,1,0.0,76.0
identity crisis,www.pictionarywords.site,0,1,0.0,0.6
identity crisis,www.scripts.com,0,1,0.0,63.0
identity crisis,www.disneydining.com,1,1,1.0,50.0
identity crisis,www.thedailybeast.com,0,1,0.0,88.0
identity crisis,www.realitytea.com,0,1,0.0,60.0
identity crisis,pmc.ncbi.nlm.nih.gov,1,1,1.0,95.0
identity crisis,www.goldbergsbagelsfl.com,0,1,0.0,4.5
identity crisis,sanx.fandom.com,0,1,0.0,92.0
identity crisis,etymologist.ai,0,1,0.0,1.9
cognitive dissonance,www.reddit.com,2,3,0.6667,95.0
cognitive dissonance,en.wikipedia.org,3,3,1.0,97.0
cognitive dissonance,www.sciencedirect.com,1,2,0.5,94.0
cognitive dissonance,www.shortform.com,2,2,1.0,72.0
cognitive dissonance,robjudge.net,0,1,0.0,0.7
cognitive dissonance,link.springer.com,0,1,0.0,93.0
cognitive dissonance,handwiki.org,0,1,0.0,62.0
cognitive dissonance,www.resetera.com,0,1,0.0,73.0
cognitive dissonance,oneshot.fandom.com,0,1,0.0,92.0
cognitive dissonance,www.psychologicalscience.org,1,1,1.0,84.0
cognitive dissonance,www.scribd.com,0,1,0.0,91.0
cognitive dissonance,www.benchgame.com,0,1,0.0,2.6
cognitive dissonance,sobrief.com,1,1,1.0,53.0
cognitive dissonance,nikke-goddess-of-victory-international.fandom.com,1,1,1.0,92.0
cognitive dissonance,nikke.gg,0,1,0.0,31.0
cognitive dissonance,www.studiobinder.com,0,1,0.0,78.0
cognitive dissonance,go.apa.org,0,1,0.0,92.0
cognitive dissonance,web.mit.edu,1,1,1.0,92.0
cognitive dissonance,thecodex.wiki,0,1,0.0,7.0
cognitive dissonance,www.yorku.ca,0,1,0.0,86.0
cognitive dissonance,www.grafiati.com,0,1,0.0,46.0
cognitive dissonance,www.goodreads.com,1,1,1.0,92.0
cognitive dissonance,www.makerpendium.de,0,1,0.0,28.0
cognitive dissonance,www.butler-bowdon.com,0,1,0.0,39.0
cognitive dissonance,www.washingtonpost.com,0,1,0.0,93.0
cognitive dissonance,academicinfluence.com,0,1,0.0,60.0
cognitive dissonance,shapes.inc,0,1,0.0,54.0
cognitive dissonance,peterattiamd.com,1,1,1.0,75.0
cognitive dissonance,dl.tufts.edu,1,1,1.0,89.0
cognitive dissonance,entiresummary.com,1,1,1.0,1.9
cognitive dissonance,literature.stackexchange.com,0,1,0.0,91.0
cognitive dissonance,www.simonandschuster.com,0,1,0.0,88.0
cognitive dissonance,www.theguardian.com,1,1,1.0,93.0
cognitive dissonance,dictionary.apa.org,1,1,1.0,92.0
cognitive dissonance,forums.spacebattles.com,0,1,0.0,54.0
cognitive dissonance,www.tandfonline.com,0,1,0.0,92.0
cognitive dissonance,www.cambridge.org,1,1,1.0,92.0
cognitive dissonance,nikke-en.com,0,1,0.0,55.0
cognitive dissonance,fourminutebooks.com,1,1,1.0,63.0
cognitive dissonance,rpgm.fandom.com,0,1,0.0,92.0
cognitive dissonance,lydonteaches.com,0,1,0.0,1.7
cognitive dissonance,www.nybooks.com,0,1,0.0,82.0
cognitive dissonance,www.failforward.moe,0,1,0.0,19.0
cognitive dissonance,www.electrondance.com,0,1,0.0,33.0
cognitive dissonance,www.rpg-maker.fr,0,1,0.0,35.0
cognitive dissonance,www.leapaheadapp.com,0,1,0.0,4.8
cognitive dissonance,rpgmaker.top,0,1,0.0,0.7
cognitive dissonance,uk.reddit.com,0,1,0.0,95.0
cognitive dissonance,joindraftly.com,0,1,0.0,0.0
cognitive dissonance,goodbooks.io,1,1,1.0,42.0
cognitive dissonance,rpgmaker.fandom.com,1,1,1.0,92.0
cognitive dissonance,lisa-rpg.fandom.com,0,1,0.0,92.0
cognitive dissonance,openlibrary.org,1,1,1.0,86.0
cognitive dissonance,playspinwheel.com,0,1,0.0,0.0
cognitive dissonance,scaleread.com,1,1,1.0,16.0
cognitive dissonance,books.google.com,1,1,1.0,100.0
cognitive dissonance,www.tcd.ie,1,1,1.0,84.0
cognitive dissonance,smashcustommusic.net,0,1,0.0,36.0
cognitive dissonance,www.gloomba.com,0,1,0.0,4.2
cognitive dissonance,www.bookselects.com,1,1,1.0,21.0
cognitive dissonance,www.enotes.com,1,1,1.0,73.0
cognitive dissonance,zo-zorgoplossingen.nl,1,1,1.0,24.0
cognitive dissonance,www.forbes.com,0,1,0.0,94.0
cognitive dissonance,www.moddb.com,0,1,0.0,79.0
cognitive dissonance,rme.fandom.com,0,1,0.0,92.0
cognitive dissonance,www.wfae.org,0,1,0.0,73.0
cognitive dissonance,www.supersummary.com,1,1,1.0,65.0
cognitive dissonance,www.apa.org,1,1,1.0,92.0
cognitive dissonance,www.rpgmakerarchive.net,0,1,0.0,8.0
cognitive dissonance,explainingthebible.com,1,1,1.0,36.0
cognitive dissonance,oneshot.wiki.gg,1,1,1.0,79.0
cognitive dissonance,neurolaunch.com,0,1,0.0,71.0
cognitive dissonance,journals.sagepub.com,0,1,0.0,92.0
cognitive dissonance,justrightmedia.org,0,1,0.0,23.0
cognitive dissonance,acr.comm.or.kr,1,1,1.0,41.0
cognitive dissonance,www.wikizero.org,0,1,0.0,30.0
cognitive dissonance,www.tarastrofimov.com,0,1,0.0,0.0
cognitive dissonance,www.pictionarywords.site,0,1,0.0,0.6
cognitive dissonance,pmc.ncbi.nlm.nih.gov,1,1,1.0,95.0
intermittent reinforcement,psychcentral.com,2,5,0.4,87.0
intermittent reinforcement,www.psychologytoday.com,3,5,0.6,93.0
intermittent reinforcement,health.clevelandclinic.org,3,5,0.6,92.0
intermittent reinforcement,www.simplypsychology.org,2,4,0.5,85.0
intermittent reinforcement,pmc.ncbi.nlm.nih.gov,0,3,0.0,95.0
intermittent reinforcement,www.bacb.com,1,2,0.5,80.0
intermittent reinforcement,www.healthline.com,1,2,0.5,92.0
intermittent reinforcement,link.springer.com,0,1,0.0,93.0
intermittent reinforcement,psychologytimes.co.uk,1,1,1.0,26.0
intermittent reinforcement,www.theknot.com,0,1,0.0,91.0
intermittent reinforcement,www.choosingtherapy.com,0,1,0.0,77.0
intermittent reinforcement,www.sciencedirect.com,1,1,1.0,94.0
intermittent reinforcement,katiecouric.com,0,1,0.0,75.0
intermittent reinforcement,therapist.com,0,1,0.0,66.0
intermittent reinforcement,www.mdpi.com,0,1,0.0,92.0
intermittent reinforcement,www.oreateai.com,0,1,0.0,73.0
intermittent reinforcement,www.wa.gov.au,1,1,1.0,87.0
intermittent reinforcement,estarmejor.com,0,1,0.0,15.0
intermittent reinforcement,www.innerconfidence.com,0,1,0.0,25.0
intermittent reinforcement,apsijournal.com,1,1,1.0,31.0
intermittent reinforcement,www.sugardaddymeet.com,0,1,0.0,74.0
intermittent reinforcement,www.die-eibe.com,0,1,0.0,2.9
intermittent reinforcement,www.medicalnewstoday.com,0,1,0.0,91.0
intermittent reinforcement,anniewright.com,1,1,1.0,43.0
intermittent reinforcement,practicalpie.com,1,1,1.0,65.0
intermittent reinforcement,www.fragrantica.com,1,1,1.0,83.0
intermittent reinforcement,www.mannenbrein.nl,0,1,0.0,31.0
intermittent reinforcement,basenotes.com,1,1,1.0,70.0
intermittent reinforcement,www.simplypsychology.com,0,1,0.0,42.0
intermittent reinforcement,www.marriage.com,1,1,1.0,75.0
intermittent reinforcement,wellnessguided.org,1,1,1.0,0.0
intermittent reinforcement,lucidita.org,1,1,1.0,0.0
intermittent reinforcement,www.merriam-webster.com,1,1,1.0,91.0
intermittent reinforcement,scienceinsights.org,1,1,1.0,71.0
intermittent reinforcement,www.parliament.vic.gov.au,1,1,1.0,76.0
intermittent reinforcement,thepickuppros.com,0,1,0.0,1.5
intermittent reinforcement,www.psychologies.com,0,1,0.0,80.0
intermittent reinforcement,hellodivorce.com,0,1,0.0,58.0
intermittent reinforcement,www.yourmove.ai,1,1,1.0,46.0
intermittent reinforcement,yourstory.com,1,1,1.0,85.0
intermittent reinforcement,pubmed.ncbi.nlm.nih.gov,1,1,1.0,95.0
intermittent reinforcement,perfumania.com,1,1,1.0,55.0
disorganized attachment,dictionary.apa.org,2,3,0.6667,92.0
disorganized attachment,books.google.com,3,3,1.0,100.0
disorganized attachment,pmc.ncbi.nlm.nih.gov,2,3,0.6667,95.0
disorganized attachment,www.simplypsychology.org,1,2,0.5,85.0
disorganized attachment,www.ncbi.nlm.nih.gov,1,2,0.5,95.0
disorganized attachment,www.frontiersin.org,1,2,0.5,92.0
disorganized attachment,pubmed.ncbi.nlm.nih.gov,1,2,0.5,95.0
disorganized attachment,www.tosummarise.com,0,1,0.0,25.0
disorganized attachment,bpspsychub.onlinelibrary.wiley.com,1,1,1.0,93.0
disorganized attachment,glasp.co,1,1,1.0,71.0
disorganized attachment,www.jessicafern.com,1,1,1.0,43.0
disorganized attachment,onlinelibrary.wiley.com,1,1,1.0,93.0
disorganized attachment,www.everand.com,1,1,1.0,80.0
disorganized attachment,aspe.hhs.gov,1,1,1.0,92.0
disorganized attachment,www.washingtonpost.com,0,1,0.0,93.0
disorganized attachment,www.senzoapp.com,1,1,1.0,0.0
disorganized attachment,maisonneuve.coop,1,1,1.0,19.0
disorganized attachment,www.betterworldbooks.com,1,1,1.0,76.0
disorganized attachment,traumasolutions.com,1,1,1.0,62.0
disorganized attachment,www.psychologytoday.com,1,1,1.0,93.0
disorganized attachment,www.shortform.com,1,1,1.0,72.0
disorganized attachment,antulik.com,0,1,0.0,6.0
disorganized attachment,digitalcommons.pepperdine.edu,1,1,1.0,80.0
disorganized attachment,www.reddit.com,0,1,0.0,95.0
disorganized attachment,openstax.org,1,1,1.0,81.0
disorganized attachment,childmind.org,0,1,0.0,85.0
disorganized attachment,maciji.com,0,1,0.0,0.4
disorganized attachment,www.annualreviews.org,1,1,1.0,89.0
disorganized attachment,apnews.com,0,1,0.0,92.0
disorganized attachment,journals.mcmaster.ca,1,1,1.0,85.0
disorganized attachment,www.apa.org,1,1,1.0,92.0
disorganized attachment,journals.sagepub.com,1,1,1.0,92.0
disorganized attachment,us.macmillan.com,1,1,1.0,86.0
disorganized attachment,academic.oup.com,1,1,1.0,92.0
