core,keyword,volume,difficulty,cpc,parent_topic,intent
gaslighting,gaslighting,232000,1,0.03,gaslighting meaning,informational
gaslighting,gaslighting meaning,118000,6,0.02,gaslighting meaning,informational
gaslighting,gaslighting definition,82000,0,0.03,gaslighting,informational
gaslighting,what is gaslighting,67000,0,0.02,gaslighting meaning,informational
gaslighting,what does gaslighting mean,38000,62,0.02,what is gaslighting,informational
gaslighting,define gaslighting,16000,71,0.03,gaslighting,informational
gaslighting,gaslighting examples,16000,0,0.02,what is an example of gaslighting,informational
gaslighting,definition of gaslighting,15000,74,0.02,gaslighting,informational
gaslighting,examples of gaslighting,8600,0,0.02,examples of gaslighting,informational
gaslighting,what is gaslighting mean,5600,0,0.02,what is gaslighting,informational
gaslighting,example of gaslighting,4700,0,0.02,gaslighting examples,informational
gaslighting,10 examples of gaslighting,4500,10,0.02,gaslighting examples,informational
gaslighting,gaslighting def,4400,0,0.02,gaslighting meaning,informational
gaslighting,gaslighting phrases,3900,0,0.02,gaslighting phrases,informational
gaslighting,whats gaslighting,3300,71,0.02,what is gaslighting,informational
gaslighting,what is an example of gaslighting,2900,0,0.02,gaslighting examples,informational
gaslighting,gaslighting example,2800,33,0.03,gaslighting examples,informational
gaslighting,medical gaslighting,2600,0,0.02,medical gaslighting,informational
gaslighting,meaning of gaslighting,2500,0,0.02,gaslighting,informational
gaslighting,signs of gaslighting,2300,0,0.02,what is gaslighting,informational
gaslighting,narcissist gaslighting,2100,16,0.04,narcissist gaslighting,informational
gaslighting,gaslighting in a relationship,2100,0,0.03,what is gaslighting,informational
gaslighting,gaslighting mean,2000,53,0.02,gaslighting,informational
gaslighting,gaslighting in relationships,1800,0,0.03,what is gaslighting,informational
gaslighting,gaslighting origin,1800,39,0.05,gaslighting meaning,informational
gaslighting,what is the definition of gaslighting,1700,68,0.02,gaslighting,informational
gaslighting,gaslighting quotes,1600,34,0.03,gaslighting quotes,informational
gaslighting,what does gaslighting someone mean,1500,64,0.02,gaslighting meaning,informational
gaslighting,gaslighting define,1500,76,0.03,gaslighting definition,informational
gaslighting,gaslighting meme,1500,0,0.04,gaslighting meme,informational
gaslighting,definition of gaslighting someone,1300,0,0.02,gaslighting meaning,informational
gaslighting,why is it called gaslighting,1300,45,0.05,gaslighting meaning,informational
gaslighting,how to recognize gaslighting,1200,57,0.03,what is gaslighting,informational
gaslighting,gaslighting in spanish,1200,0,0.04,gaslighting in spanish,informational
gaslighting,what is gaslighting someone,1200,53,0.02,gaslighting,informational
gaslighting,gaslighting in relationship,1100,0,0.03,what is gaslighting,informational
gaslighting,how to respond to gaslighting,1100,0,0.02,how to respond to gaslighting,informational
gaslighting,gaslighting movie,1100,39,0.10,gaslight,informational
gaslighting,gaslighting definition and examples,1000,52,0.02,gaslighting examples,informational
gaslighting,what is gaslighting example,1000,36,0.03,examples of gaslighting,informational
gaslighting,what is gaslighting in a relationship,1000,42,0.03,gaslighting meaning,informational
gaslighting,the gaslighting of hannah petty,1000,0,,hannah petty,informational
gaslighting,what is gaslighting?,1000,71,,what is gaslighting,informational
gaslighting,define gaslighting someone,1000,70,0.03,gaslighting,informational
gaslighting,gaslighting synonym,900,3,0.06,gaslight synonym,informational
gaslighting,what does gaslighting mean in a relationship,800,0,0.02,what is gaslighting,informational
gaslighting,gaslighting defined,800,0,0.03,gaslighting meaning,informational
gaslighting,meaning of gaslighting someone,800,53,0.02,gaslighting meaning,informational
gaslighting,where does the term gaslighting come from,800,22,0.05,gaslighting meaning,informational
gaslighting,gaslighting meaning in relationships,800,5,0.03,what is gaslighting,informational
gaslighting,what does gaslighting mean?,700,54,,gaslighting meaning,informational
gaslighting,how to deal with gaslighting,700,20,0.03,how to deal with gaslighting,informational
gaslighting,gaslighting someone,700,54,0.02,signs of gaslighting,informational
gaslighting,what's gaslighting,700,0,0.02,define gaslighting,informational
gaslighting,definition gaslighting,600,73,0.02,gaslighting meaning,informational
gaslighting,where did the term gaslighting come from,600,27,0.05,gaslighting definition,informational
gaslighting,phrases to shut down gaslighting,600,3,0.02,phrases to shut down gaslighting,informational
gaslighting,the gaslighting of hannah pettey,600,0,,the gaslighting of hannah petty,informational
gaslighting,gaslighting meaning slang,600,55,0.02,gaslighting,informational
gaslighting,the gaslighting of hannah petty where to watch,600,0,,hannah pettey 48 hours,informational
gaslighting,another word for gaslighting,500,16,,synonym for gaslighting,informational
gaslighting,is gaslighting abuse,500,0,0.04,what is gaslighting,informational
gaslighting,what is the meaning of gaslighting,500,54,0.02,gaslighting,informational
gaslighting,what does the term gaslighting mean,500,40,0.03,gaslighting definition,informational
gaslighting,gaslighting of hannah pettey,450,,,,informational
gaslighting,gaslighting in a sentence,400,11,0.02,gaslighting in a sentence,informational
gaslighting,synonyms of gaslighting,400,1,3.50,gaslighting synonym,informational
gaslighting,gaslighting definition psychological manipulation,400,,,,informational
gaslighting,long term effects of gaslighting,400,28,0.04,what is gaslighting,informational
gaslighting,gaslighting at work,400,11,0.02,gaslighting at work,informational
gaslighting,gaslighting and darvo in relationships arabic,400,,,,informational
gaslighting,gaslighting definition psychology,400,52,0.02,gaslighting,informational
gaslighting,whats gaslighting mean,400,23,0.03,gaslighting,informational
gaslighting,gaslighting examples in relationships,300,2,0.03,gaslighting meaning,informational
gaslighting,gaslighting narcissist,300,1,0.03,narcissist gaslighting,informational
gaslighting,gaslighting someone meaning,300,62,0.02,what is gaslighting,informational
gaslighting,examples of gaslighting in a relationship,300,8,0.02,gaslighting examples in marriage,informational
gaslighting,merriam-webster gaslighting definition,300,,,,informational
gaslighting,what's gaslighting mean,300,39,0.03,gaslighting,informational
gaslighting,que es gaslighting,300,0,0.02,que es gaslighting,informational
gaslighting,6 signs of narcissistic gaslighting in a relationship,300,1,0.03,how to recognize gaslighting,informational
gaslighting,what is gaslighting a person,300,60,0.03,gaslighting,informational
gaslighting,what's the definition of gaslighting,300,72,0.03,gaslighting meaning,informational
gaslighting,apa gaslighting definition,300,,,,informational
gaslighting,gaslighting means,300,56,0.02,gaslighting,informational
gaslighting,gaslighting in the workplace,300,10,0.02,gaslighting at work,informational
gaslighting,gaslighting vs manipulation,250,3,0.03,manipulation vs gaslighting,informational
gaslighting,what are the 4 types of gaslighting?,250,3,,what are the 4 types of gaslighting,informational
gaslighting,synonym for gaslighting,250,0,,gaslighting synonym,informational
gaslighting,origin of gaslighting,250,21,0.25,gaslighting meaning,informational
gaslighting,self gaslighting,250,1,0.04,self gaslighting,informational
gaslighting,narcissistic gaslighting,250,7,0.03,narcissist gaslighting,informational
gaslighting,what gaslighting means,250,64,0.03,gaslighting meaning,informational
gaslighting,the definition of gaslighting,250,50,0.02,gaslighting meaning,informational
gaslighting,gaslighting yourself,250,0,0.01,can you gaslight yourself,informational
gaslighting,explain gaslighting,250,58,0.02,gaslighting meaning,informational
gaslighting,gaslighting is not real,200,0,,gaslighting is not real,informational
gaslighting,synonyms for gaslighting,200,0,,gaslighting synonym,informational
gaslighting,types of gaslighting,200,4,0.03,types of gaslighting,informational
gaslighting,what do gaslighting mean,200,57,0.02,gaslighting meaning,informational
cognitive dissonance,cognitive dissonance,219000,0,0.03,cognitive dissonance,informational
cognitive dissonance,what is cognitive dissonance,16000,22,0.02,what is cognitive dissonance,informational
cognitive dissonance,cognitive dissonance definition,11000,49,0.03,cognitive dissonance,informational
cognitive dissonance,cognitive dissonance theory,8900,0,0.06,what is cognitive dissonance in psychology,informational
cognitive dissonance,cognitive dissonance examples,4100,0,0.03,cognitive dissonance examples,informational
cognitive dissonance,cognitive dissonance meaning,3400,0,0.03,cognitive dissonance,informational
cognitive dissonance,define cognitive dissonance,2600,0,0.03,cognitive dissonance,informational
cognitive dissonance,cognitive dissonance example,2300,32,0.04,examples of cognitive dissonance,informational
cognitive dissonance,cognitive dissonance psychology definition,1200,61,0.05,what is cognitive dissonance,informational
cognitive dissonance,examples of cognitive dissonance,1100,0,0.04,cognitive dissonance,informational
cognitive dissonance,what is cognitive dissonance in psychology,1000,62,0.04,what is cognitive dissonance in psychology,informational
cognitive dissonance,cognitive dissonance in relationships,1000,2,0.06,cognitive dissonance in relationships,informational
cognitive dissonance,definition of cognitive dissonance,900,47,0.02,cognitive dissonance,informational
cognitive dissonance,what does cognitive dissonance mean,900,48,0.03,cognitive dissonance,informational
cognitive dissonance,apa dictionary cognitive dissonance definition,800,,,,informational
cognitive dissonance,example of cognitive dissonance,800,22,0.04,cognitive dissonance examples,informational
cognitive dissonance,britannica cognitive dissonance definition,800,,,,informational
cognitive dissonance,cognitive dissonance definition psychology,800,52,0.05,what is cognitive dissonance in psychology,informational
cognitive dissonance,cognitive dissonance.,700,57,0.03,cognitive dissonance,informational
cognitive dissonance,cognitive behavioral dissonance,600,20,0.03,cognitive dissonance,informational
cognitive dissonance,dissonance cognitive,600,40,0.02,what is cognitive dissonance,informational
cognitive dissonance,what is cognitive dissonance?,500,0,,cognitive dissonance,informational
cognitive dissonance,what is cognitive dissonance theory,500,0,0.03,dissonance,informational
cognitive dissonance,cognitive dissonance psychology,450,63,0.25,cognitive dissonance psychology definition,informational
cognitive dissonance,apa dictionary cognitive dissonance,400,,,,informational
cognitive dissonance,“cognitive dissonance” “us” “uk”,400,,,,informational
cognitive dissonance,cognitive dissonance ap psychology definition,350,0,,cognitive dissonance ap psychology definition,informational
cognitive dissonance,theory of cognitive dissonance,250,59,0.08,cognitive dissonance,informational
cognitive dissonance,apa cognitive dissonance definition,250,,,,informational
cognitive dissonance,cognitive dissonance theory example,250,35,0.02,cognitive dissonance example,informational
cognitive dissonance,traumatic cognitive dissonance,250,,,,informational
cognitive dissonance,cognitive dissonance simple definition,200,36,0.01,cognitive dissonance,informational
cognitive dissonance,cognitive dissonance podcast,200,1,0.04,cognitive dissonance podcast,"navigational,informational"
cognitive dissonance,cognitive dissonance experiment,200,0,0.30,cognitive dissonance experiment,informational
cognitive dissonance,cognitive dissonance marketing,150,2,0.60,cognitive dissonance in marketing,informational
cognitive dissonance,festinger cognitive dissonance,150,34,0.25,cognitive dissonance,informational
cognitive dissonance,what is post purchase cognitive dissonance,150,2,,what is post purchase cognitive dissonance,informational
cognitive dissonance,cognitive dissonance def,150,39,0.03,cognitive dissonance,informational
cognitive dissonance,what's cognitive dissonance,150,9,0.03,cognitive dissonance,informational
cognitive dissonance,cognitive dissonance meme,150,0,,cognitive dissonance meme,informational
cognitive dissonance,how to reduce cognitive dissonance,150,9,0.15,what is cognitive dissonance in psychology,informational
cognitive dissonance,explain cognitive dissonance,150,8,0.03,cognitive dissonance,informational
cognitive dissonance,leon festinger cognitive dissonance theory,150,43,0.25,what is cognitive dissonance in psychology,informational
cognitive dissonance,cognitive dissonance in politics,150,0,,cognitive dissonance in politics,informational
cognitive dissonance,what is cognitive dissonance in simple terms,150,43,0.05,cognitive dissonance,informational
cognitive dissonance,cognitive dissonance examples in real life,150,5,,cognitive dissonance examples,informational
cognitive dissonance,what causes cognitive dissonance,150,40,0.04,cognitive dissonance,informational
cognitive dissonance,leon festinger cognitive dissonance,150,34,0.40,cognitive dissonance theory,informational
cognitive dissonance,cognitive dissonance chart,100,,,,
cognitive dissonance,cognitive dissonance theory definition,100,60,0.05,dissonance,informational
cognitive dissonance,post purchase behavior and cognitive dissonance,100,,,,informational
cognitive dissonance,cognitive dissonance mcat,100,0,7.00,cognitive dissonance mcat,informational
cognitive dissonance,cognitive dissonance explained,100,54,0.02,cognitive dissonance,informational
cognitive dissonance,cognitive dissonance synonym,100,0,,cognitive dissonance synonym,informational
cognitive dissonance,cognitive dissonance causes,100,40,,cognitive dissonance,informational
cognitive dissonance,cognitive dissonance theory leon festinger,100,,,,informational
cognitive dissonance,cognitive dissonance at work,100,,,,
cognitive dissonance,what is an example of cognitive dissonance,100,13,,cognitive dissonance examples,informational
cognitive dissonance,meaning of cognitive dissonance,100,24,0.03,cognitive dissonance,informational
cognitive dissonance,what is cognitive dissonance in marketing,100,1,,what is cognitive dissonance in marketing,informational
cognitive dissonance,cognitive dissonance definition and examples,100,,,,informational
cognitive dissonance,types of cognitive dissonance,100,43,0.05,cognitive dissonance examples,informational
cognitive dissonance,cognitive dissonance is,100,17,0.03,cognitive dissonance,informational
cognitive dissonance,cognitive dissonance:,90,59,,cognitive dissonance,informational
cognitive dissonance,post purchase cognitive dissonance meaning,90,,,,
cognitive dissonance,cognitive dissonance ap psych,90,0,,cognitive dissonance ap psychology,informational
cognitive dissonance,cognitive dissonance diagram,90,,,,
cognitive dissonance,cognitive dissonance behavior,90,,,,
cognitive dissonance,mother cognitive dissonance,90,,,,informational
cognitive dissonance,post purchase cognitive dissonance,90,0,4.50,what is post purchase cognitive dissonance,informational
cognitive dissonance,cognitive dissonance in a relationship,90,2,,cognitive dissonance in relationships,informational
cognitive dissonance,cognitive dissonance in a sentence,90,0,,cognitive dissonance in a sentence,informational
cognitive dissonance,what is the definition of cognitive dissonance,90,66,,cognitive dissonance,informational
cognitive dissonance,cognitive dissonance types,90,26,,cognitive dissonance examples,informational
cognitive dissonance,cognitive dissonance -ai,90,,,,
cognitive dissonance,opposite of cognitive dissonance,90,0,,opposite of cognitive dissonance,informational
cognitive dissonance,cognitive dissonance and confirmation bias,90,,,,informational
cognitive dissonance,cognitive dissonance reduction,80,18,5.00,what is cognitive dissonance in psychology,informational
cognitive dissonance,is cognitive dissonance,80,70,,cognitive dissonance,informational
cognitive dissonance,cognitive dissonance in marketing,80,1,0.60,cognitive dissonance in marketing,informational
cognitive dissonance,ways to reduce cognitive dissonance,80,2,,ways to reduce cognitive dissonance,informational
cognitive dissonance,cognitive dissonance leon festinger,80,41,,leon festinger cognitive dissonance theory,informational
cognitive dissonance,cognitive dissonance in simple terms,80,,,,
cognitive dissonance,cognitive dissonance theory examples,80,57,11.00,cognitive dissonance examples,informational
cognitive dissonance,cognitive dissonance illustration,80,,,,informational
cognitive dissonance,whats cognitive dissonance,80,71,,cognitive dissonance definition,informational
cognitive dissonance,how to resolve cognitive dissonance,80,2,,what is cognitive dissonance in psychology,informational
cognitive dissonance,cognitive dissonance definition examples,70,,,,informational
cognitive dissonance,a theory of cognitive dissonance,70,43,0.25,cognitive dissonance theory,informational
cognitive dissonance,definition cognitive dissonance,70,43,,cognitive dissonance,informational
cognitive dissonance,cognitive dissonance alcohol,70,,,,
cognitive dissonance,what are 7 signs of cognitive dissonance,70,17,0.02,cognitive dissonance examples,informational
cognitive dissonance,cognitive dissonance and narcissism,70,0,,cognitive dissonance in toxic relationships,informational
cognitive dissonance,apa dictionary of psychology cognitive dissonance,70,,,,informational
cognitive dissonance,cognitive dissonance cartoon,70,0,,cognitive dissonance cartoon,"informational,commercial"
cognitive dissonance,the cognitive dissonance,70,34,,cognitive dissonance,informational
cognitive dissonance,cognitive dissonance how to resolve,70,,,,
cognitive dissonance,how to fix cognitive dissonance,70,6,,how to overcome cognitive dissonance,informational
cognitive dissonance,cognitive dissonance and self esteem,70,,,,
cognitive dissonance,cognitive dissonance and adhd,70,,,,informational
limerence,limerence,218000,14,0.02,limerence,informational
limerence,limerence meaning,92000,16,0.02,limerence meaning,informational
limerence,what is limerence,17000,16,0.02,limerence meaning,informational
limerence,limerence definition,11000,0,0.02,limerence meaning,informational
limerence,limerence vs love,4300,5,0.02,limerence vs love,informational
limerence,define limerence,2300,8,0.02,limerence meaning,informational
limerence,what does limerence mean,2200,51,0.02,limerence meaning,informational
limerence,how to stop limerence,1300,0,0.08,how to stop limerence,informational
limerence,autistic limerence,1200,1,0.05,autistic limerence,informational
limerence,definition of limerence,900,39,0.02,limerence meaning,informational
limerence,love vs limerence,800,1,0.02,limerence vs love,informational
limerence,limerence in friendships,800,0,,limerence friendship,informational
limerence,limerence define,700,22,0.02,limerence meaning,informational
limerence,limerence adhd,700,25,0.35,limerence adhd,informational
limerence,how long does limerence last,700,8,0.03,how long does limerence last,informational
limerence,limerence vs crush,600,0,0.02,limerence vs crush,informational
limerence,how to get over limerence,600,30,0.06,how to stop limerence,informational
limerence,how to beat limerence,600,13,0.05,how to stop limerence,informational
limerence,is limerence bad,450,0,0.03,limerence meaning,informational
limerence,limerence in a sentence,450,0,,limerence in a sentence,informational
limerence,limerence symptoms,400,13,0.03,how to stop limerence,informational
limerence,stages of limerence,400,0,0.03,stages of limerence,informational
limerence,adhd limerence,350,24,0.70,limerence adhd,informational
limerence,what causes limerence,350,13,0.02,what causes limerence,informational
limerence,signs of limerence,350,1,0.02,signs of limerence,informational
limerence,4 stages of limerence,350,0,0.02,4 stages of limerence,informational
limerence,limerence vs infatuation,350,0,0.03,limerence vs infatuation,informational
limerence,how to get rid of limerence,300,25,0.04,how to stop limerence,informational
limerence,how to get out of limerence,300,16,0.03,how to stop limerence,informational
limerence,can limerence turn into love,300,2,0.03,can limerence turn into love,informational
limerence,limerence definition psychology,300,37,0.06,limerence meaning,informational
limerence,limerence reddit,250,0,0.04,limeremce,informational
limerence,limerence book,250,,0.20,,"informational,commercial,transactional"
limerence,limerence synonym,250,0,,limerence synonym,informational
limerence,limerence and adhd,250,24,0.15,limerence adhd,informational
limerence,how to overcome limerence,250,26,0.06,how to stop limerence,informational
limerence,limerence ocd,250,0,0.60,limerence ocd,informational
limerence,synonyms of limerence,250,,,,informational
limerence,limerence def,250,16,0.02,limerence meaning,informational
limerence,what's limerence,250,6,0.02,limerence meaning,informational
limerence,love and limerence,250,8,0.10,love and limerence,"informational,commercial"
limerence,platonic limerence,250,,,,informational
limerence,difference between love and limerence,200,2,0.02,difference between limerence and love,informational
limerence,whats limerence,200,6,0.02,limerence meaning,informational
limerence,autistic limerence meaning,200,,,,informational
limerence,limerence test,200,0,0.06,limerence test,informational
limerence,crush vs limerence,200,0,0.04,limerence vs crush,informational
limerence,what is limerence mean,200,6,0.02,limerence,informational
limerence,limerence stages,200,5,0.03,stages of limerence,informational
limerence,limerence.,200,36,0.03,limerence,informational
limerence,how to stop limerence adhd,200,,11.00,,informational
limerence,meaning of limerence,200,6,0.02,limerence meaning,informational
limerence,what is limerence?,200,0,,limerence meaning,informational
limerence,limerence and ocd,200,0,0.60,limerence ocd,informational
limerence,limerence hc dolores,200,,0.45,,informational
limerence,is limerence a mental illness,200,39,,how to stop limerence,informational
limerence,how to deal with limerence,200,7,0.04,how to stop limerence,informational
limerence,limerence bpd,200,0,,bpd limerence,informational
limerence,reddit limerence,150,0,,limmerance,informational
limerence,limerence art,150,0,0.15,limerence art,informational
limerence,limerence psychology,150,33,0.02,limerence meaning,informational
limerence,signs limerence is ending,150,0,0.06,signs limerence is ending,informational
limerence,limerence tattoo,150,0,,limerence tattoo,informational
limerence,sasha sanchez limerence,150,0,,sasha sanchez limerince,informational
limerence,limerence cure,150,19,0.04,limerence cure,informational
limerence,limerence autism,150,1,,autistic limerence,informational
limerence,limerence vs love quiz,150,0,0.07,limerence quiz,informational
limerence,how long can limerence last,150,8,,how long does limerence last,informational
limerence,limerence definition simple,150,,0.03,,informational
limerence,limerence causes,150,11,0.02,what causes limerence,informational
limerence,limerence quiz,150,0,2.50,limerence quiz,informational
limerence,mutual limerence,150,3,0.02,mutual limerence,informational
limerence,living with limerence,150,45,0.04,limerance,informational
limerence,how to break limerence,150,29,0.05,how to stop limerence,informational
limerence,limerence dopamine,150,,,,informational
limerence,is limerence real,150,3,,is limerence real,informational
limerence,what is the definition of limerence,150,5,,limerence,informational
limerence,limerence meaning psychology,150,28,0.02,limerence meaning,informational
limerence,infatuation vs limerence,150,0,,limerence vs infatuation,informational
limerence,limerence example,150,15,0.03,limerence example,informational
limerence,bpd limerence,150,0,,bpd limerence,informational
limerence,how to cure limerence,100,23,0.10,how to stop limerence,informational
limerence,how long does limerence last with no contact,100,3,,how long does limerence last with no contact,informational
limerence,limerence treatment,100,24,0.90,limerence,informational
limerence,limerence love,100,12,0.03,limerence vs love,informational
limerence,limerence affair,100,0,0.03,limerence affair,informational
limerence,is limerence a mental disorder,100,31,,how to stop limerence,informational
limerence,limerence pronunciation,100,0,,limerence pronunciation,informational
limerence,limerence vs love differences,100,,,,informational
limerence,is limerence love,100,2,,limerence vs love,informational
limerence,limerence disorder,100,34,,limerence meaning,informational
limerence,autism limerence,100,1,,autistic limerence,informational
limerence,limerence simple meaning,100,,,,informational
limerence,love or limerence,100,1,0.03,limerence vs love,informational
limerence,how to avoid limerence,100,14,0.06,how to stop limerence,informational
limerence,ocd and limerence,100,0,,limerence ocd,informational
limerence,limerence and autism,100,1,,autistic limerence,informational
limerence,limerence meaning simple,100,,,,
limerence,how to use limerence in a sentence,100,0,,limerence in a sentence,informational
limerence,what is limerence in a relationship,100,13,,what is limerence in a relationship,informational
love bombing,love bombing,94000,30,0.02,love bombing,informational
love bombing,what is love bombing,41000,0,0.02,what is love bombing,informational
love bombing,love bombing meaning,39000,0,0.02,love bombing meaning,informational
love bombing,love bombing definition,10000,0,0.02,love bombing meaning,informational
love bombing,love bombing examples,8000,12,0.01,love bombing examples,informational
love bombing,love bombing signs,7600,0,0.02,love bombing signs,informational
love bombing,what does love bombing mean,2600,38,0.02,love bombing,informational
love bombing,define love bombing,1300,37,0.02,love bombing meaning,informational
love bombing,definition of love bombing,1100,39,0.02,love bombing,informational
love bombing,whats love bombing,900,11,0.02,what is love bombing,informational
love bombing,signs of love bombing,900,22,0.01,what does love bombing look like,informational
love bombing,que es love bombing ghosting,700,,,,informational
love bombing,is love bombing bad,600,7,0.02,why is love bombing bad,informational
love bombing,examples of love bombing,600,0,0.02,love bombing examples,informational
love bombing,how long does love bombing last,600,8,0.02,how long does love bombing last,informational
love bombing,what's love bombing,500,24,0.02,love bombing,informational
love bombing,narcissist love bombing,500,1,0.02,love bombing,informational
love bombing,que es love bombing,500,53,0.01,que es love bombing,informational
love bombing,love bombing cycle,450,10,0.03,love bombing cycle,informational
love bombing,unintentional love bombing,400,1,0.03,can love bombing be unintentional,informational
love bombing,love bombing vs genuine interest,350,1,0.02,love bombing vs genuine interest,informational
love bombing,what is love bombing mean,350,37,0.02,love bombing,informational
love bombing,love bombing in a sentence,300,0,,love bombing,informational
love bombing,is love bombing always bad,300,2,0.02,is love bombing always bad,informational
love bombing,why is love bombing bad,300,5,0.03,why is love bombing bad,informational
love bombing,what does love bombing look like,300,12,0.01,love bombing signs,informational
love bombing,love bombing,250,,,,informational
love bombing,the love bombing of gloria choi,250,,,,informational
love bombing,love bombing español,250,0,,love bombing que es,informational
love bombing,what is love bombing?,250,22,,what is love bombing,informational
love bombing,am i love bombing,200,2,0.03,am i love bombing,informational
love bombing,how to stop love bombing,200,0,0.02,how to stop love bombing,informational
love bombing,what is the definition of love bombing,200,36,0.02,love bombing,informational
love bombing,love bombing psychology,200,0,0.02,love bombing psychology,informational
love bombing,adhd love bombing,200,0,4.00,adhd love bombing,informational
love bombing,love bombing que es,200,5,0.01,love bombing que es,informational
love bombing,is love bombing intentional,150,1,0.03,is love bombing intentional,informational
love bombing,love bombing then ghosting,150,0,0.01,love bombing then ghosting,informational
love bombing,what is love bombing someone,150,22,0.02,love bombing meaning,informational
love bombing,is love bombing a red flag,150,5,0.02,is love bombing a red flag,informational
love bombing,love-bombing,150,20,0.02,love bombing,informational
love bombing,love bombing in spanish,150,1,,love bombing in spanish,informational
love bombing,cleveland clinic love bombing definition,100,,,,informational
love bombing,how to avoid love bombing,100,0,1.00,how to stop love bombing,informational
love bombing,signs of love bombing in relationships,100,,,,informational
love bombing,love bombing narcissist,100,24,0.02,love bombing,informational
love bombing,love bombing vs genuine affection,100,0,0.02,love bombing vs genuine interest,informational
love bombing,signs of love bombing over text,100,4,,signs of love bombing over text,informational
love bombing,love bombing manipulation,100,8,0.09,love bombing meaning,informational
love bombing,narcissist love bombing examples,100,7,0.04,narcissist love bombing,informational
love bombing,what is love bombing examples,100,12,0.01,love bombing examples,informational
love bombing,bpd love bombing,100,0,0.03,bpd love bombing,informational
love bombing,narcissist love bombing cycle,100,1,0.02,love bombing cycle,informational
love bombing,love bombing in friendship,100,1,,love bombing in friendship,informational
love bombing,love bombing en español,90,1,0.03,que es love bombing,informational
love bombing,narcissistic love bombing,90,1,0.01,narcissist love bombing,informational
love bombing,why is love bombing a red flag,90,0,0.02,is love bombing a red flag,informational
love bombing,how to deal with love bombing,90,3,,how to respond to love bombing,informational
love bombing,what is love bombing in a relationship,90,10,,signs of love bombing,informational
love bombing,can love bombing be unintentional,90,1,0.09,love bombing unintentional,informational
love bombing,love bombing.,90,17,0.02,love bombing,informational
love bombing,love bombing means explained,90,,,,
love bombing,love bombing def,90,41,0.01,love bombing meaning,informational
love bombing,avoidant love bombing,80,0,,do avoidants love bomb,informational
love bombing,can love bombing be genuine,80,1,,love bombing vs genuine interest,informational
love bombing,example of love bombing,80,14,0.03,love bombing examples,informational
love bombing,is love bombing manipulation,80,15,,love bombing meaning,informational
love bombing,love bombing reddit,80,0,,love bombing signs,informational
love bombing,love bombing friendship,80,0,0.03,love bombing in friendship,informational
love bombing,what is love bombing and why is it bad,80,12,0.01,love bombing meaning,informational
love bombing,love bombing in marriage,70,6,0.02,love bombing in marriage,informational
love bombing,love bombing example,70,14,,love bombing examples,informational
love bombing,love bombing text examples,70,2,,love bombing examples,informational
love bombing,love bombing then pulling away,70,0,0.02,love bombing then ghosting,informational
love bombing,adhd and love bombing,70,1,,adhd love bombing,informational
love bombing,love bombing after a fight,70,24,,love bombing,informational
love bombing,stages of love bombing,70,14,0.04,love bombing cycle,informational
love bombing,love bombing definition psychology,70,14,0.04,love bombing,informational
love bombing,qué es love bombing,70,,,,informational
love bombing,meaning of love bombing,70,31,0.03,love bombing meaning,informational
love bombing,difference between love bombing and genuine interest,70,0,0.03,love bombing vs genuine interest,informational
love bombing,love bombing vs genuine,70,0,0.03,love bombing vs genuine interest,informational
love bombing,love bombing quotes,70,0,,love bombing quotes,informational
love bombing,love bombing or genuine,70,0,0.02,love bombing vs genuine interest,informational
love bombing,how to tell if someone is love bombing you,60,11,0.03,how to know if someone is love bombing you,informational
love bombing,love bombing significado,60,,,,informational
love bombing,love bombing phrases,60,6,0.03,love bombing examples,informational
love bombing,am i love bombing without realizing it,60,,,,
love bombing,love bombing nedir,60,0,,love bombing nedir,informational
love bombing,love bombing vs real love,60,0,0.02,love bombing vs genuine interest,informational
love bombing,narcissistic love bombing cycle,60,0,0.04,love bombing cycle,informational
love bombing,is it love bombing or genuine,60,0,0.03,love bombing vs genuine interest,informational
love bombing,love bombing of gloria choi,60,,,,
love bombing,how to recognize love bombing,60,6,0.03,how to recognize love bombing,informational
love bombing,how long does love bombing usually last,60,8,,how long does love bombing last,informational
love bombing,love bombing narcissist cycle,60,0,,love bombing cycle,informational
love bombing,love bombing red flags,60,6,0.02,love bombing examples,informational
love bombing,opposite of love bombing,60,2,,what is love bombing mean,informational
love bombing,love bombing then breadcrumbing,60,0,,love bombing cycle,informational
love bombing,how to know if someone is love bombing you,60,30,0.02,how to recognize love bombing,informational
avoidant attachment,avoidant attachment,90000,28,0.02,avoidant attachment style,informational
avoidant attachment,avoidant attachment style,85000,2,0.02,avoidant attachment style,informational
avoidant attachment,fearful avoidant attachment,27000,0,0.03,fearful avoidant attachment,informational
avoidant attachment,anxious avoidant attachment,18000,0,0.30,anxious avoidant attachment,informational
avoidant attachment,dismissive avoidant attachment,11000,0,0.03,dismissive avoidant,informational
avoidant attachment,anxious avoidant attachment style,10000,0,0.02,anxious avoidant attachment,informational
avoidant attachment,what is avoidant attachment,7000,0,0.02,avoidant attachment style,informational
avoidant attachment,fearful avoidant attachment style,6400,11,0.03,fearful avoidant attachment,informational
avoidant attachment,dismissive avoidant attachment style,3600,1,0.04,dismissive avoidant,informational
avoidant attachment,avoidant attachment meaning,3100,37,0.02,what is an avoidant,informational
avoidant attachment,avoidant attachment disorder,3000,25,0.02,avoidant attachment style,informational
avoidant attachment,insecure avoidant attachment,2900,12,0.03,insecure avoidant attachment,informational
avoidant attachment,what is an avoidant attachment style,2200,6,0.02,avoidant attachment style,informational
avoidant attachment,avoidant attachment style in relationships,1600,11,0.04,avoidant attachment style in relationships,informational
avoidant attachment,anxious vs avoidant attachment,1600,0,0.15,avoidant vs anxious attachment,informational
avoidant attachment,avoidant dismissive attachment style,1600,11,0.04,dismissive avoidant,informational
avoidant attachment,avoidant attachment styles,1500,41,0.03,avoidant attachment,informational
avoidant attachment,what causes avoidant attachment,1500,18,0.02,what causes avoidant attachment,informational
avoidant attachment,avoidant vs anxious attachment,1400,23,0.03,avoidant vs anxious attachment,informational
avoidant attachment,fearful avoidant disorganized attachment,1300,12,0.03,disorganized attachment style,informational
avoidant attachment,what is avoidant attachment style,1000,0,0.02,avoidant attachment,informational
avoidant attachment,how to fix avoidant attachment,1000,0,0.06,how to fix avoidant attachment,informational
avoidant attachment,avoidant dismissive attachment,1000,10,0.15,dismissive avoidant,informational
avoidant attachment,avoidant attachment style traits,1000,0,0.04,avoidant attachment,informational
avoidant attachment,avoidant attachment issues,900,23,0.06,avoidant attachment style,informational
avoidant attachment,types of avoidant attachment,900,47,0.07,avoidant attachment style,informational
avoidant attachment,anxious and avoidant attachment,900,0,0.40,anxious avoidant attachment,informational
avoidant attachment,anxious attachment vs avoidant attachment,800,2,0.03,anxious attachment style vs avoidant,informational
avoidant attachment,what does avoidant attachment mean,700,24,0.02,avoidant attachment style,informational
avoidant attachment,what is fearful avoidant attachment,700,5,0.03,fearful avoidant attachment,informational
avoidant attachment,avoidant anxious attachment,600,0,0.30,anxious avoidant attachment,informational
avoidant attachment,how to heal avoidant attachment style,600,1,0.06,how to heal avoidant attachment style,informational
avoidant attachment,signs of avoidant attachment,600,26,0.03,signs of avoidant attachment,informational
avoidant attachment,avoidant attachment relationship,500,25,0.03,avoidant attachment style in relationships,informational
avoidant attachment,avoidant attachment signs,500,19,0.03,signs of avoidant attachment,informational
avoidant attachment,avoidant and anxious attachment,500,0,0.20,avoidant vs anxious attachment,informational
avoidant attachment,anxious-avoidant attachment,500,0,,anxious avoidant attachment,informational
avoidant attachment,dating dismissive avoidant attachment,500,8,0.03,dismissive avoidant and kissing,informational
avoidant attachment,avoidant attachment vs anxious attachment,500,2,0.03,anxious attachment vs avoidant attachment,informational
avoidant attachment,signs an avoidant attachment style likes you,450,,,,informational
avoidant attachment,what's avoidant attachment,400,9,0.02,what is an avoidant,informational
avoidant attachment,how to deal with avoidant attachment,400,1,0.03,how to deal with an avoidant partner,informational
avoidant attachment,fearful-avoidant / disorganized attachment style,400,,0.03,,informational
avoidant attachment,what is anxious avoidant attachment,400,0,0.03,anxious avoidant attachment,informational
avoidant attachment,avoidant attachment in relationships,400,9,0.03,avoidant attachment style in relationships,informational
avoidant attachment,fearful avoidant attachment style characteristics,350,,,,informational
avoidant attachment,am i avoidant attachment,350,0,0.15,attachment style quiz,informational
avoidant attachment,fearful-avoidant attachment,350,4,0.03,fearful avoidant attachment,informational
avoidant attachment,anxious-avoidant attachment style,350,9,0.03,anxious avoidant attachment,informational
avoidant attachment,disorganized fearful avoidant attachment style,350,12,0.05,fearful avoidant disorganized attachment,informational
avoidant attachment,avoidant attachment definition,350,0,0.02,avoidant attachment style,informational
avoidant attachment,disorganized avoidant attachment,300,2,0.03,disorganized attachment style,informational
avoidant attachment,opposite of avoidant attachment,300,4,0.03,opposite of avoidant attachment,informational
avoidant attachment,avoidant attachment test,300,43,0.15,attachment style quiz,informational
avoidant attachment,anxious attachment style vs avoidant,300,4,0.02,avoidant vs anxious attachment,informational
avoidant attachment,how to deal with avoidant attachment partner,300,1,0.04,how to deal with an avoidant partner,informational
avoidant attachment,what is an avoidant attachment,250,4,0.02,avoidant attachment,informational
avoidant attachment,avoidant attachment style characteristics,250,18,0.02,avoidant attachment style,informational
avoidant attachment,how to heal fearful avoidant attachment,250,0,0.06,healing fearful avoidant attachment,informational
avoidant attachment,how to overcome avoidant attachment style,250,1,0.06,how to fix avoidant attachment,informational
avoidant attachment,avoidant attachment psychology definition,250,30,0.03,avoidant attachment style traits,informational
avoidant attachment,what is dismissive avoidant attachment,250,3,0.04,dismissive avoidant,informational
avoidant attachment,how to fix fearful avoidant attachment,250,1,0.04,how to fix fearful avoidant attachment,informational
avoidant attachment,fearful avoidant attachment signs,250,0,0.03,fearful avoidant attachment,informational
avoidant attachment,avoidant attachment quiz,250,53,0.15,attachment style quiz,informational
avoidant attachment,what is a fearful avoidant attachment style,250,4,0.02,fearful avoidant attachment,informational
avoidant attachment,avoidant anxious attachment style,200,0,0.04,anxious avoidant attachment,informational
avoidant attachment,healing avoidant attachment,200,0,0.15,healing avoidant attachment,informational
avoidant attachment,avoidant attachment and anxious attachment,200,1,0.15,avoidant vs anxious attachment,informational
avoidant attachment,dating fearful avoidant attachment,200,0,0.05,dating a fearful avoidant woman,informational
avoidant attachment,signs of avoidant attachment style,200,20,0.05,signs of avoidant attachment,informational
avoidant attachment,avoidant fearful attachment,200,4,0.03,fearful avoidant attachment,informational
avoidant attachment,how to stop being avoidant attachment,200,0,0.05,how to fix avoidant attachment,informational
avoidant attachment,secure avoidant attachment,200,0,0.03,secure avoidant attachment style,informational
avoidant attachment,dismissive-avoidant attachment,200,0,0.04,dismissive avoidant,informational
avoidant attachment,how to fix avoidant attachment style,200,1,0.07,how to fix avoidant attachment,informational
avoidant attachment,what is a dismissive avoidant attachment style,200,7,0.03,dismissive avoidant,informational
avoidant attachment,avoidant attachment symptoms,200,24,0.20,what causes avoidant attachment,informational
avoidant attachment,avoidant attachment in adults,200,45,0.08,avoidant attachment,informational
avoidant attachment,anxious attachment and avoidant attachment relationship,200,2,0.06,anxious avoidant attachment style,informational
avoidant attachment,avoidant attachment style dating,200,13,0.03,dating an avoidant,informational
avoidant attachment,how to get over avoidant attachment,200,1,0.05,how to fix avoidant attachment,informational
avoidant attachment,avoidant and anxious attachment relationship,200,2,0.06,anxious avoidant attachment style,informational
avoidant attachment,what causes fearful avoidant attachment,200,5,0.02,fearful avoidant attachment,informational
avoidant attachment,avoidant attachment style quiz,200,37,0.20,attachment style quiz,informational
avoidant attachment,fearful avoidant disorganized attachment style,200,,0.04,,informational
avoidant attachment,is avoidant attachment real,200,,,,informational
avoidant attachment,how to heal avoidant attachment,200,1,0.05,how to heal avoidant attachment style,informational
avoidant attachment,anxious avoidant attachment style in relationships,200,0,,anxious avoidant relationship,informational
avoidant attachment,avoidant attachment and anxious attachment relationship,200,1,1.00,anxious avoidant attachment style,informational
avoidant attachment,characteristics of avoidant attachment,200,25,0.02,avoidant attachment style,informational
avoidant attachment,avoidant attachment personality,200,41,0.04,avoidant attachment style,informational
avoidant attachment,fearful avoidant vs anxious attachment,200,0,,avoidant vs anxious attachment,informational
avoidant attachment,anxious and avoidant attachment relationship,200,0,0.45,avoidant attachment style,informational
avoidant attachment,signs of avoidant attachment in relationships,150,12,,signs of avoidant attachment,informational
avoidant attachment,how to stop avoidant attachment,150,0,0.05,how to fix avoidant attachment,informational
avoidant attachment,fear avoidant attachment,150,18,0.03,fearful avoidant attachment,informational
avoidant attachment,adhd and avoidant attachment,150,0,0.45,adhd and avoidant attachment,informational
avoidant attachment,causes of avoidant attachment style,150,,0.03,,informational
avoidant attachment,how to get rid of avoidant attachment,150,2,0.05,how to fix avoidant attachment,informational
maladaptive daydreaming,maladaptive daydreaming,82000,33,0.02,maladaptive daydreaming,informational
maladaptive daydreaming,what is maladaptive daydreaming,3900,0,0.03,maladaptive daydreaming,informational
maladaptive daydreaming,maladaptive daydreaming test,2600,0,0.20,maladaptive daydreaming test,informational
maladaptive daydreaming,how to stop maladaptive daydreaming,2000,40,0.06,how to stop maladaptive daydreaming,informational
maladaptive daydreaming,maladaptive daydreaming disorder,1500,24,0.08,maladaptive daydreaming,informational
maladaptive daydreaming,is maladaptive daydreaming bad,1200,37,0.07,is maladaptive daydreaming bad,informational
maladaptive daydreaming,maladaptive daydreaming symptoms and diagnosis,800,,,,informational
maladaptive daydreaming,maladaptive daydreaming symptoms,600,39,0.10,maladaptive daydreaming,informational
maladaptive daydreaming,is maladaptive daydreaming haram in islam,500,,,,informational
maladaptive daydreaming,maladaptive daydreaming vs normal daydreaming,500,0,,maladaptive daydreaming vs normal daydreaming,informational
maladaptive daydreaming,maladaptive daydreaming treatment,450,18,2.50,how to stop maladaptive daydreaming,informational
maladaptive daydreaming,maladaptive daydreaming definition,350,55,0.03,maladaptive daydreaming,informational
maladaptive daydreaming,what causes maladaptive daydreaming,300,12,0.05,what causes maladaptive daydreaming,informational
maladaptive daydreaming,maladaptive daydreaming adhd,300,1,0.09,maladaptive daydreaming adhd,informational
maladaptive daydreaming,sexual maladaptive daydreaming aegosexual,250,,,,informational
maladaptive daydreaming,is maladaptive daydreaming a mental illness,250,49,,maladaptive daydreaming,informational
maladaptive daydreaming,maladaptive daydreaming meaning,250,51,0.03,maladaptive daydreaming,informational
maladaptive daydreaming,maladaptive daydreaming examples,200,1,0.25,maladaptive daydreaming examples,informational
maladaptive daydreaming,maladaptive daydreaming autism,200,0,1.00,maladaptive daydreaming autism,informational
maladaptive daydreaming,define maladaptive daydreaming,150,51,0.03,maladaptive daydreaming,informational
maladaptive daydreaming,maladaptive daydreaming disorder test,150,4,,maladaptive daydreaming,informational
maladaptive daydreaming,is maladaptive daydreaming a disorder,150,8,,maladaptive daydreaming,informational
maladaptive daydreaming,maladaptive daydreaming symptoms causes treatment,150,,,,informational
maladaptive daydreaming,maladaptive daydreaming quiz,150,0,0.04,maladaptive daydreaming quiz,informational
maladaptive daydreaming,maladaptive daydreaming causes,150,50,0.05,maladaptive daydreaming,informational
maladaptive daydreaming,is maladaptive daydreaming a symptom of adhd,150,18,,is maladaptive daydreaming a symptom of adhd,informational
maladaptive daydreaming,maladaptive daydreaming scale,150,9,0.40,maladaptive daydreaming test,informational
maladaptive daydreaming,is maladaptive daydreaming a sin,150,0,,is maladaptive daydreaming a sin,informational
maladaptive daydreaming,maladaptive daydreaming and adhd,150,15,0.25,maladaptive daydreaming adhd,informational
maladaptive daydreaming,what's maladaptive daydreaming,150,51,0.03,maladaptive daydreaming,informational
maladaptive daydreaming,do i have maladaptive daydreaming,150,0,0.80,maladaptive daydreaming quiz,informational
maladaptive daydreaming,what is maladaptive daydreaming?,100,,,,informational
maladaptive daydreaming,ocd and maladaptive daydreaming,100,19,,maladaptive daydreaming ocd,informational
maladaptive daydreaming,adhd maladaptive daydreaming,100,31,,maladaptive daydreaming adhd,informational
maladaptive daydreaming,can maladaptive daydreaming lead to schizophrenia,100,4,0.15,can maladaptive daydreaming lead to schizophrenia,informational
maladaptive daydreaming,is maladaptive daydreaming a mental disorder,100,55,,maladaptive daydreaming,informational
maladaptive daydreaming,why is maladaptive daydreaming bad,100,41,,is maladaptive daydreaming bad,informational
maladaptive daydreaming,maladaptive daydreaming and ocd,100,0,,maladaptive daydreaming disorder,informational
maladaptive daydreaming,symptoms of maladaptive daydreaming,100,43,0.05,maladaptive daydreaming,informational
maladaptive daydreaming,adhd and maladaptive daydreaming,100,18,0.10,maladaptive daydreaming adhd,informational
maladaptive daydreaming,what is maladaptive daydreaming a symptom of,100,54,,maladaptive daydreaming,informational
maladaptive daydreaming,maladaptive daydreaming how to stop,100,41,,how to stop maladaptive daydreaming,informational
maladaptive daydreaming,maladaptive daydreaming ocd,90,3,0.30,maladaptive daydreaming disorder,informational
maladaptive daydreaming,maladaptive daydreaming -ai,90,,,,
maladaptive daydreaming,what does maladaptive daydreaming mean,90,54,,maladaptive daydreaming,informational
maladaptive daydreaming,how common is maladaptive daydreaming,90,42,,what is maladaptive daydreaming,informational
maladaptive daydreaming,maladaptive daydreaming and autism,80,0,,maladaptive daydreaming and autism,informational
maladaptive daydreaming,maladaptive daydreaming test quiz,80,3,,maladaptive daydreaming,informational
maladaptive daydreaming,stop maladaptive daydreaming,80,0,,how to stop maladaptive daydreaming,informational
maladaptive daydreaming,maladaptive daydreaming vs daydreaming,80,45,,maladaptive daydreaming vs normal daydreaming,informational
maladaptive daydreaming,maladaptive daydreaming.,80,48,,maladaptive daydreaming,informational
maladaptive daydreaming,signs of maladaptive daydreaming,80,40,,maladaptive daydreaming,informational
maladaptive daydreaming,is maladaptive daydreaming a sign of autism,80,1,,maladaptive daydreaming autism,informational
maladaptive daydreaming,causes of maladaptive daydreaming,70,54,,maladaptive daydreaming,informational
maladaptive daydreaming,is maladaptive daydreaming,70,47,,maladaptive daydreaming,informational
maladaptive daydreaming,autism and maladaptive daydreaming,70,0,,maladaptive daydreaming and autism,informational
maladaptive daydreaming,is maladaptive daydreaming normal,70,44,,is maladaptive daydreaming bad,informational
maladaptive daydreaming,is maladaptive daydreaming common,60,,,,informational
maladaptive daydreaming,whats maladaptive daydreaming,60,22,,maladaptive daydreaming,informational
maladaptive daydreaming,how to treat maladaptive daydreaming,60,36,,how to stop maladaptive daydreaming,informational
maladaptive daydreaming,can maladaptive daydreaming be cured,60,9,,how to stop maladaptive daydreaming,informational
maladaptive daydreaming,daydreaming maladaptive,50,41,,maladaptive daydreaming,informational
maladaptive daydreaming,maladaptive daydreaming reddit,50,0,,maladaptive daydreaming,informational
maladaptive daydreaming,how do i stop maladaptive daydreaming,50,28,,how to stop maladaptive daydreaming,informational
maladaptive daydreaming,maladaptive daydreaming music trigger study,50,,,,
maladaptive daydreaming,daydreaming vs maladaptive daydreaming,50,49,,maladaptive daydreaming vs normal daydreaming,informational
maladaptive daydreaming,how to overcome maladaptive daydreaming,50,28,0.30,how to stop maladaptive daydreaming,informational
maladaptive daydreaming,examples of maladaptive daydreaming,50,18,,maladaptive daydreaming examples,informational
maladaptive daydreaming,how to get rid of maladaptive daydreaming,50,35,,how to stop maladaptive daydreaming,informational
maladaptive daydreaming,how to cure maladaptive daydreaming,50,31,,how to stop maladaptive daydreaming,informational
maladaptive daydreaming,ocd maladaptive daydreaming,50,0,,maladaptive daydreaming and ocd,informational
maladaptive daydreaming,is maladaptive daydreaming a trauma response,40,3,,is maladaptive daydreaming a trauma response,informational
maladaptive daydreaming,cleveland clinic maladaptive daydreaming,40,,,,
maladaptive daydreaming,how to deal with maladaptive daydreaming,40,28,,how to stop maladaptive daydreaming,informational
maladaptive daydreaming,maladaptive daydreaming music trigger source,40,,,,
maladaptive daydreaming,is maladaptive daydreaming a sign of adhd,40,,,,
maladaptive daydreaming,maladaptive daydreaming music,40,0,,maladaptive daydreaming music,informational
maladaptive daydreaming,who icd-11 maladaptive daydreaming,40,,,,
maladaptive daydreaming,maladaptive daydreaming bpd,40,0,,bpd and maladaptive daydreaming,informational
maladaptive daydreaming,maladaptive daydreaming cure,40,33,,how to stop maladaptive daydreaming,informational
maladaptive daydreaming,maladaptive daydreaming definition research,40,,,,informational
maladaptive daydreaming,art maladaptive daydreaming,40,0,,art maladaptive daydreaming,informational
maladaptive daydreaming,maladaptive daydreaming definition symptoms,40,,,,
maladaptive daydreaming,treatment for maladaptive daydreaming,40,18,0.90,how to stop maladaptive daydreaming,informational
maladaptive daydreaming,maladaptive daydreaming in children,30,,,,
maladaptive daydreaming,maladaptive daydreaming what is it,30,,,,
maladaptive daydreaming,is maladaptive daydreaming adhd,30,,,,
maladaptive daydreaming,maladaptive daydreaming is it bad,30,,,,informational
maladaptive daydreaming,is maladaptive daydreaming a symptom of autism,30,0,,maladaptive daydreaming and autism,informational
maladaptive daydreaming,maladaptive daydreaming definition and symptoms,30,,,,informational
maladaptive daydreaming,maladaptive daydreaming cause,30,53,0.02,why do i maladaptive daydream,informational
maladaptive daydreaming,severe maladaptive daydreaming,30,48,,maladaptive daydreaming,informational
maladaptive daydreaming,do i have maladaptive daydreaming quiz,30,0,,maladaptive daydreaming test,informational
maladaptive daydreaming,what is maladaptive daydreaming a sign of,30,,,,
maladaptive daydreaming,can maladaptive daydreaming be good,30,,,,
maladaptive daydreaming,why does maladaptive daydreaming happen,30,,,,
maladaptive daydreaming,maladaptive daydreaming in spanish,30,0,,ensoñacion excesiva,informational
maladaptive daydreaming,maladaptive daydreaming coping strategies,30,,,,
maladaptive daydreaming,what maladaptive daydreaming,30,,,,
maladaptive daydreaming,what does maladaptive daydreaming look like,30,18,,what does maladaptive daydreaming look like,informational
situationship,situationship,82000,24,0.02,situationship,informational
situationship,situationship meaning,24000,0,0.02,situationship meaning,informational
situationship,what is a situationship,18000,20,0.02,situationship meaning,informational
situationship,whats a situationship,4500,22,0.02,situationship meaning,informational
situationship,situationship definition,2400,30,0.02,situationship meaning,informational
situationship,define situationship,1600,33,0.02,what is a situationship,informational
situationship,situationship movie,1600,,0.20,,informational
situationship,situationship vs friends with benefits,1600,4,0.02,situationship vs friends with benefits,informational
situationship,what is situationship,1400,28,0.02,what is a situationship,informational
situationship,situationship webtoon,1100,,,,informational
situationship,what does situationship mean,1100,16,0.02,situationship meaning,informational
situationship,what's a situationship,1100,26,0.01,what is a situationship,informational
situationship,situationship vs relationship,900,0,0.02,situationship vs relationship,informational
situationship,situationship manhwa,800,,,,informational
situationship,what is a situationship mean,700,2,0.02,situationship meaning,informational
situationship,situationship trend meaning,450,,,,informational
situationship,3 months situationship theory,450,,,,informational
situationship,what is a situationship?,400,22,,what is a situationship,informational
situationship,the situationship,400,,0.20,,"informational,commercial,transactional"
situationship,signs a situationship is not working,400,,,,informational
situationship,situationship meme,350,0,0.01,situationship memes,"informational,commercial"
situationship,how to end a situationship,350,0,0.02,how to end a situationship,informational
situationship,definition of situationship,350,16,0.02,situationship meaning,informational
situationship,situationship songs,300,0,0.07,songs about situationships,informational
situationship,situationship manhwa teagan,300,,,,informational
situationship,situationship movie cast,250,,,,informational
situationship,how to get over a situationship,250,0,0.02,how to get over a situationship,informational
situationship,talking stage vs situationship,250,3,0.02,talking stage vs situationship,informational
situationship,signs of a situationship,200,9,0.02,am i in a situationship,informational
situationship,situationship webtoon read online,200,,2.50,,informational
situationship,#situationship,200,,0.02,,informational
situationship,am i in a situationship,200,7,0.02,am i in a situationship,informational
situationship,definition of a situationship,200,12,0.02,what is a situationship,informational
situationship,what does a situationship mean,200,14,0.02,situationship meaning,informational
situationship,relationship vs situationship,200,0,0.01,situationship vs relationship,informational
situationship,situationship vs talking stage,200,0,,talking stage vs situationship,informational
situationship,friends with benefits vs situationship,200,6,,situationship vs friends with benefits,informational
situationship,situationship rules,200,0,0.01,situationship rules,informational
situationship,meaning of situationship,200,5,0.02,situationship meaning,informational
situationship,situationship quotes,200,0,,situationship quotes,informational
situationship,situationship mod sims 4,200,,,,"informational,transactional"
situationship,situationship comic,150,,,,informational
situationship,what is a situationship relationship,150,37,0.02,whats a situationship,informational
situationship,what is situationship mean,150,11,0.02,situationship meaning,informational
situationship,the situationship abby jimenez,150,,0.25,,informational
situationship,situationship vs dating,150,0,0.02,situationship vs relationship,informational
situationship,situationship em wilson,150,,,,informational
situationship,situationship urban dictionary,150,1,,situationship urban dictionary,informational
situationship,fwb vs situationship,150,0,,situationship vs friends with benefits,informational
situationship,whats a situationship mean,150,8,0.02,what is a situationship,informational
situationship,a situationship,150,12,,situationship meaning,informational
situationship,situationship memes,150,0,0.01,situationship meme,informational
situationship,situationship book,150,,,,"informational,commercial,transactional"
situationship,situationship synonym,150,0,,situationship synonym,informational
situationship,is a situationship bad,150,8,,is a situationship bad,informational
situationship,what is the definition of a situationship,150,,0.02,,informational
situationship,how to get out of a situationship,150,0,0.02,how to end a situationship,informational
situationship,situationship band,150,,,,informational
situationship,what is a situationship in a relationship,150,,,,informational
situationship,what a situationship,150,12,0.02,what is a situationship,informational
situationship,long distance situationship,100,0,0.04,long distance situationship,informational
situationship,situationship means,100,,,,informational
situationship,ex situationship,100,0,,ex situationship,informational
situationship,is a situationship a relationship,100,4,,situationship vs relationship,informational
situationship,am i in a situationship quiz,100,0,0.06,am i in a situationship quiz,informational
situationship,toxic situationship,100,0,,toxic situationship,informational
situationship,how to move on from a situationship,100,0,,how to get out of a situationship,informational
situationship,my situationship,100,,,,
situationship,dating vs situationship,100,0,,situationship vs relationship,informational
situationship,situationship movie demi moore,100,,,,informational
situationship,how to end a situationship over text,100,0,,how to break up with a situationship,informational
situationship,situationship是什么,100,,,,
situationship,casual relationship vs situationship,100,,0.02,,informational
situationship,summer situationship,100,0,0.20,summer situationship,informational
situationship,situationship meaning in relationship,100,,,,informational
situationship,situationship vs fwb,100,2,0.30,situationship vs friends with benefits,informational
situationship,define a situationship,100,17,,situationship meaning,informational
situationship,cambridge dictionary situationship definition,100,,,,
situationship,signs your situationship is turning into a relationship,100,4,,am i in a situationship,informational
situationship,how to get over a situationship without closure,100,0,0.02,how to get out of a situationship,informational
situationship,ending a situationship,100,0,0.02,how to end a situationship,informational
situationship,situationship webtoon free,100,,,,informational
situationship,national situationship day,90,0,,situationship day,informational
situationship,merriam-webster situationship definition,90,,,,
situationship,how to break off a situationship,90,0,,how to break off a situationship,informational
situationship,situationship 中文,90,0,,situationship中文,informational
situationship,how to get over situationship,90,0,0.04,how to get out of a situationship,informational
situationship,situationship vs exclusive,90,,,,
situationship,webtoon situationship,90,,,,informational
situationship,what is the definition of situationship,90,,,,
situationship,situationship manga,90,,,,
situationship,situationship examples,90,4,,am i in a situationship,informational
situationship,situationship love,90,,,,
situationship,demi moore movies situationship,90,,,,informational
situationship,situationship erklärung,90,,,,
situationship,what is considered a situationship,80,,,,
situationship,casual dating vs situationship,80,5,,casual vs serious relationship,informational
situationship,getting over a situationship,80,0,0.03,how to get out of a situationship,informational
situationship,what defines a situationship,80,,,,informational
situationship,are you in a situationship,80,,,,informational
anxious attachment style,anxious attachment style,76000,29,0.03,anxious attachment,informational
anxious attachment style,anxious avoidant attachment style,10000,0,0.02,anxious avoidant attachment,informational
anxious attachment style,anxious preoccupied attachment style,7100,8,0.05,anxious preoccupied attachment style,informational
anxious attachment style,anxious attachment style in relationships,1700,0,0.03,anxious attachment style in relationships,informational
anxious attachment style,how to fix anxious attachment style,1400,0,0.07,how to fix anxious attachment style,informational
anxious attachment style,what is anxious attachment style,1000,29,0.02,anxious attachment,informational
anxious attachment style,what is an anxious attachment style,800,30,0.02,anxious attachment,informational
anxious attachment style,how to heal an anxious attachment style,500,3,0.15,how to heal anxious attachment,informational
anxious attachment style,how to heal anxious attachment style,350,9,0.15,how to heal anxious attachment,informational
anxious attachment style,anxious-avoidant attachment style,350,9,0.03,anxious avoidant attachment,informational
anxious attachment style,anxious attachment style symptoms,300,12,0.02,anxious attachment symptoms,informational
anxious attachment style,anxious attachment style vs avoidant,300,4,0.02,avoidant vs anxious attachment,informational
anxious attachment style,anxious / preoccupied attachment style,250,8,0.04,anxious preoccupied attachment style,informational
anxious attachment style,avoidant anxious attachment style,200,0,0.04,anxious avoidant attachment,informational
anxious attachment style,how to work on anxious attachment style,200,8,0.10,how to fix anxious attachment style,informational
anxious attachment style,anxious ambivalent attachment style,200,0,0.03,anxious ambivalent attachment,informational
anxious attachment style,what causes anxious attachment style,200,27,0.02,anxious attachment style,informational
anxious attachment style,how to cure anxious attachment style,200,0,0.08,how to heal anxious attachment,informational
anxious attachment style,anxious attachment style quiz,200,47,0.30,attachment style quiz,informational
anxious attachment style,anxious avoidant attachment style in relationships,200,0,,anxious avoidant relationship,informational
anxious attachment style,how to fix anxious attachment style in relationships,200,3,0.06,how to fix anxious attachment style,informational
anxious attachment style,how to overcome anxious attachment style,200,23,0.04,how to fix anxious attachment style,informational
anxious attachment style,signs of anxious attachment style,150,18,0.04,signs of anxious attachment,informational
anxious attachment style,how to fix an anxious attachment style,150,6,0.07,how to fix anxious attachment style,informational
anxious attachment style,how to heal an anxious attachment style book,150,0,0.40,how to heal an anxious attachment style book,"informational,commercial"
anxious attachment style,how to help anxious attachment style,150,12,0.05,how to heal anxious attachment,informational
anxious attachment style,what is an anxious avoidant attachment style,150,1,0.15,anxious avoidant attachment,informational
anxious attachment style,anxious-preoccupied attachment style,150,1,0.03,anxious preoccupied attachment style,informational
anxious attachment style,characteristics of anxious attachment style,150,,0.03,,informational
anxious attachment style,how to heal an anxious attachment style pdf,150,,,,informational
anxious attachment style,anxious attachment style in friendships,150,0,0.90,anxious attachment in friendships,informational
anxious attachment style,healing anxious attachment style,150,8,0.07,healing anxious attachment,informational
anxious attachment style,what causes an anxious attachment style,150,26,0.02,anxious attachment style,informational
anxious attachment style,anxious attachment style book,150,0,0.20,anxious attachment book,"informational,commercial"
anxious attachment style,anxious attachment style test,150,48,,attachment style quiz,informational
anxious attachment style,anxious attachment style signs,150,14,0.02,attachment anxiety,informational
anxious attachment style,anxious/preoccupied attachment style,150,4,0.07,anxious preoccupied attachment style,informational
anxious attachment style,avoidant attachment style vs anxious,150,1,0.03,avoidant vs anxious attachment,informational
anxious attachment style,anxious attachment style causes,150,6,0.02,anxious attachment style,informational
anxious attachment style,causes of anxious attachment style,100,,0.01,,informational
anxious attachment style,anxious attachment style in men,100,0,,anxious attachment style in men,informational
anxious attachment style,anxious attachment style characteristics,100,22,0.03,anxious attachment style,informational
anxious attachment style,anxious attachment style how to fix,100,0,0.04,how to fix anxious attachment style,informational
anxious attachment style,anxious attachment style traits,100,12,0.04,signs of anxious attachment,informational
anxious attachment style,how to break anxious attachment style,100,0,0.05,how to fix anxious attachment style,informational
anxious attachment style,anxious attachment style definition,100,24,0.02,anxious attachment style,informational
anxious attachment style,anxious attachment style psychology,100,24,,what is anxious attachment,informational
anxious attachment style,anxious attachment style dating,100,9,0.08,anxious attachment style dating,informational
anxious attachment style,attachment style anxious preoccupied,90,6,0.10,anxious preoccupied attachment style,informational
anxious attachment style,avoidant and anxious attachment style,90,6,0.45,avoidant vs anxious attachment,informational
anxious attachment style,signs of an anxious attachment style,80,10,0.03,anxious attachment,informational
anxious attachment style,prevalence of anxious attachment style in adults,80,,,,
anxious attachment style,what is anxious preoccupied attachment style,80,8,,anxious preoccupied attachment style,informational
anxious attachment style,how to deal with anxious attachment style,80,12,0.35,how to heal anxious attachment,informational
anxious attachment style,anxious attachment style meaning,80,34,0.02,anxious attachment style,informational
anxious attachment style,what is an anxious preoccupied attachment style,80,5,,anxious preoccupied attachment style,informational
anxious attachment style,types of anxious attachment style,80,36,,anxious attachment style,informational
anxious attachment style,how to deal with an anxious attachment style,80,9,0.40,how to heal anxious attachment,informational
anxious attachment style,anxious attachment style triggers,80,5,0.05,anxious attachment triggers,informational
anxious attachment style,anxious-ambivalent attachment style,80,3,0.15,ambivalent attachment style,informational
anxious attachment style,define anxious attachment style,80,27,0.07,anxious attachment style,informational
anxious attachment style,how to change anxious attachment style,80,1,0.30,how to fix anxious attachment style,informational
anxious attachment style,books on anxious attachment style,70,,0.45,,"informational,commercial"
anxious attachment style,what is a anxious attachment style,70,16,0.04,attachment styles,informational
anxious attachment style,individuals with an anxious attachment style:,70,12,,anxious attachment style,informational
anxious attachment style,how to fix my anxious attachment style,70,12,0.70,how to fix anxious attachment style,informational
anxious attachment style,anxious attachment style in children,70,8,,anxious attachment in children,informational
anxious attachment style,anxious attachment style books,70,48,0.40,anxious attachment book,"informational,commercial"
anxious attachment style,anxious vs avoidant attachment style,70,1,0.15,avoidant vs anxious attachment,informational
anxious attachment style,anxious attachment style how to heal,70,0,0.40,how to heal anxious attachment,informational
anxious attachment style,anxious attachment style examples,70,33,,examples of anxious attachment,informational
anxious attachment style,how to get over anxious attachment style,70,0,0.40,how to fix anxious attachment style,informational
anxious attachment style,anxious and avoidant attachment style,70,1,0.15,anxious avoidant attachment,informational
anxious attachment style,attachment style anxious,70,8,,anxious attachment style,informational
anxious attachment style,preoccupied anxious attachment style,70,9,0.25,anxious preoccupied attachment style,informational
anxious attachment style,anxious style attachment,70,7,0.07,anxious attachment style,informational
anxious attachment style,why do i have an anxious attachment style,70,7,0.03,anxious attachment style,informational
anxious attachment style,anxious fearful attachment style,70,12,0.20,fearful avoidant attachment,informational
anxious attachment style,what does an anxious attachment style look like,60,,0.05,,
anxious attachment style,anxious attachment style friendship,60,0,,anxious attachment in friendships,informational
anxious attachment style,anxious attachment style healing,60,8,0.35,how to heal anxious attachment,informational
anxious attachment style,do i have an anxious attachment style,60,21,0.10,attachment style quiz,informational
anxious attachment style,avoidant vs anxious attachment style,60,0,0.25,anxious avoidant attachment style,informational
anxious attachment style,how to stop having an anxious attachment style,60,15,0.70,how to fix anxious attachment style,informational
anxious attachment style,how to treat anxious attachment style,60,5,0.45,how to heal anxious attachment,informational
anxious attachment style,signs of anxious attachment style in adults,60,,,,
anxious attachment style,how to manage anxious attachment style,50,,,,
anxious attachment style,how to fix anxious preoccupied attachment style,50,0,,how to overcome anxious-preoccupied attachment,informational
anxious attachment style,anxious attachment style help,50,2,1.50,how to fix anxious attachment style,informational
anxious attachment style,individuals with an anxious attachment style,50,5,0.80,anxious attachment style,informational
anxious attachment style,symptoms of anxious attachment style,50,,0.05,,
anxious attachment style,how to stop anxious attachment style,50,12,0.03,how to fix anxious attachment style,informational
anxious attachment style,fixing anxious attachment style,50,0,0.60,how to fix anxious attachment style,informational
anxious attachment style,how to cope with anxious attachment style,50,15,0.10,how to fix anxious attachment style,informational
anxious attachment style,anxious resistant attachment style,50,22,,attachment styles,informational
anxious attachment style,anxious attachment style fear of abandonment,50,,,,
anxious attachment style,tips for anxious attachment style,50,12,0.10,how to heal anxious attachment,informational
anxious attachment style,anxious and preoccupied attachment style,50,4,,anxious preoccupied attachment style,informational
anxious attachment style,what is anxious avoidant attachment style,50,4,0.15,anxious avoidant attachment,informational
anxious attachment style,anxious attachment style therapy,50,1,6.00,anxious attachment therapy,"informational,commercial"
darvo,darvo,76000,46,0.30,darvo,informational
darvo,darvo meaning,19000,25,1.80,darvo,informational
darvo,what is darvo,6100,40,0.20,darvo,informational
darvo,darvo acronym,1900,9,1.50,darvo,informational
darvo,darvo method,1200,51,0.30,darvo,informational
darvo,darvo tactic,1100,25,1.20,darvo,informational
darvo,darvo examples,700,3,0.10,darvo,informational
darvo,what does darvo stand for,700,25,,darvo,informational
darvo,darvo response,500,7,0.15,darvo,informational
darvo,darvo definition,450,21,,darvo,informational
darvo,how to respond to darvo,400,2,0.02,darvo meaning,informational
darvo,gaslighting and darvo in relationships arabic,400,,,,informational
darvo,darvo psychology,350,28,2.00,darvo,informational
darvo,darvo abuse,300,24,0.80,darvo,informational
darvo,define darvo,300,34,,darvo,informational
darvo,darvo tactics,300,22,0.15,darvo,informational
darvo,warframe darvo,250,,,,informational
darvo,darvo manipulation,250,8,,darvo,informational
darvo,how to respond to darvo in marriage,250,,2.00,,informational
darvo,darvo warframe,250,,,,informational
darvo,what is darvo in a relationship,200,0,1.10,darvo,informational
darvo,what is darvo tactic,200,22,,darvo,informational
darvo,darvo technique,150,23,,darvo,informational
darvo,darvo explained,150,24,0.06,darvo,informational
darvo,narcissist darvo,150,2,,narcissist darvo,informational
darvo,what is darvo?,150,34,,darvo,informational
darvo,darvo effect,100,23,,darvo,informational
darvo,darvo.,100,29,,darvo,informational
darvo,whats darvo,100,9,0.20,darvo,informational
darvo,darvo acronym meaning,100,,,,informational
darvo,darvo pdf,100,,,,informational
darvo,darvo narcissist,100,5,0.04,narcissist darvo,informational
darvo,what does darvo mean,100,20,,darvo,informational
darvo,what is darvo in psychology,100,,,,informational
darvo,darvo in relationships,100,1,1.40,darvo,informational
darvo,darvo narcissist traits,90,,,,
darvo,darvo example,90,0,,darvo meaning,informational
darvo,darvo deny attack reverse victim offender,90,,,,
darvo,darvo cycle,80,0,,darvo,informational
darvo,how to respond to darvo in a relationship,80,,1.10,,
darvo,darvo meaning psychology,80,,,,informational
darvo,darvo adhd,80,,,,
darvo,darvo definition jennifer freyd,80,,,,informational
darvo,darvo syndrome,80,,,,
darvo,what is the darvo tactic,70,24,,darvo,informational
darvo,how to deal with darvo,70,2,,darvo meaning,informational
darvo,darvo narcissism,70,,,,informational
darvo,darvo questionnaire,70,,,,
darvo,darvo jennifer freyd,70,,,,
darvo,darvo definition psychology,70,,,,
darvo,darvo -ai,70,,,,
darvo,examples of darvo,60,0,,darvo,informational
darvo,how to combat darvo,60,,,,informational
darvo,darvo gaslighting,60,0,,darvo,informational
darvo,what's darvo,60,36,,darvo,informational
darvo,darvo deny attack reverse victim and offender,60,,,,
darvo,darvo in friendship,60,,,,
darvo,explain darvo,60,,,,
darvo,darvo in the workplace,60,,,,
darvo,what is darvo manipulation,50,,,,
darvo,darvo?,50,,,,informational
darvo,darvo strategy,50,34,,darvo,informational
darvo,what is darvo mean,50,,,,informational
darvo,darvo manipulation tactics,50,,,,
darvo,the darvo method,50,31,,darvo meaning,informational
darvo,darvo bpd,50,,,,
darvo,darvo emotional abuse,50,6,,darvo,informational
darvo,darvo technique meaning,50,,,,
darvo,definition of darvo,50,,,,
darvo,darvo tactics meaning,50,,,,
darvo,darvo behavior,50,36,,darvo,informational
darvo,meaning of darvo,50,22,,darvo,informational
darvo,darvo method meaning,40,,,,
darvo,darvo manipulation tactic,40,,,,
darvo,darvo examples in relationships,40,,,,
darvo,is darvo abuse,40,,,,
darvo,darvo how to respond,40,,,,
darvo,darvo psychology definition,40,,,,informational
darvo,darvo in marriage,40,0,0.20,darvo,informational
darvo,what is a darvo,40,6,,darvo,informational
darvo,darvo explanation,40,,,,
darvo,darvo pattern,40,,,,
darvo,#darvo,40,,,,
darvo,darvo jennifer freyd definition,40,,,,
darvo,darvo relationship,40,,,,informational
darvo,darvo domestic violence,40,36,,cycle of abuse,informational
darvo,what is a darvo response,30,,,,
darvo,what is the darvo method,30,22,,darvo,informational
darvo,darvo chart,30,,,,
darvo,darvo questions,30,,,,informational
darvo,what is darvo acronym,30,,,,
darvo,darvo narcissistic abuse,30,,,,informational
darvo,darvo attack,30,,,,
darvo,darvo communication style,30,,,,
darvo,university of oregon darvo jennifer freyd,30,,,,
darvo,darvo husband,30,,,,informational
darvo,reverse darvo,30,,,,
darvo,what are darvo tactics,30,,,,informational
darvo,darvo infographic,30,,,,
darvo,darvo theory,30,,,,
scapegoat,scapegoat,51000,17,0.03,scapegoat,informational
scapegoat,scapegoat definition,14000,26,0.02,scapegoat,informational
scapegoat,scapegoat meaning,4600,18,0.02,scapegoat,informational
scapegoat,scapegoat theory,3600,0,0.20,scapegoat theory,informational
scapegoat,what is a scapegoat,2800,50,0.02,family scapegoat,informational
scapegoat,golden scapegoat hsr,2500,0,12.00,golden scapegoat,informational
scapegoat,golden scapegoat,1700,0,0.25,golden scapegoat hsr,informational
scapegoat,the scapegoat,1500,8,0.06,the scapegoat,informational
scapegoat,scapegoat child,1400,3,,scapegoat child,informational
scapegoat,scapegoat synonym,1100,2,,scapegoat synonym,informational
scapegoat,define scapegoat,900,14,0.02,scapegoat,informational
scapegoat,hsr golden scapegoat,800,0,,golden scapegoat,informational
scapegoat,what does scapegoat mean,700,9,,scapegoat,informational
scapegoat,whats a scapegoat,700,0,,scapegoat,informational
scapegoat,family scapegoat,700,6,0.08,scapegoat child,informational
scapegoat,scapegoat yugioh,700,3,0.09,scapegoat yugioh,"informational,commercial,transactional"
scapegoat,scapegoat theory psychology definition,600,9,,scapegoat examples,informational
scapegoat,definition of scapegoat,500,0,0.02,scapegoat,informational
scapegoat,what is scapegoat,500,18,0.02,scapegoat,informational
scapegoat,golden scapegoat 3.7,500,0,,hsr golden scapegoat,informational
scapegoat,scapegoat examples,450,0,,scapegoat in a sentence,informational
scapegoat,when the scapegoat fights back,450,0,0.06,when the scapegoat fights back,informational
scapegoat,ari aster scapegoat,400,,,,informational
scapegoat,radiant scarwood golden scapegoat,350,,,,informational
scapegoat,scapegoat in a sentence,350,0,,scapegoat in a sentence,informational
scapegoat,scapegoat origin,350,15,0.02,scapegoat,informational
scapegoat,golden scapegoat aedes elysiae,300,,,,informational
scapegoat,scapegoat def,300,12,0.02,scapegoat,informational
scapegoat,scapegoat ari aster,300,,,,informational
scapegoat,scapegoat movie,300,25,0.10,scapegoat movie,informational
scapegoat,memortis shore golden scapegoat,250,,,,informational
scapegoat,protech scapegoat,250,,,,"informational,commercial,transactional"
scapegoat,what is a scapegoat child,250,3,,scapegoat child,informational
scapegoat,scapegoat in the bible,250,2,0.02,azazel in the bible,informational
scapegoat,aedes elysiae golden scapegoat,250,,,,informational
scapegoat,hsr golden scapegoat puzzles,250,,,,informational
scapegoat,honkai star rail golden scapegoat,250,,,,informational
scapegoat,chaves scapegoat,250,0,0.05,chaves scapegoat,"informational,commercial,transactional"
scapegoat,scapegoat taproom,200,0,,scapegoat taproom,informational
scapegoat,scapegoat meme love island,200,,,,informational
scapegoat,yugioh scapegoat,200,3,0.10,scapegoat yugioh,"informational,commercial,transactional"
scapegoat,golden scapegoat 3.6,200,,,,informational
scapegoat,the scapegoat movie,200,12,0.15,the scapegoat,informational
scapegoat,scapegoat antonym,200,0,0.07,scapegoat antonym,informational
scapegoat,universal matrix golden scapegoat,200,,,,informational
scapegoat,golden scapegoat radiant scarwood,200,,,,"informational,commercial"
scapegoat,scapegoat tattoo,150,0,0.60,scapegoat tattoo,"informational,commercial"
scapegoat,meaning of scapegoat,150,19,,scapegoat,informational
scapegoat,signs you are the family scapegoat,150,,3.50,,informational
scapegoat,hsr 3.7 golden scapegoat,150,,,,informational
scapegoat,scapegoat denver,150,0,,scapegoat denver,informational
scapegoat,hsr golden scapegoat 3.7,150,,,,informational
scapegoat,golden scapegoat universal matrix,150,,,,informational
scapegoat,what is a scapegoat?,150,13,,family scapegoat,informational
scapegoat,ferrari f1 team scapegoat,150,,,,informational
scapegoat,a scapegoat,150,,,,informational
scapegoat,lightless chapel dawncloud golden scapegoat,150,,,,informational
scapegoat,where did the term scapegoat come from,150,,,,informational
scapegoat,scapegoat theory example,150,3,,scapegoating,informational
scapegoat,scapegoat antonyms,150,0,,scapegoat antonym,informational
scapegoat,golden scapegoat memortis shore,150,,,,informational
scapegoat,family scapegoat syndrome,150,3,,scapegoat child,informational
scapegoat,where does the term scapegoat come from,150,,,,informational
scapegoat,origin of scapegoat,150,9,0.03,scapegoat,informational
scapegoat,scapegoat child meaning,150,,,,informational
scapegoat,family scapegoat abuse,150,8,0.05,lifewire,informational
scapegoat,hsr golden scapegoat 3.6,150,,,,informational
scapegoat,crust scapegoat,150,0,0.45,crust scapegoat,"informational,commercial,transactional"
scapegoat,the scapegoat child,100,2,,scapegoat child,informational
scapegoat,scapegoat ritual,100,17,,scapegoat,informational
scapegoat,scapegoat syndrome,100,6,,scapegoat child,informational
scapegoat,star rail golden scapegoat,100,,,,informational
scapegoat,scapegoat.,100,17,0.04,scapegoat,informational
scapegoat,scapegoat example,100,0,,scapegoat in a sentence,informational
scapegoat,scapegoat psychology,100,34,0.80,scapegoating,informational
scapegoat,characteristics of family scapegoat in adulthood,100,,,,informational
scapegoat,scapegoat in family,100,2,0.70,scapegoat child,informational
scapegoat,nightmares echo golden scapegoat,100,,,,
scapegoat,harry potter fanfiction harry refuses to be a scapegoat,100,0,,harry potter fanfiction harry refuses to be a scapegoat,informational
scapegoat,cast of the scapegoat 1959,100,,,,informational
scapegoat,scapegoat bible,100,2,0.02,who is azazel in the bible,informational
scapegoat,nightmare echo golden scapegoat,100,,,,informational
scapegoat,golden child vs scapegoat,100,0,,scapegoat child,informational
scapegoat,scapegoat in spanish,100,,,,informational
scapegoat,characteristics of family scapegoat,100,1,5.00,scapegoat child,informational
scapegoat,scapegoat etymology,100,12,,scapegoat,informational
scapegoat,scapegoat movie ari aster,100,,,,
scapegoat,scapegoat quotes,90,0,0.02,scapegoat quotes,informational
scapegoat,golden scapegoat hsr 3.7,90,,,,
scapegoat,3.7 golden scapegoat,90,,,,
scapegoat,scapegoat meme,90,0,,scapegoat meme,informational
scapegoat,scapegoat of the family,90,3,0.03,hero child,informational
scapegoat,scapegoat family role,90,5,4.50,scapegoat child,informational
scapegoat,synonym for scapegoat,90,0,,scapegoat synonym,informational
scapegoat,what is the scapegoat,90,6,,scapegoat child,informational
scapegoat,azazel scapegoat,90,8,,azazel,informational
scapegoat,when the scapegoat becomes successful,80,0,,when the scapegoat becomes successful,informational
scapegoat,scapegoat leland,80,,,,
scapegoat,where does scapegoat come from,80,11,,scapegoat,informational
scapegoat,scapegoat definition psychology,80,12,,scapegoat,informational
codependency,codependency,49000,64,0.02,depression symptoms,informational
codependency,codependency meaning,13000,0,0.03,codependency,informational
codependency,what is codependency,8900,47,0.02,codependency,informational
codependency,codependency definition,6000,25,0.02,codependency,informational
codependency,signs of codependency,3200,55,0.03,depression symptoms,informational
codependency,define codependency,1300,84,0.03,what is codependency,informational
codependency,codependency in relationships,1100,43,0.03,codependency,informational
codependency,codependency symptoms,900,45,0.03,codependency,informational
codependency,what is codependency in a relationship,700,12,0.02,codependent relationship,informational
codependency,codependency anonymous,700,40,0.70,coda,"navigational,informational"
codependency,definition of codependency,700,42,0.03,codependency,informational
codependency,codependency no more,600,12,0.20,depression symptoms,"informational,commercial,transactional"
codependency,how to overcome codependency,500,36,0.07,how to overcome codependency,informational
codependency,is codependency bad,500,0,0.04,is codependency bad,informational
codependency,what does codependency mean,500,37,0.02,codependency,informational
codependency,codependency therapy,500,26,3.00,alcohol withdrawal symptoms,"informational,commercial"
codependency,what does codependency look like,450,4,0.03,codependent relationship,informational
codependency,high functioning codependency,450,3,0.05,depression symptoms,informational
codependency,what causes codependency,400,12,0.03,depression symptoms,informational
codependency,codependency quiz,400,0,0.45,codependency quiz,informational
codependency,codependency test,400,1,0.45,codependency quiz,informational
codependency,how to break codependency,400,26,0.04,depression symptoms,informational
codependency,codependency signs,350,41,0.03,codependency,informational
codependency,codependency worksheets,350,2,1.50,codependency worksheets,"informational,commercial,transactional"
codependency,codependency treatment,350,0,1.30,depression,"informational,commercial"
codependency,codependency counseling,350,11,3.00,codependency,"informational,commercial"
codependency,how to fix codependency,300,37,0.04,signs of depression,informational
codependency,codependency books,300,0,0.20,books on codependency,"informational,commercial"
codependency,books on codependency,300,0,0.20,best books on codependency,"informational,commercial"
codependency,codependency disorder,250,47,0.40,depression,informational
codependency,codependency and addiction,250,12,0.70,signs of depression,informational
codependency,codependency vs interdependency,250,0,0.04,interdependent relationship,informational
codependency,codependency examples,250,22,0.02,codependency examples,informational
codependency,codependency relationship,250,43,0.03,codependent relationship,informational
codependency,codependency recovery,250,18,0.35,depression,informational
codependency,emotional codependency,250,0,0.03,codependency,informational
codependency,toxic codependency,250,2,0.03,toxic codependency,informational
codependency,how to stop codependency,250,12,0.05,overcoming codependency,informational
codependency,therapy for codependency,200,12,1.10,codependency therapy,"informational,commercial"
codependency,codependency in marriage,200,3,0.02,codependency in marriage,informational
codependency,enmeshment vs codependency,200,0,0.04,codependency vs enmeshment,informational
codependency,codependency worksheets pdf,200,16,1.60,na,informational
codependency,how to heal from codependency,200,5,0.10,depression symptoms,informational
codependency,codependency book,200,0,0.10,books on codependency,"informational,commercial"
codependency,codependency traits,200,34,0.03,codependency traits,informational
codependency,how to heal codependency,200,4,0.08,depression symptoms,informational
codependency,what is codependency in marriage,200,4,0.03,codependency in marriage,informational
codependency,what does codependency look like in a relationship,150,0,0.04,codependency symptoms,informational
codependency,signs of codependency in a relationship,150,20,0.02,codependent relationship,informational
codependency,healing codependency,150,1,0.30,healing codependency,informational
codependency,is codependency always bad,150,2,0.05,is codependency bad,informational
codependency,what is codependency?,150,37,,codependency,informational
codependency,pia mellody codependency,150,0,0.25,pia mellody codependency,"informational,commercial"
codependency,interdependence vs codependency,150,0,0.04,interdependent,informational
codependency,cleveland clinic codependency not diagnosis,150,,,,informational
codependency,national codependency awareness month,150,,,,informational
codependency,books about codependency,150,0,0.20,best books on codependency,"informational,commercial"
codependency,breaking codependency,150,44,0.06,smart recovery,informational
codependency,codependency treatment centers,150,0,3.00,smart recovery,"informational,commercial"
codependency,symptoms of codependency,150,56,0.02,signs of depression,informational
codependency,what is codependency mean,150,31,0.03,codependency,informational
codependency,types of codependency,150,0,0.08,types of codependency,informational
codependency,why is codependency bad,150,1,0.03,is codependency bad,informational
codependency,codependency in friendships,150,0,0.02,codependency in friendships,informational
codependency,codependency bible healing plan,150,,0.20,,informational
codependency,codependency triangle,150,0,0.05,codependency triangle,informational
codependency,what is the definition of codependency,150,41,0.02,what is codependency,informational
codependency,how to deal with codependency,150,27,0.05,how to break codependency,informational
codependency,apa codependency not diagnosis,150,,,,informational
codependency,best books on codependency,150,0,0.15,best books on codependency,"informational,commercial"
codependency,codependency addiction,150,14,0.45,smart recovery,informational
codependency,codependency vs dependency,150,0,0.06,codependency vs dependency,informational
codependency,is codependency a mental illness,150,7,0.35,alcohol withdrawal symptoms,informational
codependency,codependency issues,150,50,0.03,codependency,informational
codependency,apa dictionary codependency definition,100,,,,informational
codependency,codependency checklist,100,19,0.35,codependent traits,informational
codependency,mayo clinic codependency not diagnosis,100,,,,
codependency,what is codependency in relationships,100,33,0.03,codependent relationship,informational
codependency,dependency vs codependency,100,0,0.06,codependency vs dependency,informational
codependency,codependency vs love,100,0,0.03,codependency vs love,informational
codependency,can codependency be healthy,100,28,0.09,can codependency be healthy,informational
codependency,spann fischer codependency scale,100,0,,spann-fischer codependency scale,informational
codependency,codependency in a relationship,100,36,0.03,codependent relationship,informational
codependency,codependency retreat,100,0,1.10,codependency retreat,"informational,commercial,transactional"
codependency,codependency vs interdependence,100,0,,codependency,informational
codependency,signs of codependency in relationships,100,33,0.02,codependent relationship,informational
codependency,what is codependency in addiction,100,12,0.06,codependency,informational
codependency,overcoming codependency,100,14,0.20,how to overcome codependency,informational
codependency,codependency workbook,100,3,0.20,depression symptoms,"informational,commercial"
codependency,treatment for codependency,100,41,2.50,na,"informational,commercial"
codependency,healing from codependency,100,2,0.70,healing codependency,informational
codependency,coda codependency,100,49,0.15,depression test,informational
codependency,codependency vs enmeshment,100,0,,codependency vs enmeshment,informational
codependency,codependency and narcissism,100,0,0.05,codependency and narcissism,informational
codependency,codependency therapy near me,100,0,3.00,codependency counseling,"informational,commercial,transactional"
codependency,codependency no more book,100,2,0.50,codependent no more,"informational,commercial,transactional"
codependency,codependency withdrawal symptoms,100,5,2.50,depression,informational
codependency,is codependency an addiction,100,13,0.35,codependency,informational
codependency,codependency in a sentence,100,,,,informational
codependency,codependency and marriage,100,,0.04,,informational
catharsis,catharsis,48000,38,0.20,catharsis,informational
catharsis,catharsis definition,10000,0,0.04,catharsis,informational
catharsis,catharsis meaning,6800,12,0.15,catharsis,informational
catharsis,what is catharsis,1500,0,0.15,catharsis,informational
catharsis,define catharsis,1400,12,0.25,catharsis,informational
catharsis,catharsis in a sentence,1300,0,,catharsis in a sentence,informational
catharsis,catharsis synonym,1000,0,0.04,catharsis synonym,informational
catharsis,what does catharsis mean,600,0,,catharsis,informational
catharsis,catharsis example,600,0,,catharsis,informational
catharsis,catharsis mtg,400,0,0.09,catharsis mtg,"informational,commercial,transactional"
catharsis,definition of catharsis,400,5,0.25,catharsis,informational
catharsis,emotional catharsis,400,8,,catharsis,informational
catharsis,catharsis definition literature,300,2,,catharsis example,informational
catharsis,catharsis def,300,6,0.25,catharsis,informational
catharsis,catharsis psychology definition,300,6,,catharsis,informational
catharsis,catharsis hypothesis,300,0,,catharsis,informational
catharsis,catharsis psychology,250,9,0.09,catharsis,informational
catharsis,catharsis examples,200,9,,catharsis example,informational
catharsis,catharsis mod,200,,,,informational
catharsis,catharsis meaning in psychology,150,12,,catharsis,informational
catharsis,emotional catharsis meaning,150,20,,catharsis,informational
catharsis,what is a catharsis,150,9,,catharsis,informational
catharsis,mtg catharsis,150,,,,"informational,commercial"
catharsis,what is catharsis in psychology,150,13,0.10,catharsis,informational
catharsis,catharsis theory,150,3,,catharsis,informational
catharsis,catharsis definition psychology,150,11,,catharsis,informational
catharsis,division 2 catharsis mask,100,0,0.90,division 2 catharsis mask,informational
catharsis,catharsis band,100,3,,catharsis band,informational
catharsis,catharsis meaning in literature,100,4,0.06,catharsis meaning,informational
catharsis,catharsis pronunciation,100,,,,informational
catharsis,catharsis mask division 2,100,0,0.15,catharsis mask division 2,informational
catharsis,catharsis division 2,100,0,3.00,division 2 catharsis mask,informational
catharsis,meaning of catharsis,90,10,,catharsis,informational
catharsis,catharsis define,90,10,0.35,catharsis,informational
catharsis,olympia soiree catharsis,90,,,,
catharsis,example of catharsis,80,10,,catharsis meaning,informational
catharsis,catharsis productions,80,0,1.20,catharsis productions,"navigational,informational"
catharsis,catharsis in literature,80,2,,catharsis examples,informational
catharsis,how to use catharsis in a sentence,80,0,,catharsis in a sentence,informational
catharsis,catharsis.,80,23,0.20,catharsis,informational
catharsis,examples of catharsis,80,8,,catharsis,informational
catharsis,catharsis used in a sentence,80,0,,catharsis in a sentence,informational
catharsis,catharsis world,80,,,,
catharsis,what is catharsis in literature,70,4,,catharsis meaning,informational
catharsis,catharsis ap psychology definition,70,3,,catharsis,informational
catharsis,catharsis sentence,70,16,,catharsis in a sentence,informational
catharsis,what is catharsis?,70,12,,catharsis,informational
catharsis,catharsis bar and grill,70,,,,
catharsis,catharsis by proxy,60,39,,catharsis by proxy,informational
catharsis,catharsis in oedipus rex,60,6,,catharsis in oedipus rex,informational
catharsis,use catharsis in a sentence,60,0,,catharsis in a sentence,informational
catharsis,define catharsis in psychology,50,14,,catharsis,informational
catharsis,catharsis market,50,,,,
catharsis,catharsis mod minecraft,50,,,,"informational,transactional"
catharsis,division 2 catharsis,50,0,,catharsis mask division 2,informational
catharsis,catharsis in hamlet,50,0,,hamlet hamartia,informational
catharsis,catharsis minecraft,40,,,,
catharsis,catharsis in antigone,40,0,,catharsis in antigone,informational
catharsis,whats catharsis,40,9,,catharsis,informational
catharsis,semantic catharsis,40,,,,informational
catharsis,catharsis in macbeth,40,0,,catharsis in macbeth,informational
catharsis,spiritual catharsis,40,,,,informational
catharsis,machine head catharsis,40,1,0.09,machine head catharsis,"informational,commercial"
catharsis,catharsis tattoo,40,0,,tattoo shops in altoona pa,"navigational,informational,commercial,transactional"
catharsis,catharsis simple definition,40,11,,catharsis,informational
catharsis,aristotle poetics catharsis tragedy definition,40,,,,
catharsis,what is emotional catharsis,40,12,,catharsis example,informational
catharsis,catharsis art,40,2,,catharsis art,informational
catharsis,catharsis picture,40,0,,catharsis picture,"informational,commercial"
catharsis,what is the definition of catharsis,40,5,,catharsis,informational
catharsis,catharsis literary definition,40,4,,catharsis,informational
catharsis,catharsis hope against hope,40,,,,
catharsis,catharsis online training,30,0,,catharsis online training,"informational,commercial"
catharsis,catharsis counseling,30,17,,catharsis counseling,"informational,commercial,transactional"
catharsis,catharsis mask,30,0,,catharsis mask division 2,informational
catharsis,how to get catharsis mask division 2,30,0,,how to get catharsis mask division 2,informational
catharsis,catharsis therapy,30,26,1.20,catharsis,"informational,commercial"
catharsis,catharsis 0014 film,30,,,,informational
catharsis,aristotle poetics catharsis definition tragedy,30,,,,
catharsis,catharsis images,30,,,,"informational,commercial"
catharsis,catharsis in psychology,30,4,,catharsis meaning in psychology,informational
catharsis,catharsis aristotle,30,0,,catharsis,informational
catharsis,examples of catharsis in literature,30,4,,catharsis meaning,informational
catharsis,catharsis world manhwa,30,,,,
catharsis,catharsis defintion,30,,,,informational
catharsis,catharsis in greek tragedy,30,0,,catharsis,informational
catharsis,catharsis psychology example,30,9,,catharsis,informational
catharsis,catharsis image,30,,,,
catharsis,catharsis definition meaning,20,,,,informational
catharsis,catharsis freud,20,7,,catharsis,informational
catharsis,catharsis theory psychology evidence,20,,,,
catharsis,the term catharsis refers to emotional,20,37,,emotional catharsis meaning,informational
catharsis,catharsis example in literature,20,0,,catharsis meaning,informational
catharsis,full catharsis meaning,20,,,,informational
catharsis,catharsis in oedipus the king,20,0,,catharsis in oedipus rex,informational
catharsis,how to pronounce catharsis,20,0,,how to pronounce catharsis,informational
catharsis,catharsis part of speech,20,,,,informational
catharsis,catharsis examples in literature,20,2,,catharsis,informational
catharsis,is catharsis healthy,20,6,,catharsis,informational
catharsis,catharsis greek,20,24,,catharsis,informational
unrequited love,unrequited love,46000,13,0.02,unrequited love,informational
unrequited love,unrequited love meaning,6500,0,0.02,unrequited love,informational
unrequited love,what is unrequited love,4300,0,0.02,unrequited love,informational
unrequited love,what does unrequited love mean,2300,6,0.02,unrequited love,informational
unrequited love,unrequited love meaning in tagalog,2200,,,,informational
unrequited love,songs about unrequited love,2000,0,0.04,songs about unrequited love,informational
unrequited love,unrequited love songs,1000,0,0.03,songs about unrequited love,informational
unrequited love,unrequited love quotes,700,0,0.03,unrequited love,informational
unrequited love,how to deal with unrequited love wikihow,500,3,,how to deal with unrequited love wikihow,informational
unrequited love,unrequited love definition,500,11,0.01,unrequited love,informational
unrequited love,songs about unrequited love and insecurity,500,,,,informational
unrequited love,the price of unrequited love novel,500,0,,the price of unrequited love novel,"informational,commercial"
unrequited love,the price of unrequited love,400,,,,informational
unrequited love,ten years of unrequited love,250,,,,informational
unrequited love,define unrequited love,250,4,0.01,unrequited love,informational
unrequited love,movies about unrequited love,250,0,0.03,movies about unrequited love,informational
unrequited love,how to get over unrequited love,250,5,0.03,how to get over unrequited love,informational
unrequited love,love unrequited,200,20,0.02,unrequited love,informational
unrequited love,what is unrequited love mean,200,4,0.02,unrequited love,informational
unrequited love,how to deal with unrequited love,200,8,0.02,how to get over unrequited love,informational
unrequited love,song about unrequited love,200,0,0.03,songs about unrequited love,informational
unrequited love,quotes about unrequited love,200,0,0.03,unrequited love quotes,informational
unrequited love,the secret to winning unrequited love,150,,,,informational
unrequited love,poems about unrequited love,150,1,0.03,poems about unrequited love,informational
unrequited love,unrequited love book recs,150,,,,"informational,commercial"
unrequited love,unrequited love tattoo,150,0,0.04,unrequited love tattoo,informational
unrequited love,what's unrequited love,150,8,,unrequited love,informational
unrequited love,unrequited love movies,150,0,0.03,movies about unrequited love,informational
unrequited love,ballad of unrequited love crossword clue,150,,,,informational
unrequited love,how to cope with unrequited love,150,6,0.02,how to get over unrequited love,informational
unrequited love,the secret to winning over unrequited love,150,,,,informational
unrequited love,ethan hawke unrequited love,150,,,,informational
unrequited love,unrequited love story book recommendations,100,,,,"informational,commercial"
unrequited love,psychology of unrequited love,100,4,,,informational
unrequited love,unrequited love manhwa,100,0,,unrequited love manga,informational
unrequited love,unrequited love drama,100,4,0.03,unrequited love drama,informational
unrequited love,unrequited love poems,100,0,0.03,poems about unrequited love,informational
unrequited love,unrequited love song,100,0,0.03,songs about unrequited love,informational
unrequited love,definition of unrequited love,100,6,,unrequited love,informational
unrequited love,best songs about unrequited love,100,0,0.02,songs about unrequited love,informational
unrequited love,unrequited love books,100,0,0.05,unrequited love books,"informational,commercial"
unrequited love,signs of unrequited love,100,11,,signs of unrequited love,informational
unrequited love,unrequited love examples,90,1,,unrequited love examples,informational
unrequited love,unrequited love coping strategies,90,,,,informational
unrequited love,whats unrequited love,90,9,,unrequited love,informational
unrequited love,songs about unrequited love with your best friend,90,0,,songs about unrequited love with your best friend,informational
unrequited love,flowers that mean unrequited love,80,0,0.07,flowers that mean protection,informational
unrequited love,how to move on from unrequited love,80,4,0.02,how to get over unrequited love,informational
unrequited love,understanding unrequited love,80,,,,
unrequited love,unrequited love rendezvous,80,,,,
unrequited love,coping with unrequited love,80,,0.02,,informational
unrequited love,unrequited love manga,70,0,,unrequited love manga,"informational,commercial"
unrequited love,limerence vs unrequited love,70,,,,informational
unrequited love,final goodbye unrequited love quotes,70,0,,final goodbye unrequited love quotes,informational
unrequited love,meaning of unrequited love,70,4,0.01,unrequited love,informational
unrequited love,guilty unrequited love,70,,,,
unrequited love,ten years of unrequited love chinese drama,70,,,,
unrequited love,unrequited love television show,70,,,,
unrequited love,how to handle unrequited love,70,7,0.02,how to get over unrequited love,informational
unrequited love,what is an unrequited love,70,6,,unrequited love,informational
unrequited love,how to get over unrequited love for a friend,70,3,,how to get over unrequited love for a friend,informational
unrequited love,unrequited love art,70,0,0.06,unrequited love art,"informational,commercial,transactional"
unrequited love,books about unrequited love,60,0,0.20,books about unrequited love,"informational,commercial"
unrequited love,psychological effects of unrequited love,60,,,,
unrequited love,rock songs about unrequited love,60,0,,rock songs about unrequited love,informational
unrequited love,10 years of unrequited love,60,,,,
unrequited love,unrequited love bl,60,,,,informational
unrequited love,what is unrequited love?,60,4,,unrequited love,informational
unrequited love,best unrequited love songs,60,0,,songs about unrequited love,informational
unrequited love,getting over unrequited love,50,6,0.02,how to get over unrequited love,informational
unrequited love,the secret to winning over unrequited love manhwa,50,,,,
unrequited love,unrequited love.,50,0,,unrequited love,informational
unrequited love,octopath traveler love unrequited,50,,,,informational
unrequited love,unrequited love painting,50,0,,unrequited love painting,"informational,commercial,transactional"
unrequited love,love unrequited octopath,50,,,,informational
unrequited love,unrequited love movie,50,0,,movies about unrequited love,informational
unrequited love,why does unrequited love hurt so much,50,0,,the pain of unrequited love,informational
unrequited love,unrequited love anime,40,0,,unrequited love anime,informational
unrequited love,sad songs about unrequited love,40,0,,sad songs about unrequited love,informational
unrequited love,unrequited love novels,40,0,0.20,unrequited love books,informational
unrequited love,unrequited love memes,40,0,,unrequited love meme,informational
unrequited love,unrequited love lyrics,40,0,,unrequited love and other cliches lyrics,informational
unrequited love,pain of unrequited love,40,,,,informational
unrequited love,unrequited love def,40,35,,unrequited love,informational
unrequited love,unrequited love pictures,40,0,,unrequited love images,informational
unrequited love,guilty unrequited love japanese drama,40,,,,informational
unrequited love,country songs about unrequited love,40,0,,country songs about unrequited love,informational
unrequited love,the price of unrequited love novel free,40,,,,
unrequited love,unrequited love vs limerence,40,,,,informational
unrequited love,unrequited love trope,40,0,,unrequited love trope,informational
unrequited love,unrequited love chinese drama,40,2,0.07,unrequited love chinese drama,informational
unrequited love,songs of unrequited love,40,0,0.02,songs about unrequited love,informational
unrequited love,what does unrequited love,40,5,,unrequited love,informational
unrequited love,therapy for unrequited love,30,,,,
unrequited love,lewis carl hindered by unrequited love,30,,,,informational
unrequited love,give you my love it's unrequited,30,,,,
unrequited love,secret unrequited love,30,0,,secret unrequited love,informational
unrequited love,how long does it take to get over unrequited love,30,,,,informational
unrequited love,unrequited love blind date manhwa,30,,,,
unrequited love,unrequited love mean,30,6,,unrequited love,informational
weaponized incompetence,weaponized incompetence,44000,0,0.02,weaponized incompetence,informational
weaponized incompetence,weaponized incompetence meaning,2000,2,0.02,weaponized incompetence,informational
weaponized incompetence,what is weaponized incompetence,1700,0,0.02,weaponized incompetence,informational
weaponized incompetence,weaponized incompetence definition,1200,4,0.02,weaponized incompetence,informational
weaponized incompetence,define weaponized incompetence,450,3,0.05,weaponized incompetence,informational
weaponized incompetence,weaponized incompetence husband,400,0,0.03,weaponized incompetence husband,informational
weaponized incompetence,weaponized incompetence in the workplace,350,0,0.07,weaponized incompetence in the workplace,informational
weaponized incompetence,weaponized incompetence examples,250,0,0.02,weaponized incompetence examples,informational
weaponized incompetence,weaponized incompetence vs learned helplessness,150,0,,learned incompetence,informational
weaponized incompetence,how to deal with weaponized incompetence,150,1,,how to deal with weaponized incompetence,informational
weaponized incompetence,weaponized incompetence at work,150,0,1.00,weaponized incompetence in the workplace,informational
weaponized incompetence,weaponized incompetence in relationships,150,0,,weaponized incompetence husband,informational
weaponized incompetence,examples of weaponized incompetence,100,0,,weaponized incompetence examples,informational
weaponized incompetence,definition of weaponized incompetence,100,2,,weaponized incompetence,informational
weaponized incompetence,learned helplessness vs weaponized incompetence,80,0,,weaponized incompetence vs learned helplessness,informational
weaponized incompetence,weaponized incompetence in spanish,70,0,,weaponized incompetence in spanish,informational
weaponized incompetence,is weaponized incompetence abuse,70,0,,weaponized incompetence,informational
weaponized incompetence,weaponized incompetence psychology,60,4,,weaponized incompetence,informational
weaponized incompetence,how to combat weaponized incompetence,60,1,,how to deal with weaponized incompetence,informational
weaponized incompetence,what's weaponized incompetence,50,1,,weaponized incompetence,informational
weaponized incompetence,weaponized incompetence signs,50,1,,weaponized incompetence definition,informational
weaponized incompetence,what is weaponized incompetence mean,50,,,,
weaponized incompetence,weaponized incompetence meme,40,1,,incompetence meme,informational
weaponized incompetence,signs of weaponized incompetence,40,,,,
weaponized incompetence,weaponized incompetence men,40,2,,male incompetence,informational
weaponized incompetence,what is weaponized incompetence in relationships,40,,,,
weaponized incompetence,what does weaponized incompetence mean,40,2,,weaponized incompetence,informational
weaponized incompetence,weaponized incompetence.,40,4,,weaponized incompetence,informational
weaponized incompetence,weaponized incompetence reddit,40,,,,
weaponized incompetence,weaponized incompetence husband examples,40,,,,informational
weaponized incompetence,weaponized incompetence relationship,40,,,,informational
weaponized incompetence,incompetence weaponized,40,1,,weaponized incompetence,informational
weaponized incompetence,weaponized incompetence workplace,30,1,,weaponized incompetence in the workplace,informational
weaponized incompetence,weaponized incompetence in marriage,30,6,,weaponized incompetence husband,informational
weaponized incompetence,cambridge dictionary weaponized incompetence,30,,,,
weaponized incompetence,emotional labor and weaponized incompetence,30,4,,emotional labor and weaponized incompetence,informational
weaponized incompetence,husband weaponized incompetence,30,0,,weaponized incompetence husband,informational
weaponized incompetence,weaponized incompetence in children,30,,,,
weaponized incompetence,weaponized emotional incompetence,30,,,,informational
weaponized incompetence,husban and weaponized incompetence,30,,,,informational
weaponized incompetence,weaponized incompetence wife,30,0,,weaponized incompetence wife,informational
weaponized incompetence,weaponized incompetence in a sentence,30,,,,
weaponized incompetence,what is weaponized incompetence?,30,,,,
weaponized incompetence,is weaponized incompetence intentional,30,,,,
weaponized incompetence,opposite of weaponized incompetence,30,,,,
weaponized incompetence,weaponized incompetence narcissist,20,0,,weaponized incompetence definition,informational
weaponized incompetence,merriam-webster weaponized incompetence,20,,,,
weaponized incompetence,what is the definition of weaponized incompetence,20,,,,
weaponized incompetence,male weaponized incompetence,20,1,,male incompetence,informational
weaponized incompetence,weaponized incompetence example,20,,,,
weaponized incompetence,meaning of weaponized incompetence,20,,,,
weaponized incompetence,weaponized incompetence in a relationship,20,0,,weaponized incompetence in relationships,informational
weaponized incompetence,what is the opposite of weaponized incompetence,20,,,,
weaponized incompetence,weaponized incompetence -ai,20,,,,
weaponized incompetence,how to stop weaponized incompetence,20,1,,how to deal with weaponized incompetence,informational
weaponized incompetence,men weaponized incompetence,20,,,,
weaponized incompetence,weaponized incompetence definition and examples,20,,,,
weaponized incompetence,weaponized incompetence adhd,20,,,,
weaponized incompetence,weaponized incompetence synonym,20,,,,informational
weaponized incompetence,how to respond to weaponized incompetence,20,,,,
weaponized incompetence,weaponized incompetence vs malicious compliance,20,,,,informational
weaponized incompetence,how to deal with weaponized incompetence at work,20,0,,weaponized incompetence in the workplace,informational
weaponized incompetence,another word for weaponized incompetence,20,,,,
weaponized incompetence,how to handle weaponized incompetence,20,,,,
weaponized incompetence,reddit weaponized incompetence,20,,,,
weaponized incompetence,weaponized incompetence in men,20,,,,informational
weaponized incompetence,emotional weaponized incompetence,20,1,,emotional labor and weaponized incompetence,informational
weaponized incompetence,can weaponized incompetence be unintentional,20,,,,
weaponized incompetence,weaponized incompetence definition examples,20,,,,
weaponized incompetence,weaponized incompetence parenting,20,0,,weaponized incompetence parenting,informational
weaponized incompetence,example of weaponized incompetence,20,,,,
weaponized incompetence,weaponized incompetence gif,20,,,,
weaponized incompetence,malicious compliance vs weaponized incompetence,20,,,,informational
weaponized incompetence,weaponized incompetence vs adhd,20,,,,
weaponized incompetence,weaponized incompetence meaning dictionary,10,,,,
weaponized incompetence,parents weaponized incompetence,10,,,,
weaponized incompetence,weaponized incompetence origin,10,,,,
weaponized incompetence,weaponized incompetence en español,10,,,,
weaponized incompetence,weaponized male incompetence,10,,,,informational
weaponized incompetence,weaponized incompetence definition dictionary,10,,,,informational
weaponized incompetence,why do men use weaponized incompetence,10,,,,
weaponized incompetence,how to use weaponized incompetence in a sentence,10,,,,
weaponized incompetence,weaponized incompetence meaning in relationships,10,,,,
weaponized incompetence,weaponized incompetence assignment,10,,,,
weaponized incompetence,what is weaponized incompetence in the workplace,10,,,,
weaponized incompetence,definition weaponized incompetence,10,,,,
weaponized incompetence,weaponized incompetence vs actual incompetence,10,,,,
weaponized incompetence,cleveland clinic weaponized incompetence,10,,,,
weaponized incompetence,weaponized incompetence child,10,0,,weaponized incompetence child,informational
weaponized incompetence,weaponized incompetence in workplace,10,,,,
weaponized incompetence,weaponized incompetence parents,10,,,,
weaponized incompetence,dealing with weaponized incompetence,10,,,,
weaponized incompetence,weaponized incompetence marriage,10,,,,
weaponized incompetence,weaponized incompetence is back,10,,,,
weaponized incompetence,weaponized incompetence in the classroom,10,,,,
weaponized incompetence,weaponized incompetence abuse,10,7,,cycle of abuse,informational
weaponized incompetence,is weaponized incompetence a form of manipulation,10,,,,
weaponized incompetence,weaponized incompetence adalah,10,,,,
weaponized incompetence,weaponized incompetence kids,10,,,,
weaponized incompetence,weaponized incompetence relationships,10,,,,
doomscrolling,doomscrolling,37000,1,0.04,doomscrolling,informational
doomscrolling,doomscrolling meaning,6000,0,0.01,doom scrolling meaning,informational
doomscrolling,what is doomscrolling,4300,0,0.02,doomscrolling,informational
doomscrolling,doomscrolling definition,2100,64,0.02,doom scrolling meaning,informational
doomscrolling,what does doomscrolling mean,1600,0,0.01,doomscrolling,informational
doomscrolling,how to stop doomscrolling,900,0,0.15,how to stop doomscrolling,informational
doomscrolling,define doomscrolling,450,26,0.02,doomscrolling definition,informational
doomscrolling,what is doomscrolling mean,400,,0.02,,informational
doomscrolling,doomscrolling meme,400,0,0.60,doomscrolling meme,informational
doomscrolling,what's doomscrolling,300,43,0.02,doomscrolling,informational
doomscrolling,what to do instead of doomscrolling,300,0,0.40,what to do instead of doomscrolling,informational
doomscrolling,is doomscrolling a sin,200,,,,informational
doomscrolling,is doomscrolling bad,200,,0.30,,informational
doomscrolling,stop doomscrolling,200,2,0.20,how to stop doomscrolling,informational
doomscrolling,what is doomscrolling?,200,,,,informational
doomscrolling,apps to replace doomscrolling,200,,1.50,,"informational,commercial"
doomscrolling,things to do instead of doomscrolling,150,0,0.10,what to do instead of doomscrolling,informational
doomscrolling,what does doomscrolling do to your brain,150,,,,informational
doomscrolling,definition of doomscrolling,150,,,,informational
doomscrolling,doomscrolling examples,150,58,,what is doom scrolling,informational
doomscrolling,effects of doomscrolling,150,,,,informational
doomscrolling,apps to stop doomscrolling,150,0,0.90,apps to stop doomscrolling,"informational,commercial"
doomscrolling,result of doomscrolling crossword clue,150,,,,informational
doomscrolling,why is doomscrolling bad,100,,,,
doomscrolling,mobile games anti-doomscrolling,100,,,,informational
doomscrolling,whats doomscrolling,100,36,,doomscrolling,informational
doomscrolling,doomscrolling vs mindless scrolling,100,,,,informational
doomscrolling,doomscrolling perhaps crossword clue,100,,,,informational
doomscrolling,does doomscrolling cause dementia,90,,,,
doomscrolling,doomscrolling effects,80,,,,informational
doomscrolling,doomscrolling statistics,80,,,,
doomscrolling,opposite of doomscrolling,80,0,,opposite of doomscrolling,informational
doomscrolling,alternatives to doomscrolling,80,,,,informational
doomscrolling,result of doomscrolling perhaps crossword,80,,,,
doomscrolling,does doomscrolling cause brain damage,80,,0.03,,
doomscrolling,doomscrolling addiction,80,33,,doomscrolling,informational
doomscrolling,doomscrolling and mental health,80,,,,
doomscrolling,doomscrolling gif,70,,,,
doomscrolling,doomscrolling effects on brain,70,,,,
doomscrolling,why is doomscrolling addictive,70,,,,
doomscrolling,negative effects of doomscrolling,70,,,,
doomscrolling,person doomscrolling,70,,,,
doomscrolling,how do i stop doomscrolling,70,9,,how to stop doomscrolling,informational
doomscrolling,how to stop doomscrolling adhd,70,0,,how to stop doomscrolling adhd,informational
doomscrolling,doomscrolling anxiety teenagers studies,70,,,,
doomscrolling,app to stop doomscrolling,60,,0.90,,
doomscrolling,is doomscrolling bad for you,60,,,,
doomscrolling,que es doomscrolling,60,0,,que es doomscrolling,informational
doomscrolling,does doomscrolling make you dumber,60,,,,
doomscrolling,how to quit doomscrolling,60,,,,
doomscrolling,doomscrolling mental health effects,60,,,,
doomscrolling,best apps to replace doomscrolling,60,,,,
doomscrolling,merriam-webster doomscrolling definition,60,,,,informational
doomscrolling,doomscrolling memes,60,,,,informational
doomscrolling,why is it called doomscrolling,60,,,,
doomscrolling,doomscrolling effects on mental health,60,,,,
doomscrolling,#doomscrolling,60,,0.06,,
doomscrolling,what is doomscrolling on social media,50,,,,
doomscrolling,doomscrolling in bed,50,,,,informational
doomscrolling,doomscrolling rewires brain,50,,,,
doomscrolling,free apps to stop doomscrolling,50,,,,
doomscrolling,free apps to replace doomscrolling,50,,,,"informational,commercial"
doomscrolling,effects of doomscrolling on mental health,50,,,,
doomscrolling,stop doomscrolling app,50,0,,apps to stop doomscrolling,"informational,commercial"
doomscrolling,adhd doomscrolling,50,,,,
doomscrolling,doomscrolling image,50,,,,
doomscrolling,how doomscrolling rewires your brain,50,,,,informational
doomscrolling,adhd and doomscrolling,50,,,,informational
doomscrolling,tim cook doomscrolling,50,,,,
doomscrolling,how to avoid doomscrolling,50,10,,how to stop doomscrolling,informational
doomscrolling,doomscrolling que significa,40,,,,
doomscrolling,doomscrolling mental health study,40,,,,
doomscrolling,instead of doomscrolling,40,,,,
doomscrolling,doomscrolling def,40,,,,
doomscrolling,why do they call it doomscrolling,40,,,,
doomscrolling,replace doomscrolling,40,,,,
doomscrolling,doomscrolling anxiety teenagers study,40,,,,
doomscrolling,satici et al. 2022 doomscrolling scale,40,,,,
doomscrolling,doomscrolling mental health research,40,,,,
doomscrolling,what is the definition of doomscrolling,40,,,,
doomscrolling,how does doomscrolling affect the brain,40,,,,informational
doomscrolling,doomscrolling mental health,40,,,,informational
doomscrolling,how does doomscrolling affect your brain,40,,,,
doomscrolling,meaning of doomscrolling,40,,,,
doomscrolling,doomscrolling dopamine,40,,,,informational
doomscrolling,doomscrolling anxiety adolescents study,40,,,,
doomscrolling,doomscrolling cartoon,40,,,,
doomscrolling,doomscrolling anxiety adolescents research,40,,,,
doomscrolling,does doomscrolling cause memory loss,40,,,,
doomscrolling,doomscrolling anxiety adolescents studies,40,,,,
doomscrolling,what is doomscrolling definition,40,,,,
doomscrolling,how to stop doomscrolling tips,40,,,,
doomscrolling,stop doomscrolling meme,40,,,,informational
doomscrolling,app to replace doomscrolling,40,,,,"informational,commercial"
doomscrolling,effects of doomscrolling on the brain,40,,,,
doomscrolling,is doomscrolling bad for your brain,40,,,,
doomscrolling,why doomscrolling is bad,40,,,,informational
doomscrolling,articles to read instead of doomscrolling,40,,,,
doomscrolling,dangers of doomscrolling,40,,,,informational
doomscrolling,social media doomscrolling,40,,,,
catastrophizing,catastrophizing,33000,0,0.07,catastrophizing definition,informational
catastrophizing,pain catastrophizing scale,1300,4,0.06,pain catastrophizing scale,informational
catastrophizing,catastrophizing meaning,1000,18,0.09,catastrophizing,informational
catastrophizing,how to stop catastrophizing,1000,20,0.07,catastrophize,informational
catastrophizing,catastrophizing definition,700,0,0.01,catastrophize,informational
catastrophizing,what is catastrophizing,700,17,0.04,catastrophizing,informational
catastrophizing,pain catastrophizing,400,6,,pain catastrophizing,informational
catastrophizing,catastrophizing anxiety,250,12,0.25,catastrophic thinking,informational
catastrophizing,catastrophizing examples,250,23,0.03,catastrophizing examples,informational
catastrophizing,catastrophizing cognitive distortion,200,26,0.15,catastrophizing cognitive distortion,informational
catastrophizing,catastrophizing cognitive distortion definition,200,53,,catastrophizing,informational
catastrophizing,catastrophizing ocd,150,0,6.00,ocd catastrophizing,informational
catastrophizing,pain catastrophizing scale pdf,150,7,0.03,pain catastrophizing scale,informational
catastrophizing,catastrophizing worksheet,150,1,1.70,decatastrophizing,"informational,commercial"
catastrophizing,is catastrophizing a word,150,,,,informational
catastrophizing,ocd catastrophizing,150,0,0.50,ocd catastrophizing,informational
catastrophizing,pain catastrophizing scale scoring,100,3,,pain catastrophizing scale scoring,informational
catastrophizing,stop catastrophizing,100,12,0.15,catastrophizing,informational
catastrophizing,catastrophizing therapist aid,100,,0.15,,informational
catastrophizing,catastrophizing symptoms,100,10,1.80,catastrophizing,informational
catastrophizing,define catastrophizing,90,11,0.01,catastrophize,informational
catastrophizing,is catastrophizing a mental illness,90,21,,catastrophizing,informational
catastrophizing,catastrophizing thoughts,90,6,,catastrophizing,informational
catastrophizing,catastrophizing pronunciation,90,,,,informational
catastrophizing,cleveland clinic catastrophizing definition,80,,,,
catastrophizing,what does catastrophizing mean,80,17,,catastrophizing,informational
catastrophizing,cbt catastrophizing,80,8,1.60,decatastrophizing,informational
catastrophizing,how to stop catastrophizing ocd,70,,,,
catastrophizing,cognitive distortions catastrophizing,70,32,,catastrophize,informational
catastrophizing,catastrophizing definition psychology,70,13,,catastrophizing,informational
catastrophizing,catastrophizing thinking,60,12,0.15,catastrophizing,informational
catastrophizing,real event ocd catastrophizing,60,0,0.45,real event ocd,informational
catastrophizing,catastrophizing synonym,60,1,,catastrophizing synonym,informational
catastrophizing,catastrophizing psychology,60,17,0.25,catastrophizing,informational
catastrophizing,anxiety catastrophizing,50,8,0.00,catastrophizing,informational
catastrophizing,cognitive distortion catastrophizing,50,28,,catastrophizing,informational
catastrophizing,pain catastrophizing scale (pcs),50,,,,informational
catastrophizing,how to stop catastrophizing thinking,50,,,,
catastrophizing,catastrophizing cbt,50,12,,cbt catastrophizing,informational
catastrophizing,adhd catastrophizing,50,0,,adhd catastrophizing,informational
catastrophizing,examples of catastrophizing,50,13,,catastrophizing examples,informational
catastrophizing,ocd and catastrophizing,50,1,,ocd catastrophizing,informational
catastrophizing,what is catastrophizing thinking,50,,,,
catastrophizing,spell catastrophizing,40,,,,
catastrophizing,catastrophizing worksheet pdf,40,3,,decatastrophizing,informational
catastrophizing,catastrophizing cognitive distortion examples,40,41,,catastrophize,informational
catastrophizing,catastrophizing example,40,9,,catastrophizing examples,informational
catastrophizing,magnification (catastrophizing) or minimization,40,,,,informational
catastrophizing,catastrophizing statements,40,,,,
catastrophizing,how do i stop catastrophizing,40,,1.10,,informational
catastrophizing,cbt techniques for catastrophizing,40,6,,decatastrophizing worksheet,informational
catastrophizing,catastrophizing in relationships,40,0,,catastrophizing in relationships,informational
catastrophizing,how to deal with catastrophizing,40,12,,catastrophizing,informational
catastrophizing,apa catastrophizing cognitive distortion,40,,,,
catastrophizing,catastrophizing treatment,40,,,,informational
catastrophizing,what is pain catastrophizing,30,7,,pain catastrophizing,informational
catastrophizing,example of catastrophizing,30,20,,catastrophizing examples,informational
catastrophizing,catastrophizing how to stop,30,,,,
catastrophizing,cleveland clinic catastrophizing anxiety,30,,,,
catastrophizing,anxiety and catastrophizing,30,14,1.30,catastrophizing,informational
catastrophizing,what is catastrophizing in psychology,30,19,0.35,catastrophize,informational
catastrophizing,is catastrophizing a symptom of ocd,30,,,,
catastrophizing,therapist aid catastrophizing,30,,,,
catastrophizing,catastrophizing and ocd,30,,,,informational
catastrophizing,de-catastrophizing,30,10,,decatastrophizing,informational
catastrophizing,sullivan 1995 pain catastrophizing scale,30,,,,
catastrophizing,catastrophizing adhd,30,2,,adhd negativity,informational
catastrophizing,autism catastrophizing,30,1,,high-functioning autism and anxiety,informational
catastrophizing,what causes catastrophizing,30,19,,how to stop catastrophizing,informational
catastrophizing,pain catastrophizing scale scoring pdf,30,,,,
catastrophizing,cbt catastrophizing worksheet,30,,,,
catastrophizing,how to stop catastrophizing thoughts,30,,2.00,,
catastrophizing,adhd and catastrophizing,30,0,,adhd catastrophizing,informational
catastrophizing,catastrophizing scale,20,,,,informational
catastrophizing,catastrophizing thinking amplifies pain,20,,,,
catastrophizing,how to stop overthinking and catastrophizing,20,,,,informational
catastrophizing,what is catastrophizing a symptom of,20,,,,
catastrophizing,pain catastrophizing scale interpretation,20,,,pain catastrophizing scale,informational
catastrophizing,catastrophizing autism,20,,,,informational
catastrophizing,pain catastrophizing scale sullivan 1995,20,,,,
catastrophizing,catastrophizing behavior,20,,,,
catastrophizing,catastrophizing definition cognitive distortion,20,,,,
catastrophizing,cognitive behavioral therapy catastrophizing,20,,,,informational
catastrophizing,catastrophizing illustration,20,,,,
catastrophizing,example of catastrophizing cognitive distortion,20,,,,
catastrophizing,catastrophizing.,20,14,,catastrophizing,informational
catastrophizing,is catastrophizing a cognitive distortion,20,,,,
catastrophizing,catastrophizing and rumination,20,,,,informational
catastrophizing,pain catastrophizing scale pcs,20,,,,informational
catastrophizing,how to avoid catastrophizing,20,,0.03,,
catastrophizing,over catastrophizing,20,,,,informational
catastrophizing,catastrophizing cognitive distortion apa,20,,,,
catastrophizing,definition of catastrophizing in psychology,20,,,,informational
catastrophizing,bpd catastrophizing,20,0,,bpd catastrophizing,informational
catastrophizing,catastrophizing in cbt,20,,,,
catastrophizing,pcs pain catastrophizing scale,20,,,,informational
catastrophizing,cognitive distortion catastrophizing definition,20,,,,
catastrophizing,pain catastrophizing scale questionnaire,20,,,,informational
catastrophizing,catastrophizing psychology definition,20,,,,informational
catastrophizing,catastrophizing meme,20,4,,anxiety memes,informational
hypervigilance,hypervigilance,33000,45,0.04,hypervigilance,informational
hypervigilance,hypervigilance meaning,2600,22,0.02,hyper vigilance,informational
hypervigilance,what is hypervigilance,1900,30,0.02,hypervigilance,informational
hypervigilance,hypervigilance definition,1200,23,0.03,hypervigilance definition,informational
hypervigilance,hypervigilance symptoms,600,26,0.03,hypervigilance,informational
hypervigilance,nhs hypervigilance trauma symptoms,600,,,,informational
hypervigilance,social hypervigilance,600,21,0.02,hypervigilance,informational
hypervigilance,wild boar pigs hypervigilance alertness behavior,500,,,,informational
hypervigilance,horses ptsd trauma hypervigilance flight response,500,,,,informational
hypervigilance,nimh ptsd hypervigilance symptoms,450,,,,informational
hypervigilance,hypervigilance test,450,3,0.45,hypervigilance test,informational
hypervigilance,define hypervigilance,400,13,0.02,hypervigilance definition,informational
hypervigilance,hypervigilance in relationships,350,0,0.04,hypervigilance in relationships,informational
hypervigilance,animals that exhibit hypervigilance behavior,350,,,,informational
hypervigilance,cleveland clinic hypervigilance trauma symptoms,350,,,,informational
hypervigilance,nhs hypervigilance trauma,300,,,,informational
hypervigilance,apa dictionary hypervigilance definition,300,,,,informational
hypervigilance,cleveland clinic hypervigilance trauma,300,,,,informational
hypervigilance,emotional hypervigilance,300,10,2.00,hyper vigilance,informational
hypervigilance,nhs hypervigilance anxiety feeling watched,300,,,,informational
hypervigilance,nhs trauma hypervigilance symptoms,250,,,,informational
hypervigilance,nhs ptsd hypervigilance symptoms,250,,,,informational
hypervigilance,nhs anxiety hypervigilance feeling watched,250,,,,informational
hypervigilance,trauma induced hypervigilance,250,,,,informational
hypervigilance,va ptsd hypervigilance official,250,,,,informational
hypervigilance,hypervigilance examples,250,6,0.03,hypervigilance,informational
hypervigilance,hypervigilance ptsd,250,22,1.20,hypervigilance,informational
hypervigilance,ptsd hypervigilance,200,26,0.80,hypervigilance,informational
hypervigilance,samhsa trauma hypervigilance symptoms,200,,,,informational
hypervigilance,samhsa trauma hypervigilance,200,,,,informational
hypervigilance,samhsa trauma hypervigilance official,150,,,,
hypervigilance,what causes hypervigilance,150,20,,hypervigilance,informational
hypervigilance,cleveland clinic hypervigilance feeling watched,150,,,,informational
hypervigilance,nimh trauma hypervigilance symptoms,150,,,,informational
hypervigilance,hypervigilance anxiety,150,12,1.70,hypervigilance,informational
hypervigilance,nhs feeling watched anxiety hypervigilance,150,,,,informational
hypervigilance,chronic hypervigilance,150,,,,informational
hypervigilance,nimh hypervigilance trauma symptoms,150,,,,informational
hypervigilance,nhs hypervigilance feeling watched anxiety,150,,,,informational
hypervigilance,somatic hypervigilance,150,0,,somatic symptom disorder,informational
hypervigilance,nhs hypervigilance anxiety symptoms,100,,,,informational
hypervigilance,insects hypervigilance alarm response bees ants,100,,,,informational
hypervigilance,hypervigilance vs paranoia,100,1,,hypervigilance vs paranoia,informational
hypervigilance,definition of hypervigilance,100,,0.03,,informational
hypervigilance,nhs hypervigilance trauma anxiety,100,,,,
hypervigilance,feeling watched anxiety hypervigilance source,100,,,,informational
hypervigilance,nhs hypervigilance trauma official,100,,,,informational
hypervigilance,what is hypervigilance in ptsd,100,,,,informational
hypervigilance,signs of hypervigilance,100,19,,hypervigilance,informational
hypervigilance,is hypervigilance a symptom of ptsd,100,20,,hypervigilant,informational
hypervigilance,cleveland clinic hypervigilance definition,100,,,,informational
hypervigilance,hypervigilance definition psychology,100,,,,informational
hypervigilance,how to stop hypervigilance,100,1,0.40,hypervigilant,informational
hypervigilance,samhsa trauma hypervigilance signs,100,,,,informational
hypervigilance,what's hypervigilance,90,,,,informational
hypervigilance,maternal hypervigilance,90,,,,
hypervigilance,hypervigilance treatment,90,0,2.50,hypervigilance,informational
hypervigilance,cleveland clinic hypervigilance trauma anxiety,90,,,,
hypervigilance,nhs hypervigilance anxiety trauma,90,,,,
hypervigilance,hypervigilance ocd,90,4,4.00,hypervigilant,informational
hypervigilance,nhs anxiety feeling watched hypervigilance,90,,,,
hypervigilance,hypervigilance childhood trauma,90,3,1.00,hypervigilance childhood trauma,informational
hypervigilance,symptoms of hypervigilance,90,40,,hypervigilance,informational
hypervigilance,hypervigilance adhd,80,0,,adhd hypervigilance,informational
hypervigilance,cleveland clinic hypervigilance trauma signs,80,,,,
hypervigilance,what is hypervigilance mean,80,,,,
hypervigilance,hypervigilance feeling watched anxiety source,80,,,,
hypervigilance,apa dictionary hypervigilance,80,,,,
hypervigilance,cleveland clinic hypervigilance anxiety,80,,,,
hypervigilance,nhs hypervigilance anxiety,80,,,,
hypervigilance,hypervigilance trauma response,80,,,,informational
hypervigilance,hypervigilance autism,80,0,,social hypervigilance,informational
hypervigilance,nhs hypervigilance trauma feeling watched,80,,,,
hypervigilance,nhs anxiety hypervigilance threat perception,80,,,,
hypervigilance,nimh anxiety hypervigilance threat perception,80,,,,informational
hypervigilance,apa anxiety hypervigilance threat perception,70,,,,
hypervigilance,apa trauma hypervigilance symptoms,70,,,,
hypervigilance,hypervigilance.,70,,,,informational
hypervigilance,nhs ptsd symptoms hypervigilance,70,,,,
hypervigilance,samhsa hypervigilance trauma symptoms,70,,,,
hypervigilance,nimh ptsd symptoms hypervigilance,70,,,,informational
hypervigilance,va ptsd hypervigilance symptoms,70,,,,
hypervigilance,hypervigilance ap psychology definition,70,,,,
hypervigilance,nhs hypervigilance anxiety threat perception,70,,,,
hypervigilance,nhs anxiety hypervigilance symptoms,70,,,,
hypervigilance,cleveland clinic hypervigilance anxiety trauma,70,,,,informational
hypervigilance,is hypervigilance bad,70,,,,
hypervigilance,nimh anxiety hypervigilance symptoms,70,,,,informational
hypervigilance,childhood trauma and hypervigilance,70,,,,informational
hypervigilance,adhd hypervigilance,70,0,,hypervigilance adhd,informational
hypervigilance,apa trauma hypervigilance threat perception,70,,,,
hypervigilance,hypervigilance causes,60,,,,informational
hypervigilance,ptsd and hypervigilance,60,20,1.20,hypervigilance,informational
hypervigilance,nimh ptsd hypervigilance symptoms official,60,,,,informational
hypervigilance,nimh ptsd hypervigilance official,60,,,,
hypervigilance,va ptsd hypervigilance symptom,60,,,,
hypervigilance,what does hypervigilance mean,60,20,,hypervigilance,informational
hypervigilance,hypervigilance disorder,60,,,,informational
hypervigilance,cleveland clinic hypervigilance trauma official,60,,,,informational
hypervigilance,cleveland clinic hypervigilance anxiety symptoms,60,,,,
cynicism,cynicism,31000,34,0.40,cynicism,informational
cynicism,cynicism definition,5000,0,0.02,cynicism definition,informational
cynicism,cynicism meaning,3000,4,0.03,cynicism meaning,informational
cynicism,cynicism synonym,800,0,0.03,cynicism synonym,informational
cynicism,what is cynicism,500,10,0.02,cynicism,informational
cynicism,cynicism is for losers,450,0,,cynicism is for losers,informational
cynicism,define cynicism,450,2,,cynicism,informational
cynicism,cynicism vs pessimism,250,23,,pessimism vs cynicism,informational
cynicism,cynicism vs nihilism,250,1,,pessimistic vs cynical,informational
cynicism,pessimism vs cynicism,200,0,,cynicism vs pessimism,informational
cynicism,cynicism pronunciation,200,,,,informational
cynicism,definition of cynicism,150,5,0.02,cynicism,informational
cynicism,nihilism vs cynicism,150,1,,pessimistic vs cynical,informational
cynicism,cynicism def,150,,,,informational
cynicism,cynicism vs skepticism,100,1,8.00,skeptical vs cynical,informational
cynicism,skepticism vs cynicism,100,0,,skeptical vs cynical,informational
cynicism,how to combat cynicism,100,,,,
cynicism,legal cynicism,100,0,,legal cynicism,informational
cynicism,cynicism in a sentence,100,0,0.06,cynicism in a sentence,informational
cynicism,cynicism philosophy,90,5,0.04,cynicism,informational
cynicism,cynicism vs stoicism,80,0,,cynicism vs stoicism,informational
cynicism,cynicism definition lord of the flies,80,0,,cynicism definition lord of the flies,informational
cynicism,pessimism vs cynicism vs nihilism,70,0,,pessimism vs cynicism,informational
cynicism,diogenes cynicism,60,6,,diogenes,informational
cynicism,political cynicism,60,2,,political cynicism,informational
cynicism,how to pronounce cynicism,50,0,,how to pronounce cynicism,informational
cynicism,cyber cynicism tattoo,50,,,,
cynicism,quotes about cynicism,50,0,,quotes about cynicism,informational
cynicism,cynicism quotes,50,0,0.02,cynicism quotes,informational
cynicism,sarcasm vs cynicism,40,0,,sarcasm vs cynicism,informational
cynicism,modern cynicism,40,,,,informational
cynicism,police cynicism,40,,,,informational
cynicism,what does cynicism mean,40,10,0.03,cynicism,informational
cynicism,stoicism vs cynicism,40,0,,cynicism vs stoicism,informational
cynicism,what causes cynicism,40,1,,cynicism,informational
cynicism,cynicism antonym,40,0,,cynicism synonym,informational
cynicism,cynicism symbol,30,3,,cynicism,informational
cynicism,is cynicism a sign of intelligence,30,0,,is cynicism a sign of intelligence,informational
cynicism,how to overcome cynicism,30,1,,how to stop being cynical,informational
cynicism,cyber cynicism,30,,,,
cynicism,difference between cynicism and pessimism,30,0,,pessimistic vs cynical,informational
cynicism,idealism vs cynicism,30,0,,idealism vs cynicism,informational
cynicism,what does cynicism,30,,,,informational
cynicism,cynicism diogenes,30,41,,diogenes,informational
cynicism,cynicism meaning in farsi,30,,,,
cynicism,gen x cynicism,30,,,,informational
cynicism,cynicism in the bible,30,,,,informational
cynicism,cynicism definition psychology,30,,,,informational
cynicism,difference between pessimism and cynicism,30,0,,cynicism vs pessimism,informational
cynicism,sliding scale of idealism vs cynicism,30,,,,informational
cynicism,cynicism example,30,0,,examples of cynicism,informational
cynicism,founder of cynicism,30,,,,informational
cynicism,cynicism examples,30,0,,cynical example,informational
cynicism,what does cynicism mean in the bible,30,,,,
cynicism,cynicism vs sarcasm,30,,,,informational
cynicism,difference between skepticism and cynicism,30,1,,skeptical vs cynical,informational
cynicism,cynicism definition bible,30,,,,informational
cynicism,what is cynicism in the bible,20,,,,
cynicism,legal cynicism definition,20,1,,legal cynicism,informational
cynicism,cynicism and pessimism,20,0,,cynical vs pessimistic,informational
cynicism,nihilistic cynicism,20,0,,cynicism vs nihilism,informational
cynicism,cynicism psychology,20,4,,cynicism psychology,informational
cynicism,naive cynicism,20,,,,informational
cynicism,what is the opposite of cynicism,20,,,,
cynicism,cynicism antonyms,20,,,,informational
cynicism,cynicism vs cynical,20,,,,
cynicism,difference between nihilism and cynicism,20,,,,
cynicism,what does the bible say about cynicism,20,,,,informational
cynicism,who founded cynicism,20,,,,
cynicism,meaning of cynicism,20,,,,informational
cynicism,difference between cynicism and skepticism,20,,,,informational
cynicism,diogenes of sinope stanford encyclopedia cynicism,20,,,,informational
cynicism,baumgartner morris 2006 daily show cynicism,20,,,,informational
cynicism,dating platform reducing dating app cynicism,20,,,,
cynicism,is cynicism bad,20,,,,informational
cynicism,cynicism vs pessimism vs skepticism,20,,,,
cynicism,cynicism test,20,,0.15,,informational
cynicism,cynicism and nihilism,20,,,,
cynicism,positive cynicism,20,1,,positive cynicism,informational
cynicism,opposite of cynicism,20,0,,cynicism synonym,informational
cynicism,ancient cynicism,20,,,,informational
cynicism,cynicism.,20,13,,cynicism,informational
cynicism,difference between cynicism and nihilism,20,,,,
cynicism,examples of cynicism,20,0,,cynicism examples,informational
cynicism,pronounce cynicism,20,,,,informational
cynicism,cynicism person,10,,,,
cynicism,what is cynicism philosophy,10,,,,informational
cynicism,irony vs sarcasm vs cynicism,10,,,,
cynicism,father of cynicism,10,6,,diogenes,informational
cynicism,what is the definition of cynicism,10,,,,
cynicism,antonym of cynicism,10,4,,,informational
cynicism,cynicism vs idealism,10,,,,
cynicism,cynicism definition meaning,10,,,,
cynicism,cynicism sentence,10,,,,informational
cynicism,cynicism burnout,10,,,,informational
cynicism,cynicism workplace behavior cheating,10,,,,
cynicism,extreme cynicism,10,,,,informational
cynicism,cynicism as a defense mechanism,10,,,,
cynicism,cynicism symptoms,10,,,,
cynicism,nihilism vs cynicism vs pessimism,10,,,,
hopeless romantic,hopeless romantic,29000,0,0.03,hopeless romantic,informational
hopeless romantic,hopeless romantic meaning,21000,0,0.02,hopeless romantic,informational
hopeless romantic,what is a hopeless romantic,5200,6,0.02,hopeless romantic,informational
hopeless romantic,what does hopeless romantic mean,1600,4,0.02,hopeless romantic,informational
hopeless romantic,hopeless romantic definition,1200,4,0.02,hopeless romantic,informational
hopeless romantic,whats a hopeless romantic,1100,0,0.01,hopeless romantic,informational
hopeless romantic,define hopeless romantic,900,0,0.02,hopeless romantic,informational
hopeless romantic,what does it mean to be a hopeless romantic,500,4,0.02,hopeless romantic,informational
hopeless romantic,what is hopeless romantic,400,1,0.02,hopeless romantic,informational
hopeless romantic,hopeless romantic mini dress,300,,,,"commercial,transactional"
hopeless romantic,definition of hopeless romantic,250,1,0.02,hopeless romantic,informational
hopeless romantic,what's a hopeless romantic,250,0,0.03,hopeless romantic,informational
hopeless romantic,opposite of hopeless romantic,250,0,,opposite of hopeless romantic,informational
hopeless romantic,hopeless romantic quotes,200,0,0.05,hopeless romantic quotes,informational
hopeless romantic,what is a hopeless romantic man,200,1,0.01,what is a hopeless romantic man,informational
hopeless romantic,hopeless romantic movies,150,0,0.02,hopeless romantic movies,informational
hopeless romantic,hopeless romantic lyrics,150,0,0.09,hopeless romantic lyrics,informational
hopeless romantic,hopeless romantic movie,150,0,0.03,hopeless romantic movies,informational
hopeless romantic,what does a hopeless romantic mean,150,2,0.02,hopeless romantic,informational
hopeless romantic,what is a hopeless romantic woman,100,3,,what is a hopeless romantic woman,informational
hopeless romantic,hopeless romantic tattoo,100,0,,hopeless romantic tattoo,informational
hopeless romantic,hopeless romantic dti,100,,,,informational
hopeless romantic,hopeless romantic books,100,0,0.06,hopeless romantic books,"informational,commercial"
hopeless romantic,kwn hopeless romantic,100,,,,
hopeless romantic,hopeless romantic society,100,2,1.00,hopeless romantic society,"navigational,informational"
hopeless romantic,meaning of hopeless romantic,100,5,0.01,hopeless romantic,informational
hopeless romantic,a hopeless romantic meaning,80,1,,hopeless romantic,informational
hopeless romantic,hopeless romantic vs hopeful romantic,80,0,,hopeful romantic meaning,informational
hopeless romantic,a hopeless romantic,80,0,0.03,hopeless romantic,informational
hopeless romantic,what is a hopeless romantic mean,70,1,,hopeless romantic,informational
hopeless romantic,hopeless romantic outfit,70,,,,
hopeless romantic,hopeless romantic characters,70,0,,hopeless romantic characters,informational
hopeless romantic,what does being a hopeless romantic mean,70,1,,hopeless romantic,informational
hopeless romantic,definition of a hopeless romantic,70,2,,hopeless romantic meaning,informational
hopeless romantic,hopeless romantic synonym,70,0,,hopeless romantic synonym,informational
hopeless romantic,hopeless romantic def,70,5,,hopeless romantic,informational
hopeless romantic,is being a hopeless romantic bad,70,4,,is being a hopeless romantic bad,informational
hopeless romantic,hopeless romantic hogwarts,70,,,,
hopeless romantic,hopeless romantic kwn,70,,,,informational
hopeless romantic,hopeless romantic define,70,,0.02,,informational
hopeless romantic,wiz khalifa hopeless romantic,60,,,,informational
hopeless romantic,i'm a hopeless romantic,60,4,,is being a hopeless romantic bad,informational
hopeless romantic,am i a hopeless romantic,60,,,,informational
hopeless romantic,what is a hopeless romantic?,50,4,,hopeless romantic meaning,informational
hopeless romantic,hopeless romantic quiz,50,2,0.15,love quizzes,informational
hopeless romantic,alex sampson hopeless romantic,50,,,,
hopeless romantic,am i a hopeless romantic quiz,50,,,,informational
hopeless romantic,what's a hopeless romantic person meaning,50,,,,
hopeless romantic,whats a hopeless romantic person,50,,,,informational
hopeless romantic,virgo hopeless romantic,50,,,,
hopeless romantic,hopeless romantic dot below eyes,40,,,,
hopeless romantic,hopeless romantic tattoo ideas,40,0,,hopeless romantic tattoo ideas,informational
hopeless romantic,what is the definition of a hopeless romantic,40,,,,informational
hopeless romantic,what does it mean to be hopeless romantic,40,,0.03,,informational
hopeless romantic,hopeless romantic meme,40,0,,hopeless romantic memes,informational
hopeless romantic,hopeless romantic opposite,40,,,,informational
hopeless romantic,hopeless romantic society font free download,40,,,,"informational,transactional"
hopeless romantic,being a hopeless romantic,40,3,,is being a hopeless romantic bad,informational
hopeless romantic,hopeless romantic in spanish,40,0,,hopeless romantic in spanish,informational
hopeless romantic,is it bad to be a hopeless romantic,40,3,,is being a hopeless romantic bad,informational
hopeless romantic,hopeless romantic society font,40,,0.60,,
hopeless romantic,why am i a hopeless romantic,40,,,,
hopeless romantic,hopeless romantic trading,40,0,,hopeless romantic,"navigational,informational,commercial,transactional"
hopeless romantic,hopeless romantic art,40,0,,hopeless romantic art,"informational,commercial,transactional"
hopeless romantic,hopeless romantic dress to impress,40,,,,
hopeless romantic,hopeful romantic vs hopeless romantic,30,0,,hopeful romantic meaning,informational
hopeless romantic,whats hopeless romantic,30,,,,informational
hopeless romantic,hopeless romantic outfits,30,,,,
hopeless romantic,im a hopeless romantic,30,1,,is being a hopeless romantic bad,informational
hopeless romantic,what is hopeless romantic mean,30,3,,hopeless romantic,informational
hopeless romantic,para sa hopeless romantic,30,1,,para sa hopeless romantic,informational
hopeless romantic,hopeless romantic vs romantic,30,,,,
hopeless romantic,why is it called hopeless romantic,30,,,,
hopeless romantic,hopeless romantic bouquet,30,,,,"commercial,transactional"
hopeless romantic,hopeless romantic.,30,6,,hopeless romantic,informational
hopeless romantic,hopeless romantic mean,30,1,,hopeless romantic,informational
hopeless romantic,what is the opposite of a hopeless romantic,30,0,,hopeful romantic meaning,informational
hopeless romantic,hopeless romantic person,30,0,,hopeless romantic,informational
hopeless romantic,hopeless romantic in a relationship,30,,,,
hopeless romantic,hopeless romantic style,30,,,,
hopeless romantic,hopeless romantic vs hopeful unromantic,30,,,,
hopeless romantic,how to stop being a hopeless romantic,20,1,,hopeless romatic,informational
hopeless romantic,the hopeless romantic,20,0,,hopeless romantic,informational
hopeless romantic,hopeless romantic font,20,,,,informational
hopeless romantic,hopeless romantic memes,20,0,,hopeless romantic memes,informational
hopeless romantic,hopeless romantic julia pratt lyrics,20,,,,
hopeless romantic,what makes someone a hopeless romantic,20,,,,
hopeless romantic,is a hopeless romantic a bad thing,20,,,,
hopeless romantic,hopeless romantic shirt,20,0,,hopeless romantic shirt,"commercial,transactional"
hopeless romantic,is gatsby a hopeless romantic,20,0,,jay gatsby vices,informational
hopeless romantic,expo for hopeless romantic,20,,,,
hopeless romantic,hopeless romantic julie capulet,20,0,,hopeless romantic julie capulet,"informational,commercial,transactional"
hopeless romantic,michelle branch hopeless romantic,20,,,,"informational,commercial"
hopeless romantic,hopeless romantic lyrics wiz khalifa meaning,20,,,,
hopeless romantic,what does hopeless romantic mean?,20,,,,informational
hopeless romantic,hopeless romantic tattoos,20,0,,hopeless romantic tattoo,informational
hopeless romantic,opposite of a hopeless romantic,20,,,,
hopeless romantic,dictionary hopeless romantic definition,20,,,,informational
hopeless romantic,hopeless romantic vs realist,20,0,,opposite of hopeless romantic,informational
hopeless romantic,i'm a hopeless romantic meaning,20,,,,informational
enmeshment,enmeshment,28000,12,0.03,enmeshment,informational
enmeshment,enmeshment meaning,10000,13,0.02,enmeshment meaning,informational
enmeshment,enmeshment definition,1700,7,0.03,enmeshment meaning,informational
enmeshment,what is enmeshment,1500,0,0.02,enmeshment,informational
enmeshment,emotional enmeshment,1100,8,0.03,enmeshment,informational
enmeshment,enmeshment trauma,900,0,0.03,enmeshment,informational
enmeshment,enmeshment family,600,4,0.02,enmeshed family,informational
enmeshment,family enmeshment,600,10,0.02,enmeshed family,informational
enmeshment,define enmeshment,600,16,0.03,enmeshment,informational
enmeshment,enmeshment mother,300,0,0.03,enmeshed mother,informational
enmeshment,what is enmeshment in families,250,5,0.02,enmeshed family,informational
enmeshment,what does enmeshment mean,250,12,0.02,enmeshment,informational
enmeshment,parental enmeshment,200,9,0.02,parental enmeshment,informational
enmeshment,enmeshment vs codependency,200,0,0.04,codependency vs enmeshment,informational
enmeshment,family enmeshment meaning,200,,0.02,,informational
enmeshment,mother-son enmeshment checklist,200,1,,parental enmeshment,informational
enmeshment,familial enmeshment,200,13,0.02,enmeshed family,informational
enmeshment,enmeshment relationship,200,3,0.02,enmeshment meaning,informational
enmeshment,mother enmeshment,150,1,0.03,enmeshment mother,informational
enmeshment,enmeshment in relationships,150,2,0.02,enmeshment,informational
enmeshment,signs of enmeshment,150,0,0.02,signs of enmeshment,informational
enmeshment,enmeshment in families,150,4,0.02,enmeshed family,informational
enmeshment,definition of enmeshment,150,16,0.02,enmeshment,informational
enmeshment,mother son enmeshment signs,100,0,0.03,mother son enmeshment,informational
enmeshment,financial enmeshment,100,0,,financial enmeshment,informational
enmeshment,what is emotional enmeshment,100,6,,enmeshment,informational
enmeshment,cleveland clinic enmeshment family boundaries,100,,,,
enmeshment,enmeshment in romantic relationships,100,1,0.45,enmeshment in romantic relationships,informational
enmeshment,sibling enmeshment,100,10,,enmeshment meaning,informational
enmeshment,what is enmeshment trauma,100,0,0.03,enmeshment,informational
enmeshment,enmeshment meaning in family,100,,,,
enmeshment,maternal enmeshment,100,4,,mother son enmeshment,informational
enmeshment,codependency vs enmeshment,100,0,,codependency vs enmeshment,informational
enmeshment,emotional enmeshment meaning,100,,,,informational
enmeshment,enmeshment therapist near me,100,,,,
enmeshment,enmeshment definition psychology,100,22,,enmeshment,informational
enmeshment,mother son enmeshment,100,0,0.04,mother son enmeshment,informational
enmeshment,what is family enmeshment,90,10,,enmeshed family,informational
enmeshment,familial enmeshment issues,90,,,,informational
enmeshment,toxic enmeshment,90,5,,toxic enmeshment,informational
enmeshment,enmeshment trauma meaning,90,0,,enmeshment,informational
enmeshment,what is enmeshment in a relationship,90,0,,enmeshment,informational
enmeshment,mother daughter enmeshment checklist,80,0,,mother daughter enmeshment checklist,informational
enmeshment,parent child enmeshment,80,12,,parental enmeshment,informational
enmeshment,enmeshment issues,80,12,,parental enmeshment,informational
enmeshment,mother-son enmeshment signs in adulthood,80,,,,
enmeshment,enmeshment with mother,70,0,,enmeshment mother,informational
enmeshment,enmeshment siblings,70,0,,enmeshment siblings,informational
enmeshment,enmeshment examples,70,4,,enmeshed family,informational
enmeshment,enmeshment in marriage,70,0,1.10,enmeshment meaning,informational
enmeshment,enmeshment psychology,70,18,0.02,enmeshed family,informational
enmeshment,family enmeshment trauma,70,0,0.02,enmeshment,informational
enmeshment,enmeshment def,70,12,,enmeshment,informational
enmeshment,enmeshment meaning in relationship,70,,,,
enmeshment,mother daughter enmeshment,70,0,0.03,mother daughter enmeshment checklist,informational
enmeshment,emotional enmeshment mother-son,70,0,,mother son enmeshment,informational
enmeshment,enmeshment in friendships,70,0,,enmeshment,informational
enmeshment,what is enmeshment in relationships,60,,,,
enmeshment,mother daughter enmeshment signs,60,,0.03,,informational
enmeshment,enmeshment with parents,60,8,,enmeshed family meaning,informational
enmeshment,enmeshment parent child,60,12,,parental enmeshment,informational
enmeshment,mother-son enmeshment,60,0,,mother son enmeshment,informational
enmeshment,codependency and enmeshment,60,0,1.00,codependency vs enmeshment,informational
enmeshment,enmeshment signs,60,0,,enmeshed family,informational
enmeshment,enmeshment therapy,60,5,5.00,enmeshment,"informational,commercial"
enmeshment,apa dictionary enmeshment family boundaries,60,,,,informational
enmeshment,opposite of enmeshment,60,0,,opposite of enmeshment,informational
enmeshment,how does mother-son enmeshment affect marriage,50,,,,
enmeshment,enmeshment psychology definition,50,,,,
enmeshment,enmeshment trauma symptoms,50,0,,enmeshment trauma,informational
enmeshment,enmeshment family systems,50,9,0.03,enmeshed family meaning,informational
enmeshment,is enmeshment abuse,50,1,,domestic violence,informational
enmeshment,relationship enmeshment,50,3,0.25,enmeshment meaning,informational
enmeshment,mother son enmeshment checklist,50,0,,mother son enmeshment,informational
enmeshment,enmeshment.,50,7,,enmeshment,informational
enmeshment,signs of family enmeshment,50,,,,
enmeshment,what is enmeshment in psychology,50,22,0.09,enmeshment,informational
enmeshment,fear of enmeshment,40,2,,fear of enmeshment,informational
enmeshment,examples of enmeshment,40,12,,enmeshed family,informational
enmeshment,narcissistic enmeshment,40,0,,narcissistic enmeshment,informational
enmeshment,parent enmeshment,40,16,,parental enmeshment,informational
enmeshment,mother son enmeshment signs in adulthood,40,,,,informational
enmeshment,mother-son enmeshment signs,40,0,,mother son enmeshment,informational
enmeshment,apa dictionary enmeshment family definition,40,,,,
enmeshment,enmeshment friendship,40,0,0.03,enmeshed friendship,informational
enmeshment,apa dictionary enmeshment definition,40,,,,
enmeshment,parentification and enmeshment,40,,,,
enmeshment,emotional enmeshment mother-daughter,40,0,,mother daughter enmeshment,informational
enmeshment,signs of enmeshment in romantic relationships,40,,,,
enmeshment,enmeshment mother and son,40,0,,mother-son enmeshment checklist,informational
enmeshment,overcoming enmeshment,40,2,0.20,enmeshment therapy,informational
enmeshment,father daughter enmeshment signs,40,,,,informational
enmeshment,enmeshment family meaning,40,,,,
enmeshment,how to heal enmeshment trauma,40,0,1.30,how to heal from enmeshment,informational
enmeshment,mayo clinic enmeshment family boundaries,40,,,,
enmeshment,enmeshment trauma mother-son,40,0,,mother son enmeshment,informational
enmeshment,enmeshment family therapy,40,10,,parental enmeshment,informational
enmeshment,how to heal from enmeshment,40,0,0.70,how to heal from enmeshment,informational
enmeshment,what causes enmeshment,40,8,0.03,enmeshed family meaning,informational
enmeshment,meaning of enmeshment,40,6,,enmeshment,informational
inferiority complex,inferiority complex,24000,0,0.07,inferiority complex,informational
inferiority complex,inferiority complex meaning,2200,0,0.02,inferiority complex,informational
inferiority complex,what is an inferiority complex,900,33,0.02,inferiority complex symptoms,informational
inferiority complex,inferiority complex definition,600,12,0.02,inferiority complex,informational
inferiority complex,define inferiority complex,600,13,0.02,inferiority complex,informational
inferiority complex,what is inferiority complex,350,11,0.03,inferiority complex,informational
inferiority complex,what does inferiority complex mean,200,0,,inferiority complex,informational
inferiority complex,inferiority complex symptoms,150,18,0.02,inferiority complex,informational
inferiority complex,superiority complex vs inferiority complex,150,0,0.25,superiority complex vs inferiority complex,informational
inferiority complex,inferiority complex psychology definition,150,13,,inferiority complex,informational
inferiority complex,how to overcome inferiority complex,100,0,0.08,how to deal with inferiority complex,informational
inferiority complex,inferiority complex vs superiority complex,100,0,,superiority complex vs inferiority complex,informational
inferiority complex,superiority inferiority complex,100,,,,informational
inferiority complex,what is a inferiority complex,100,2,,inferiority complex,informational
inferiority complex,inferiority complex psychology,90,12,0.50,inferiority complex,informational
inferiority complex,inferiority complex definition psychology,90,4,,inferiority complex,informational
inferiority complex,signs of inferiority complex,80,1,1.70,inferiority complex meaning,informational
inferiority complex,alfred adler inferiority complex,80,28,,alfred adler inferiority complex,informational
inferiority complex,egomaniac with an inferiority complex,70,0,,egomaniac with an inferiority complex,informational
inferiority complex,what's an inferiority complex,70,17,,inferiority complex,informational
inferiority complex,inferiority complex example,60,12,,inferiority complex,informational
inferiority complex,inferiority complex test,60,24,0.35,self esteem test,informational
inferiority complex,is inferiority complex a mental disorder,60,17,,inferiority complex,informational
inferiority complex,inferiority superiority complex,60,0,,inferiority superiority complex,informational
inferiority complex,inferiority vs superiority complex,60,0,,superiority complex vs inferiority complex,informational
inferiority complex,whats an inferiority complex,50,12,,inferiority complex,informational
inferiority complex,inferiority complex adler,50,19,0.25,inferiority complex,informational
inferiority complex,definition of inferiority complex,50,5,,inferiority complex,informational
inferiority complex,adler inferiority complex,50,34,,alfred adler inferiority complex,informational
inferiority complex,do i have an inferiority complex,50,13,0.05,inferior complex,informational
inferiority complex,how to deal with inferiority complex,40,1,1.90,how to deal with inferiority complex,informational
inferiority complex,how to deal with an inferiority complex,40,12,1.90,how to deal with an inferiority complex,informational
inferiority complex,signs of an inferiority complex,40,0,1.70,inferiority complex,informational
inferiority complex,egomaniac with an inferiority complex aa,40,,,,
inferiority complex,who coined the term inferiority complex,30,9,,inferiority complex,informational
inferiority complex,symptoms of inferiority complex,30,15,,inferiority complex,informational
inferiority complex,inferiority complex vs imposter syndrome,30,,,,
inferiority complex,opposite of inferiority complex,30,1,,opposite of inferiority complex,informational
inferiority complex,inferiority complex illustration,30,,,,
inferiority complex,inferiority complex signs,30,5,1.70,inferiority complex,informational
inferiority complex,signs of inferiority complex in a man,30,,,,
inferiority complex,imposter syndrome vs inferiority complex,30,,,,
inferiority complex,superiority vs inferiority complex,30,0,,superiority complex vs inferiority complex,informational
inferiority complex,what is the inferiority complex,30,13,,inferiority complex,informational
inferiority complex,inferiority complex -ai,30,,,,
inferiority complex,signs of inferiority complex in a woman,30,,,,
inferiority complex,inferiority complex.,30,19,,inferiority complex,informational
inferiority complex,what causes inferiority complex,30,13,,inferiority complex symptoms,informational
inferiority complex,egomaniac with inferiority complex,20,,,,
inferiority complex,meaning of inferiority complex,20,14,,inferiority complex,informational
inferiority complex,how to get rid of inferiority complex,20,1,1.30,how to deal with inferiority complex,informational
inferiority complex,inferiority complex quotes,20,0,,inferiority complex quotes,informational
inferiority complex,how to overcome an inferiority complex,20,2,,how to deal with an inferiority complex,informational
inferiority complex,inferiority complex treatment,20,2,6.00,how to deal with an inferiority complex,informational
inferiority complex,complex inferiority,20,10,,inferiority complex,informational
inferiority complex,inferiority complex examples,20,48,,inferioritycomplex,informational
inferiority complex,inferiority complex alfred adler,20,30,,adler psychology,informational
inferiority complex,inferiority complex causes,20,13,,inferiority complex,informational
inferiority complex,what causes an inferiority complex,20,21,,inferiority complex,informational
inferiority complex,what's inferiority complex,20,15,,inferiority complex,informational
inferiority complex,inferiority complex simple definition,20,,,,
inferiority complex,complex of inferiority,20,27,,inferiority complex,informational
inferiority complex,male inferiority complex,20,,,,informational
inferiority complex,causes of inferiority complex,20,12,,inferiority complex,informational
inferiority complex,inferiority complex quiz,20,1,0.07,inferiority complex test,informational
inferiority complex,how to fix inferiority complex,20,0,,how to deal with inferiority complex,informational
inferiority complex,inferiority complex meaning in psychology,10,,,,
inferiority complex,inferiority complex in a relationship,10,,,,
inferiority complex,inferiority complex synonym,10,,,,informational
inferiority complex,what does it mean to have an inferiority complex,10,,,,informational
inferiority complex,who coined inferiority complex,10,,,,
inferiority complex,adhd inferiority complex,10,,,,
inferiority complex,inferiority complex how to overcome,10,2,,how to deal with an inferiority complex,informational
inferiority complex,what is an egomaniac with an inferiority complex,10,,,,
inferiority complex,what is an inferiority complex?,10,14,,inferiority complex,informational
inferiority complex,can inferiority complex be cured,10,,,,
inferiority complex,treatment for inferiority complex,10,,2.00,,informational
inferiority complex,characters with inferiority complex,10,,,,
inferiority complex,example of inferiority complex,10,,,,informational
inferiority complex,symptoms of an inferiority complex,10,47,,symptoms of inferiority complex,informational
inferiority complex,self inferiority complex,10,,,,
inferiority complex,inferiority complex in relationships,10,0,,inferiority complex in relationships,informational
inferiority complex,inferiority complex in a sentence,10,0,,inferiority complex in a sentence,informational
inferiority complex,overcome inferiority complex,10,4,0.80,how to deal with inferiority complex,informational
inferiority complex,inferiority complex free,10,,,,
inferiority complex,adler's inferiority complex,10,8,,alfred adler inferiority complex,informational
inferiority complex,how to get over inferiority complex,10,3,3.50,how to deal with inferiority complex,informational
inferiority complex,massive inferiority complex,10,,,,
inferiority complex,inferiority complex synonyms,10,0,,inferiority complex synonyms,informational
inferiority complex,inferiority complex and narcissism,10,,,,informational
inferiority complex,how to get rid of an inferiority complex,10,3,1.30,how to deal with inferiority complex,informational
inferiority complex,apa dictionary inferiority complex adler,10,,,,
inferiority complex,inferiority complex manhwa,10,,,,
inferiority complex,difference between superiority and inferiority complex,10,,,,
inferiority complex,inferiority complex meme,10,,,,informational
inferiority complex,alfred adler inferiority complex theory,10,,,,informational
inferiority complex,inferiority complex symptoms causes treatment,10,,,,
inferiority complex,inferiority complex in men,10,,,,informational
inferiority complex,inferiority complex def,10,15,,inferiority complex,informational
inferiority complex,do i have an inferiority complex quiz,10,1,0.09,inferiority complex test,informational
breadcrumbing,breadcrumbing,21000,2,0.02,breadcrumbing,informational
breadcrumbing,breadcrumbing meaning,9200,13,0.02,breadcrumbing,informational
breadcrumbing,what is breadcrumbing,4800,16,0.01,breadcrumbing meaning,informational
breadcrumbing,what does breadcrumbing mean,1000,0,0.02,breadcrumbing,informational
breadcrumbing,breadcrumbing in dating,600,9,0.02,breadcrumbing,informational
breadcrumbing,breadcrumbing definition,500,12,0.01,breadcrumbing,informational
breadcrumbing,what is breadcrumbing in a relationship,450,14,0.01,breadcrumbing,informational
breadcrumbing,breadcrumbing examples,400,2,0.02,breadcrumbing examples,informational
breadcrumbing,what is breadcrumbing in dating,400,13,0.01,what is breadcrumbing in dating,informational
breadcrumbing,breadcrumbing someone,400,0,0.02,what is breadcrumbing,informational
breadcrumbing,breadcrumbing in a relationship,400,11,0.01,breadcrumbing,informational
breadcrumbing,meaning of breadcrumbing,250,,0.01,,informational
breadcrumbing,define breadcrumbing,250,19,0.01,breadcrumbing,informational
breadcrumbing,breadcrumbing meaning in relationship,200,12,0.02,breadcrumbing,informational
breadcrumbing,breadcrumbing dating,200,10,0.02,breadcrumbing in dating,informational
breadcrumbing,breadcrumbing in relationships,150,6,0.02,breadcrumbing,informational
breadcrumbing,how to respond to breadcrumbing,150,0,0.02,how to respond to breadcrumbing,informational
breadcrumbing,breadcrumbing relationship,150,0,0.02,breadcrumbing meaning,informational
breadcrumbing,signs of breadcrumbing,150,9,0.01,signs of breadcrumbing,informational
breadcrumbing,what does breadcrumbing mean in dating,100,,,,informational
breadcrumbing,what's breadcrumbing,100,18,0.01,breadcrumbing in dating,informational
breadcrumbing,breadcrumbing in marriage,100,0,0.02,breadcrumbing in a marriage,informational
breadcrumbing,narcissist breadcrumbing,100,0,0.01,narcissist breadcrumbing,informational
breadcrumbing,breadcrumbing psychology,100,8,0.02,breadcrumbing,informational
breadcrumbing,definition of breadcrumbing,100,12,0.01,breadcrumbing,informational
breadcrumbing,breadcrumbing friendship,100,0,0.02,breadcrumbing friendship,informational
breadcrumbing,what does breadcrumbing someone mean,90,,,,informational
breadcrumbing,examples of breadcrumbing,90,0,,breadcrumbing examples,informational
breadcrumbing,avoidant breadcrumbing,80,0,,avoidant breadcrumbing,informational
breadcrumbing,what is breadcrumbing?,80,,,,informational
breadcrumbing,narcissistic breadcrumbing,70,0,,narcissist breadcrumbing,informational
breadcrumbing,what is breadcrumbing in relationships,70,,,,
breadcrumbing,breadcrumbing meme,60,0,,breadcrumbing meme,informational
breadcrumbing,breadcrumbing signs,60,2,,signs of breadcrumbing,informational
breadcrumbing,emotional breadcrumbing,60,,,,
breadcrumbing,whats breadcrumbing,60,7,,breadcrumbing,informational
breadcrumbing,how to deal with breadcrumbing,60,8,,how to deal with breadcrumbing,informational
breadcrumbing,love bombing then breadcrumbing,60,0,,love bombing cycle,informational
breadcrumbing,breadcrumbing manipulation,60,,,,
breadcrumbing,breadcrumbing quotes,50,0,,relationship breadcrumbing quotes,informational
breadcrumbing,breadcrumbing dating definition,50,,,,informational
breadcrumbing,what is breadcrumbing someone,50,12,,breadcrumbing,informational
breadcrumbing,what does breadcrumbing look like,40,,,,
breadcrumbing,dating breadcrumbing,40,12,0.03,breadcrumbing,informational
breadcrumbing,what is breadcrumbing mean,40,,,,
breadcrumbing,signs of breadcrumbing in dating,40,,,,informational
breadcrumbing,how to handle breadcrumbing,40,,,,informational
breadcrumbing,breadcrumbing in relationship,40,8,,breadcrumbing,informational
breadcrumbing,breadcrumbing narcissism,40,0,,what is breadcrumbing,informational
breadcrumbing,breadcrumbing in friendship,40,2,,breadcrumbing friendship,informational
breadcrumbing,what does the term breadcrumbing mean,40,,,,
breadcrumbing,breadcrumbing dating term,40,,,,
breadcrumbing,signs of breadcrumbing in relationships,40,,,,
breadcrumbing,breadcrumbing narcissist,40,0,,narcissist breadcrumbing,informational
breadcrumbing,breadcrumbing texts,40,,0.01,,informational
breadcrumbing,define breadcrumbing in a relationship,40,,,,
breadcrumbing,signs of breadcrumbing from an avoidant partner,40,,,,
breadcrumbing,is he breadcrumbing me,40,6,,breadcrumbing dating,informational
breadcrumbing,breadcrumbing in a long-term relationship,40,0,,breadcrumbing in marriage,informational
breadcrumbing,breadcrumbing text examples,30,0,,breadcrumbing examples,informational
breadcrumbing,avoidant breadcrumbing examples,30,,,,
breadcrumbing,breadcrumbing in a long term relationship,30,0,,breadcrumbing in marriage,informational
breadcrumbing,what does breadcrumbing mean?,30,,,,
breadcrumbing,relationship breadcrumbing,30,7,,breadcrumbing,informational
breadcrumbing,love bombing and breadcrumbing,30,5,,love bombing cycle,informational
breadcrumbing,funny breadcrumbing meme,30,,,,
breadcrumbing,dies it frrl lije spouse breadcrumbing attention,30,,,,
breadcrumbing,what is breadcrumbing in a marriage,30,,,,
breadcrumbing,how to stop breadcrumbing,30,,,,informational
breadcrumbing,narcissism breadcrumbing,30,3,,narcissistic breadcrumbing,informational
breadcrumbing,breadcrumbing relationship meaning,30,,,,
breadcrumbing,breadcrumbing dating term definition,30,,,,
breadcrumbing,breadcrumbing dating meaning,30,,,,
breadcrumbing,examples of breadcrumbing texts,30,,,,
breadcrumbing,benching and breadcrumbing,20,,,,
breadcrumbing,breadcrumbing synonym,20,,,,
breadcrumbing,breadcrumbing me,20,,,,informational
breadcrumbing,signs of breadcrumbing friendship,20,,,,
breadcrumbing,breadcrumbing memes,20,,,,
breadcrumbing,breadcrumbing in a marriage,20,0,,breadcrumbing in a long term relationship,informational
breadcrumbing,breadcrumbing wikipedia,20,,,,
breadcrumbing,apa itu breadcrumbing,20,,,,
breadcrumbing,breadcrumbing in relationships definition,20,,,,
breadcrumbing,how to tell if someone is breadcrumbing you,20,,,,informational
breadcrumbing,is breadcrumbing a form of abuse,20,,,,
breadcrumbing,signs someone is breadcrumbing you,20,,,,
breadcrumbing,breadcrumbing examples in relationships,20,,,,
breadcrumbing,avoidant breadcrumbing after breakup,20,,,,
breadcrumbing,breadcrumbing meaning relationship,20,,,,informational
breadcrumbing,what is the definition of breadcrumbing,20,,,,informational
breadcrumbing,what is breadcrumbing friendship,20,,,,
breadcrumbing,breadcrumbing meaning in dating,20,,,,
breadcrumbing,why is he breadcrumbing me,20,4,,breadcrumbing in dating,informational
breadcrumbing,example of breadcrumbing,20,,,,
breadcrumbing,paperclipping vs breadcrumbing,20,0,,paperclipping vs breadcrumbing,informational
breadcrumbing,breadcrumbing meaning dating,20,,,,
breadcrumbing,signs of breadcrumbing in a relationship,20,,,,
breadcrumbing,what is breadcrumbing on social media,20,,,,
breadcrumbing,signs he's breadcrumbing you,20,5,,signs of breadcrumbing,informational
breadcrumbing,what does breadcrumbing on instagram mean,20,,,,informational
escapism,escapism,21000,55,0.60,escapism,informational
escapism,escapism lyrics,4000,0,0.15,escapism lyrics,informational
escapism,escapism definition,2200,3,0.09,escapism definition,informational
escapism,what is escapism,1800,7,0.09,escapism,informational
escapism,raye escapism.,1700,4,0.20,raye escapism.,informational
escapism,escapism meaning,1300,17,,escapism definition,informational
escapism,escapism raye,600,10,0.20,raye escapism.,informational
escapism,escapism song,600,8,0.15,raye escapism.,informational
escapism,father of peace escapism.,500,,,,informational
escapism,raye escapism,450,10,0.10,escapism raye,informational
escapism,escapism escape rooms,400,,0.80,,"informational,commercial,transactional"
escapism,define escapism,300,1,,escapism definition,informational
escapism,what does escapism mean,250,0,,escapism definition,informational
escapism,escapism southington,250,0,0.20,escape room nesr me,"navigational,informational,commercial,transactional"
escapism,backyard escapism,250,0,0.09,backyard escapism,"informational,commercial,transactional"
escapism,escapism escape rooms reviews,200,,,,"informational,commercial"
escapism,escapism lyrics steven universe chords,200,,,,informational
escapism,escapism singer,200,5,0.70,raye escapism.,informational
escapism,escapism st george,200,0,0.35,escapism st george,"informational,commercial,transactional"
escapism,escapism tabs,150,0,,escapism tabs,informational
escapism,escapism psychology,150,4,3.00,escapism psychology,informational
escapism,escapism art,150,0,,escapism art,informational
escapism,escapism games,150,,0.60,,informational
escapism,backyard escapism golf cart,150,,0.35,,
escapism,escapism guitar tabs,150,0,,escapism tabs,informational
escapism,escapism synonym,150,0,,escapism synonym,informational
escapism,escapism room escape games,100,,0.50,,informational
escapism,escapism steven universe,100,0,0.09,escapism steven universe,informational
escapism,escapism portland,100,0,1.50,escapism portland,"navigational,informational,commercial,transactional"
escapism,escapism def,100,1,,escapism,informational
escapism,escapism chords,100,0,,escapism chords,informational
escapism,is escapism bad,100,1,,is escapism bad,informational
escapism,escapism harrisonburg,100,,,,"navigational,informational,commercial,transactional"
escapism,escapism escape room,100,49,1.10,escape room harrisonburg va,"informational,commercial,transactional"
escapism,escapism virginia beach,90,26,0.60,escapism virginia beach,"informational,commercial,transactional"
escapism,escapism southington reviews,90,,0.02,,
escapism,escapism.,90,22,,escapism,informational
escapism,escapism steven universe guitar tabs,80,,,,
escapism,forms of escapism,80,8,,forms of escapism,informational
escapism,definition of escapism,70,1,,escapism definition,informational
escapism,escapism addiction,60,3,2.50,depression,informational
escapism,the warning escapism,60,,,,
escapism,backyard escapism reviews,60,,,,
escapism,when did escapism come out,60,5,,escapism song,informational
escapism,escapism ukulele chords,60,0,,escapism ukulele chords,informational
escapism,steven universe escapism,60,,0.20,,informational
escapism,escapism va beach,60,,,,
escapism,#escapism,60,,,,
escapism,whats escapism,60,1,,escapism,informational
escapism,escapism complex,60,5,,escapism,informational
escapism,unhealthy forms of escapism,50,4,,forms of escapism,informational
escapism,escapism lyrics steven universe,50,0,,escapism steven universe,informational
escapism,escapism definition psychology,50,,,,
escapism,backyard escapism golf cart reviews,50,,,,
escapism,merriam-webster escapism definition,50,,,,
escapism,is escapism healthy,50,2,,is escapism bad,informational
escapism,escapism chester address,50,,,,
escapism,escapism escape rooms ct southington,50,,,,"informational,commercial,transactional"
escapism,escapism steven universe chords,50,0,,escapism chords,informational
escapism,escapism southington ct,50,,,,
escapism,what is escapism mean,40,1,,escapism,informational
escapism,escapism chords steven universe,40,0,,escapism chords,informational
escapism,unhealthy escapism,40,0,,escapism complex,informational
escapism,healthy escapism,40,2,,healthy escapism,informational
escapism,escapism ct,40,0,0.00,escape room nesr me,"navigational,informational,commercial,transactional"
escapism,escapism song meaning,40,,,,informational
escapism,meaning of escapism,40,,,,informational
escapism,escapism examples,40,0,,forms of escapism,informational
escapism,escapism books,40,1,0.05,escapism books,"informational,commercial"
escapism,addicted to escapism,40,0,,addicted to escapism,informational
escapism,how to stop escapism,40,0,,how to stop escapism,informational
escapism,types of escapism,40,11,,unhealthy forms of escapism,informational
escapism,effervescent escapism drinks sparkling & mindful,40,,,,
escapism,escapism lyrics meaning,40,0,,raye escapism.,informational
escapism,escapism piano sheet music,40,0,,escapism piano sheet music,"informational,commercial,transactional"
escapism,escapism escape rooms ct,40,,,,
escapism,examples of escapism,40,0,,escapism,informational
escapism,escapism release date,40,3,,raye escapism.,informational
escapism,hatsune miku escapism,40,,,,
escapism,maladaptive escapism,30,,,,
escapism,song escapism,30,,,,
escapism,escapism coping mechanism,30,4,,unhealthy forms of escapism,informational
escapism,what's escapism,30,1,,escapism,informational
escapism,escapism disorder,30,12,,escapism psychology,informational
escapism,escapism guitar chords,30,0,,escapism chords,informational
escapism,escapism father of peace,30,,,,
escapism,psychology of escapism,30,6,,escapism,informational
escapism,songs like escapism,30,0,,songs like escapism,informational
escapism,escapism steven universe ukulele,30,0,,escapism ukulele chords,informational
escapism,escapism room escape games st george reviews,30,,,,
escapism,james brown escapism,30,0,,james brown escapism,informational
escapism,escapism tabs steven universe,30,,,,
escapism,sins caused by escapism,30,,,,
escapism,who sings escapism,30,6,,raye escapism.,informational
escapism,emotional escapism,30,,,,informational
escapism,escapism raye escapism,30,,,,informational
escapism,lifestyle maxxing escapism,30,,,,
escapism,escapism depression,30,25,1.00,depression symptoms,informational
escapism,what is escapism?,30,46,,escapism,informational
escapism,escapism games virginia beach,30,0,,escapism virginia beach,"informational,commercial,transactional"
main character syndrome,main character syndrome,21000,0,0.02,main character syndrome,informational
main character syndrome,what is main character syndrome,1500,3,0.01,what is main character syndrome,informational
main character syndrome,main character syndrome meaning,600,0,0.03,main character syndrome,informational
main character syndrome,is main character syndrome real,300,18,,main character syndrome,informational
main character syndrome,main character syndrome meme,200,0,,main character syndrome meme,informational
main character syndrome,main character syndrome symptoms,150,9,,main character syndrome,informational
main character syndrome,main character syndrome psychology,100,,,,informational
main character syndrome,main character syndrome examples,90,1,,main character syndrome examples,informational
main character syndrome,main character syndrome definition,80,10,,main character syndrome,informational
main character syndrome,do i have main character syndrome,50,,,,
main character syndrome,how to get rid of main character syndrome,50,,,,
main character syndrome,define main character syndrome,50,,,,
main character syndrome,what does main character syndrome mean,40,,,,
main character syndrome,how to deal with main character syndrome,40,,,,
main character syndrome,main character syndrome memes,40,0,,main character syndrome meme,informational
main character syndrome,signs of main character syndrome,40,,,,informational
main character syndrome,what is main character syndrome?,40,,,,
main character syndrome,main character syndrome vs narcissism,40,3,,main character syndrome vs narcissism,informational
main character syndrome,what is the main character syndrome,40,,,,
main character syndrome,how to stop main character syndrome,40,,,,
main character syndrome,is main character syndrome a real thing,30,,,,
main character syndrome,main character syndrome vs. narcissism,30,,,,
main character syndrome,main character syndrome.,30,,,,
main character syndrome,main character syndrome definition psychology,30,,,,
main character syndrome,main character syndrome narcissism,20,2,,main character syndrome,informational
main character syndrome,is main character syndrome bad,20,,,,informational
main character syndrome,gen z main character syndrome,20,,,,
main character syndrome,people with main character syndrome,20,,,,
main character syndrome,what causes main character syndrome,20,,,,informational
main character syndrome,what is main character syndrome called,20,,,,
main character syndrome,main character syndrome signs,20,,,,
main character syndrome,what's main character syndrome,20,,,,
main character syndrome,the main character syndrome,20,,,,
main character syndrome,symptoms of main character syndrome,20,,,,
main character syndrome,main-character syndrome,20,,,,
main character syndrome,whats main character syndrome,20,12,,main character syndrome,informational
main character syndrome,main character energy vs main character syndrome,10,,,,
main character syndrome,definition of main character syndrome,10,,,,
main character syndrome,main character syndrome meaning psychology,10,,,,
main character syndrome,taylor swift main character syndrome,10,,,,
main character syndrome,main character syndrome dnd,10,,,,informational
main character syndrome,how to overcome main character syndrome,10,,,,
main character syndrome,how to know if you have main character syndrome,10,,,,
main character syndrome,main character syndrome -ai,10,,,,
main character syndrome,main character syndrome synonym,10,,,,
main character syndrome,dnd main character syndrome,10,,,,
main character syndrome,main character syndrome quotes,10,,,,
main character syndrome,i have main character syndrome,10,,,,
main character syndrome,main character syndrome tiktok origin,10,,,,
main character syndrome,main character syndrome'' psychology,10,19,,main character syndrome,informational
main character syndrome,an extras accidental main character syndrome,10,,,,
main character syndrome,mcs main character syndrome,10,,,,
main character syndrome,main character syndrome vs main character energy,10,,,,
main character syndrome,main character syndrome gen z,10,,,,
main character syndrome,opposite of main character syndrome,10,,,,
main character syndrome,main character syndrome medical term,10,,,,
main character syndrome,main character syndrome test,10,2,,am i the main character quiz,informational
main character syndrome,another word for main character syndrome,10,,,,
main character syndrome,is main character syndrome narcissism,10,,,,
main character syndrome,main. character syndrome,10,,,,
main character syndrome,main character syndrome bridger western,10,,,,
main character syndrome,what is a main character syndrome,10,,,,
main character syndrome,main character syndrome traits,10,,,,
main character syndrome,is main character syndrome a mental illness,10,,,,
main character syndrome,main character syndrome social media,10,,,,
main character syndrome,why do people have main character syndrome,10,,,,
main character syndrome,main character syndrome examples signs,10,,,,
main character syndrome,syndrome main character,10,,,,
main character syndrome,how to cure main character syndrome,10,,,,
main character syndrome,main character syndrome in relationships,10,,,,
main character syndrome,examples of main character syndrome,10,,,,
main character syndrome,main character syndrome gif,10,,,,
main character syndrome,main character syndrome causes,10,,,,
main character syndrome,does main character syndrome exist,10,,,,
main character syndrome,american main character syndrome,10,,,,
main character syndrome,narcissism vs main character syndrome,10,,,,
main character syndrome,main character syndrome in spanish,10,,,,
main character syndrome,main character syndrome anime,10,,,,informational
emotionally unavailable,emotionally unavailable,18000,0,0.02,emotionally unavailable,informational
emotionally unavailable,emotionally unavailable meaning,6800,0,0.02,emotional unavailability,informational
emotionally unavailable,what does emotionally unavailable mean,3000,1,0.02,what does it mean to be emotionally unavailable,informational
emotionally unavailable,what does it mean to be emotionally unavailable,2800,2,0.02,what does emotionally unavailable mean,informational
emotionally unavailable,emotionally unavailable men,1900,7,0.02,emotionally unavailable men,informational
emotionally unavailable,signs an emotionally unavailable man is in love with you,700,5,0.02,signs an emotionally unavailable man is in love with you,informational
emotionally unavailable,emotionally unavailable woman,600,0,0.02,emotionally unavailable woman,informational
emotionally unavailable,am i emotionally unavailable,600,0,0.10,emotional availability,informational
emotionally unavailable,emotionally unavailable parents,600,0,0.04,emotionally unavailable parents,informational
emotionally unavailable,what is emotionally unavailable,500,4,0.02,emotionally unavailable,informational
emotionally unavailable,emotionally unavailable man,350,9,0.02,emotionally unavailable men,informational
emotionally unavailable,why am i emotionally unavailable,350,1,0.04,why am i emotionally unavailable,informational
emotionally unavailable,emotionally unavailable husband,350,1,0.02,emotionally unavailable husband,informational
emotionally unavailable,emotionally unavailable signs,250,1,0.02,emotionally unavailable signs,informational
emotionally unavailable,how to turn the tables on an emotionally unavailable man,250,2,0.06,how to turn the tables on an emotionally unavailable man,informational
emotionally unavailable,define emotionally unavailable,250,14,0.02,emotionally unavailable meaning,informational
emotionally unavailable,why am i attracted to emotionally unavailable men,200,0,1.10,why am i attracted to emotionally unavailable men,informational
emotionally unavailable,being emotionally unavailable,200,3,0.02,emotionally unavailable,informational
emotionally unavailable,emotionally unavailable clothing,200,0,0.70,emotionally unavailable clothing,"informational,commercial,transactional"
emotionally unavailable,what to text an emotionally unavailable man,200,3,0.07,what to text an emotionally unavailable man,informational
emotionally unavailable,why do i attract emotionally unavailable men,200,0,0.03,why do i attract emotionally unavailable men,informational
emotionally unavailable,emotionally unavailable mother,200,0,0.10,emotionally unavailable mother,informational
emotionally unavailable,what does being emotionally unavailable mean,200,0,0.01,what does it mean to be emotionally unavailable,informational
emotionally unavailable,my husband is emotionally unavailable,150,2,0.02,emotionally unavailable husband,informational
emotionally unavailable,signs someone is emotionally unavailable,150,1,0.01,emotionally unavailable signs,informational
emotionally unavailable,emotionally unavailable partner,150,3,0.02,emotionally unavailable partner,informational
emotionally unavailable,how to stop being emotionally unavailable,150,0,1.00,how to not be emotionally unavailable,informational
emotionally unavailable,emotionally unavailable father,150,2,0.15,emotionally unavailable father,informational
emotionally unavailable,am i emotionally unavailable quiz,150,1,0.30,am i emotionally unavailable,informational
emotionally unavailable,what is an emotionally unavailable man,150,6,0.02,emotionally unavailable men,informational
emotionally unavailable,emotionally unavailable women,150,0,0.02,emotionally unavailable women,informational
emotionally unavailable,signs of an emotionally unavailable man,150,4,0.02,signs of an emotionally unavailable man,informational
emotionally unavailable,when to leave an emotionally unavailable husband,150,3,0.02,when to leave an emotionally unavailable husband,informational
emotionally unavailable,emotionally unavailable men characteristics,150,6,0.04,signs of an emotionally unavailable man,informational
emotionally unavailable,what does it mean when someone is emotionally unavailable,100,9,0.02,emotionally unavailable meaning,informational
emotionally unavailable,emotionally unavailable parent,100,0,0.20,emotionally unavailable parents,informational
emotionally unavailable,husband emotionally unavailable,100,2,0.02,emotionally unavailable husband,informational
emotionally unavailable,how to deal with someone who is emotionally unavailable,100,0,0.02,how to deal with someone who is emotionally unavailable,informational
emotionally unavailable,signs of an emotionally unavailable mother,100,0,0.02,emotionally unavailable mother,informational
emotionally unavailable,what is being emotionally unavailable,100,1,0.02,emotionally unavailable,informational
emotionally unavailable,how to tell if someone is emotionally unavailable,100,3,0.02,emotionally unavailable signs,informational
emotionally unavailable,emotionally unavailable definition,100,9,0.02,what does emotionally unavailable mean,informational
emotionally unavailable,signs i am emotionally unavailable,100,2,0.03,emotionally unavailable,informational
emotionally unavailable,signs of emotionally unavailable man,100,4,0.01,signs of emotionally unavailable man,informational
emotionally unavailable,definition of emotionally unavailable,90,9,0.04,emotionally unavailable meaning,informational
emotionally unavailable,what is emotionally unavailable mean,90,5,0.04,emotionally unavailable meaning,informational
emotionally unavailable,signs of being emotionally unavailable,90,0,0.01,emotionally unavailable signs,informational
emotionally unavailable,signs an emotionally unavailable woman is in love with you,90,0,0.02,emotionally unavailable woman,informational
emotionally unavailable,men who are emotionally unavailable,90,0,0.02,men who are emotionally unavailable,informational
emotionally unavailable,how to deal with an emotionally unavailable partner,90,0,0.04,how to deal with someone who is emotionally unavailable,informational
emotionally unavailable,when your partner is emotionally unavailable,90,0,0.03,emotionally unavailable partner,informational
emotionally unavailable,husband is emotionally unavailable,90,2,0.04,emotionally unavailable husband,informational
emotionally unavailable,signs of an emotionally unavailable partner,80,,0.03,,informational
emotionally unavailable,emotionally unavailable brand,80,0,,emotionally unavailable clothing,"informational,commercial,transactional"
emotionally unavailable,emotionally unavailable dad,80,2,,emotionally unavailable father,informational
emotionally unavailable,signs you are emotionally unavailable,80,5,0.02,am i emotionally unavailable,informational
emotionally unavailable,emotionally unavailable people,80,5,0.02,emotionally unavailable signs,informational
emotionally unavailable,how to be emotionally unavailable,80,3,0.60,how to be emotionally unavailable,informational
emotionally unavailable,emotionally unavailable meaning in relationship,70,,,,
emotionally unavailable,why am i so emotionally unavailable,70,0,,why am i emotionally unavailable,informational
emotionally unavailable,how to deal with an emotionally unavailable man,70,4,0.03,how to turn the tables on an emotionally unavailable man,informational
emotionally unavailable,how to become emotionally unavailable,70,0,0.04,how to be emotionally unavailable,informational
emotionally unavailable,how to not be emotionally unavailable,70,0,0.80,how to not be emotionally unavailable,informational
emotionally unavailable,6 signs your partner is emotionally unavailable,70,,,,
emotionally unavailable,emotionally unavailable husband quiz,70,0,0.25,am i emotionally unavailable,informational
emotionally unavailable,signs a man is emotionally unavailable,70,6,0.04,signs of an emotionally unavailable man,informational
emotionally unavailable,emotionally unavailable womens sale,60,,,,
emotionally unavailable,emotionally unavailable mom,60,0,0.15,emotionally unavailable mother,informational
emotionally unavailable,i am emotionally unavailable,60,4,0.10,why am i emotionally unavailable,informational
emotionally unavailable,how to deal with emotionally unavailable partner,60,0,0.08,when to leave an emotionally unavailable husband,informational
emotionally unavailable,meaning of emotionally unavailable,60,5,0.01,emotionally unavailable,informational
emotionally unavailable,signs you're emotionally unavailable,60,6,0.02,am i emotionally unavailable,informational
emotionally unavailable,emotionally unavailable parents test,60,2,0.08,childhood emotional neglect test,informational
emotionally unavailable,why are some men emotionally unavailable,60,6,,why are some men emotionally unavailable,informational
emotionally unavailable,my boyfriend is emotionally unavailable,60,3,0.04,signs an emotionally unavailable man is in love with you,informational
emotionally unavailable,how to say goodbye to an emotionally unavailable man,60,0,,how to say goodbye to an emotionally unavailable man,informational
emotionally unavailable,emotionally unavailable shirt,60,0,0.20,emotionally unavailable clothing,"commercial,transactional"
emotionally unavailable,what makes someone emotionally unavailable,60,3,0.04,emotionally unavailable signs,informational
emotionally unavailable,how to know if someone is emotionally unavailable,60,1,0.04,emotionally unavailable signs,informational
emotionally unavailable,why are people emotionally unavailable,60,5,0.03,emotionally unavailable,informational
emotionally unavailable,emotionally unavailable clothing brand,60,,,,
emotionally unavailable,how to know if you're emotionally unavailable,60,0,0.04,am i emotionally unavailable,informational
emotionally unavailable,emotionally unavailable mens sale,60,,,,
emotionally unavailable,emotionally unavailable person,50,0,0.05,emotionally unavailable signs,informational
emotionally unavailable,how to deal with emotionally unavailable husband,50,2,0.04,how to live with an emotionally unavailable husband,informational
emotionally unavailable,how do i know if i'm emotionally unavailable,50,0,,am i emotionally unavailable,informational
emotionally unavailable,is he emotionally unavailable,50,12,0.03,emotionally unavailable men,informational
emotionally unavailable,growing up with emotionally unavailable parents,50,0,,emotionally unavailable parents,informational
emotionally unavailable,emotionally unavailable partner signs,50,,,,
emotionally unavailable,signs of emotionally unavailable men,50,,0.02,,informational
emotionally unavailable,do emotionally unavailable men change,50,0,0.02,do emotionally unavailable men change,informational
emotionally unavailable,i'm emotionally unavailable,50,4,,why am i emotionally unavailable,informational
emotionally unavailable,why are men emotionally unavailable,50,0,0.02,men who are emotionally unavailable,informational
emotionally unavailable,signs of an emotionally unavailable woman,50,0,0.04,emotionally unavailable woman,informational
emotionally unavailable,confessions of an emotionally unavailable man,50,0,,do emotionally unavailable men come back,informational
emotionally unavailable,what makes a man emotionally unavailable,50,1,0.02,men who are emotionally unavailable,informational
emotionally unavailable,adult traits from emotionally unavailable parents,50,,,,
emotionally unavailable,how to heal from emotionally unavailable parents,50,0,,how to heal from emotionally unavailable parents,informational
emotionally unavailable,emotionally unavailable boyfriend,50,10,0.02,signs an emotionally unavailable man is in love with you,informational
emotionally unavailable,emotionally unavailable examples,50,0,0.04,what makes a person emotionally unavailable,informational
deflecting,deflecting meaning,19000,0,,deflecting meaning,informational
deflecting,deflecting,18000,0,0.06,deflecting,informational
deflecting,deflecting swat,5100,0,0.03,deflecting swat,"informational,commercial"
deflecting,deflecting swat mtg,2500,0,0.02,deflecting swat mtg,"informational,commercial,transactional"
deflecting,deflecting palm mtg,1900,0,0.03,deflecting palm mtg,"informational,commercial"
deflecting,what does deflecting mean,1200,8,,deflecting meaning,informational
deflecting,what is deflecting,700,0,,deflecting,informational
deflecting,mtg deflecting swat,700,0,0.09,deflecting swat mtg,"informational,commercial,transactional"
deflecting,deflecting palm,600,0,0.04,deflecting palm mtg,"informational,commercial"
deflecting,deflecting definition,600,8,0.80,deflecting meaning,informational
deflecting,deflecting hardtear,500,0,,deflecting hardtear,informational
deflecting,define deflecting,400,1,0.25,deflecting meaning,informational
deflecting,mtg deflecting palm,350,0,0.03,deflecting palm mtg,"informational,commercial,transactional"
deflecting,self deflecting meaning,350,0,,deflecting meaning,informational
deflecting,definition of deflecting,300,8,,deflecting meaning,informational
deflecting,deflecting in an argument,300,3,,deflecting,informational
deflecting,deflecting swat avatar,200,,0.15,,informational
deflecting,deflecting in psychology,200,8,0.60,deflection,informational
deflecting,what is deflecting mean,200,3,,deflecting meaning,informational
deflecting,what does it mean when someone is deflecting,200,0,,deflection,informational
deflecting,meaning of deflecting,150,,,,informational
deflecting,deflecting meaning in a conversation,150,,,,informational
deflecting,cards like deflecting swat,150,0,,cards like deflecting swat,informational
deflecting,avatar deflecting swat,150,,0.15,,informational
deflecting,deflecting swat avatar mtg,150,,0.01,,"informational,commercial,transactional"
deflecting,self deflecting,150,0,,deflection,informational
deflecting,what does deflecting mean in a conversation,100,3,,deflection,informational
deflecting,deflecting blame,100,3,,deflection,informational
deflecting,is deflecting swat a game changer,100,,,,informational
deflecting,projecting and deflecting,100,0,,deflecting in psychology,informational
deflecting,deflecting meaning psychology,100,9,,deflecting meaning,informational
deflecting,deflecting meaning in psychology,100,58,,deflection,informational
deflecting,deflecting responsibility,100,0,,deflection,informational
deflecting,deflecting and projecting,100,4,,deflecting in psychology,informational
deflecting,elden ring deflecting hardtear,100,,,,informational
deflecting,deflecting beam torque wrench,100,0,0.45,deflecting beam,"informational,commercial,transactional"
deflecting,deflecting psychology,90,7,5.00,deflection,informational
deflecting,stop deflecting meaning,90,3,,deflecting,informational
deflecting,deflecting in a relationship,90,1,,what is deflecting,informational
deflecting,what is deflecting in an argument,90,3,,deflecting,informational
deflecting,deflecting swat mtg avatar,80,,,,"informational,commercial"
deflecting,deflecting hardtear elden ring,80,,,,
deflecting,define deflecting in an argument,70,5,,deflecting meaning,informational
deflecting,deflecting swat cycle,70,0,,deadly rollick cycle,informational
deflecting,deflecting swat rulings,70,,,,informational
deflecting,deflecting def,70,,,,informational
deflecting,cards like deflecting palm,70,0,,cards like deflecting palm,informational
deflecting,what is deflecting in psychology,60,9,,deflection psychology,informational
deflecting,what is the definition of deflecting,60,,,,
deflecting,deflecting blame meaning,60,0,,deflecting blame meaning,informational
deflecting,deflecting in a sentence,60,,,,
deflecting,deflecting meaning relationship,60,,,,
deflecting,compare ai support agents for deflecting tickets,60,,,,"informational,commercial"
deflecting,deflecting swat proxy,50,7,,deflecting swat proxy,"informational,commercial,transactional"
deflecting,whats deflecting,50,0,,deflecting,informational
deflecting,definition of deflecting in a conversation,50,,,,
deflecting,narcissist deflecting,50,0,,narcissist deflection,informational
deflecting,deflecting.,50,0,,deflecting meaning,informational
deflecting,deflecting swat counterspell,50,,,,
deflecting,wonder woman deflecting bullets,50,,,,informational
deflecting,what is deflecting in a conversation,50,,,,
deflecting,deflecting in conversation,50,0,,deflecting,informational
deflecting,deflecting behavior,50,7,,deflection psychology,informational
deflecting,deflecting swat alternative,50,,,,
deflecting,deflecting palm silver scroll,40,,,,informational
deflecting,deflecting means,40,,,,informational
deflecting,deflecting accountability,40,3,,deflection,informational
deflecting,examples of deflecting,40,5,,deflecting meaning,informational
deflecting,deflecting vs projecting,40,,,,
deflecting,deflecting example,40,,,,
deflecting,deflecting mean,40,,,,
deflecting,mtg avatar deflecting swat,40,,,,"informational,commercial,transactional"
deflecting,what is deflecting in a relationship,40,1,,deflection in relationships,informational
deflecting,jewelers monarch of deflecting,40,0,,jewelers monarch of deflecting,"informational,commercial"
deflecting,deflecting swat price,40,,,,"informational,commercial,transactional"
deflecting,deflecting meaning in argument,40,,,,
deflecting,deflecting questions,40,,,,informational
deflecting,what does deflecting mean in psychology,40,7,,deflection psychology,informational
deflecting,deflecting emotions,40,0,,deflecting meaning,informational
deflecting,can you deflecting swat a counterspell,40,,,,
deflecting,define deflecting in psychology,40,,,,
deflecting,stop deflecting,40,0,,self deflecting,informational
deflecting,projecting vs deflecting,40,,,,
deflecting,deflecting person meaning,40,,,,
deflecting,deflecting swat precon,30,0,,deflecting swat precon,"informational,commercial"
deflecting,deflecting palm mtg rules,30,,,,informational
deflecting,gas deflecting charging handle,30,,,,
deflecting,you're deflecting meaning,30,,,,
deflecting,deflecting a question,30,,,,informational
deflecting,how does deflecting swat work,30,,,,informational
deflecting,deflecting swat game changer,30,,,,
deflecting,deflecting beam torque wrenches,30,0,,deflecting beam torque wrench,"informational,commercial,transactional"
deflecting,deflecting swat commander masters,30,0,0.20,deflecting swat commander masters,"informational,commercial,transactional"
deflecting,deflecting responsibility meaning,30,,,,
deflecting,deflecting and reflecting,30,,,,
deflecting,reflecting vs deflecting,30,0,,what is deflecting,informational
deflecting,deflecting meaning in a relationship,30,,,,
deflecting,deflecting definition psychology,30,7,,deflecting meaning,informational
deflecting,deflecting hard tear,30,,,,
deflecting,what deflecting mean,30,,,,informational
superiority complex,superiority complex,17000,0,0.09,superiority complex,informational
superiority complex,what is a superiority complex,700,13,,superiority complex symptoms,informational
superiority complex,superiority complex meaning,600,17,0.15,superiority complex,informational
superiority complex,superiority complex definition,350,14,,what is a superiority complex,informational
superiority complex,what is superiority complex,200,27,,superiority complex,informational
superiority complex,moral superiority complex,150,0,,moral superiority,informational
superiority complex,superiority complex vs inferiority complex,150,0,0.25,superiority complex vs inferiority complex,informational
superiority complex,inferiority complex vs superiority complex,100,0,,superiority complex vs inferiority complex,informational
superiority complex,god complex vs superiority complex,100,0,,superiority complex vs god complex,informational
superiority complex,define superiority complex,100,13,0.15,superiority complex,informational
superiority complex,superiority inferiority complex,100,,,,informational
superiority complex,what's a superiority complex,90,17,,superiority complex,informational
superiority complex,superiority complex symptoms,80,5,,signs of superiority complex,informational
superiority complex,superiority complex synonym,80,0,,superiority complex synonym,informational
superiority complex,superiority complex signs,80,2,,superiority complex,informational
superiority complex,superiority complex vs god complex,70,0,,god complex vs superiority complex,informational
superiority complex,superiority complex vs narcissism,70,0,,superiority complex vs narcissism,informational
superiority complex,what does superiority complex mean,60,13,,superiority complex definition,informational
superiority complex,apa dictionary superiority complex,60,,,,
superiority complex,how to deal with someone with a superiority complex,60,0,,how to deal with someone with a superiority complex,informational
superiority complex,inferiority superiority complex,60,0,,inferiority superiority complex,informational
superiority complex,inferiority vs superiority complex,60,0,,superiority complex vs inferiority complex,informational
superiority complex,signs of superiority complex,50,2,,superiority complex,informational
superiority complex,superiority complex definition psychology,50,,,,informational
superiority complex,how to deal with superiority complex,50,,,,informational
superiority complex,do i have a superiority complex,50,0,0.40,do i have a superiority complex,informational
superiority complex,apa dictionary superiority complex definition,50,,,,informational
superiority complex,whats a superiority complex,40,,,,informational
superiority complex,intellectual superiority complex,40,,,,informational
superiority complex,definition of superiority complex,40,,,,informational
superiority complex,male superiority complex,40,6,,male superiority complex,informational
superiority complex,superiority complex example,40,0,,superiority complex example,informational
superiority complex,superiority complex test,30,1,0.20,superiority complex test,informational
superiority complex,signs of a superiority complex,30,,,,informational
superiority complex,superiority complex meme,30,0,,superiority complex meme,informational
superiority complex,white superiority complex,30,,,,informational
superiority complex,superiority vs inferiority complex,30,0,,superiority complex vs inferiority complex,informational
superiority complex,is superiority complex a mental disorder,30,,,,
superiority complex,one with a superiority complex crossword,20,,,,informational
superiority complex,a superiority complex,20,13,,superiority complex,informational
superiority complex,people with superiority complex,20,,,,informational
superiority complex,superiority complex psychology,20,4,,superiority complex psychology,informational
superiority complex,alfred adler superiority complex,20,26,,adlerian theory,informational
superiority complex,complex of superiority,20,,,,informational
superiority complex,superiority complex -ai,20,,,,
superiority complex,complex superiority,20,,,,
superiority complex,meaning of superiority complex,20,,,,informational
superiority complex,what does it mean to have a superiority complex,20,,,,
superiority complex,superiority complex def,20,,,,
superiority complex,superiority complex quotes,20,0,,superiority complex quotes,informational
superiority complex,what is the superiority complex,20,,,,
superiority complex,superiority complex psychology definition,20,,,,informational
superiority complex,what causes a superiority complex,20,,,,informational
superiority complex,illusory superiority complex,20,,,,
superiority complex,what is a superiority complex?,20,,,,
superiority complex,superiority complex.,20,1,,superiority complex,informational
superiority complex,adler superiority complex,20,12,0.04,superiority complex adler,informational
superiority complex,superiority complex syndrome,10,,,,
superiority complex,how to overcome superiority complex,10,,,,
superiority complex,why do i have a superiority complex,10,,,,
superiority complex,doctors superiority complex,10,0,,surgeon god complex,informational
superiority complex,how to fix superiority complex,10,,,,
superiority complex,james burnham superiority complex,10,,,,
superiority complex,superiority complex traits,10,,,,informational
superiority complex,american superiority complex,10,,,,informational
superiority complex,do i have a superiority complex quiz,10,1,0.10,superiority complex test,informational
superiority complex,superiority complex examples,10,31,,superiority inferiority,informational
superiority complex,one with a superiority complex crossword clue,10,,,,
superiority complex,why do people have superiority complex,10,,,,
superiority complex,isaac deutscher superiority complex,10,,,,
superiority complex,example of superiority complex,10,36,,superiority complex meaning,informational
superiority complex,nicolas calas superiority complex,10,,,,
superiority complex,what causes superiority complex,10,,,,informational
superiority complex,what is an superiority complex,10,,,,
superiority complex,why do people have a superiority complex,10,,,,
superiority complex,difference between god complex and superiority complex,10,,,,
superiority complex,superiority complex means,10,,,,
superiority complex,difference between superiority and inferiority complex,10,,,,
superiority complex,human superiority complex,10,,,,informational
superiority complex,how to get rid of superiority complex,10,,,,informational
superiority complex,narcissism vs superiority complex,10,,,,
superiority complex,people with a superiority complex,10,,,,
superiority complex,narcissist vs superiority complex,10,,,,
superiority complex,inferiority and superiority complex,10,,,,informational
superiority complex,how to deal with superiority complex person,10,22,,how to deal with someone with a superiority complex,informational
superiority complex,superiority complex in relationships,10,,,,
superiority complex,psychology of superiority complex,10,,,,
superiority complex,i have a superiority complex,10,,,,informational
superiority complex,how to tell if someone has a superiority complex,10,,,,
superiority complex,weird kid superiority complex,10,,,,
superiority complex,superiority complex adler,10,12,,inferiority superiority complex,informational
superiority complex,superiority and inferiority complex,10,,,,informational
superiority complex,how to deal with a superiority complex,10,,,,
superiority complex,the superiority complex,10,,,,informational
superiority complex,high superiority complex,10,,,,
superiority complex,superiority complex causes,10,,,,
superiority complex,superiority complex quiz,10,,1.10,,informational
superiority complex,is superiority complex narcissism,10,,,,
superiority complex,narcissist superiority complex,10,,,,informational
superiority complex,false superiority complex,10,,,,
reaction formation,reaction formation,16000,0,0.04,reaction formation,informational
reaction formation,reaction formation psychology,3600,43,0.10,reaction formation,informational
reaction formation,reaction formation defense mechanism,3400,48,0.15,reaction formation,informational
reaction formation,reaction formation example,1000,1,0.04,reaction formation example,informational
reaction formation,what is reaction formation,900,0,0.08,reaction formation example,informational
reaction formation,reaction formation defense mechanism example,300,41,0.15,reaction formation,informational
reaction formation,what is reaction formation in psychology,300,48,,reaction formation,informational
reaction formation,reaction formation psychology definition,250,48,,reaction formation,informational
reaction formation,reaction formation psychology example,200,42,,what is reaction formation,informational
reaction formation,reaction formation examples,200,42,0.04,reaction formation example,informational
reaction formation,reaction formation definition psychology,200,46,,reaction formation,informational
reaction formation,example of reaction formation,200,45,0.04,reaction formation example,informational
reaction formation,reaction formation definition,150,44,0.25,reaction formation,informational
reaction formation,example of reaction formation defense mechanism,150,34,,reaction formation example,informational
reaction formation,reaction formation vs sublimation,150,5,,reaction formation mcat,informational
reaction formation,calculating a molar heat of reaction from formation enthalpies,100,0,0.35,calculating a molar heat of reaction from formation enthalpies,informational
reaction formation,what is reaction formation defense mechanism,100,41,,reaction formation example,informational
reaction formation,examples of reaction formation,100,33,0.04,reaction formation example,informational
reaction formation,standard formation reaction,100,0,0.70,standard formation reaction,informational
reaction formation,reaction formation ap psych,100,30,,reaction formation ap psych,informational
reaction formation,reaction formation meaning,100,40,,reaction formation,informational
reaction formation,define reaction formation,90,45,,reaction formation,informational
reaction formation,sublimation vs reaction formation,90,,,,informational
reaction formation,defense mechanism reaction formation,90,43,,reaction formation,informational
reaction formation,reaction formation mcat,80,0,,reaction formation vs sublimation,informational
reaction formation,formation reaction,80,0,0.25,standard formation reaction,informational
reaction formation,reaction formation defense mechanism definition,80,49,,reaction formation,informational
reaction formation,reaction formation psych,80,52,,reaction formation,informational
reaction formation,reaction formation ap psychology definition,80,36,,reaction formation ap psych,informational
reaction formation,reaction formation in psychology,70,51,,reaction formation,informational
reaction formation,defense mechanism of reaction formation,70,45,,defense mechanisms,informational
reaction formation,peptide bond formation reaction,70,6,,peptide bond formation,informational
reaction formation,reaction formation examples psychology,60,47,,reaction formation,informational
reaction formation,reaction formation vs projection,60,,,,informational
reaction formation,example of reaction formation in psychology,60,41,,reaction formation example,informational
reaction formation,examples of reaction formation defense mechanism,60,24,,example of reaction formation defense mechanism,informational
reaction formation,reaction formation example psychology,60,49,,reaction formation psychology,informational
reaction formation,projection vs reaction formation,50,,,,
reaction formation,reaction formation defense mechanism examples,50,34,,reaction formation example,informational
reaction formation,define reaction formation in psychology,50,7,,reaction formation,informational
reaction formation,reaction formation technique,50,,,,
reaction formation,reaction formation defense mechanism psychology,50,,,,
reaction formation,defense mechanisms reaction formation,50,39,,reaction formation,informational
reaction formation,freud reaction formation,40,44,,reaction formation,informational
reaction formation,reaction product formation,40,,,,informational
reaction formation,is peptide bond formation a dehydration reaction,40,,,,
reaction formation,reaction formation freud,40,48,,reaction formation,informational
reaction formation,what does reaction formation mean,40,36,,reaction formation,informational
reaction formation,reaction formation.,40,43,,reaction formation,informational
reaction formation,what is reaction formation psychology,30,0,,reaction formation,informational
reaction formation,reaction formation meaning in psychology,30,,,,
reaction formation,what is reaction formation?,30,38,,reaction formation,informational
reaction formation,heat of reaction vs heat of formation,30,0,,heat of reaction vs heat of formation,informational
reaction formation,peracetic acid formation redox reaction,30,,,,
reaction formation,psychology reaction formation,30,48,,reaction formation,informational
reaction formation,whats reaction formation,30,38,,reaction formation example,informational
reaction formation,chelate formation reaction,30,,,,
reaction formation,definition of reaction formation,30,46,,reaction formation,informational
reaction formation,precipitate formation reaction,30,,,,
reaction formation,reaction formation examples in real life,30,29,,reaction formation example,informational
reaction formation,what is an example of reaction formation,30,33,,reaction formation example,informational
reaction formation,peptide bond formation condensation reaction,30,,,,
reaction formation,what is a reaction formation,30,0,,reaction formation,informational
reaction formation,reaction-formation,30,34,,reaction formation,informational
reaction formation,reaction formation social work,30,,,,
reaction formation,ammonia formation reaction,30,,,,
reaction formation,peptide bond formation dehydration reaction,30,,,,
reaction formation,a chemical reaction involves the breaking and formation of,30,2,,a chemical reaction involves the breaking and formation of,informational
reaction formation,writing a standard formation reaction,20,,0.15,,informational
reaction formation,peptide bond formation reaction mechanism,20,,,,
reaction formation,definition of reaction formation in psychology,20,,,,informational
reaction formation,reaction formation simple definition,20,,,,
reaction formation,amide formation reaction,20,,,,informational
reaction formation,reaction formation defense mechanism freud,20,,,,
reaction formation,reaction formation vs displacement,20,,,,
reaction formation,reaction formation psychology examples,20,32,,reaction formation,informational
reaction formation,formation reaction chemistry,20,,,,informational
reaction formation,reaction formation coping mechanism,20,43,,reaction formation,informational
reaction formation,reaction formation defense,20,,,,informational
reaction formation,reaction formation vs undoing,20,,,,
reaction formation,what is a formation reaction,20,0,,standard formation reaction,informational
reaction formation,heat of formation vs heat of reaction,20,,,,informational
reaction formation,reaction formation ap psychology,20,3,,reaction formation ap psych,informational
reaction formation,psychological reactance vs reaction formation,20,,,,
reaction formation,displacement vs reaction formation,20,,,,
reaction formation,reaction formation def,20,40,,reaction formation,informational
reaction formation,apa dictionary reaction formation definition,20,,,,
reaction formation,standard formation reaction of gaseous formaldehyde,20,,,,informational
reaction formation,what is reaction formation example,20,,,,
reaction formation,reaction formation refers to the process by which people,20,29,,reaction formation refers to the process by which people,informational
reaction formation,defense mechanism reaction formation example,20,,,,
reaction formation,reaction formation?,20,,,,
reaction formation,reaction formation as a defense mechanism,20,,,,informational
reaction formation,reaction formation ap psych definition,20,,,,
reaction formation,is peptide bond formation a condensation reaction,20,,,,
reaction formation,examples of reaction formation in psychology,20,,,,
reaction formation,reaction formation defence mechanism,20,,,,
reaction formation,is peptide bond formation a hydrolysis reaction,20,,,,informational
reaction formation,polyester formation reaction,10,,,,
reaction formation,reaction formation definition in psychology,10,,,,
retroactive jealousy,retroactive jealousy,16000,3,0.03,retroactive jealousy,informational
retroactive jealousy,what is retroactive jealousy,2000,0,0.02,what is retroactive jealousy,informational
retroactive jealousy,retroactive jealousy meaning,1500,5,0.02,retroactive jealousy meaning,informational
retroactive jealousy,retroactive jealousy ocd,900,0,0.08,retroactive jealousy,informational
retroactive jealousy,how to get over retroactive jealousy,400,0,0.02,retroactive jealousy,informational
retroactive jealousy,how to deal with retroactive jealousy,300,0,0.02,retroactive jealousy,informational
retroactive jealousy,retroactive jealousy meaning tagalog,250,,,,informational
retroactive jealousy,how to stop retroactive jealousy,200,1,0.02,retroactive jealousy,informational
retroactive jealousy,retroactive jealousy triggers,200,0,0.02,what is retroactive jealousy,informational
retroactive jealousy,retroactive jealousy definition,150,1,,retroactive jealousy meaning,informational
retroactive jealousy,retroactive jealousy disorder,150,1,0.06,what is retroactive jealousy,informational
retroactive jealousy,how to overcome retroactive jealousy,150,2,0.03,retroactive jealousy,informational
retroactive jealousy,retroactive jealousy ocd symptoms and treatment,150,,,,informational
retroactive jealousy,is retroactive jealousy normal,100,,,,
retroactive jealousy,retroactive jealousy how to overcome,100,,0.03,,informational
retroactive jealousy,what causes retroactive jealousy,100,1,0.04,retroactive jealousy reddit,informational
retroactive jealousy,what does retroactive jealousy mean,100,,,,informational
retroactive jealousy,how to get rid of retroactive jealousy,90,2,0.40,retroactive jealousy,informational
retroactive jealousy,retroactive jealousy is killing me,90,0,,retroactive jealousy is killing me,informational
retroactive jealousy,retroactive jealousy meaning in tagalog,90,,,,
retroactive jealousy,retroactive jealousy coping strategies,90,,,,
retroactive jealousy,retroactive jealousy treatment,90,1,3.50,retroactive jealousy,"informational,commercial"
retroactive jealousy,ocd retroactive jealousy,90,1,0.35,retroactive jealousy ocd,informational
retroactive jealousy,overcoming retroactive jealousy,80,1,0.25,retroactive jealousy,"informational,commercial"
retroactive jealousy,how to fix retroactive jealousy,80,3,0.08,retroactive jealousy,informational
retroactive jealousy,what's retroactive jealousy,80,,,,
retroactive jealousy,whats retroactive jealousy,70,1,0.01,what is retroactive jealousy,informational
retroactive jealousy,retroactive jealousy causes and how to overcome,70,,,,
retroactive jealousy,dealing with retroactive jealousy,60,0,0.07,retroactive jealousy,informational
retroactive jealousy,how to deal with a partner with retroactive jealousy,60,0,0.09,how to deal with a partner with retroactive jealousy,informational
retroactive jealousy,define retroactive jealousy,60,,,,
retroactive jealousy,is retroactive jealousy ocd,60,1,,retroactive jealousy,informational
retroactive jealousy,how to cope with retroactive jealousy,50,1,0.07,retroactive jealousy,informational
retroactive jealousy,causes of retroactive jealousy,50,,,,
retroactive jealousy,retroactive jealousy examples,50,0,,retroactive jealousy ocd,informational
retroactive jealousy,retroactive jealousy in relationships,40,,,,
retroactive jealousy,retroactive jealousy symptoms,40,1,,retroactive jealousy,informational
retroactive jealousy,retroactive jealousy definition psychology,40,,,,informational
retroactive jealousy,psychology of retroactive jealousy,40,,,,
retroactive jealousy,why do i have retroactive jealousy,40,2,0.08,retroactive jealousy meaning,informational
retroactive jealousy,retroactive jealousy ocd treatment,40,2,4.50,retroactive jealousy,informational
retroactive jealousy,retroactive jealousy book,40,,0.25,,"informational,commercial,transactional"
retroactive jealousy,retroactive jealousy ocd symptoms treatment,40,,,,
retroactive jealousy,cleveland clinic retroactive jealousy,40,,,,
retroactive jealousy,how to heal retroactive jealousy,40,1,0.60,retroactive jealousy,informational
retroactive jealousy,retroactive jealousy therapy,40,2,3.00,therapy for retroactive jealousy,informational
retroactive jealousy,retroactive jealousy psychology,40,,,,
retroactive jealousy,how to handle retroactive jealousy,30,,0.05,,
retroactive jealousy,retroactive jealousy test,30,0,0.15,retroactive jealousy test,informational
retroactive jealousy,retroactive jealousy causes,30,,,,
retroactive jealousy,how to resolve retroactive jealousy,30,,,,
retroactive jealousy,how to help retroactive jealousy,30,1,0.02,retroactive jealousy,informational
retroactive jealousy,can you recover from retroactive jealousy,30,,,,
retroactive jealousy,retroactive jealousy help,30,2,2.00,retroactive jealousy,informational
retroactive jealousy,relationship ocd retroactive jealousy,30,,,,
retroactive jealousy,getting over retroactive jealousy,30,2,0.30,retroactive jealousy,informational
retroactive jealousy,retroactive jealousy.,30,,,,
retroactive jealousy,definition of retroactive jealousy,30,,,,
retroactive jealousy,how common is retroactive jealousy,30,,,,
retroactive jealousy,how to deal with retroactive jealousy partner,30,,0.20,,
retroactive jealousy,what is retroactive jealousy?,30,,,,
retroactive jealousy,how long does retroactive jealousy last,30,,,,
retroactive jealousy,retroactive jealousy in relationships advice,30,,,,
retroactive jealousy,retroactive jealousy therapist,30,1,3.50,retroactive jealousy therapy,"informational,commercial,transactional"
retroactive jealousy,retroactive jealousy how to deal with it,20,,,,
retroactive jealousy,is retroactive jealousy common,20,0,,is retroactive jealousy common,informational
retroactive jealousy,retroactive jealousy and ocd,20,,,,
retroactive jealousy,retroactive jealousy books,20,,0.35,,"informational,commercial,transactional"
retroactive jealousy,is retroactive jealousy real,20,,,,
retroactive jealousy,is retroactive jealousy a disorder,20,,,,
retroactive jealousy,how to date someone with retroactive jealousy,20,,,,
retroactive jealousy,cbt techniques for retroactive jealousy,20,,,,
retroactive jealousy,why does retroactive jealousy occur,20,,,,informational
retroactive jealousy,how to manage retroactive jealousy,20,,,,
retroactive jealousy,retroactive jealousy bpd,20,0,,retroactive jealousy bpd,informational
retroactive jealousy,retroactive jealousy causes symptoms treatment,20,,,,informational
retroactive jealousy,retroactive jealousy cure,20,1,0.50,retroactive jealousy,informational
retroactive jealousy,ocd and retroactive jealousy,20,,,,
retroactive jealousy,how do i get over retroactive jealousy,20,,0.07,,
retroactive jealousy,is retroactive jealousy a mental illness,20,0,,retroactive jealousy,informational
retroactive jealousy,how to cure retroactive jealousy,20,1,0.15,retroactive jealousy,informational
retroactive jealousy,retroactive jealousy causes psychology,20,,,,
retroactive jealousy,jealousy retroactive,20,,,,informational
retroactive jealousy,how to beat retroactive jealousy,20,,,,
retroactive jealousy,does retroactive jealousy go away,20,0,,does retroactive jealousy go away,informational
retroactive jealousy,what is retroactive jealousy ocd,20,,,,informational
retroactive jealousy,signs of retroactive jealousy,20,,,,informational
retroactive jealousy,does retroactive jealousy ever go away,20,,,,
retroactive jealousy,retroactive jealousy therapist near me,20,,,,
retroactive jealousy,what is rj retroactive jealousy,20,,,,informational
retroactive jealousy,how to overcome retroactive jealousy ocd,20,,,,
retroactive jealousy,books on retroactive jealousy,20,,0.35,,"informational,commercial"
retroactive jealousy,how to get past retroactive jealousy,20,,0.04,,
retroactive jealousy,therapy for retroactive jealousy,20,1,7.00,therapy for retroactive jealousy,"informational,commercial"
retroactive jealousy,therapist for retroactive jealousy,20,,,,
retroactive jealousy,retroactive jealousy causes and solutions,20,,,,
retroactive jealousy,retroactive jealousy cleveland clinic,10,,,,
retroactive jealousy,my boyfriend has retroactive jealousy,10,,,,informational
retroactive jealousy,retroactive jealousy advice,10,,,,
retroactive jealousy,retroactive jealousy means,10,,,,
identity crisis,identity crisis,15000,0,0.20,identity crisis,informational
identity crisis,identity crisis meaning,2700,0,0.04,identity crisis,informational
identity crisis,identity crisis definition,1800,7,0.02,what is an identity crisis,informational
identity crisis,what is an identity crisis,1600,5,0.02,identity crisis,informational
identity crisis,is audi having an identity crisis,1000,,,,informational
identity crisis,identity crisis movie,700,5,0.25,identity crisis movie,informational
identity crisis,identity crisis dc,600,2,0.40,identity crisis dc,informational
identity crisis,columbo identity crisis,500,0,0.09,columbo identity crisis,informational
identity crisis,what is identity crisis,400,5,,identity crisis definition,informational
identity crisis,whats an identity crisis,300,5,0.01,identity crisis,informational
identity crisis,what is a identity crisis,300,5,,identity crisis meaning,informational
identity crisis,dc identity crisis,250,3,0.50,identity crisis dc,informational
identity crisis,identity crisis symptoms,250,2,1.10,identity crisis,informational
identity crisis,cast of identity crisis (2023),200,,,,informational
identity crisis,identity crisis columbo,200,1,0.09,columbo identity crisis,informational
identity crisis,identity crisis examples,200,8,1.00,identity crisis,informational
identity crisis,erikson 1968 identity youth and crisis,200,,,,informational
identity crisis,having an identity crisis,200,0,,identity crisis,informational
identity crisis,what an identity crisis,150,2,,identity crisis,informational
identity crisis,signs of identity crisis,150,0,1.80,identity crisis,informational
identity crisis,identity crisis (2023),150,,,,informational
identity crisis,columbo identity crisis cast,150,0,,columbo identity crisis,informational
identity crisis,what's an identity crisis,150,5,0.02,what is an identity crisis,informational
identity crisis,how to deal with identity crisis,150,0,1.60,what is an identity crisis,informational
identity crisis,what does identity crisis mean,150,4,,identity crisis,informational
identity crisis,identity crisis synonym,100,0,,identity crisis synonym,informational
identity crisis,identity crisis band,100,2,0.10,identity crisis band,informational
identity crisis,sophie turner identity crisis experience,100,,,,
identity crisis,self identity crisis,100,0,,identity crisis meaning,informational
identity crisis,erikson identity youth and crisis 1968,100,,,,informational
identity crisis,identity crisis (film),100,,,,informational
identity crisis,signs of an identity crisis,90,0,1.80,identity crisis,informational
identity crisis,erikson 1968 identity youth and crisis norton,90,,,,"informational,commercial"
identity crisis,define identity crisis,90,4,0.05,identity crisis,informational
identity crisis,ncis identity crisis,90,0,,ncis identity crisis,informational
identity crisis,erikson 1968 identity: youth and crisis norton,90,,,,
identity crisis,identity crisis treatment,80,5,3.50,identity crisis,informational
identity crisis,prince harry uk return identity crisis,80,,,,
identity crisis,identity crisis therapy,80,,3.50,,informational
identity crisis,identity crisis film,70,,,,
identity crisis,therapy for identity crisis,70,,,,
identity crisis,four types of identity crisis,70,5,3.50,identity crisis,informational
identity crisis,definition of identity crisis,70,6,,identity crisis,informational
identity crisis,crisis of identity,70,4,,identity crisis meaning,informational
identity crisis,erikson 1968 identity: youth and crisis,70,,,,
identity crisis,what does it mean to have an identity crisis,70,0,,identity crisis definition,informational
identity crisis,erikson identity: youth and crisis 1968,60,,,,
identity crisis,erik erikson identity crisis,60,35,0.15,identity crisis meaning,informational
identity crisis,identity crisis definition psychology,60,9,,identity crisis meaning,informational
identity crisis,what does an identity crisis feel like,60,0,,identity crisis,informational
identity crisis,is identity crisis a mental illness,60,3,,what is an identity crisis,informational
identity crisis,how to overcome identity crisis,50,0,3.00,identity crisis meaning,informational
identity crisis,identity crisis at 40,50,,,,
identity crisis,identity crisis fnf,50,0,,fnf identity crisis,informational
identity crisis,suits identity crisis,50,0,,suits season 1 episode 8,informational
identity crisis,i'm having an identity crisis,50,0,,having an identity crisis,informational
identity crisis,what is an identity crisis?,50,5,,identity crisis meaning,informational
identity crisis,am i having an identity crisis,50,0,,identity crisis,informational
identity crisis,identity crisis psychology,50,10,,identity crisis,informational
identity crisis,identity crisis psychology definition,50,6,,what is an identity crisis,informational
identity crisis,dr light identity crisis,50,3,,dr light identity crisis,informational
identity crisis,postpartum identity crisis,50,0,,postpartum identity crisis,informational
identity crisis,identity crisis depression,40,6,,identity crisis,informational
identity crisis,identity crisis in adolescence,40,8,11.00,identity crisis in adolescence,informational
identity crisis,how long does an identity crisis last,40,4,,identity crisis,informational
identity crisis,identity crisis in the bible,40,0,1.30,bible stories about identity,informational
identity crisis,danny phantom identity crisis,40,0,0.15,danny phantom identity crisis,informational
identity crisis,whale sharks identity crisis,40,,,,informational
identity crisis,identity crisis documentary,40,,,,
identity crisis,symptoms of identity crisis,40,5,1.00,identity crisis,informational
identity crisis,erikson identity crisis,40,30,,identity crisis meaning,informational
identity crisis,movie identity crisis,40,,,,informational
identity crisis,teenage identity crisis,40,0,,identity crisis meaning,informational
identity crisis,gender identity crisis,40,11,0.03,gender dysphoria,informational
identity crisis,brand identity crisis,40,,,,informational
identity crisis,postpartum identity crisis washington dc,40,,,,
identity crisis,identity crisis test,40,2,0.06,identity crisis quiz,informational
identity crisis,identity: youth and crisis,40,,,,"informational,commercial"
identity crisis,identity crisis quotes,40,0,,quotes about identity crisis,informational
identity crisis,identity crisis in things fall apart essay,40,,,,informational
identity crisis,songs about identity crisis,40,0,,songs about identity crisis,informational
identity crisis,digital identity crisis,40,0,,digital identity crisis,informational
identity crisis,identity crisis suits,30,0,,suits season 1 episode 8,informational
identity crisis,keznamdi identity crisis,30,,,,informational
identity crisis,identity crisis meme,30,0,,identity crisis meme,informational
identity crisis,identity crisis def,30,10,,identity crisis,informational
identity crisis,black identity crisis,30,,,,informational
identity crisis,examples of identity crisis,30,6,1.00,identity crisis,informational
identity crisis,existential identity crisis,30,,,,informational
identity crisis,ocd identity crisis,30,0,,ocd identity crisis,informational
identity crisis,teenage gender identity crisis,30,7,0.60,teenage gender identity crisis,informational
identity crisis,thrice identity crisis,30,,,,"informational,commercial"
identity crisis,how to deal with an identity crisis,30,0,1.60,identity crisis,informational
identity crisis,thrice identity crisis vinyl,30,,,,"commercial,transactional"
identity crisis,identity crisis vs existential crisis,30,0,,identity crisis vs existential crisis,informational
identity crisis,founder identity crisis,30,,,,
identity crisis,depression and identity crisis,30,,,,
identity crisis,identity crisis disorder,30,26,,identity crisis,informational
identity crisis,racial identity crisis,30,0,,racial identity crisis,informational
identity crisis,what causes identity crisis,30,11,,identity crisis meaning,informational
external locus of control,external locus of control,13000,1,0.03,locus of control,informational
external locus of control,internal vs external locus of control,1800,34,0.05,external locus of control,informational
external locus of control,external locus of control psychology definition,1600,35,,internal locus of control vs external locus of control,informational
external locus of control,internal and external locus of control,600,26,0.03,external locus of control,informational
external locus of control,external locus of control meaning,450,39,0.01,internal locus of control vs external locus of control,informational
external locus of control,external locus of control definition,400,38,0.02,locus of control,informational
external locus of control,what is external locus of control,300,20,0.01,internal locus of control vs external locus of control,informational
external locus of control,external vs internal locus of control,300,34,0.05,internal locus of control vs external locus of control,informational
external locus of control,external locus of control definition psychology,150,33,,locus of control,informational
external locus of control,what is an external locus of control,150,20,0.06,locus of control,informational
external locus of control,external locus of control examples,150,18,,locus of control pdf,informational
external locus of control,internal locus of control vs external,150,28,0.10,internal locus of control vs external locus of control,informational
external locus of control,internal locus of control vs external locus of control,150,35,0.03,external locus of control,informational
external locus of control,external locus of control example,100,12,,external locus of control,informational
external locus of control,internal external locus of control,90,29,0.03,internal locus of control vs external locus of control,informational
external locus of control,internal versus external locus of control,90,28,0.03,internal locus of control vs external locus of control,informational
external locus of control,locus of control internal vs external,80,37,0.03,external locus of control,informational
external locus of control,example of external locus of control,70,19,,external locus of control example,informational
external locus of control,external and internal locus of control,70,38,0.03,internal locus of control vs external locus of control,informational
external locus of control,internal vs. external locus of control,60,22,,external locus of control,informational
external locus of control,external health locus of control definition,60,,,,
external locus of control,what does external locus of control mean,50,,,,informational
external locus of control,locus of control internal and external,50,22,,external locus of control,informational
external locus of control,internal or external locus of control,50,29,,internal locus of control vs external locus of control,informational
external locus of control,difference between internal and external locus of control,50,26,,internal locus of control vs external locus of control,informational
external locus of control,definition of external health locus of control,50,,,,
external locus of control,internal vs external locus of control psychology,40,26,,internal locus of control vs external locus of control,informational
external locus of control,external locus of control vs internal locus of control,40,33,,external locus of control,informational
external locus of control,internal locus of control and external locus of control,40,,,,informational
external locus of control,define external locus of control,40,22,,internal locus of control vs external locus of control,informational
external locus of control,examples of external locus of control,40,13,,external locus of control example,informational
external locus of control,an external locus of control,40,17,,locus of control,informational
external locus of control,internal v external locus of control,40,32,,external locus of control,informational
external locus of control,external locus of control vs internal,40,,,,
external locus of control,what is internal and external locus of control,30,24,,internal locus of control vs external locus of control,informational
external locus of control,internal/external locus of control,30,33,,external locus of control,informational
external locus of control,what is external locus of control in psychology,30,36,,internal locus of control vs external locus of control,informational
external locus of control,definition of external locus of control,30,,,,informational
external locus of control,internal and external locus of control examples,30,35,,locus of control pdf,informational
external locus of control,external locus of control psychology,30,26,,internal locus of control,informational
external locus of control,external locus of control.,30,25,,locus of control,informational
external locus of control,internal vs external locus of control examples,20,,,,informational
external locus of control,apa dictionary locus of control internal external,20,,,,
external locus of control,health locus of control definition external,20,,,,
external locus of control,external internal locus of control,20,48,,internal locus of control,informational
external locus of control,what is the external locus of control,20,,,,informational
external locus of control,external locus of control ap psych definition,20,,,,informational
external locus of control,locus of control definition internal external,20,,,,
external locus of control,people with an external locus of control,20,7,,individuals with an internal locus of control,informational
external locus of control,astrology belief external locus of control study,20,,,,
external locus of control,locus of control internal external,20,,,,informational
external locus of control,internal vs external locus of control diagram,20,,,,
external locus of control,external locus of control psychology example,20,39,,external locus of control,informational
external locus of control,external locus of control ap psych,20,0,,external locus of control,informational
external locus of control,high external locus of control,20,39,,internal locus of control vs external locus of control,informational
external locus of control,what is external and internal locus of control,10,,,,
external locus of control,internal vs external locus of control chart,10,,,,
external locus of control,internal vs external locus of control test,10,,,,informational
external locus of control,external locus of control definition rotter,10,,,,
external locus of control,apa external locus of control definition,10,,,,
external locus of control,what is an external locus of control?,10,,,,informational
external locus of control,learned helplessness external locus of control,10,,,,
external locus of control,examples of internal and external locus of control,10,,,,
external locus of control,low-income external health locus of control,10,,,,
external locus of control,definition external locus of control,10,33,,internal locus of control vs external locus of control,informational
external locus of control,internal vs external locus of control definition,10,,,,informational
external locus of control,external locus of control ap psychology example,10,0,,locus of control ap psychology definition,informational
external locus of control,poverty and external health locus of control,10,,,,
external locus of control,external versus internal locus of control,10,,,,
external locus of control,reduced external locus of control,10,,,,
external locus of control,permissive parenting external locus of control,10,,,,
external locus of control,external locus of control?,10,,,,informational
external locus of control,external locus of control characteristics,10,29,,external locus of control,informational
external locus of control,which impact does an external locus of control,10,,,,
external locus of control,locus of control external and internal,10,,,,
external locus of control,internal-external locus of control,10,,,,informational
external locus of control,external locus of control learned helplessness,10,,,,
external locus of control,low ses external health locus of control,10,,,,
external locus of control,external locus of control and learned helplessness,10,,,,
external locus of control,locus of control internal external psychology,10,,,,
external locus of control,locus of control internal external diagram,10,,,,informational
external locus of control,external locus of control:,10,,,,informational
external locus of control,what is internal vs external locus of control,10,,,,
external locus of control,internal locus vs external locus of control,10,,,,
external locus of control,people with an external locus of control:,10,6,,individuals with an internal locus of control,informational
external locus of control,advantages of external locus of control,10,9,,internal locus of control,informational
external locus of control,rotter locus of control internal external,10,,,,
external locus of control,internal external locus of control definition,10,,,,
external locus of control,definition external health locus of control,10,,,,
external locus of control,an external locus of control.,10,9,,locus of control,informational
external locus of control,external locus of control definition examples,10,,,,
external locus of control,locus of control diagram internal external,10,,,,
external locus of control,external locus of control simple definition,10,,,,
external locus of control,strong external locus of control,10,26,,locus of control,informational
external locus of control,external health locus of control poorer adherence,10,,,,
external locus of control,the yellow wallpaper external locus of control,10,,,,
external locus of control,external locus of control and helplessness,10,,,,
external locus of control,locus of control internal vs external diagram,10,,,,
external locus of control,apa dictionary external locus of control,10,,,,
external locus of control,locus of control external vs internal,10,,,,
overstimulation,overstimulation,12000,19,0.02,overstimulation,informational
overstimulation,what is overstimulation,3400,24,0.02,what does overstimulated mean,informational
overstimulation,overstimulation symptoms,1500,0,0.15,overstimulated,informational
overstimulation,signs of overstimulation in adults,1400,0,1.20,overstimulated,informational
overstimulation,adhd overstimulation,1100,1,0.20,adhd and sensory issues,informational
overstimulation,what does overstimulation feel like,900,5,0.02,overstimulated,informational
overstimulation,autism overstimulation,800,0,1.30,autism overstimulation,informational
overstimulation,overstimulation porn,700,4,0.10,overstimulation porn,informational
overstimulation,signs of overstimulation,700,20,0.01,overstimulated meaning,informational
overstimulation,overstimulation sexually meaning,600,12,,overstimulation sexually meaning,informational
overstimulation,overstimulation autism,600,4,1.50,what does overstimulation feel like,informational
overstimulation,overstimulation hentai,500,0,,overstimulation hentai,informational
overstimulation,overstimulation adhd,500,1,0.60,signs of overstimulation in adults,informational
overstimulation,overstimulation meaning,500,34,,overstimulated,informational
overstimulation,definition of overstimulation,450,22,,what does overstimulated mean,informational
overstimulation,what causes overstimulation,450,13,0.02,sensory overload meaning,informational
overstimulation,how to deal with overstimulation,450,0,0.06,overstimulated meaning,informational
overstimulation,spinal cord stimulator overstimulation symptoms,400,0,0.70,spinal cord stimulator overstimulation symptoms,informational
overstimulation,cat overstimulation,400,4,0.02,overstimulated cat,informational
overstimulation,symptoms of overstimulation,350,1,0.02,overstimulated,informational
overstimulation,vagus nerve overstimulation,350,43,0.10,vagus nerve,informational
overstimulation,clit overstimulation,350,0,0.03,clit overstimulation,informational
overstimulation,overstimulation r34,300,0,,overstimulation nsfw,informational
overstimulation,overstimulation definition,300,23,0.15,over stimulated meaning,informational
overstimulation,overstimulation sex,250,0,,overstimulation sex,informational
overstimulation,sensory overload vs overstimulation,250,9,,overstimulated,informational
overstimulation,what does overstimulation mean,250,26,0.02,overstimulated meaning,informational
overstimulation,adhd overstimulation symptoms,250,0,0.35,adhd and sensory issues,informational
overstimulation,adhd and overstimulation,250,0,0.70,adhd and sensory issues,informational
overstimulation,how to stop overstimulation,250,7,0.02,overstimulation,informational
overstimulation,how to help overstimulation,250,9,0.02,overstimulated,informational
overstimulation,is overstimulation a sign of autism,200,1,1.30,overstimulation autism,informational
overstimulation,male overstimulation,200,3,,male overstimulation,informational
overstimulation,is overstimulation a sign of adhd,200,0,1.10,do people with adhd have sensory issues,informational
overstimulation,earplugs for overstimulation,200,0,0.70,ear plugs for autism,"informational,commercial"
overstimulation,hentai overstimulation,200,0,,overstimulation hentai,informational
overstimulation,overstimulation anxiety,200,4,0.03,over stimulated meaning,informational
overstimulation,is overstimulation real,200,,,,informational
overstimulation,autistic overstimulation,200,0,0.07,autism overstimulation,informational
overstimulation,overstimulation vs overwhelmed,150,,,,informational
overstimulation,medication for overstimulation,150,3,2.50,medication for overstimulation,informational
overstimulation,how to calm overstimulation,150,6,0.70,how to stop being overstimulated,informational
overstimulation,how to fix overstimulation,150,6,0.03,overstimulated,informational
overstimulation,can overstimulation cause seizures,150,0,1.60,can stress cause seizures,informational
overstimulation,adhd overstimulation meltdown,150,17,1.40,adhd meltdown,informational
overstimulation,what causes overstimulation in adults,150,27,,overstimulated,informational
overstimulation,visual overstimulation,150,3,0.10,adhd overstimulation,informational
overstimulation,signs of overstimulation in babies,150,5,,overstimulated baby,informational
overstimulation,vibrator overstimulation,150,0,,vibrator overstimulation,informational
overstimulation,sexual overstimulation meaning,150,0,,overstimulation sexually meaning,informational
overstimulation,how to help with overstimulation,150,2,0.04,overstimulated,informational
overstimulation,overcoming adhd overstimulation,150,,,,informational
overstimulation,what helps with overstimulation,150,0,0.02,overstimulation,informational
overstimulation,sexual overstimulation,150,2,,sexual overstimulation,informational
overstimulation,sensory overstimulation,150,42,0.05,overstimulation,informational
overstimulation,overstimulation bdsm,100,0,,bdsm overstimulation,informational
overstimulation,porn overstimulation,100,20,,porn overstimulation,informational
overstimulation,autism overstimulation symptoms,100,0,1.00,what does overstimulation feel like,informational
overstimulation,nervous system overstimulation,100,6,0.15,overstimulation symptoms,informational
overstimulation,baby overstimulation,100,2,,overstimulated baby,informational
overstimulation,autism and overstimulation,100,2,0.20,overstimulation autism,informational
overstimulation,signs of overstimulation adhd,100,0,1.30,adhd and sensory issues,informational
overstimulation,long term effects of overstimulation in infants,100,,,,informational
overstimulation,newborn overstimulation,100,3,0.03,overstimulated baby,informational
overstimulation,overstimulation synonym,100,0,,synonyms of overstimulated,informational
overstimulation,overstimulation kink,100,0,,overstimulation kink,informational
overstimulation,ear plugs for overstimulation,100,0,0.70,ear plugs for overstimulation,"informational,commercial,transactional"
overstimulation,can overstimulation cause nausea,100,12,,can overstimulation cause nausea,informational
overstimulation,overstimulation in babies,100,3,,overstimulated baby,informational
overstimulation,how to handle overstimulation,100,7,,overstimulated,informational
overstimulation,overstimulation porn gif,90,0,,overstimulation porn gif,informational
overstimulation,how does overstimulation feel,90,1,,overstimulated,informational
overstimulation,how to reduce overstimulation,90,7,,overstimulated,informational
overstimulation,lesbian overstimulation porn,90,0,,lesbian overstimulation porn,informational
overstimulation,overstimulation headache,90,0,,overstimulation headache,informational
overstimulation,vagus nerve overstimulation symptoms,90,39,,vagus nerve,informational
overstimulation,overstimulation in adults,90,13,,overstimulated meaning,informational
overstimulation,anxiety overstimulation,90,0,2.00,what does overstimulated mean,informational
overstimulation,define overstimulation,90,21,,over stimulated meaning,informational
overstimulation,chronic overstimulation,90,2,,chronic overstimulation,informational
overstimulation,overstimulation orgasm,80,0,,overstimulation sex,informational
overstimulation,mental overstimulation,80,34,,overstimulated meaning,informational
overstimulation,overstimulation mom,80,0,,overstimulated mom,informational
overstimulation,brain overstimulation,80,4,0.03,overstimulated meaning,informational
overstimulation,does adderall help with overstimulation,80,8,,does adderall help with overstimulation,informational
overstimulation,is overstimulation a sign of anxiety,80,4,,overstimulation anxiety,informational
overstimulation,auditory overstimulation,80,5,4.00,auditory sensitivity,informational
overstimulation,overstimulation depression,70,3,1.30,overstimulation depression,informational
overstimulation,can overstimulation cause headaches,70,0,,overstimulation headache,informational
overstimulation,how to manage overstimulation,70,1,,overstimulated meaning,informational
overstimulation,how to cope with overstimulation,70,5,1.70,overstimulated,informational
overstimulation,what is sexual overstimulation,70,0,,sexual overstimulation meaning,informational
overstimulation,how to calm down from overstimulation,70,7,,overstimulated,informational
overstimulation,bdsm overstimulation,70,0,0.02,bdsm overstimulation,informational
overstimulation,how to calm down from overstimulation autism adults,70,2,0.60,autism overstimulation,informational
overstimulation,postpartum overstimulation,70,0,,postpartum overstimulation,informational
overstimulation,is overstimulation a neurodivergent term,70,,,,
overstimulation,overstimulation in dogs,70,0,0.20,overstimulated dog,informational
overstimulation,can overstimulation cause anxiety,70,2,,over stimulated meaning in adults,informational
overstimulation,what does overstimulation look like,70,0,,overstimulated,informational
fatalism,fatalism,10000,0,0.10,fatalism,informational
fatalism,what is fatalism?,3300,,,,informational
fatalism,fatalism definition,700,13,0.20,fatalism meaning,informational
fatalism,fatalism meaning,700,0,,fatalism,informational
fatalism,what is fatalism,600,7,,fatalism,informational
fatalism,fatalism vs determinism,350,0,0.10,fatalism vs determinism,informational
fatalism,fatalism vs nihilism,200,0,,nihilism vs fatalism,informational
fatalism,define fatalism,200,12,0.07,fatalism meaning,informational
fatalism,nihilism vs fatalism,150,0,0.50,nihilism vs fatalism,informational
fatalism,determinism vs fatalism,60,0,,fatalism vs determinism,informational
fatalism,fatalism mtg,40,,,,"informational,commercial"
fatalism,christian fatalism,40,0,,christian fatalism,informational
fatalism,polaris fatalism,30,1,,fatalism polaris,"informational,commercial,transactional"
fatalism,hetero fatalism,30,,,,informational
fatalism,fatalism philosophy,30,6,,fatalism,informational
fatalism,fatalism in a sentence,30,0,,fatalistic in a sentence,informational
fatalism,nihilistic fatalism,30,,,,informational
fatalism,fatalism synonym,20,0,,fatalistic synonym,informational
fatalism,romantic fatalism,20,,,,informational
fatalism,climate fatalism,20,2,,climate fatalism,informational
fatalism,fatalism vs existentialism,20,,,,
fatalism,russian fatalism,20,,,,informational
fatalism,opposite of fatalism,20,0,,opposite of fatalism,informational
fatalism,mtg fatalism,20,,,,
fatalism,definition of fatalism,10,,,,informational
fatalism,whats fatalism,10,,,,
fatalism,heroic fatalism,10,,,,informational
fatalism,fatalism jeans,10,,,,
fatalism,theological fatalism,10,,,,informational
fatalism,fatalism polaris,10,1,,polaris fatalism,"informational,commercial"
fatalism,gender fatalism,10,,,,
fatalism,existential fatalism,10,,,,
fatalism,neo-noir fatalism,10,,,,
fatalism,fatalism stanford encyclopedia of philosophy,10,,,,
fatalism,fatalism vs predestination,10,,,,
fatalism,fatalism definition philosophy,10,,,,
fatalism,polaris fatalism album cover,10,,,,
fatalism,temporal fatalism,10,,,,informational
fatalism,breaker of fatalism,10,,,,
fatalism,fatalism vs calvinism,10,,,,
fatalism,stoic fatalism,10,,,,
fatalism,fatalism and nihilism,10,,,,
fatalism,polaris fatalism vinyl,10,0,,polaris fatalism vinyl,"commercial,transactional"
fatalism,stanford encyclopedia of philosophy fatalism,10,,,,
fatalism,romantic fatalism meaning,10,,,,
fatalism,cheerful fatalism,10,2,,fatalism,informational
fatalism,what does fatalism mean,10,,,,informational
fatalism,difference between fatalism and nihilism,10,,,,
fatalism,genetic fatalism,10,,,,
fatalism,fatalism def,10,,,,informational
fatalism,religious fatalism,10,,,,informational
fatalism,fatalism and traffic accidents,10,,,,
fatalism,fatalism examples,10,3,,fatalism,informational
fatalism,polaris fatalism songs,10,5,,fatalism polaris,informational
fatalism,what is fatalism in christianity,10,,,,
honeymoon phase,honeymoon phase,10000,15,0.02,honeymoon phase,informational
honeymoon phase,how long does the honeymoon phase last,4900,0,0.02,how long does the honeymoon phase last,informational
honeymoon phase,how long is the honeymoon phase,2800,11,0.02,how long does the honeymoon phase last,informational
honeymoon phase,what is the honeymoon phase,2000,15,0.02,honeymoon phase,informational
honeymoon phase,honeymoon phase meaning,1400,14,0.02,honeymoon phase,informational
honeymoon phase,how long does honeymoon phase last,900,0,0.02,how long does the honeymoon phase last,informational
honeymoon phase,when does the honeymoon phase end,800,14,0.02,how long does the honeymoon phase last,informational
honeymoon phase,how long is honeymoon phase,450,7,0.02,how long does the honeymoon phase last,informational
honeymoon phase,what comes after the honeymoon phase in a relationship,400,14,0.02,what comes after the honeymoon phase in a relationship,informational
honeymoon phase,how long is the honeymoon phase in a relationship,400,6,0.01,how long does the honeymoon phase last,informational
honeymoon phase,the honeymoon phase,350,12,0.03,honeymoon phase,informational
honeymoon phase,how long does the honeymoon phase last in a relationship,300,10,0.02,how long does the honeymoon phase last,informational
honeymoon phase,how long does a honeymoon phase last,300,10,0.02,how long is the honeymoon phase,informational
honeymoon phase,honeymoon phase length,300,12,0.02,how long does the honeymoon phase last,informational
honeymoon phase,what is a honeymoon phase,300,11,0.01,honeymoon phase,informational
honeymoon phase,when does honeymoon phase end,250,14,0.02,how long does the honeymoon phase last,informational
honeymoon phase,honeymoon phase of a relationship,250,8,0.02,honeymoon phase,informational
honeymoon phase,honeymoon phase relationship,200,17,0.02,honeymoon phase,informational
honeymoon phase,when is the honeymoon phase over,200,14,0.02,how long does the honeymoon phase last,informational
honeymoon phase,what is the honeymoon phase of a relationship,150,14,,honeymoon phase,informational
honeymoon phase,how long is a honeymoon phase,150,9,,how long does the honeymoon phase last,informational
honeymoon phase,what is honeymoon phase,150,17,0.01,honeymoon phase,informational
honeymoon phase,when does the honeymoon phase end in a relationship,150,12,0.01,how long does the honeymoon phase last,informational
honeymoon phase,is the honeymoon phase real,150,6,,is the honeymoon phase real,informational
honeymoon phase,whats the honeymoon phase,150,0,0.02,honeymoon phase,informational
honeymoon phase,what comes after the honeymoon phase,150,2,0.02,what comes after the honeymoon phase in a relationship,informational
honeymoon phase,whats a honeymoon phase,150,6,,honeymoon phase,informational
honeymoon phase,honeymoon phase of relationship,100,11,0.01,honeymoon phase,informational
honeymoon phase,diabetes honeymoon phase,100,7,,type 1 diabetes honeymoon phase,informational
honeymoon phase,after the honeymoon phase,100,5,0.02,what comes after the honeymoon phase in a relationship,informational
honeymoon phase,honeymoon phase amy daws,100,,0.15,,informational
honeymoon phase,what happens after the honeymoon phase,90,0,0.01,what comes after the honeymoon phase in a relationship,informational
honeymoon phase,honeymoon phase type 1 diabetes,90,1,,what is type one diabetes,informational
honeymoon phase,honeymoon phase over after 3 months,90,4,,rough patch after honeymoon phase,informational
honeymoon phase,what's after the honeymoon phase,80,14,,what comes after the honeymoon phase in a relationship,informational
honeymoon phase,what's the honeymoon phase,80,15,0.02,honeymoon phase,informational
honeymoon phase,honeymoon phase in a relationship,80,10,,honeymoon phase,informational
honeymoon phase,when is the honeymoon phase,80,16,,how long is the honeymoon phase,informational
honeymoon phase,duration of honeymoon phase in relationships,70,,,,
honeymoon phase,the honeymoon phase 2019,70,,,,
honeymoon phase,type 1 diabetes honeymoon phase,70,7,,type 1 diabetes honeymoon phase,informational
honeymoon phase,how long is the honeymoon phase in dating,70,8,0.01,how long does the honeymoon phase last,informational
honeymoon phase,relationship honeymoon phase,70,3,,honeymoon phase,informational
honeymoon phase,honeymoon phase over,70,2,0.02,what comes after the honeymoon phase in a relationship,informational
honeymoon phase,how long honeymoon phase,60,6,,how long is the honeymoon phase,informational
honeymoon phase,honeymoon phase relationship definition duration,60,,,,
honeymoon phase,how long is honeymoon phase of relationship,60,,,,informational
honeymoon phase,whats after the honeymoon phase,60,15,,what comes after the honeymoon phase in a relationship,informational
honeymoon phase,how long does honeymoon phase last in dating,60,,0.02,,
honeymoon phase,end of honeymoon phase,60,11,,what comes after the honeymoon phase in a relationship,informational
honeymoon phase,what does honeymoon phase mean,60,15,,honeymoon phase,informational
honeymoon phase,honeymoon phase definition,60,14,0.01,honeymoon phase,informational
honeymoon phase,after honeymoon phase,50,6,0.02,what comes after the honeymoon phase in a relationship,informational
honeymoon phase,why does the honeymoon phase end,50,8,,why does the honeymoon phase end,informational
honeymoon phase,honeymoon phase dating,50,14,,honeymoon phase,informational
honeymoon phase,when is honeymoon phase over,50,12,,how long is the honeymoon phase,informational
honeymoon phase,honeymoon phase ending,50,11,,what comes after the honeymoon phase in a relationship,informational
honeymoon phase,what's the honeymoon phase in a relationship,50,,,,informational
honeymoon phase,what is after the honeymoon phase,50,12,,what comes after the honeymoon phase in a relationship,informational
honeymoon phase,honeymoon phase psychology relationship,50,,,,
honeymoon phase,can the honeymoon phase last forever,50,4,,why does the honeymoon phase end,informational
honeymoon phase,when the honeymoon phase ends,50,15,,what comes after the honeymoon phase in a relationship,informational
honeymoon phase,how long can the honeymoon phase last,40,6,,how long does the honeymoon phase last,informational
honeymoon phase,end of honeymoon phase anxiety,40,,,,informational
honeymoon phase,honeymoon phase is over,40,8,,what comes after the honeymoon phase in a relationship,informational
honeymoon phase,honeymoon phase diabetes,40,2,0.60,honeymoon phase type 1 diabetes,informational
honeymoon phase,honeymoon phase of dating,40,14,,honeymoon phase,informational
honeymoon phase,what's after honeymoon phase,40,14,,what comes after the honeymoon phase in a relationship,informational
honeymoon phase,what is a honeymoon phase in a relationship,40,1,,honeymoon phase,informational
honeymoon phase,when the honeymoon phase is over,40,12,0.02,what comes after the honeymoon phase in a relationship,informational
honeymoon phase,signs the honeymoon phase is over,40,5,,signs the honeymoon phase is over,informational
honeymoon phase,what to do when the honeymoon phase is over,40,4,,what to do when the honeymoon phase is over,informational
honeymoon phase,honeymoon phase in relationships,40,15,,honeymoon phase,informational
honeymoon phase,post honeymoon phase,40,11,,what comes after the honeymoon phase in a relationship,informational
honeymoon phase,honeymoon phase duration in relationships,40,,,,
honeymoon phase,when does the honeymoon phase go away,40,,,,
honeymoon phase,how long is the honeymoon phase of a relationship,40,5,0.01,how long is the honeymoon phase,informational
honeymoon phase,honeymoon phase psychology,40,12,,honeymoon phase,informational
honeymoon phase,what does the honeymoon phase mean,40,14,,honeymoon phase,informational
honeymoon phase,when does the honeymoon phase start,40,8,,how long does the honeymoon phase last,informational
honeymoon phase,does the honeymoon phase have to end,40,18,,why does the honeymoon phase end,informational
honeymoon phase,what comes after honeymoon phase,40,17,,what comes after the honeymoon phase in a relationship,informational
honeymoon phase,the honeymoon phase in a relationship,40,,,,informational
honeymoon phase,search interesting things about: honeymoon phase,40,,,,informational
honeymoon phase,what happens when the honeymoon phase ends,40,,,,
honeymoon phase,does the honeymoon phase always end,40,,,,informational
honeymoon phase,how long the honeymoon phase last,30,0,,how long is the honeymoon phase,informational
honeymoon phase,honeymoon phase diabetes type 1,30,,,,informational
honeymoon phase,how long does the honeymoon phase last in dating,30,,,,informational
honeymoon phase,dating honeymoon phase,30,2,,honeymoon phase,informational
honeymoon phase,honeymoon phase sex frequency statistics,30,,,,informational
honeymoon phase,t1d honeymoon phase,30,,,,informational
honeymoon phase,how to keep the honeymoon phase alive,30,,,,
honeymoon phase,second trimester honeymoon phase pregnancy,30,,,,
honeymoon phase,honeymoon phase duration,30,,,,
honeymoon phase,how long does the honeymoon phase usually last,30,12,,how long does the honeymoon phase last,informational
honeymoon phase,phase after honeymoon phase,30,12,,what comes after the honeymoon phase in a relationship,informational
honeymoon phase,honeymoon phase in dating,30,11,,honeymoon phase,informational
honeymoon phase,what's a honeymoon phase,30,8,,honeymoon phase,informational
honeymoon phase,how long honeymoon phase last,30,2,,how long does the honeymoon phase last,informational
disorganized attachment,disorganized attachment style,28000,0,0.03,disorganized attachment style,informational
disorganized attachment,disorganized attachment,9900,26,0.03,fearful avoidant disorganized attachment,informational
disorganized attachment,what is disorganized attachment,1500,48,0.03,disorganized attachment style,informational
disorganized attachment,fearful avoidant disorganized attachment,1300,12,0.03,disorganized attachment style,informational
disorganized attachment,quiet disorganized attachment,700,,0.05,,informational
disorganized attachment,disorganized attachment in adults,450,12,0.04,disorganized attachment in adults,informational
disorganized attachment,fearful-avoidant / disorganized attachment style,400,,0.03,,informational
disorganized attachment,disorganized fearful avoidant attachment style,350,12,0.05,fearful avoidant disorganized attachment,informational
disorganized attachment,disorganized avoidant attachment,300,2,0.03,disorganized attachment style,informational
disorganized attachment,disorganized attachment style in relationships,300,8,0.03,disorganized attachment style in relationships,informational
disorganized attachment,how to heal disorganized attachment,250,0,0.05,how to heal disorganized attachment,informational
disorganized attachment,what is a disorganized attachment style,250,8,0.03,disorganized attachment style,informational
disorganized attachment,quiet disorganized attachment style,250,,0.05,,informational
disorganized attachment,anxious disorganized attachment,200,11,0.04,disorganized attachment style,informational
disorganized attachment,fearful disorganized attachment,200,5,0.04,disorganized attachment style,informational
disorganized attachment,disorganized attachment style signs,200,1,0.03,disorganized attachment style signs,informational
disorganized attachment,what causes disorganized attachment,200,8,0.03,disorganized attachment style,informational
disorganized attachment,fearful avoidant disorganized attachment style,200,,0.04,,informational
disorganized attachment,disorganized attachment disorder,150,21,0.03,disorganized attachment style,informational
disorganized attachment,what is disorganized attachment style,150,10,0.03,disorganized attachment style,informational
disorganized attachment,signs of disorganized attachment,150,2,0.03,disorganized attachment style signs,informational
disorganized attachment,disorganized attachment psychology definition,150,20,0.03,disorganized attachment,informational
disorganized attachment,disorganized attachment style example,150,19,0.03,disorganized attachment style,informational
disorganized attachment,fearful-avoidant (disorganized) attachment,150,,,,informational
disorganized attachment,insecure disorganized attachment,150,11,0.03,disorganized attachment style,informational
disorganized attachment,disorganized attachment styles,150,12,0.03,disorganized attachment style,informational
disorganized attachment,how to love someone with disorganized attachment,150,3,0.09,how to love someone with disorganized attachment,informational
disorganized attachment,disorganized attachment in relationships,150,8,0.03,disorganized attachment style in relationships,informational
disorganized attachment,highly disorganized attachment style,150,,0.03,,informational
disorganized attachment,attachment styles disorganized,150,9,0.03,disorganized attachment style,informational
disorganized attachment,avoidant disorganized attachment,100,4,0.08,disorganized attachment style,informational
disorganized attachment,disorganized attachment style how to heal,100,,,,informational
disorganized attachment,fearful avoidant/disorganized attachment,100,,,,
disorganized attachment,avoidant vs disorganized attachment,100,0,,avoidant vs disorganized attachment,informational
disorganized attachment,disorganized attachment style in adults,100,11,0.03,disorganized attachment style,informational
disorganized attachment,is disorganized attachment the same as fearful avoidant,100,1,,disorganized attachment style,informational
disorganized attachment,disorganized attachment ap psychology definition,100,,,,informational
disorganized attachment,disorganized attachment style causes,100,11,,disorganized attachment style,informational
disorganized attachment,disorganized attachment treatment,100,4,1.50,how to heal disorganized attachment,"informational,commercial"
disorganized attachment,healing disorganized attachment,100,0,0.06,how to heal disorganized attachment,informational
disorganized attachment,disorganized attachment dating,90,7,0.03,disorganized attachment dating,informational
disorganized attachment,what does disorganized attachment look like,90,10,,disorganized attachment style signs,informational
disorganized attachment,disorganized avoidant attachment style,90,19,,disorganized attachment style,informational
disorganized attachment,ambivalent vs disorganized attachment,90,9,,ambivalent vs disorganized attachment,informational
disorganized attachment,how to heal a disorganized attachment style,80,0,0.06,how to heal disorganized attachment,informational
disorganized attachment,how to fix disorganized attachment,80,0,0.04,how to heal disorganized attachment,informational
disorganized attachment,disorganized disoriented attachment,80,16,0.02,disorganized attachment style,informational
disorganized attachment,how does disorganized attachment develop,70,9,,disorganized attachment style,informational
disorganized attachment,fearful avoidant vs disorganized attachment,70,,0.08,,
disorganized attachment,disorganized attachment style in children,70,1,,disorganized attachment child,informational
disorganized attachment,therapy for disorganized attachment style,70,,,,
disorganized attachment,disorganized (fearful-avoidant) attachment,70,,,,informational
disorganized attachment,disorganized anxious attachment,70,18,,disorganized attachment style,informational
disorganized attachment,how to heal disorganized attachment style,70,1,0.10,how to heal disorganized attachment,informational
disorganized attachment,disorganized attachment meaning,70,16,0.02,disorganized attachment style,informational
disorganized attachment,attachment style disorganized,70,10,0.03,disorganized attachment style,informational
disorganized attachment,anxious vs disorganized attachment,60,28,,disorganized attachment style,informational
disorganized attachment,disorganized attachment and anxious attachment relationship,60,4,1.00,disorganized attachment and anxious attachment relationship,informational
disorganized attachment,disorganized attachment theory,60,19,0.04,disorganized attachment style,informational
disorganized attachment,disorganized attachment symptoms,60,5,,disorganized attachment style,informational
disorganized attachment,disorganized/fearful-avoidant attachment,60,,,,
disorganized attachment,disorganized attachment vs fearful avoidant,60,0,,fearful avoidant vs disorganized,informational
disorganized attachment,disorganized attachment in children,60,2,,disorganized attachment style in children,informational
disorganized attachment,disorganized fearful avoidant attachment,60,0,0.09,fearful avoidant attachment,informational
disorganized attachment,disorganized vs avoidant attachment,60,0,0.08,avoidant vs disorganized attachment,informational
disorganized attachment,what causes disorganized attachment style,60,23,,disorganized attachment style,informational
disorganized attachment,dating someone with disorganized attachment,60,8,0.03,disorganized attachment dating,informational
disorganized attachment,two disorganized attachment in relationships,50,3,,two fearful avoidants in a relationship,informational
disorganized attachment,disorganized attachment definition,50,19,,disorganized attachment style,informational
disorganized attachment,what's disorganized attachment,50,10,,disorganized attachment style,informational
disorganized attachment,how to deal with disorganized attachment partner,50,0,,disorganized attachment dating,informational
disorganized attachment,how to heal from disorganized attachment,50,0,0.40,how to heal disorganized attachment,informational
disorganized attachment,fearful avoidant/disorganized attachment style,50,,,,
disorganized attachment,disorganized attachment example,50,10,,disorganized attachment style signs,informational
disorganized attachment,disorganized attachment child,50,2,,disorganized attachment in children,informational
disorganized attachment,what is fearful avoidant disorganized attachment,50,,,,informational
disorganized attachment,disorganized attachment style characteristics,50,,,,
disorganized attachment,disorganized attachment quiz,50,48,0.15,attachment style quiz,informational
disorganized attachment,define disorganized attachment,50,18,,disorganized attachment style,informational
disorganized attachment,disorganized attachment style quiz,50,50,0.30,attachment style quiz,informational
disorganized attachment,avoidant disorganized attachment style,40,,,,
disorganized attachment,disorganized attachment vs bpd,40,1,,bpd vs disorganized attachment,informational
disorganized attachment,how to fix disorganized attachment style,40,,,,
disorganized attachment,disorganized attachment style vs avoidant,40,2,0.03,avoidant vs disorganized attachment,informational
disorganized attachment,fearful/avoidant disorganized attachment style,40,,,,
disorganized attachment,bpd vs disorganized attachment style,40,,,,
disorganized attachment,symptoms of disorganized attachment,40,4,,disorganized attachment style,informational
disorganized attachment,loud disorganized attachment,40,,,,
disorganized attachment,disorganized attachment causes,40,10,,disorganized attachment style,informational
disorganized attachment,signs of disorganized attachment in adults,40,3,,disorganized attachment style signs,informational
disorganized attachment,disorganized-disoriented attachment,40,13,,disorganized attachment style,informational
disorganized attachment,disorganized attachment vs avoidant,40,2,,avoidant vs disorganized attachment,informational
disorganized attachment,how to heal disorganized attachment in adults,40,0,0.03,how to heal disorganized attachment,informational
disorganized attachment,disorganized / fearful-avoidant attachment,40,6,0.09,fearful avoidant attachment,informational
disorganized attachment,causes of disorganized attachment,40,12,0.03,disorganized attachment style,informational
disorganized attachment,disorganized attachment adults,40,12,0.04,disorganized attachment style,informational
disorganized attachment,anxious disorganized attachment style,40,14,0.05,disorganized attachment style,informational
disorganized attachment,disorganized insecure attachment,40,18,,disorganized attachment style,informational
disorganized attachment,fearful-avoidant / disorganized attachment,40,,,,
disorganized attachment,disorganized attachment style definition,40,15,,disorganized attachment style,informational
assertiveness,assertiveness,9600,0,0.07,assertiveness,informational
assertiveness,assertiveness training,2100,68,1.20,assertiveness training,"informational,commercial"
assertiveness,assertiveness definition,1600,49,0.02,assertiveness definition,informational
assertiveness,what is assertiveness,1600,12,0.02,what is assertiveness,informational
assertiveness,assertiveness meaning,1100,0,0.05,assertiveness definition,informational
assertiveness,nlp model for assertiveness detection in text,300,,,,informational
assertiveness,assertiveness synonym,300,0,0.04,assertiveness synonym,informational
assertiveness,assertiveness skills,250,32,0.07,assertive communication,informational
assertiveness,assertiveness training for power struggles,250,,,,informational
assertiveness,what does assertiveness mean,250,30,0.06,what does assertive mean,informational
assertiveness,assertiveness examples,200,2,0.07,assertive communication examples,informational
assertiveness,define assertiveness,200,48,0.02,assertiveness definition,informational
assertiveness,assertiveness training course,200,20,1.10,assertiveness training online,"informational,commercial,transactional"
assertiveness,definition of assertiveness,150,22,0.10,assertiveness definition,informational
assertiveness,yiddish for audacity and assertiveness,150,,,,informational
assertiveness,assertiveness training programs,100,18,1.30,assertiveness,"informational,commercial"
assertiveness,assertiveness training near me,100,0,1.40,assertive course,"informational,commercial,transactional"
assertiveness,lack of assertiveness,100,1,,lack of assertiveness,informational
assertiveness,assertiveness in the workplace,100,1,0.10,assertive communication at work,informational
assertiveness,assertiveness training exercises,100,35,0.30,assertiveness training exercises,informational
assertiveness,aggressiveness vs assertiveness,100,1,,assertive vs aggressive,informational
assertiveness,nhs assertiveness saying no boundaries,100,,,,
assertiveness,what is assertiveness training,90,45,0.35,assertiveness training,informational
assertiveness,assertiveness training workshop,80,31,1.10,assertiveness training workshop,"informational,commercial,transactional"
assertiveness,assertiveness in communication,70,21,0.25,assertive communication,informational
assertiveness,assertiveness training techniques,70,54,0.40,assertiveness training,informational
assertiveness,assertiveness worksheets,70,6,,assertive communication,informational
assertiveness,books on assertiveness,70,0,0.10,books on assertiveness,"informational,commercial"
assertiveness,power of assertiveness,70,,,,
assertiveness,assertiveness test,70,0,0.15,assertiveness test,informational
assertiveness,assertiveness skills training,70,0,1.30,assertive communication worksheet,informational
assertiveness,the assertiveness workbook,60,0,0.20,assertiveness workbook,"informational,commercial,transactional"
assertiveness,assertiveness training worksheets,60,22,0.90,assertive communication,"informational,commercial"
assertiveness,assertiveness definition psychology,60,33,,assertive,informational
assertiveness,examples of assertiveness,60,4,,assertive communication,informational
assertiveness,assertiveness workbook,60,0,0.20,assertiveness workbook,"informational,commercial,transactional"
assertiveness,assertiveness vs aggressiveness,60,0,,assertive vs aggressive,informational
assertiveness,what is a assertiveness,60,,,,
assertiveness,whats assertiveness,50,,,,
assertiveness,assertiveness training online,50,32,2.00,assertiveness training class,"informational,commercial,transactional"
assertiveness,lack of assertiveness meaning,50,1,,lack of assertiveness,informational
assertiveness,assertiveness techniques,50,49,0.20,assertiveness,informational
assertiveness,assertiveness issues near me,50,,,,informational
assertiveness,assertiveness therapist aid,50,,,,informational
assertiveness,cbt therapy for assertiveness,40,,,,informational
assertiveness,rathus assertiveness schedule,40,0,,rathus assertiveness schedule,informational
assertiveness,self assertiveness,40,57,0.30,assertive communication,informational
assertiveness,assertiveness books,40,0,0.35,books on assertiveness,"informational,commercial"
assertiveness,nhs assertiveness saying no,40,,,,
assertiveness,assertiveness training for women,40,0,1.40,assertiveness training for women,"informational,commercial"
assertiveness,assertiveness communication skills,40,25,0.25,assertive communication,informational
assertiveness,assertiveness therapy,40,0,3.50,assertiveness training,informational
assertiveness,apa dictionary assertiveness definition,40,,,,
assertiveness,assertiveness communication,40,39,1.30,assertive communication,informational
assertiveness,empathy vs assertiveness,30,,,,
assertiveness,nhs assertiveness saying no boundaries advice,30,,,,
assertiveness,assertiveness meaning and example,30,22,,assertive,informational
assertiveness,the power of assertiveness,30,,,,informational
assertiveness,assertiveness training therapy,30,15,,assertiveness training,"informational,commercial"
assertiveness,assertiveness example,30,11,,assertiveness,informational
assertiveness,emotional assertiveness,30,,,,
assertiveness,best books on assertiveness,30,0,0.35,books on assertiveness,"informational,commercial"
assertiveness,assertiveness for kids,30,4,,how to teach assertiveness to a child,informational
assertiveness,the art of everyday assertiveness,30,0,0.60,the art of everyday assertiveness,"informational,commercial,transactional"
assertiveness,assertiveness def,30,,,,informational
assertiveness,assertiveness scenarios 10 examples,30,0,,assertive communication examples,informational
assertiveness,definition of assertiveness in psychology,30,,,,informational
assertiveness,meaning of assertiveness,30,19,,,informational
assertiveness,assertiveness worksheets pdf,30,10,,assertive communication,informational
assertiveness,passive assertiveness,30,17,,assertive vs passive,informational
assertiveness,example of assertiveness,30,24,,assertiveness training,informational
assertiveness,assertiveness training program,30,33,1.40,assertiveness training,"informational,commercial"
assertiveness,graded assertiveness,30,,,,informational
assertiveness,assertiveness images,30,0,,assertive pictures,"informational,commercial"
assertiveness,yiddish for audacity and assertiveness(8),30,,,,
assertiveness,assertiveness worksheet,30,6,,assertive communication,informational
assertiveness,dbt assertiveness skills,30,3,,dbt assertiveness skills,informational
assertiveness,professional assertiveness,30,,,,"informational,commercial"
assertiveness,assertiveness training pdf,30,26,,assertiveness skills,informational
assertiveness,free assertiveness training,30,20,0.70,assertiveness training,informational
assertiveness,the assertiveness guide for women,30,,,,"informational,commercial,transactional"
assertiveness,online assertiveness training,30,31,2.00,assertiveness training,"informational,commercial,transactional"
assertiveness,aggression vs assertiveness,30,6,,assertive vs aggressive,informational
assertiveness,assertiveness courses,30,1,1.40,assertiveness courses,"informational,commercial,transactional"
assertiveness,benefits of assertiveness,30,0,,assertive communication,informational
assertiveness,assertiveness skills training course,30,,,,
assertiveness,workplace assertiveness,30,,,,informational
assertiveness,assertiveness classes,30,15,1.40,assertiveness courses,"informational,commercial,transactional"
assertiveness,assertiveness saying no mental health,30,,,,informational
assertiveness,what is assertiveness?,30,54,,assertiveness,informational
assertiveness,assertiveness scripts,30,22,,assertiveness scripts,informational
assertiveness,assertiveness training courses,20,20,1.40,assertiveness training online,"informational,commercial,transactional"
assertiveness,assertiveness book,20,0,0.35,books on assertiveness,"informational,commercial"
assertiveness,assertiveness activities for students,20,3,,assertive communication exercises,informational
assertiveness,assertiveness bill of rights,20,,,,informational
assertiveness,types of assertiveness,20,12,,types of assertiveness,informational
assertiveness,assertiveness vs aggression,20,,,,informational
assertiveness,assertiveness skills pdf,20,,,,informational
assertiveness,assertiveness training role play,20,,,,informational
assertiveness,assertiveness skills for managers,20,,,,informational
avoidance,pathological demand avoidance,42000,49,0.06,pathological demand avoidance,informational
avoidance,psychology of self checkout avoidance,17000,0,,psychology of self checkout avoidance,informational
avoidance,avoidance,9200,0,0.25,avoidance behavior,informational
avoidance,demand avoidance,8500,0,0.03,pathological demand avoidance,informational
avoidance,avoidance behavior,4700,16,0.03,avoidance behavior,informational
avoidance,what is tax avoidance?,2900,0,,tax avoidance,informational
avoidance,uncertainty avoidance,2700,6,0.08,uncertainty avoidance,informational
avoidance,demand avoidance adhd,1700,24,0.15,demand avoidance adhd,informational
avoidance,conflict avoidance,1700,0,0.07,interpersonal conflict,informational
avoidance,approach avoidance conflict,1700,0,0.02,approach avoidance conflict,informational
avoidance,tax avoidance,1600,36,0.80,tax avoidance,informational
avoidance,pathological demand avoidance in adults,1500,1,0.25,pathological demand avoidance in adults,informational
avoidance,avoidance avoidance conflict,1300,0,,approach approach conflict,informational
avoidance,tax evasion vs tax avoidance,1300,0,0.02,what is tax avoidance?,informational
avoidance,mcilroy pga tour fine avoidance,1200,,,,informational
avoidance,what is pathological demand avoidance,1200,71,0.04,pathological demand avoidance,informational
avoidance,tax avoidance vs evasion,1100,3,0.06,what is tax avoidance?,informational
avoidance,avoidance synonym,1000,0,0.10,avoidance synonym,informational
avoidance,denial avoidance advocate health linkedin,1000,,,,informational
avoidance,irs audit avoidance tips,1000,,,,informational
avoidance,emotional avoidance,1000,6,0.50,emotional avoidance,informational
avoidance,pervasive demand avoidance,800,71,0.04,pathological demand avoidance,informational
avoidance,obstacle avoidance drone,800,0,0.35,obstacle avoidance drone,"informational,commercial,transactional"
avoidance,demand avoidance autism,700,67,0.06,autism pda,informational
avoidance,collision avoidance system,700,0,1.70,collision avoidance system,"informational,commercial"
avoidance,school avoidance,700,32,,school avoidance,informational
avoidance,experiential avoidance,700,18,0.08,experiential avoidance,informational
avoidance,risk avoidance,700,2,2.00,risk avoidance,informational
avoidance,zone of avoidance,600,0,,zone of avoidance,informational
avoidance,avoidance meaning,600,27,,avoidance,informational
avoidance,obstacle avoidance robot,600,1,2.50,obstacle avoidance robot,"informational,commercial"
avoidance,avoidance disorder,600,22,0.03,avpd,informational
avoidance,pathological demand avoidance (pda),600,57,,pathological demand avoidance,informational
avoidance,adhd demand avoidance,600,20,0.08,demand avoidance adhd,informational
avoidance,persistent demand avoidance,600,0,0.03,pathological demand avoidance,informational
avoidance,avoidance coping,600,20,0.10,avoidance as a coping mechanism,informational
avoidance,pathological demand avoidance in children,500,61,,pathological demand avoidance,informational
avoidance,cycle of avoidance,500,7,1.30,cycle of avoidance,informational
avoidance,avoidance learning,500,0,7.00,avoidance learning,informational
avoidance,cost avoidance,500,1,2.00,cost avoidance,informational
avoidance,approach-avoidance conflict,500,20,,approach avoidance conflict,informational
avoidance,what is demand avoidance,500,68,0.04,pathological demand avoidance,informational
avoidance,task avoidance,500,0,0.15,task avoidance,informational
avoidance,intimacy avoidance,450,4,0.07,intimacy avoidance,informational
avoidance,ll97 penalty avoidance strategies,450,,,,informational
avoidance,pathological demand avoidance treatment,450,1,0.50,pda,informational
avoidance,attachment avoidance,450,38,0.02,avoidant attachment style,informational
avoidance,fatty liver disease alcohol avoidance,400,21,0.80,alcoholic fatty liver disease,informational
avoidance,pda pathological demand avoidance,400,68,0.01,pathological demand avoidance,informational
avoidance,dismissive avoidance,400,5,0.03,dismissive avoidant,informational
avoidance,collision avoidance,400,5,0.35,collision avoidance system,"informational,commercial"
avoidance,food avoidance disorder,400,5,0.35,arfid,informational
avoidance,wake turbulence avoidance,400,1,,wake turbulence avoidance,informational
avoidance,pathological avoidance disorder,400,0,0.06,pathological demand avoidance,informational
avoidance,pathological demand avoidance checklist,350,1,0.03,pda diagnosis,informational
avoidance,shower avoidance syndrome,350,2,,shower avoidance syndrome,informational
avoidance,pda demand avoidance,350,62,0.04,pathological demand avoidance,informational
avoidance,what is tax avoidance,300,37,0.35,what is tax avoidance?,informational
avoidance,fear avoidance,300,0,0.02,fear avoidance model,informational
avoidance,tax avoidance vs tax evasion,300,6,0.03,what is tax avoidance?,informational
avoidance,pathological.demand avoidance,300,73,0.04,pathological demand avoidance,informational
avoidance,for the avoidance of doubt,300,0,,for avoidance of doubt,informational
avoidance,avoidance crossword clue,250,0,,avoidance crossword clue,informational
avoidance,what is avoidance behavior,250,0,0.03,what is avoidance behavior,informational
avoidance,approach avoidance conflict example,250,1,0.09,approach-avoidance conflict example,informational
avoidance,pathological demand avoidance adhd,250,0,0.03,demand avoidance adhd,informational
avoidance,adhd avoidance,250,1,1.10,demand avoidance adhd,informational
avoidance,call avoidance,250,1,0.10,call avoidance,informational
avoidance,obstacle avoidance,250,5,0.25,obstacle avoidance robot,"informational,commercial"
avoidance,demand avoidance in adults,250,1,0.05,pda autism,informational
avoidance,drones with obstacle avoidance,250,0,0.30,drones with obstacle avoidance,"informational,commercial,transactional"
avoidance,cycle of avoidance therapist aid,250,,,,informational
avoidance,forklift collision avoidance system,250,0,5.00,forklift pedestrian collision avoidance system,"informational,commercial"
avoidance,avoidance-avoidance conflict,250,0,,approach approach conflict,informational
avoidance,pathological demand avoidance autism,250,68,0.10,pda autism,informational
avoidance,cost savings vs cost avoidance,250,1,0.09,cost avoidance,informational
avoidance,probate avoidance,250,6,0.15,probate avoidance,informational
avoidance,what is avoidance,250,5,0.04,avoidance,informational
avoidance,avoidance definition,250,11,0.02,avoidance meaning,informational
avoidance,avoidance of doubt,250,0,,for avoidance of doubt,informational
avoidance,cost avoidance vs savings,250,2,0.15,cost avoidance,informational
avoidance,risk avoidance definition,250,2,,risk avoidance,informational
avoidance,what is uncertainty avoidance,250,3,,uncertainty avoidance,informational
avoidance,work avoidance,200,0,0.04,work avoidance,informational
avoidance,linkedin detection avoidance tools 2025,200,,,,"informational,commercial"
avoidance,for avoidance of doubt,200,0,,for avoidance of doubt,informational
avoidance,dji mini 4k obstacle avoidance,200,,0.40,,"informational,commercial"
avoidance,sun avoidance for cutaneous lupus,200,,,,informational
avoidance,school avoidance alliance,200,0,,school avoidance,"navigational,informational"
avoidance,collision avoidance system mining,200,,1.60,,informational
avoidance,adhd task avoidance,200,0,1.10,demand avoidance adhd,informational
avoidance,pathological demand avoidance symptoms,200,57,0.01,pathological demand avoidance,informational
avoidance,avoidance (tv series),200,,,,informational
avoidance,autism demand avoidance,200,68,0.04,pathological demand avoidance,informational
avoidance,is tax avoidance legal,200,36,5.00,what is tax evasion,informational
avoidance,difference between tax evasion and tax avoidance,200,5,,what is tax avoidance?,informational
avoidance,avoidance attachment,200,9,0.03,avoidant attachment style,informational
avoidance,pathological demand avoidance vs odd,200,0,0.01,pda vs odd,informational
avoidance,ocd avoidance,200,0,0.30,ocd avoidance,informational
avoidance,tax avoidance meaning,200,33,,what is tax avoidance?,informational
daydreaming,maladaptive daydreaming,82000,33,0.02,maladaptive daydreaming,informational
daydreaming,daydreaming,9000,13,0.40,daydreaming,informational
daydreaming,daydreaming while driving is an example of which type of distraction?,6200,0,,daydreaming while driving is an example of,informational
daydreaming,what is maladaptive daydreaming,3900,0,0.03,maladaptive daydreaming,informational
daydreaming,maladaptive daydreaming test,2600,0,0.20,maladaptive daydreaming test,informational
daydreaming,how to stop maladaptive daydreaming,2000,40,0.06,how to stop maladaptive daydreaming,informational
daydreaming,what is daydreaming,2000,15,0.06,daydreaming,informational
daydreaming,maladaptive daydreaming disorder,1500,24,0.08,maladaptive daydreaming,informational
daydreaming,is maladaptive daydreaming bad,1200,37,0.07,is maladaptive daydreaming bad,informational
daydreaming,daydreaming meaning,800,20,0.07,day dream,informational
daydreaming,maladaptive daydreaming symptoms and diagnosis,800,,,,informational
daydreaming,is daydreaming a sin,700,0,,is daydreaming a sin,informational
daydreaming,prone to daydreaming nyt,600,53,,prone to daydreaming nyt,informational
daydreaming,maladaptive daydreaming symptoms,600,39,0.10,maladaptive daydreaming,informational
daydreaming,is maladaptive daydreaming haram in islam,500,,,,informational
daydreaming,maladaptive daydreaming vs normal daydreaming,500,0,,maladaptive daydreaming vs normal daydreaming,informational
daydreaming,daydreaming disorder,500,33,0.07,maladaptive daydreaming,informational
daydreaming,prone to daydreaming,450,,,,informational
daydreaming,maladaptive daydreaming treatment,450,18,2.50,how to stop maladaptive daydreaming,informational
daydreaming,how to stop daydreaming,450,47,0.06,how to stop daydreaming,informational
daydreaming,maldaptive daydreaming,450,34,0.04,maladaptive daydreaming,informational
daydreaming,daydreaming radiohead lyrics,400,,0.02,,informational
daydreaming,daydreaming lyrics,400,0,0.08,radiohead daydreaming,informational
daydreaming,is daydreaming bad,350,34,0.04,is daydreaming bad,informational
daydreaming,maladaptive daydreaming definition,350,55,0.03,maladaptive daydreaming,informational
daydreaming,radiohead daydreaming,300,5,0.04,radiohead daydreaming,informational
daydreaming,what causes maladaptive daydreaming,300,12,0.05,what causes maladaptive daydreaming,informational
daydreaming,maladaptive daydreaming adhd,300,1,0.09,maladaptive daydreaming adhd,informational
daydreaming,sexual maladaptive daydreaming aegosexual,250,,,,informational
daydreaming,is maladaptive daydreaming a mental illness,250,49,,maladaptive daydreaming,informational
daydreaming,maladaptive daydreaming meaning,250,51,0.03,maladaptive daydreaming,informational
daydreaming,immersive daydreaming,200,0,0.01,immersive daydreaming,informational
daydreaming,maladaptive daydreaming examples,200,1,0.25,maladaptive daydreaming examples,informational
daydreaming,adhd daydreaming,200,31,0.15,maladaptive daydreaming adhd,informational
daydreaming,daydreaming head spa,200,,0.70,,"informational,commercial,transactional"
daydreaming,maladaptive daydreaming autism,200,0,1.00,maladaptive daydreaming autism,informational
daydreaming,daydreaming radiohead,200,4,0.04,radiohead daydreaming,informational
daydreaming,daydreaming meme,150,0,,daydreaming meme,"informational,commercial"
daydreaming,define maladaptive daydreaming,150,51,0.03,maladaptive daydreaming,informational
daydreaming,adaptive daydreaming,150,33,,maladaptive daydreaming,informational
daydreaming,is daydreaming a sign of adhd,150,18,0.15,maladaptive daydreaming adhd,informational
daydreaming,maladaptive daydreaming disorder test,150,4,,maladaptive daydreaming,informational
daydreaming,is maladaptive daydreaming a disorder,150,8,,maladaptive daydreaming,informational
daydreaming,maladaptive daydreaming symptoms causes treatment,150,,,,informational
daydreaming,maladaptive daydreaming causes,150,50,0.05,maladaptive daydreaming,informational
daydreaming,maladaptive daydreaming quiz,150,0,0.04,maladaptive daydreaming quiz,informational
daydreaming,is maladaptive daydreaming a symptom of adhd,150,18,,is maladaptive daydreaming a symptom of adhd,informational
daydreaming,maladaptive daydreaming scale,150,9,0.40,maladaptive daydreaming test,informational
daydreaming,excessive daydreaming,150,50,0.04,maladaptive daydreaming,informational
daydreaming,is maladaptive daydreaming a sin,150,0,,is maladaptive daydreaming a sin,informational
daydreaming,maladaptive daydreaming and adhd,150,15,0.25,maladaptive daydreaming adhd,informational
daydreaming,what's maladaptive daydreaming,150,51,0.03,maladaptive daydreaming,informational
daydreaming,do i have maladaptive daydreaming,150,0,0.80,maladaptive daydreaming quiz,informational
daydreaming,daydreaming mila nude,150,,,,informational
daydreaming,prone to daydreaming crossword clue,100,,,,informational
daydreaming,what is maladaptive daydreaming?,100,,,,informational
daydreaming,ocd and maladaptive daydreaming,100,19,,maladaptive daydreaming ocd,informational
daydreaming,adhd maladaptive daydreaming,100,31,,maladaptive daydreaming adhd,informational
daydreaming,can maladaptive daydreaming lead to schizophrenia,100,4,0.15,can maladaptive daydreaming lead to schizophrenia,informational
daydreaming,is maladaptive daydreaming a mental disorder,100,55,,maladaptive daydreaming,informational
daydreaming,daydreaming adhd,100,0,0.60,maladaptive daydreaming adhd,informational
daydreaming,why is maladaptive daydreaming bad,100,41,,is maladaptive daydreaming bad,informational
daydreaming,maladaptive daydreaming and ocd,100,0,,maladaptive daydreaming disorder,informational
daydreaming,harry styles daydreaming,100,0,0.07,daydreaming harry styles lyrics,informational
daydreaming,symptoms of maladaptive daydreaming,100,43,0.05,maladaptive daydreaming,informational
daydreaming,adhd and maladaptive daydreaming,100,18,0.10,maladaptive daydreaming adhd,informational
daydreaming,what is maladaptive daydreaming a symptom of,100,54,,maladaptive daydreaming,informational
daydreaming,maladaptive daydreaming how to stop,100,41,,how to stop maladaptive daydreaming,informational
daydreaming,princess polly daydreaming gingham set,100,,0.09,,"commercial,transactional"
daydreaming,maladaptive daydreaming ocd,90,3,0.30,maladaptive daydreaming disorder,informational
daydreaming,daydreaming while driving,90,0,,daydreaming while driving,informational
daydreaming,maladaptive daydreaming -ai,90,,,,
daydreaming,what does maladaptive daydreaming mean,90,54,,maladaptive daydreaming,informational
daydreaming,how common is maladaptive daydreaming,90,42,,what is maladaptive daydreaming,informational
daydreaming,adhd and daydreaming,90,0,0.60,maladaptive daydreaming and adhd,informational
daydreaming,trubar daydreaming about donuts protein bar,90,,,,"informational,commercial,transactional"
daydreaming,is daydreaming a mental illness,80,35,,maladaptive daydreaming,informational
daydreaming,maladaptive daydreaming and autism,80,0,,maladaptive daydreaming and autism,informational
daydreaming,maladaptive daydreaming test quiz,80,3,,maladaptive daydreaming,informational
daydreaming,stop maladaptive daydreaming,80,0,,how to stop maladaptive daydreaming,informational
daydreaming,manipulative daydreaming,80,47,0.07,maladaptive daydreaming,informational
daydreaming,julie daydreaming,80,0,,julie daydreaming,informational
daydreaming,constant daydreaming,80,43,,maladaptive daydreaming,informational
daydreaming,what does daydreaming mean,80,19,,daydreaming,informational
daydreaming,types of daydreaming,80,18,,types of daydreaming,informational
daydreaming,maladaptive daydreaming vs daydreaming,80,45,,maladaptive daydreaming vs normal daydreaming,informational
daydreaming,maladative daydreaming,80,48,0.08,maladaptive daydreaming,informational
daydreaming,daydreaming about donuts,80,0,,daydreaming about donuts,"informational,commercial,transactional"
daydreaming,maladaptive daydreaming.,80,48,,maladaptive daydreaming,informational
daydreaming,signs of maladaptive daydreaming,80,40,,maladaptive daydreaming,informational
daydreaming,is maladaptive daydreaming a sign of autism,80,1,,maladaptive daydreaming autism,informational
daydreaming,is daydreaming normal,80,31,,what does daydreaming look like,informational
daydreaming,daydreaming synonym,70,0,0.04,daydreaming,informational
daydreaming,causes of maladaptive daydreaming,70,54,,maladaptive daydreaming,informational
daydreaming,is maladaptive daydreaming,70,47,,maladaptive daydreaming,informational
daydreaming,person daydreaming,70,10,,maladaptive daydreaming,informational
daydreaming,autism and maladaptive daydreaming,70,0,,maladaptive daydreaming and autism,informational
daydreaming,daydreaming lyrics radiohead,70,,0.02,,informational
daydreaming,daydreaming song,70,6,0.20,radiohead daydreaming,informational
daydreaming,prone to daydreaming nyt crossword,70,,,,
decision paralysis,decision paralysis,8800,0,0.08,decision paralysis,informational
decision paralysis,decision paralysis adhd,500,8,0.07,decision paralysis,informational
decision paralysis,adhd decision paralysis,350,17,0.06,adhd paralysis,informational
decision paralysis,what is decision paralysis,200,15,,adhd paralysis,informational
decision paralysis,decision paralysis meaning,150,,,,informational
decision paralysis,ocd decision paralysis,100,0,,ocd paralysis,informational
decision paralysis,how to overcome decision paralysis,90,2,,how to overcome decision paralysis,informational
decision paralysis,decision paralysis anxiety,90,1,2.50,decision paralysis,informational
decision paralysis,analysis vs decision paralysis,70,,,,
decision paralysis,decision making paralysis,70,23,,adhd paralysis,informational
decision paralysis,adhd and decision paralysis,60,0,,decision paralysis,informational
decision paralysis,decision paralysis definition psychology,60,,,,
decision paralysis,decision paralysis ocd,60,0,,ocd paralysis,informational
decision paralysis,decision paralysis autism,60,0,,decision paralysis autism,informational
decision paralysis,decision loop paralysis,50,,,,
decision paralysis,autism decision paralysis,50,0,,decision paralysis autism,informational
decision paralysis,how to deal with decision paralysis,50,12,,how to overcome decision paralysis,informational
decision paralysis,decision paralysis psychology,40,0,,decision paralysis,informational
decision paralysis,what causes decision paralysis,40,12,,decision paralysis,informational
decision paralysis,analysis paralysis definition decision making,40,,,,
decision paralysis,is decision paralysis a symptom of adhd,40,,,,
decision paralysis,decision paralysis definition,30,31,,adhd paralysis,informational
decision paralysis,how to get over decision paralysis,30,6,,choice paralysis,informational
decision paralysis,ocd and decision paralysis,30,,,,informational
decision paralysis,how to stop decision paralysis,30,,,,informational
decision paralysis,analysis paralysis decision making definition,30,,,,
decision paralysis,analysis paralysis decision making psychology,30,,,,
decision paralysis,anxiety decision paralysis,30,0,,decision paralysis,informational
decision paralysis,how to get out of decision paralysis,30,12,,how to overcome decision paralysis,informational
decision paralysis,analysis paralysis decision making research,30,,,,
decision paralysis,overcoming decision paralysis,30,,,,informational
decision paralysis,decision paralysis how to overcome,20,,,,informational
decision paralysis,decision paralysis causes,20,,,,
decision paralysis,what is decision paralysis a symptom of,20,,,,
decision paralysis,decision paralysis psychology definition,20,,,,informational
decision paralysis,how to fix decision paralysis,20,,,,
decision paralysis,analysis paralysis decision making,20,,,,
decision paralysis,decision paralysis meme,20,0,,decision paralysis meme,informational
decision paralysis,define decision paralysis,20,,,,
decision paralysis,why do i have decision paralysis,20,,,,
decision paralysis,decision paralysis product,10,,,,
decision paralysis,decision paralysis concept illustration,10,,,,
decision paralysis,analysis paralysis in decision making psychology,10,,,,
decision paralysis,decision paralysis -ai,10,,,,
decision paralysis,causes of decision paralysis,10,,,,
decision paralysis,overcome decision paralysis,10,,,,
decision paralysis,decision paralysis concept,10,,,,
decision paralysis,anxiety and decision paralysis,10,13,,decision paralysis,informational
decision paralysis,decision paralysis depression,10,6,,decision paralysis depression,informational
decision paralysis,how to help decision paralysis,10,,,,
decision paralysis,adhd decision paralysis strategies,10,,,,
decision paralysis,severe decision paralysis,10,,,,
decision paralysis,decision paralysis gif,10,,,,
decision paralysis,how to help someone with decision paralysis,10,,,,
decision paralysis,why do i get decision paralysis,10,,,,
decision paralysis,how to overcome decision paralysis adhd,10,,,,
decision paralysis,pm software that prevents decision paralysis,10,,,,
decision paralysis,decision paralysis why can't decide,10,,,,
decision paralysis,therapy for women with decision making paralysis,10,,,,
decision paralysis,decision paralysis illustration,10,,,,
decision paralysis,analysis paralysis decision making source,10,,,,
decision paralysis,what to do when you have decision paralysis,10,,,,informational
decision paralysis,decision paralysis what to do,10,,,,
decision paralysis,is decision paralysis real,10,,,,
decision paralysis,paralysis decision making,10,,,,informational
decision paralysis,choice overload decision paralysis review,10,,,,
decision paralysis,food decision paralysis,10,,,,
decision paralysis,how to beat decision paralysis,10,,,,
decision paralysis,decision paralysis psychological definition,10,,,,
decision paralysis,autism and decision paralysis,10,,,,
decision paralysis,analysis paralysis psychology decision making,10,,,,
decision paralysis,how to avoid decision paralysis,10,,,,
decision paralysis,is analysis paralysis common in decision making,10,,,,
decision paralysis,analysis paralysis in decision making,10,,,,
decision paralysis,decision paralysis synonym,10,,,,informational
decision paralysis,extreme decision paralysis,10,,,,
decision paralysis,how to help with decision paralysis,10,,,,
decision paralysis,is decision paralysis a thing,10,,,,
decision paralysis,decision paralysis using ai,10,,,,
decision paralysis,how to combat decision paralysis,10,,,,
decision paralysis,decision paralysis.,10,,,,
decision paralysis,analysis paralysis vs decision paralysis,10,,,,
decision paralysis,i have decision paralysis,10,,,,
decision paralysis,is decision paralysis a symptom of autism,10,,,,
decision paralysis,decision paralysis scientific definition,10,,,,
decision paralysis,ocd decision making paralysis,10,,,,informational
decision paralysis,decision paralysis vs analysis paralysis,10,1,,analysis paralysis,informational
fear of abandonment,fear of abandonment,9300,15,0.02,fear of abandonment,informational
fear of abandonment,fear of abandonment phobia,500,24,0.02,fear of abandonment,informational
fear of abandonment,what is the fear of abandonment called,350,34,,autophobia,informational
fear of abandonment,fear of abandonment symptoms,250,9,0.02,abandonment issues,informational
fear of abandonment,bpd fear of abandonment,200,0,0.60,fear of abandonment,informational
fear of abandonment,what is fear of abandonment,200,13,0.03,fear of abandonment,informational
fear of abandonment,fear of abandonment quiz,150,4,0.40,abandonment issues quiz,informational
fear of abandonment,fear of abandonment in relationships,150,2,0.10,abandonment anxiety in relationships,informational
fear of abandonment,fear of abandonment phobia name,150,24,,autophobia,informational
fear of abandonment,what causes fear of abandonment,100,12,0.03,fear of abandonment,informational
fear of abandonment,the fear of abandonment,100,9,0.20,fear of abandonment,informational
fear of abandonment,fear of abandonment name,100,25,,autophobia,informational
fear of abandonment,fear of abandonment signs,100,9,0.02,fear of abandonment,informational
fear of abandonment,how to get over fear of abandonment,100,6,0.05,how to get over fear of abandonment,informational
fear of abandonment,signs of fear of abandonment,100,10,0.03,fear of abandonment,informational
fear of abandonment,where does fear of abandonment come from,100,8,,fear of being left,informational
fear of abandonment,how to overcome fear of abandonment,100,0,0.15,how to get over fear of abandonment,informational
fear of abandonment,borderline personality disorder fear of abandonment,90,0,1.40,fear of abandonment,informational
fear of abandonment,anxious attachment fear of abandonment,80,,,,
fear of abandonment,how to heal fear of abandonment,80,12,0.50,how to get over fear of abandonment,informational
fear of abandonment,what does fear of abandonment look like,80,8,,fear of abandonment,informational
fear of abandonment,fear of abandonment bpd,80,0,0.30,fear of abandonment,informational
fear of abandonment,overcoming fear of abandonment,80,5,0.50,how to get over fear of abandonment,informational
fear of abandonment,intense fear of abandonment,80,3,,intense fear of abandonment,informational
fear of abandonment,how to deal with fear of abandonment,70,2,0.40,how to get over fear of abandonment,informational
fear of abandonment,bpd without fear of abandonment,70,0,,bpd without fear of abandonment,informational
fear of abandonment,why do i have a fear of abandonment,70,6,0.45,fear of being left behind,informational
fear of abandonment,fear of rejection and abandonment,60,0,0.30,fear of rejection and abandonment,informational
fear of abandonment,why do i have fear of abandonment,60,8,0.30,fear of being left behind,informational
fear of abandonment,what is the fear of abandonment,60,0,,fear of abandonment,informational
fear of abandonment,fear of abandonment attachment style,60,2,,abandonment attachment style,informational
fear of abandonment,can you have bpd without fear of abandonment,60,0,,bpd without fear of abandonment,informational
fear of abandonment,fear of abandonment causes,50,6,,fear of abandonment,informational
fear of abandonment,disproportionate fear of abandonment,50,,,,
fear of abandonment,anxious attachment style fear of abandonment,50,,,,
fear of abandonment,how to overcome fear of abandonment in relationships,50,5,0.40,how to get over fear of abandonment,informational
fear of abandonment,fear of abandonment meaning,50,26,,fear of abandonment,informational
fear of abandonment,fear of abandonment disorder,50,6,,fear of abandonment,informational
fear of abandonment,extreme fear of abandonment,40,6,,fear of being left,informational
fear of abandonment,fear of abandonment illustration,40,,,,
fear of abandonment,fear of abandonment art,40,0,,fear of abandonment art,informational
fear of abandonment,fear of abandonment called,40,20,,autophobia,informational
fear of abandonment,fear of abandonment psychology,40,,,,informational
fear of abandonment,bpd fear of abandonment examples,40,0,,fear of abandonment,informational
fear of abandonment,what is fear of abandonment called,40,30,,fear of being alone,informational
fear of abandonment,fear of abandonment sabotaging relationship,30,0,1.30,sabotaging relationship fear of abandonment,informational
fear of abandonment,adhd fear of abandonment,30,0,,adhd fear of abandonment,informational
fear of abandonment,cptsd fear of abandonment,30,,,,
fear of abandonment,symptoms of fear of abandonment,30,10,0.25,fear of abandonment,informational
fear of abandonment,how to cope with fear of abandonment,30,7,0.01,how to get over fear of abandonment,informational
fear of abandonment,bpd and fear of abandonment,30,0,1.40,bpd fear of abandonment,informational
fear of abandonment,fear of abandonment definition,30,67,,fear of abandonment,informational
fear of abandonment,do i have a fear of abandonment,30,2,0.10,fear of abandonment,informational
fear of abandonment,how does fear of abandonment manifest,30,7,,fear of abandonment,informational
fear of abandonment,how to fix fear of abandonment,30,2,1.20,how to get over fear of abandonment,informational
fear of abandonment,what is a fear of abandonment,30,12,,fear of abandonment,informational
fear of abandonment,avoidant attachment fear of abandonment,30,0,,avoidant attachment fear of abandonment,informational
fear of abandonment,the fear of abandonment phobia,20,12,,autophobia,informational
fear of abandonment,fear of abandonment treatment,20,9,1.30,how to get over fear of abandonment,informational
fear of abandonment,attachment therapy for fear of abandonment,20,,,,
fear of abandonment,fear of abandonment in adults,20,,,,informational
fear of abandonment,sabotaging relationship fear of abandonment,20,0,,sabotaging relationship fear of abandonment,informational
fear of abandonment,how to get over a fear of abandonment,20,0,0.25,how to get over fear of abandonment,informational
fear of abandonment,disproportionate fear of abandonment.,20,,,,
fear of abandonment,how to stop fear of abandonment,20,6,0.35,how to get over fear of abandonment,informational
fear of abandonment,how to get over the fear of abandonment,20,0,0.30,how to get over fear of abandonment,informational
fear of abandonment,how to get rid of fear of abandonment,20,0,0.07,how to heal fear of abandonment,informational
fear of abandonment,fear of abandonment worksheets pdf,20,0,,fear of abandonment worksheets pdf,"informational,commercial,transactional"
fear of abandonment,fear of abandonment relationships,20,30,,abandonment issues,informational
fear of abandonment,ocd fear of abandonment,20,0,,fear of abandonment,informational
fear of abandonment,healing fear of abandonment,20,1,0.90,fear of abandonment,informational
fear of abandonment,fear of abandonment test,20,3,0.10,abandonment issues quiz,informational
fear of abandonment,what does fear of abandonment mean,20,,,,
fear of abandonment,fear of abandonment borderline personality disorder,20,2,1.40,fear of abandonment,informational
fear of abandonment,fear of abandonment in friendships,20,0,,fear of abandonment in friendships,informational
fear of abandonment,what causes a fear of abandonment,20,11,,fear of abandonment,informational
fear of abandonment,fear of abandonment therapy,20,,2.50,,
fear of abandonment,borderline personality disorder without fear of abandonment,20,,,,informational
fear of abandonment,how to overcome fear of abandonment in adults,20,,,,
fear of abandonment,fear of abandonment and rejection,20,0,,rejection vs abandonment,informational
fear of abandonment,narcissist fear of abandonment,20,0,,do narcissists fear abandonment,informational
fear of abandonment,fear of abandonment relationship,20,0,0.60,fear of abandonment,informational
fear of abandonment,how to get over fear of abandonment in relationships,20,,,,
fear of abandonment,fear of abandonment vs fear of rejection,20,0,,rejection vs abandonment,informational
fear of abandonment,fear of abandonment examples,20,,,,
fear of abandonment,fear of rejection vs fear of abandonment,20,0,,fear of rejection vs fear of abandonment,informational
fear of abandonment,ptsd fear of abandonment,20,0,2.00,ptsd of abandonment,informational
fear of abandonment,bipolar fear of abandonment,20,0,,bipolar fear of abandonment,informational
fear of abandonment,fear of abandonment childhood trauma,20,18,,fear of abandonment,informational
fear of abandonment,overcoming fear of abandonment in relationships,20,1,,,informational
fear of abandonment,what's the fear of abandonment called,20,31,,fear of being alone,informational
fear of abandonment,severe fear of abandonment,20,3,,intense fear of abandonment,informational
fear of abandonment,fear of abandonment concept,20,,,,
fear of abandonment,fear of abandonment in bpd,20,,,,
fear of abandonment,causes of fear of abandonment,20,12,,fear of abandonment,informational
fear of abandonment,fear of abandonment drawing,20,0,,abandonment drawing,"informational,commercial"
fear of abandonment,is fear of abandonment always bpd,20,,,,informational
fear of abandonment,fear of rejection vs abandonment,20,,,,
fear of abandonment,fear of abandonment concept art,20,,,,
fear of abandonment,how to heal from fear of abandonment,20,5,0.40,how to get over fear of abandonment,informational
mere exposure effect,mere exposure effect,8700,0,0.06,mere exposure effect,informational
mere exposure effect,mere exposure effect psychology definition,800,0,,mere exposure effect,informational
mere exposure effect,apa dictionary mere exposure effect,600,,,,informational
mere exposure effect,mere exposure effect psychology,600,74,,mere exposure effect,informational
mere exposure effect,mere exposure effect zajonc 1968 review,600,,,,informational
mere exposure effect,the mere exposure effect,450,45,0.05,mere exposure effect example,informational
mere exposure effect,mere exposure effect example,400,19,,mere exposure effect example,informational
mere exposure effect,mere exposure effect zajonc 1968 paper,400,,,,informational
mere exposure effect,mere exposure effect ap psychology definition,300,0,,mere exposure effect ap psychology definition,informational
mere exposure effect,mere-exposure effect,300,48,0.06,mere exposure effect,informational
mere exposure effect,britannica mere exposure effect,300,,,,informational
mere exposure effect,what is the mere exposure effect,250,42,,what is mere exposure effect,informational
mere exposure effect,apa dictionary mere exposure effect definition,200,,,,informational
mere exposure effect,what is mere exposure effect,200,38,,mere exposure effect,informational
mere exposure effect,zajonc 1968 mere exposure effect paper,200,,,,informational
mere exposure effect,britannica mere exposure effect psychology,150,,,,informational
mere exposure effect,mere exposure effect apa dictionary,150,,,,informational
mere exposure effect,zajonc 1968 mere exposure effect,150,,,,informational
mere exposure effect,mere exposure effect zajonc 1968 study,100,,,,informational
mere exposure effect,mere exposure effect definition psychology,100,38,,mere exposure effect,informational
mere exposure effect,mere exposure effect zajonc 1968 pdf,100,,,,informational
mere exposure effect,apa dictionary of psychology mere exposure effect,100,,,,informational
mere exposure effect,zajonc 1968 mere exposure effect pdf,90,,,,
mere exposure effect,what is the mere exposure effect in psychology,90,46,,what is the mere exposure effect in psychology,informational
mere exposure effect,mere exposure effect britannica,80,,,,informational
mere exposure effect,mere exposure effect definition,80,42,,mere exposure effect,informational
mere exposure effect,mere exposure effect examples,80,3,,example of mere exposure effect,informational
mere exposure effect,mere exposure effect psychology britannica,70,,,,
mere exposure effect,mere exposure effect ap psych,70,0,,mere exposure effect ap psychology definition,informational
mere exposure effect,the mere exposure effect refers to the fact that people,70,,,,informational
mere exposure effect,mere exposure effect zajonc,70,,,,informational
mere exposure effect,mere exposure effect apa dictionary of psychology,70,,,,
mere exposure effect,mere exposure effect attraction,60,12,,mere exposure effect attraction,informational
mere exposure effect,encyclopedia britannica mere exposure effect,60,,,,informational
mere exposure effect,mere exposure effect encyclopedia britannica,60,,,,
mere exposure effect,mere exposure effect zajonc 1968 paper pdf,60,,,,
mere exposure effect,example of mere exposure effect,60,2,,example of mere exposure effect,informational
mere exposure effect,mere exposure effect zajonc 1968 paper summary,60,,,,
mere exposure effect,mere exposure effect psychology example,60,30,,what is the mere exposure effect in psychology,informational
mere exposure effect,mere exposure effect psychology encyclopedia,50,,,,
mere exposure effect,what is the mere exposure effect?,50,43,,mere exposure effect,informational
mere exposure effect,what is mere exposure effect in psychology,50,,,,informational
mere exposure effect,britannica mere exposure effect definition,50,,,,
mere exposure effect,mere-exposure effect psychology,50,,,,
mere exposure effect,mere exposure effect attraction psychology,50,,,,
mere exposure effect,britannica mere exposure effect attraction,50,,,,
mere exposure effect,apa mere exposure effect definition,50,,,,
mere exposure effect,zajonc 1968 mere exposure effect review,50,,,,
mere exposure effect,bornstein 1989 meta-analysis mere exposure effect,50,,,,
mere exposure effect,zajonc 1968 mere exposure effect original paper,50,,,,
mere exposure effect,zajonc mere exposure effect,40,,,,informational
mere exposure effect,mere exposure effect meta-analysis bornstein 1989,40,,,,
mere exposure effect,robert zajonc mere exposure effect,40,,,,
mere exposure effect,the mere-exposure effect,40,43,,mere exposure effect,informational
mere exposure effect,mere exposure effect zajonc 1968 journal,40,,,,
mere exposure effect,mere exposure effect zajonc 1968,40,,,,
mere exposure effect,zajonc 1968 mere exposure effect paper pdf,40,,,,
mere exposure effect,examples of mere exposure effect,40,11,,mere exposure effect example,informational
mere exposure effect,mere exposure effect in relationships,40,,,,informational
mere exposure effect,zajonc mere exposure effect 1968,40,,,,
mere exposure effect,mere exposure effect wikipedia,40,,,,informational
mere exposure effect,apa mere exposure effect repeated exposure liking,40,,,,
mere exposure effect,britannica mere-exposure effect psychology,40,,,,informational
mere exposure effect,mere-exposure effect definition,30,,,,
mere exposure effect,mere exposure effect original study zajonc 1968,30,,,,
mere exposure effect,mere-exposure effect wikipedia,30,,,,informational
mere exposure effect,mere exposure effect diagram,30,,,,
mere exposure effect,apa mere exposure effect familiarity liking,30,,,,
mere exposure effect,define mere exposure effect,30,43,,mere exposure effect,informational
mere exposure effect,the mere exposure effect.,30,45,,mere exposure effect,informational
mere exposure effect,mere exposure effect marketing,30,11,,mere exposure effect advertising,informational
mere exposure effect,mere exposure effect social psychology,30,,,,
mere exposure effect,mere exposure effect robert zajonc,30,,,,
mere exposure effect,mere exposure effect zajonc 1968 summary,30,,,,
mere exposure effect,mere exposure effect zajonc 1968 original paper,30,,,,
mere exposure effect,mere exposure effect ap psych definition,30,,,,informational
mere exposure effect,zajonc 1968 mere exposure effect study,30,,,,informational
mere exposure effect,apa mere exposure effect,20,,,,
mere exposure effect,zajonc mere exposure effect 1968 review,20,,,,
mere exposure effect,mere exposure effect ap psychology example,20,,,,
mere exposure effect,mere exposure effect in psychology,20,,,,informational
mere exposure effect,bornstein 1989 mere exposure effect meta-analysis,20,,,,informational
mere exposure effect,apa mere exposure effect familiarity attraction,20,,,,
mere exposure effect,mere exposure effect ap psychology,20,9,,mere exposure effect ap psych,informational
mere exposure effect,mere exposure effect zajonc 1968 definition,20,,,,informational
mere exposure effect,example of mere exposure effect in psychology,20,42,,what is the mere exposure effect in psychology,informational
mere exposure effect,mere exposure effect attraction psychology review,20,,,,
mere exposure effect,mere exposure effect definition apa dictionary,20,,,,
mere exposure effect,the mere exposure effect is most dependent upon,20,,,,
mere exposure effect,mere exposure effect meaning,20,,,,informational
mere exposure effect,mere-exposure effect psychology definition,20,41,,what is the mere exposure effect in psychology,informational
mere exposure effect,mere exposure effect encyclopedia psychology,20,,,,
mere exposure effect,apa mere exposure effect familiarity preference,20,,,,
mere exposure effect,britannica mere-exposure effect,20,,,,informational
mere exposure effect,zajonc mere exposure effect 1968 paper,20,,,,
mere exposure effect,mere exposure effect definition britannica,20,,,,informational
mere exposure effect,mere exposure effect experiment,20,,,,informational
mere exposure effect,mere exposure effect advertising,20,21,,mere exposure effect advertising,informational
mere exposure effect,mere exposure effect zajonc 1968 study summary,20,,,,
mere exposure effect,mere exposure effect zajonc 1968 review pdf,20,,,,
infantilizing,infantilizing,8600,0,0.40,infantilize,informational
infantilizing,infantilizing meaning,3800,6,,infantilizing meaning,informational
infantilizing,infantilizing definition,500,5,,infantilizing meaning,informational
infantilizing,what does infantilizing mean,300,,,,informational
infantilizing,define infantilizing,150,6,,infantilize,informational
infantilizing,infantilizing synonym,60,0,0.07,infantilize synonym,informational
infantilizing,what is infantilizing,60,10,,infantilizing meaning,informational
infantilizing,infantilizing autism,60,0,,autism infantilization,informational
infantilizing,love on the spectrum infantilizing,40,0,,love on the spectrum infantilizing,informational
infantilizing,infantilizing examples,30,3,,infantilization examples,informational
infantilizing,what is infantilizing mean,30,,,,
infantilizing,self infantilizing,20,0,,self infantilizing,informational
infantilizing,definition of infantilizing,20,,,,
infantilizing,parents infantilizing adult children,20,,,,
infantilizing,infantilizing vs patronizing,10,,,,
infantilizing,infantilizing language,10,,,,
infantilizing,infantilizing.,10,,,,
infantilizing,infantilizing in a sentence,10,,,,
infantilizing,meaning of infantilizing,10,,,,
infantilizing,infantilizing adults,10,,,,informational
infantilizing,infantilizing pronunciation,10,,,,
infantilizing,infantilizing def,10,,,,
infantilizing,patronizing vs infantilizing,10,,,,
infantilizing,infantilizing parents,10,0,,infantilization by parents,informational
infantilizing,infantilizing yourself meaning,10,,,,
infantilizing,infantilizing women,10,,,,informational
infantilizing,infantilizing behavior,10,,,,
infantilizing,infantilizing adult children,10,,,,
infantilizing,infantilizing someone,10,,,,
infantilizing,infantilizing parent effects psychology,10,,,,
infantilizing,infantilizing yourself,10,0,,self infantilization,informational
infantilizing,psychological effects of infantilizing parents,10,,,,
infantilizing,infantilizing parent psychology effects,10,,,,
compartmentalization,compartmentalization,8400,5,0.03,compartmentalization,informational
compartmentalization,compartmentalization biology,900,1,,what is compartmentalization in biology,informational
compartmentalization,what is compartmentalization,900,0,,compartmentalizing,informational
compartmentalization,compartmentalization meaning,600,9,,compartmentalize,informational
compartmentalization,cell compartmentalization,500,0,0.20,cell compartmentalization,informational
compartmentalization,emotional compartmentalization,250,3,,compartmentalize,informational
compartmentalization,what is compartmentalization in biology,250,0,,what is compartmentalization in biology,informational
compartmentalization,compartmentalization definition,250,3,,compartmentalization,informational
compartmentalization,how do phospholipid molecules lead to compartmentalization of a cell,150,2,,how do phospholipid molecules lead to compartmentalization of a cell,informational
compartmentalization,compartmentalization examples,150,2,,compartmentalize meaning,informational
compartmentalization,why is compartmentalization important in eukaryotic cells,150,1,,cell compartmentalization,informational
compartmentalization,compartmentalization psychology,150,52,0.10,compartmentalize,informational
compartmentalization,is compartmentalization healthy,150,0,,compartmentalize meaning,informational
compartmentalization,mental compartmentalization,100,7,,compartmentalizing,informational
compartmentalization,compartmentalization in cells,100,1,,cell compartmentalization,informational
compartmentalization,what is compartmentalization in cells,100,1,,cell compartmentalization,informational
compartmentalization,compartmentalization meaning in biology,100,1,,cell compartmentalization,informational
compartmentalization,what is cell compartmentalization,100,1,,what is compartmentalization in biology,informational
compartmentalization,what does compartmentalization mean,90,22,,compartmentalize,informational
compartmentalization,why is compartmentalization important in cells,80,1,,cell compartmentalization,informational
compartmentalization,how does compartmentalization affect surface area,70,,,,informational
compartmentalization,what evolutionary advantage does compartmentalization of core metabolic processes offer eukaryotes?,70,0,,what evolutionary advantage does compartmentalization of core metabolic processes offer eukaryotes?,informational
compartmentalization,cellular compartmentalization,70,1,,compartmentalization biology,informational
compartmentalization,compartmentalization syndrome,70,42,,compartment syndrome,informational
compartmentalization,compartmentalization defense mechanism,70,0,,compartmentalize,informational
compartmentalization,compartmentalization ap bio,60,,,,informational
compartmentalization,apa dictionary compartmentalization psychology,60,,,,
compartmentalization,compartmentalization in eukaryotic cells,60,0,,origins of cell compartmentalization,informational
compartmentalization,how do phospholipids lead to compartmentalization of a cell,50,0,,how do phospholipid molecules lead to compartmentalization of a cell,informational
compartmentalization,is compartmentalization bad,50,,,,
compartmentalization,define compartmentalization,50,,,,informational
compartmentalization,compartmentalization in psychology,50,2,,compartmentalize,informational
compartmentalization,psychological compartmentalization,40,19,0.00,compartmentalization,informational
compartmentalization,what is compartmentalization in psychology,40,2,,compartmentalize,informational
compartmentalization,compartmentalization of decay in trees,40,,,,informational
compartmentalization,the membranous compartmentalization of a cell,40,0,,the membranous compartmentalization of a cell,informational
compartmentalization,tree compartmentalization,40,,,,informational
compartmentalization,compartmentalization meaning in psychology,40,,,,
compartmentalization,what is emotional compartmentalization,30,,,,
compartmentalization,compartmentalization in relationships,30,,2.00,,
compartmentalization,examples of compartmentalization,30,2,,compartmentalize examples,informational
compartmentalization,how does cell compartmentalization help a cell,30,0,,cell compartmentalization,informational
compartmentalization,liquid compartmentalization,30,,,,
compartmentalization,compartmentalization def,30,,,,
compartmentalization,compartmentalization.,30,,,,informational
compartmentalization,compartmentalization psychology definition,30,,,,informational
compartmentalization,compartmentalization in biology,30,0,,what is compartmentalization in biology,informational
compartmentalization,reservoir compartmentalization,30,,,,informational
compartmentalization,compartmentalization definition biology,30,0,,cell compartmentalization,informational
compartmentalization,compartmentalization cells,30,1,,cell compartmentalization,informational
compartmentalization,healthy compartmentalization,30,,,,informational
compartmentalization,definition of compartmentalization,30,,,,informational
compartmentalization,psychology compartmentalization,20,,,,informational
compartmentalization,compartmentalization in trees,20,,,,
compartmentalization,culper spy ring compartmentalization,20,,,,informational
compartmentalization,what is compartmentalization?,20,,,,
compartmentalization,emotional compartmentalization meaning,20,,,,
compartmentalization,compartmentalization defense mechanism example,20,1,,compartmentalize meaning,informational
compartmentalization,what is mental compartmentalization,20,,,,
compartmentalization,data compartmentalization,20,,,,
compartmentalization,switchgear compartmentalization,20,,,,
compartmentalization,brain compartmentalization,20,,,,informational
compartmentalization,compartmentalization example,20,18,,compartmentalization definition psychology,informational
compartmentalization,cognitive compartmentalization,20,,,,
compartmentalization,compartmentalization techniques,20,,,,
compartmentalization,opsec compartmentalization,20,,,,
compartmentalization,how does compartmentalization work,20,,,,informational
compartmentalization,compartmentalization vs dissociation,20,,,,
compartmentalization,compartmentalization defense mechanism psychology,20,,,,
compartmentalization,multifamily compartmentalization,20,,,,
compartmentalization,internal compartmentalization,20,0,,cell compartmentalization,informational
compartmentalization,compartmentalization bio,20,0,,cell compartmentalization,informational
compartmentalization,extreme compartmentalization,20,,,,
compartmentalization,how do phospholipids molecules lead to compartmentalization of a cell,20,1,,how do phospholipid molecules lead to compartmentalization of a cell,informational
compartmentalization,adhd compartmentalization,20,,,,
compartmentalization,example of compartmentalization,20,,,,informational
compartmentalization,benefits of compartmentalization in cells,20,,,,
compartmentalization,compartmentalization definition psychology,20,,,,informational
compartmentalization,what is compartmentalization in eukaryotic cells,20,0,,compartmentalization biology,informational
compartmentalization,what is the purpose of compartmentalization in cells,20,0,,what is compartmentalization in biology,informational
compartmentalization,do prokaryotes have compartmentalization,20,0,,what organelles do bacteria have,informational
compartmentalization,origins of cell compartmentalization,20,0,,cell compartmentalization,informational
compartmentalization,advantages of compartmentalization in eukaryotic cells,20,0,,advantages of compartmentalization in eukaryotic cells,informational
compartmentalization,benefits of compartmentalization,20,2,,how to compartmentalize emotions,informational
compartmentalization,dissociation vs compartmentalization,20,,,,informational
compartmentalization,compartmentalization of information,20,,,,
compartmentalization,over compartmentalization,20,,,,informational
compartmentalization,merriam-webster compartmentalization definition,20,,,,
compartmentalization,hyper compartmentalization,20,,,,informational
compartmentalization,compartmentalization in relationships psychology,10,,,,
compartmentalization,organelles and compartmentalization,10,,,,
compartmentalization,eukaryotic compartmentalization,10,,,,
compartmentalization,apa compartmentalization defense mechanism,10,,,,
compartmentalization,compartmentalization skills,10,,,,
compartmentalization,nuclear compartmentalization,10,,,,informational
compartmentalization,qubes os security by compartmentalization,10,,,,
compartmentalization,qubes os compartmentalization diagram,10,,,,
compartmentalization,compartmentalization coping mechanism,10,,,,informational
compartmentalization,books on compartmentalization,10,,,,
compartmentalization,identity compartmentalization,10,,,,
passive aggressive behavior,passive aggressive behavior,8300,37,0.02,passive aggressive behavior,informational
passive aggressive behavior,what is passive aggressive behavior,2000,63,0.02,passive aggressive meaning,informational
passive aggressive behavior,examples of passive aggressive behavior,500,3,0.02,what is passive aggressive,informational
passive aggressive behavior,passive-aggressive behavior,300,37,0.02,passive aggressive,informational
passive aggressive behavior,passive aggressive behavior examples,250,1,0.02,passive aggressive meaning,informational
passive aggressive behavior,example of passive aggressive behavior,200,0,0.02,passive aggressive,informational
passive aggressive behavior,definition of passive aggressive behavior,200,15,0.04,passive aggressive meaning,informational
passive aggressive behavior,define passive aggressive behavior,200,18,0.02,passive aggressive meaning,informational
passive aggressive behavior,signs of passive aggressive behavior,150,1,0.03,signs of passive aggressive behavior,informational
passive aggressive behavior,passive aggressive behavior in relationships,150,3,0.02,what does passive aggressive mean,informational
passive aggressive behavior,treatment for passive aggressive behavior,100,10,0.04,passive aggressive therapy,informational
passive aggressive behavior,what causes passive aggressive behavior,100,7,0.02,causes of passive aggressive behavior,informational
passive aggressive behavior,dealing with passive aggressive behavior,90,22,0.10,how to deal with passive aggressive people,informational
passive aggressive behavior,what does passive aggressive behavior mean,80,,0.02,,informational
passive aggressive behavior,passive aggressive behavior at work,80,0,0.04,passive aggressive behavior in the workplace,informational
passive aggressive behavior,passive aggressive behavior definition,70,17,0.02,passive aggressive meaning,informational
passive aggressive behavior,what is passive aggressive behavior examples,70,11,0.04,what is passive aggressive,informational
passive aggressive behavior,how to deal with passive aggressive behavior,70,12,0.02,how to deal with passive aggressive people,informational
passive aggressive behavior,how to respond to passive aggressive behavior,70,1,0.02,why are people passive aggressive,informational
passive aggressive behavior,meaning of passive aggressive behavior,60,,0.02,,informational
passive aggressive behavior,what are examples of passive aggressive behavior,60,,0.04,,informational
passive aggressive behavior,passive aggressive behavior in the workplace,60,2,0.05,passive aggressive in the workplace,informational
passive aggressive behavior,how to handle passive aggressive behavior,60,7,0.02,how to deal with passive aggressive people,informational
passive aggressive behavior,passive-aggressive behavior definition,60,,,,
passive aggressive behavior,apa passive-aggressive behavior definition,60,,,,
passive aggressive behavior,passive-aggressive behavior examples,50,,,,informational
passive aggressive behavior,definition of passive-aggressive behavior,50,,,,informational
passive aggressive behavior,passive aggressive behavior meaning,50,,0.03,,informational
passive aggressive behavior,what is an example of passive aggressive behavior,50,5,0.04,passive aggressive,informational
passive aggressive behavior,explain passive aggressive behavior,50,,0.04,,informational
passive aggressive behavior,examples of passive-aggressive behavior,40,,,,informational
passive aggressive behavior,what is passive-aggressive behavior,40,20,0.04,passive aggressive meaning,informational
passive aggressive behavior,what is passive aggressive behavior?,40,,,,
passive aggressive behavior,causes of passive aggressive behavior,40,10,,passive aggressive,informational
passive aggressive behavior,mayo clinic passive aggressive behavior,30,,,,
passive aggressive behavior,how to overcome passive aggressive behavior,30,1,0.10,passive aggressive treatment,informational
passive aggressive behavior,passive aggressive controlling behavior,30,,,,informational
passive aggressive behavior,what causes passive-aggressive behavior,30,,,,informational
passive aggressive behavior,types of passive aggressive behavior,30,9,,passive aggressive,informational
passive aggressive behavior,passive and aggressive behavior,30,,,,informational
passive aggressive behavior,passive aggressive behavior signs,30,,,,informational
passive aggressive behavior,what is a passive aggressive behavior,30,,0.04,,
passive aggressive behavior,passive aggressive behavior in marriage,30,0,0.02,passive aggressive husband,informational
passive aggressive behavior,describe passive aggressive behavior,30,,0.02,,informational
passive aggressive behavior,manage passive aggressive behavior,30,,,,
passive aggressive behavior,funny quotes about passive aggressive behavior,30,,,,informational
passive aggressive behavior,what does passive aggressive behavior look like,30,5,,signs of passive aggression,informational
passive aggressive behavior,passive aggressive behavior signs relationships,20,,,,informational
passive aggressive behavior,give me an example of passive aggressive behavior,20,,,,
passive aggressive behavior,is passive aggressive behavior abusive,20,5,,passive abuse,informational
passive aggressive behavior,phubbing passive-aggressive behavior,20,,,,
passive aggressive behavior,passive aggressive employee behavior,20,,,,informational
passive aggressive behavior,passive aggressive behavior in a relationship,20,,,,informational
passive aggressive behavior,signs of passive-aggressive behavior,20,,0.02,,informational
passive aggressive behavior,passive aggressive behavior meme,20,,,,
passive aggressive behavior,passive aggressive behavior workplace examples,20,,,,
passive aggressive behavior,how to address passive aggressive behavior,20,15,0.05,how to deal with passive aggressive people,informational
passive aggressive behavior,characteristics of passive aggressive behavior,20,,,,informational
passive aggressive behavior,examples of passive aggressive behavior at work,20,,0.03,,informational
passive aggressive behavior,how to recognize passive aggressive behavior,20,,,,informational
passive aggressive behavior,passive aggressive narcissistic behavior,20,,,,
passive aggressive behavior,passive aggressive behavior definition examples,20,,,,informational
passive aggressive behavior,passive aggressive behavior psychology,20,,,,
passive aggressive behavior,examples of passive aggressive toxic behavior,20,,,,
passive aggressive behavior,passive aggressive behavior definition psychology,20,,,,
passive aggressive behavior,mayo clinic passive-aggressive behavior,20,,,,informational
passive aggressive behavior,opposite of passive aggressive behavior,20,,,,informational
passive aggressive behavior,passive aggressive behavior in men,20,,,,informational
passive aggressive behavior,passive aggressive behavior characteristics,20,,,,
passive aggressive behavior,where does passive aggressive behavior come from,20,4,,passive aggressive,informational
passive aggressive behavior,what is passive-aggressive behavior?,20,,,,
passive aggressive behavior,passive aggressive behavior workplace,20,,,,informational
passive aggressive behavior,nhs passive aggressive behavior definition,20,,,,
passive aggressive behavior,how to stop passive aggressive behavior,20,9,0.03,passive aggressive,informational
passive aggressive behavior,aggressive passive behavior,20,,,,informational
passive aggressive behavior,passive aggressive behavior example,20,,,,informational
passive aggressive behavior,passive-aggressive behavior definition psychology,20,,,,
passive aggressive behavior,how to fix passive aggressive behavior,20,1,0.02,passive aggressive,informational
passive aggressive behavior,how to identify passive aggressive behavior,20,10,,signs of passive aggression,informational
passive aggressive behavior,how to deal with passive-aggressive behavior,20,,,,informational
passive aggressive behavior,how to combat passive aggressive behavior,20,8,0.02,what is passive aggressive,informational
passive aggressive behavior,how to address passive aggressive behavior in the workplace,20,2,0.15,how to deal with passive aggressive coworkers,informational
passive aggressive behavior,causes of passive-aggressive behavior,20,,,,informational
passive aggressive behavior,how to change passive aggressive behavior,20,0,0.02,passive aggressive,informational
passive aggressive behavior,how to treat passive aggressive behavior,10,,0.08,,informational
passive aggressive behavior,phubbing passive aggressive behavior,10,,,,
passive aggressive behavior,passive aggressive behavior manipulation tactics,10,,,,
passive aggressive behavior,passive aggressive behavior treatment,10,,,,informational
passive aggressive behavior,identifying passive-aggressive behavior,10,,,,informational
passive aggressive behavior,narcissism and passive aggressive behavior,10,,0.04,,informational
passive aggressive behavior,silent treatment passive aggressive behavior,10,,,,informational
passive aggressive behavior,passive aggressive behavior symptoms,10,15,,,informational
passive aggressive behavior,give examples of passive aggressive behavior,10,,,,
passive aggressive behavior,how passive aggressive behavior affects others,10,,,,
passive aggressive behavior,how to counter passive aggressive behavior,10,,,,
passive aggressive behavior,calling out passive aggressive behavior,10,,,,
passive aggressive behavior,cleveland clinic passive-aggressive behavior,10,,,,
passive aggressive behavior,passive-aggressive behavior research,10,,,,
passive aggressive behavior,mayo clinic passive aggressive behavior signs,10,,,,
passive aggressive behavior,symptoms of passive aggressive behavior,10,,0.15,,informational
grey rocking,grey rocking,8200,0,0.02,grey rock method,informational
grey rocking,what is grey rocking,2600,0,0.02,gray rock method,informational
grey rocking,grey rocking meaning,1500,51,0.01,gray rock method,informational
grey rocking,grey rocking method,1500,11,0.02,grey rock method,informational
grey rocking,grey rocking chair,150,0,0.35,grey nursing chair,"commercial,transactional"
grey rocking,grey rocking definition,100,22,,grey rock method,informational
grey rocking,what is grey rocking someone,100,12,,grey rock method,informational
grey rocking,grey rocking examples,100,2,,grey rock method examples,informational
grey rocking,grey rocking a narcissist,100,14,,grey rock technique,informational
grey rocking,grey-rocking,60,11,,gray rock method,informational
grey rocking,stonewalling vs grey rocking,60,,,,
grey rocking,grey rocking technique,60,10,,grey rock method,informational
grey rocking,grey rocking vs stonewalling,50,,,,
grey rocking,define grey rocking,50,24,,grey rock method,informational
grey rocking,what does grey rocking someone mean,50,30,0.01,grey rocking method,informational
grey rocking,is grey rocking abuse,50,,,,
grey rocking,what does grey rocking mean,50,0,,gray rock method,informational
grey rocking,grey rocking recliner,40,0,0.60,gray recliner rocker,"commercial,transactional"
grey rocking,whats grey rocking,40,9,,grey rock method,informational
grey rocking,what is grey rocking method,40,,,,
grey rocking,grey rocking narcissist,30,4,0.03,grey rocking a narcissist,informational
grey rocking,what is grey rocking?,30,19,,grey rock method,informational
grey rocking,grey rocking at work,30,,,,
grey rocking,grey rocking recliner chair,20,,,,"commercial,transactional"
grey rocking,grey outdoor rocking chair,20,0,0.45,rocking chairs,"commercial,transactional"
grey rocking,rocking chair grey,20,0,,grey rocking chair,"commercial,transactional"
grey rocking,what is grey rocking in a relationship,20,,,,
grey rocking,quax rocking nursing chair sand grey reviews,20,,,,
grey rocking,grey rocking phrases,20,,,,
grey rocking,grey rocking.,20,,,,"commercial,transactional"
grey rocking,grey rocking chair recliner,20,,,,"commercial,transactional"
grey rocking,examples of grey rocking,20,18,,grey rock method examples,informational
grey rocking,grey rocking chair nursery,20,0,0.60,gray rocking chair nursery,"commercial,transactional"
grey rocking,grey nursery rocking chair,10,0,0.30,gray rocking chair,"commercial,transactional"
grey rocking,grey rocking someone,10,5,,grey rock method,informational
grey rocking,grey rocking parents,10,,,,
grey rocking,does grey rocking work,10,,,,
grey rocking,grey rocking chair outdoor,10,,,,"commercial,transactional"
grey rocking,grey rocking responses,10,,,,
grey rocking,grey rocking chairs,10,,,,
grey rocking,is grey rocking emotional abuse,10,,,,
grey rocking,dark grey rocking chair,10,0,0.25,grey nursing chair,"commercial,transactional"
grey rocking,grey rocking techniques,10,,,,
grey rocking,grey rocking chair for nursery,10,0,0.30,grey rocking chair nursery,"commercial,transactional"
grey rocking,dark grey dapple rocking horse,10,,,,
grey rocking,light grey rocking chair,10,0,0.45,grey nursing chair,"commercial,transactional"
grey rocking,definition of grey rocking,10,,,,informational
grey rocking,grey rocking chair with footstool,10,,,,
grey rocking,what is grey rocking a narcissist,10,10,,grey rocking,informational
grey rocking,grey rocking psychology,10,,,,
grey rocking,dapple grey rocking horse,10,,,,"informational,commercial"
grey rocking,grey rocking chair cushions,10,,0.25,,"commercial,transactional"
grey rocking,what's grey rocking,10,11,,grey rock method,informational
grey rocking,grey and white rocking chair,10,,0.35,,"commercial,transactional"
grey rocking,what is grey rocking technique,10,,,,
grey rocking,grey wicker rocking chair,10,,0.50,,"commercial,transactional"
grey rocking,white and grey rocking chair,10,,,,
grey rocking,grey rocking bpd,10,,,,informational
grey rocking,what is grey rocking mean,10,,,,informational
fear of failure,fear of failure,7900,0,0.10,fear of failure,informational
fear of failure,fear of failure phobia,1100,26,0.02,what is atychiphobia,informational
fear of failure,how to deal with fear of failure,900,0,0.20,how to deal with fear of failure,informational
fear of failure,what is the fear of failure called,700,22,,atychiphobia,informational
fear of failure,how to overcome fear of failure,700,12,0.06,how to deal with fear of failure,informational
fear of failure,the fear of failure,450,5,0.06,fear of failure,informational
fear of failure,fear of failure quotes,250,1,0.02,fear of failure quotes,informational
fear of failure,quotes about the fear of failure,200,,0.03,,informational
fear of failure,what is the fear of failure,200,17,0.10,what is atychiphobia,informational
fear of failure,overcoming fear of failure,150,9,0.08,how to overcome fear of failure,informational
fear of failure,nhs perfectionism procrastination fear of failure,150,,,,informational
fear of failure,what is fear of failure,150,1,0.10,fear of failure,informational
fear of failure,apa perfectionism procrastination fear of failure,100,,,,informational
fear of failure,nhs procrastination perfectionism fear of failure,100,,,,informational
fear of failure,fear of failure name,100,31,0.15,fear of failure,informational
fear of failure,apa procrastination perfectionism fear of failure,100,,,,
fear of failure,apa procrastination fear of failure perfectionism,100,,,,
fear of failure,quotes about fear of failure,80,1,0.04,fear of failure quotes,informational
fear of failure,fear of being a failure,80,16,,fear of failure,informational
fear of failure,how to get over fear of failure,70,12,0.06,how to overcome fear of failure,informational
fear of failure,fear of failure symptoms,70,4,,fear of failure,informational
fear of failure,fear of success vs fear of failure,60,0,,fear of success vs fear of failure,informational
fear of failure,how to overcome fear of failure as a student,60,0,2.00,how to overcome fear of failure as a student,informational
fear of failure,how to overcome the fear of failure,60,9,0.80,how to deal with fear of failure,informational
fear of failure,fear of failure procrastination,60,1,,procrastination,informational
fear of failure,fear of failure drawing,60,0,,art fear of failure,informational
fear of failure,overcome fear of failure,60,11,0.08,how to deal with fear of failure,informational
fear of failure,what is fear of failure called,50,16,,fear of failure,informational
fear of failure,fear of failure phobia name,50,31,,fear of failure,informational
fear of failure,ocd fear of failure,50,0,,ocd fear of failure,informational
fear of failure,fear of failure slides,50,,,,
fear of failure,how to manage fear of failure,50,,,,
fear of failure,fear of failure in students,40,4,,how to overcome fear of failure as a student,informational
fear of failure,fear of failure procrastination review pmc,40,,,,
fear of failure,adhd fear of failure,40,0,7.00,rejection sensitive dysphoria,informational
fear of failure,fear of failure in sports,40,0,,fear of failure in sports,informational
fear of failure,apa procrastination fear of failure article,40,,,,
fear of failure,nhs procrastination fear of failure perfectionism,40,,,,
fear of failure,word for fear of failure,40,17,,fear of failure,informational
fear of failure,fear of failure psychology,40,6,,fear of failure,informational
fear of failure,how to get over the fear of failure,40,12,0.80,how to overcome fear of failure,informational
fear of failure,how to overcome fear of failure in sports,40,,,,informational
fear of failure,nhs perfectionism fear of failure avoidance,40,,,,
fear of failure,fear of failure definition,40,18,,fear of failure,informational
fear of failure,apa procrastination fear of failure avoidance,30,,,,
fear of failure,fear of failure quote,30,1,,fear of failure quotes,informational
fear of failure,the fear of failure phobia,30,3,,fear of failure,informational
fear of failure,perfectionism and fear of failure,30,0,,fear of failure and perfectionism,informational
fear of failure,fear of failure images,30,0,,fear of failure images,"informational,commercial"
fear of failure,where does fear of failure come from,30,19,,fear of failure,informational
fear of failure,fear of failure predicts procrastination study,30,,,,
fear of failure,fear of failure word,30,,,,informational
fear of failure,what causes fear of failure,30,23,,fear of failure,informational
fear of failure,fear of failure meaning,30,4,,fear of failure,informational
fear of failure,what phobia is fear of failure,30,16,,fear of failure,informational
fear of failure,a strong fear of failure leads to positive thinking.,30,0,,a strong fear of failure leads to positive thinking.,informational
fear of failure,fear of failure vs fear of success,30,0,,fear of success vs fear of failure,informational
fear of failure,how to overcome a fear of failure,30,10,0.80,how to deal with fear of failure,informational
fear of failure,nhs perfectionism avoidance fear of failure,30,,,,
fear of failure,overcoming the fear of failure,30,17,1.00,how to deal with fear of failure,informational
fear of failure,fear of failure synonym,20,0,,fear of failure synonym,informational
fear of failure,what's the fear of failure called,20,14,,atychiphobia,informational
fear of failure,fear of failure or rejection,20,,,,
fear of failure,fear of failure hypnosis,20,,,,informational
fear of failure,nhs perfectionism fear of failure,20,,,,
fear of failure,fear of failure and procrastination,20,1,,fear of failure and procrastination,informational
fear of failure,fear of failure adhd,20,,,,
fear of failure,quotes for fear of failure,20,,1.50,,
fear of failure,how to get over your fear of failure,20,,,,
fear of failure,how to eliminate fear of failure,20,,,,informational
fear of failure,fear of failure is called,20,,,,informational
fear of failure,fear of failure illustration,20,,,,"informational,commercial"
fear of failure,apa procrastination fear of failure,20,,,,
fear of failure,crippling fear of failure,20,4,,crippling fear of failure,informational
fear of failure,fear of failure procrastination review,20,,,,
fear of failure,what's the fear of failure,20,17,,fear of failure,informational
fear of failure,fear of failure leads to procrastination research,20,,,,informational
fear of failure,whats the fear of failure,20,,,,
fear of failure,peter pan syndrome fear of failure,20,,,,
fear of failure,procrastination fear of failure,20,1,,procrastination fear of failure,informational
fear of failure,our greatest fear should not be of failure,20,0,,our greatest fear should not be of failure,informational
fear of failure,the fear of being a failure,20,20,,fear of failure,informational
fear of failure,rwanda gem fear of failure entrepreneurship,20,,,,informational
fear of failure,quote about fear of failure,20,2,,fear of failure quotes,informational
fear of failure,overcoming fear of failure quotes,20,2,,fear of failure quotes,informational
fear of failure,irrational fear of failure,20,14,,fear of failure,informational
fear of failure,intense fear of failure,20,,,,
fear of failure,extreme fear of failure,20,16,,fear of failure,informational
fear of failure,how to overcome fear of failure in business,20,,,,
fear of failure,why do i have a fear of failure,20,27,,fear of failure,informational
fear of failure,fear of failure examples,20,20,,fear of failure,informational
fear of failure,atychiphobia fear of failure,20,,,,informational
fear of failure,fear of failure art,20,0,,fear of failure art,informational
fear of failure,fear of failure procrastination research,20,,,,
fear of failure,fear of failure prevents success quote,20,,,,
fear of failure,how to get rid of fear of failure,20,11,4.50,how to deal with fear of failure,informational
fear of failure,overcome the fear of failure,20,11,1.00,how to deal with fear of failure,informational
fear of failure,quotes on fear of failure,20,1,,fear of failure quotes,informational
fear of failure,fear of failure anxiety,20,14,,fear of failure,informational
fear of failure,what is the fear of being a failure,20,26,,fear of failure,informational
the ick,the ick,7800,0,0.01,the ick,informational
the ick,what is the ick,2100,0,0.01,what is the ick,informational
the ick,the ick meaning,1700,9,0.02,ick meaning,informational
the ick,the ick movie,400,10,,ick movie,informational
the ick,the ick app,350,,4.50,,"informational,commercial,transactional"
the ick,what is the ick in dating,200,4,0.02,getting the ick,informational
the ick,what is the ick in a relationship,200,0,0.01,what is the ick,informational
the ick,the ick list,150,0,0.20,icks,informational
the ick,gives me the ick,150,0,,what is the ick in dating,informational
the ick,getting the ick,150,2,0.02,gives me the ick,informational
the ick,the ick fish,150,1,2.00,ick on fish,informational
the ick,why do i get the ick so easily,100,0,0.01,why do i get the ick so easily,informational
the ick,the ick examples,100,1,0.01,icks,informational
the ick,give me the ick,90,2,,what is the ick,informational
the ick,he gave me the ick,90,2,0.10,he gave me the ick,informational
the ick,my husband gives me the ick,90,0,0.02,my husband gives me the ick,informational
the ick,7 little johnstons the rain is giving me the ick,80,,,,informational
the ick,what does the ick mean,60,8,0.01,ick meaning,informational
the ick,getting the ick meaning,60,2,,ick meaning,informational
the ick,the chicken ick phenomenon,60,,,,informational
the ick,giving me the ick,60,1,,gives me the ick,informational
the ick,stick with the ick,60,,,,
the ick,the ick in fish,50,0,,ich fish,informational
the ick,get the ick,50,1,,gives me the ick,"informational,commercial"
the ick,what is the ick mean,50,0,0.02,ick meaning,informational
the ick,get the ick game,50,,,,
the ick,what does the ick look like on fish,40,4,,what does ich look like on a fish,informational
the ick,the ick fish disease,40,11,,fish ick,informational
the ick,what does getting the ick mean,40,3,,what is the ick,informational
the ick,whats the ick mean,40,3,,ick meaning,informational
the ick,whats the ick,40,5,0.01,ick meaning,informational
the ick,i got the ick,40,1,0.03,getting the ick,informational
the ick,get the ick meaning,40,5,,ick meaning,informational
the ick,got the ick,40,1,,what is the ick in dating,informational
the ick,things that give people the ick,40,1,,icks,informational
the ick,what is the ick in fish,40,0,,fish ich,informational
the ick,the ick on fish,40,0,,ick on fish,informational
the ick,fish with the ick,40,1,,ick on fish,informational
the ick,why do i het the ick seeing my gf work out,30,,,,
the ick,what gives you the ick,30,1,,what gives you the ick,informational
the ick,my boyfriend gives me the ick,30,0,,he gave me the ick,informational
the ick,words with ick at the end,30,0,,words that end in ick,informational
the ick,you give me the ick,30,3,,what is the ick,informational
the ick,what is the ick for fish,30,,,,
the ick,why do i get the ick when someone likes me,30,0,,why do i get the ick when someone likes me,informational
the ick,he gives me the ick,30,,,,
the ick,why do i get the ick with every guy,30,0,,why do i get the ick so easily,informational
the ick,my husbamd gives me the ick,30,,,,
the ick,what is the ick?,30,3,,what is the ick,informational
the ick,the ick in a long-term relationship,30,0,,the ick in a long-term relationship,informational
the ick,the ick face,30,,,,
the ick,gets the ick,30,,,,informational
the ick,the one with the ick factor,30,0,,the one with the ick factor,informational
the ick,how do fish get the ick,30,0,,ick on fish,informational
the ick,what is the ick in running point,30,,,,
the ick,the ick meme,30,0,,ick meme,"informational,commercial"
the ick,the ick in a long term relationship,20,,,,informational
the ick,how to not get the ick,20,0,,how to not get the ick,informational
the ick,the ick factor,20,9,,the ick factor,informational
the ick,husband gives me the ick,20,,,,
the ick,it gives me the ick,20,,,,
the ick,the ick io,20,,,,"navigational,informational"
the ick,all stick without the ick,20,,,,
the ick,you give me the ick shirt,20,0,,you give me the ick shirt,"commercial,transactional"
the ick,the ick definition,20,12,,ick meaning,informational
the ick,what does it mean when someone gives you the ick,20,,,,
the ick,why does.sexting.give me the ick,20,,,,
the ick,fish the ick,20,,0.80,,
the ick,boyfriend gives me the ick,20,,,,
the ick,gives me the ick meaning,20,6,,ick meaning,informational
the ick,5 letter word with ick at the end,20,,,,
the ick,do guys get the ick,20,2,,do guys get the ick,informational
the ick,things that give me the ick,20,1,,the ick examples,informational
the ick,gave me the ick,20,,,,informational
the ick,i have the ick with my husband,20,1,0.01,my husband gives me the ick,informational
the ick,examples of the ick,20,0,,icks,informational
the ick,getting the ick from boyfriend,20,,,,informational
the ick,the ick website,20,,,,
the ick,what is the chicken ick,20,,,,
the ick,p ick the odds,20,,,,informational
the ick,5 letter words with ick at the end,20,,,,informational
the ick,is it normal to get the ick from your boyfriend,20,,,,informational
the ick,the ick show,20,,,,
the ick,the ick (@submityourick),20,,,,"navigational,informational"
the ick,why does my boyfriend give me the ick,20,,,,
the ick,do men get the ick,20,,,,informational
the ick,things that give girls the ick,20,1,,icks,informational
the ick,spongebob the ick,20,0,,spongebob ick,informational
the ick,give me the ick meaning,20,1,,ick meaning,informational
the ick,what does it mean to get the ick,20,2,,what is the ick,informational
the ick,the ick spongebob,20,0,,spongebob ick,informational
the ick,i get the ick so easily,20,,,,informational
the ick,what is getting the ick,20,1,,gives me the ick,informational
the ick,how to get over the ick,20,0,0.01,how to get over the ick,informational
the ick,why do i get the ick from nice guys,20,,,,
the ick,i get the ick so fast,10,,,,
the ick,giving someone the ick,10,,,,
the ick,got the ick meaning,10,3,,ick meaning,informational
the ick,the little book of ick,10,,,,"informational,commercial,transactional"
the ick,the ick app free,10,,,,
fawn response,fawn response,7700,0,0.04,fawn response,informational
fawn response,fawn trauma response,3300,0,0.06,fawn response,informational
fawn response,fawn stress response,2100,1,0.01,fawn response,informational
fawn response,fawn response meaning,1500,45,0.03,what is fawning,informational
fawn response,what is fawn response,1000,0,0.01,fawn response,informational
fawn response,what is a fawn response,800,13,0.04,fawn trauma response,informational
fawn response,what is the fawn response,450,0,0.06,fawn response,informational
fawn response,fawn response to trauma,450,18,0.03,fawn response,informational
fawn response,the fawn response,350,15,0.05,fawn response,informational
fawn response,stress response fawn,300,23,0.03,fawn response,informational
fawn response,the fawn response in adulthood,250,12,0.20,fawn response,informational
fawn response,fawn response trauma,200,22,0.60,fawn response,informational
fawn response,fawn fear response,200,13,0.02,fawn trauma response,informational
fawn response,fight flight freeze fawn response,150,13,0.15,fight flight freeze fawn,informational
fawn response,fawn response adhd,150,0,1.00,fawn response adhd,informational
fawn response,freeze fawn response,150,7,0.02,complex ptsd freeze response,informational
fawn response,fawn response examples,150,6,,fawning definition,informational
fawn response,fawn as a stress response,150,,,,informational
fawn response,define fawn response,100,25,,what is fawning,informational
fawn response,trauma response fawn,100,14,0.40,fawn trauma response,informational
fawn response,what is the fawn trauma response,100,6,0.05,fawn response,informational
fawn response,is fawn a stress response,100,,,,informational
fawn response,fawn response to stress,90,14,,fawn response,informational
fawn response,how to heal the fawn response,90,4,,how to stop fawning,informational
fawn response,fawn stress response meaning,90,,,,
fawn response,fawn response plushie dreadful,90,,,,
fawn response,how is fawn a stress response,90,,,,
fawn response,fawn and flee response,80,21,0.07,fight flight freeze fawn,informational
fawn response,cleveland clinic fawn response trauma,80,,,,
fawn response,what is fawn trauma response,80,17,0.05,fawn response,informational
fawn response,fawn trauma response meaning,80,19,,fawn response,informational
fawn response,fawn survival response,80,13,,fawn trauma response,informational
fawn response,fawn freeze response,70,10,,fight flight freeze fawn,informational
fawn response,what does fawn response mean,70,0,,fawn response,informational
fawn response,what is the fawn response to trauma,70,17,,fawn response,informational
fawn response,fight flight freeze fawn trauma response,70,13,0.90,fight flight freeze fawn flop,informational
fawn response,fawn response to narcissistic abuse,70,0,,fawn response to narcissistic abuse,informational
fawn response,freeze or fawn response,70,11,,fight flight fawn,informational
fawn response,whats a fawn response,60,8,,fawn response,informational
fawn response,fawn as a trauma response,60,22,,fawn trauma response,informational
fawn response,what is a fawn trauma response,60,18,,fawn trauma response,informational
fawn response,fawn response definition,60,28,,fawning,informational
fawn response,freeze and fawn response,60,13,0.02,fight flight freeze fawn,informational
fawn response,sexual fawn response,50,,,,
fawn response,fight flight freeze or fawn response,50,16,,fight flight freeze,informational
fawn response,cleveland clinic fawn trauma response,50,,,,
fawn response,trauma response fight flight freeze fawn,50,13,0.40,fight flight freeze fawn,informational
fawn response,fawn response in relationships,50,0,,what is fawning in a relationship,informational
fawn response,whats the fawn response,50,,,,
fawn response,fawn nervous system response,50,23,,fawn response,informational
fawn response,what causes fawn trauma response,40,10,,fawn response,informational
fawn response,fawn and freeze response,40,12,,fight flight freeze fawn,informational
fawn response,fawn response trauma people pleasing,40,,,,
fawn response,nhs fawn response trauma,40,,,,
fawn response,what is the fawn response in fight or flight,40,,,,informational
fawn response,how to stop fawn response,40,1,,how to stop fawning,informational
fawn response,trauma fawn response,40,21,,fawn trauma response,informational
fawn response,what does fawn mean as a trauma response,40,,,,informational
fawn response,trauma and fear response fawn,40,13,0.40,fawn response,informational
fawn response,freeze vs fawn response,40,,,,
fawn response,dominant response fawn,40,14,,fawn response,informational
fawn response,how to get out of fawn response,40,1,,how to stop fawning,informational
fawn response,fawn vs freeze response,40,23,,fight flight freeze fawn,informational
fawn response,pete walker fawn response,40,26,,pete walker fawn response,informational
fawn response,cleveland clinic fawn response trauma response,40,,,,
fawn response,stress response fight flight freeze fawn,30,14,,fight flight freeze fawn,informational
fawn response,fawn response psychology,30,,,,
fawn response,what is fawn response to trauma,30,,,,
fawn response,what's a fawn response,30,,,,
fawn response,what's fawn response,30,8,,fawn response,informational
fawn response,fawn response sexual assault,30,,,,
fawn response,fawn response trauma psychology,30,,,,
fawn response,ptsd fawn response,30,11,,fawn response,informational
fawn response,what causes fawn response,30,12,,fawn response,informational
fawn response,definition of fawn response,30,,,,
fawn response,fawn response trauma definition,30,,,,informational
fawn response,the fawn response in adults,30,17,,fawn response,informational
fawn response,cleveland clinic fawn response people pleasing,30,,,,
fawn response,fawn response explained,30,,,,
fawn response,what is a fawn response to trauma,30,,,,
fawn response,plushie dreadfuls fawn response,30,,,,
fawn response,sexual assault fawn response,30,,,,informational
fawn response,fawn trauma response definition,30,,,,informational
fawn response,a fawn response,30,,,,
fawn response,examples of fawn response,20,10,,fawn response,informational
fawn response,the fawn trauma response,20,11,,fawn response,informational
fawn response,freeze/fawn response,20,,,,
fawn response,fawn response sa,20,,,,informational
fawn response,fawn response -ai,20,,,,informational
fawn response,trauma response fawn meaning,20,20,,fawn response,informational
fawn response,fight flight freeze fawn trauma response source,20,,,,
fawn response,fawn trauma response test,20,0,0.10,fawn trauma response test,informational
fawn response,what does the fawn response look like,20,,,,
fawn response,fawn response plushie,20,,,,
fawn response,fawn response symptoms,20,8,,fight flight freeze fawn flop,informational
fawn response,fawn fear response meaning,20,,,,
fawn response,fawn response to sexual assault,20,,,,
fawn response,fawn emotional response,20,,,,
fawn response,fawn response trauma pete walker,20,,,,informational
fawn response,what is fawn stress response,20,,,,
commitment issues,commitment issues,7300,0,0.06,do i have commitment issues,informational
commitment issues,commitment issues meaning,800,10,0.01,commitment issues meaning,informational
commitment issues,what are commitment issues,600,22,0.03,what are commitment issues,informational
commitment issues,why do i have commitment issues,300,0,0.07,why do i have commitment issues,informational
commitment issues,what is commitment issues,200,0,0.01,commitment issues meaning,informational
commitment issues,signs of commitment issues,200,2,0.02,commitment issues,informational
commitment issues,do i have commitment issues,200,0,0.20,do i have commitment issues,informational
commitment issues,what causes commitment issues,150,3,0.02,why do i have commitment issues,informational
commitment issues,how to fix commitment issues,150,2,0.04,how to fix commitment issues,informational
commitment issues,what does commitment issues mean,100,1,,commitment issues meaning,informational
commitment issues,why do people have commitment issues,100,3,0.02,commitment issues meaning,informational
commitment issues,commitment issues test,100,0,0.45,am i ready for a relationship quiz,informational
commitment issues,how to get over commitment issues,90,0,0.03,how to get over commitment issues,informational
commitment issues,what does it mean to have commitment issues,80,1,,commitment issues meaning,informational
commitment issues,commitment issues signs,80,0,0.15,commitment issues,informational
commitment issues,i have commitment issues,70,0,0.15,commitment issues,informational
commitment issues,signs you have commitment issues,70,0,0.02,do i have commitment issues,informational
commitment issues,commitment issues in a relationship,70,0,0.04,commitment issues,informational
commitment issues,men with commitment issues,60,0,,why are men afraid of commitment,informational
commitment issues,adhd and commitment issues,60,2,,adhd and commitment issues,informational
commitment issues,commitment issues in females,60,0,,commitment issues in females,informational
commitment issues,where do commitment issues come from,60,0,,commitment issues meaning,informational
commitment issues,commitment issues definition,60,7,,commitment issues meaning,informational
commitment issues,how to deal with commitment issues,50,1,0.25,how to fix commitment issues,informational
commitment issues,do i have commitment issues quiz,50,0,0.40,am i ready for a relationship quiz,informational
commitment issues,how to overcome commitment issues,50,0,0.30,how to fix commitment issues,informational
commitment issues,dating someone with commitment issues,40,2,,dating someone with commitment issues,informational
commitment issues,commitment issues symptoms,40,7,0.15,commitment issues,informational
commitment issues,songs about commitment issues,40,0,,songs about commitment issues,informational
commitment issues,how to know if you have commitment issues,40,2,0.09,do i have commitment issues,informational
commitment issues,commitment issues in relationships,40,0,0.04,commitment issues,informational
commitment issues,why do men have commitment issues,40,0,,why are men afraid of commitment,informational
commitment issues,how do i know if i have commitment issues,40,0,0.09,do i have commitment issues,informational
commitment issues,define commitment issues,40,9,,commitment issues meaning,informational
commitment issues,how to help someone with commitment issues,40,0,2.00,commitment issues,informational
commitment issues,how to deal with a man with commitment issues,30,0,,commitment phobic men,informational
commitment issues,relationship commitment issues,30,0,0.04,commitment issues,informational
commitment issues,commitment issues help,30,,,,
commitment issues,what's commitment issues,30,4,,commitment issues meaning,informational
commitment issues,what do commitment issues look like,30,0,,do i have commitment issues,informational
commitment issues,adhd commitment issues,30,3,,adhd and commitment issues,informational
commitment issues,how to work on commitment issues,30,1,0.35,how to fix commitment issues,informational
commitment issues,where do commitment issues stem from,30,2,,commitment issues meaning,informational
commitment issues,commitment issues in men,20,0,,why are men afraid of commitment,informational
commitment issues,how to get rid of commitment issues,20,1,0.30,how to fix commitment issues,informational
commitment issues,commitment issues quiz,20,0,0.15,commitment issues test,informational
commitment issues,how do you know if you have commitment issues,20,0,0.09,do i have commitment issues,informational
commitment issues,how to know if i have commitment issues,20,0,0.04,do i have commitment issues,informational
commitment issues,how to solve commitment issues,20,1,0.09,how to fix commitment issues,informational
commitment issues,whats commitment issues,20,0,,commitment issues meaning,informational
commitment issues,why would someone have commitment issues,20,1,,commitment issues meaning,informational
commitment issues,having commitment issues,20,0,,commitment issues in a relationship,informational
commitment issues,commitment issues relationship,20,1,0.04,commitment issues in a relationship,informational
commitment issues,commitment issues in life,20,0,,commitment issues in life,informational
commitment issues,commitment issues meaning in relationship,20,,,,
commitment issues,how to fix commitment issues in a relationship,20,,,,
commitment issues,what does it mean when someone has commitment issues,20,0,,commitment issues,informational
commitment issues,why do i have commitment issues with everything,20,0,0.09,how to fix commitment issues,informational
commitment issues,types of commitment issues,20,2,,commitment issues,informational
commitment issues,signs of commitment issues in relationships,20,,,,
commitment issues,what is commitment issues in a relationship,20,,,,
commitment issues,guys with commitment issues,20,0,,why are men afraid of commitment,informational
commitment issues,people with commitment issues,20,0,,commitment issues,informational
commitment issues,how to deal with someone with commitment issues,20,0,,commitment issues,informational
commitment issues,why do some people have commitment issues,20,,,,informational
commitment issues,why do guys have commitment issues,20,0,,why are men afraid of commitment,informational
commitment issues,how to tell if you have commitment issues,20,0,0.10,do i have commitment issues,informational
commitment issues,man with commitment issues,20,0,,why are men afraid of commitment,informational
commitment issues,therapy for commitment issues austin,20,,,,"informational,commercial"
commitment issues,what are commitment issues in a relationship,20,,,,informational
commitment issues,why do i have commitment issues in relationships,20,,,,
commitment issues,definition of commitment issues,20,11,,commitment issues meaning,informational
commitment issues,i think i have commitment issues,20,0,0.30,commitment issues,informational
commitment issues,reasons for commitment issues,20,0,,what causes commitment issues,informational
commitment issues,central cee commitment issues,10,0,,central cee commitment issues lyrics,"informational,transactional"
commitment issues,what do commitment issues stem from,10,4,,what causes commitment issues,informational
commitment issues,male commitment issues,10,,,,informational
commitment issues,he has commitment issues,10,0,,he has commitment issues,informational
commitment issues,my boyfriend has commitment issues,10,0,,commitment issues,informational
commitment issues,signs of commitment issues in females,10,,,,
commitment issues,how to tell if someone has commitment issues,10,0,,do i have commitment issues,informational
commitment issues,can commitment issues be resolved,10,,0.80,,
commitment issues,what are signs of commitment issues,10,7,,commitment issues,informational
commitment issues,commitment relationship issues,10,,,,informational
commitment issues,do people with adhd have commitment issues,10,,,,
commitment issues,how to deal with commitment issues in a relationship,10,,0.40,,
commitment issues,signs someone has commitment issues,10,,,,
commitment issues,signs of commitment issues in men,10,,,,
commitment issues,gen z commitment issues,10,,,,
commitment issues,guy with commitment issues,10,0,,is he afraid of commitment or just not into me,informational
commitment issues,how to heal commitment issues,10,2,0.25,how to fix commitment issues,informational
commitment issues,do sagittarius have commitment issues,10,0,,sagittarius commitment issues,informational
commitment issues,overcoming commitment issues,10,2,0.10,how to fix commitment issues,informational
commitment issues,autism and commitment issues,10,,,,
commitment issues,mac commitment issues,10,,,,
commitment issues,women with commitment issues,10,,0.15,,informational
commitment issues,why do some men have commitment issues,10,,,,informational
commitment issues,commitment issues examples,10,,,,informational
commitment issues,meaning of commitment issues,10,,,,
commitment issues,how to fix my commitment issues,10,0,0.25,how to fix commitment issues,informational
emotionally immature parents,adult children of emotionally immature parents,31000,0,0.20,adult children of emotionally immature parents,"informational,commercial"
emotionally immature parents,emotionally immature parents,7300,4,0.05,emotionally.immature parents,informational
emotionally immature parents,children of emotionally immature parents,2200,5,,adult children of emotionally immature parents,"informational,commercial"
emotionally immature parents,how to deal with emotionally immature parents,300,3,0.04,how to deal with emotionally immature parents,informational
emotionally immature parents,4 types of emotionally immature parents,300,4,0.20,4 types of emotionally immature parents,informational
emotionally immature parents,recovering from emotionally immature parents,250,2,0.25,recovering from emotionally immature parents,"informational,commercial"
emotionally immature parents,emotionally immature parents book,200,2,0.20,adult children of emotionally immature parents,"informational,commercial,transactional"
emotionally immature parents,adult.children of emotionally immature parents,200,17,0.20,adult children of emotionally immature parents,"informational,commercial,transactional"
emotionally immature parents,signs of emotionally immature parents,150,1,0.03,emotionally immature parents,informational
emotionally immature parents,dealing with emotionally immature parents,150,7,1.40,how to deal with emotionally immature parents,informational
emotionally immature parents,how to heal from emotionally immature parents,150,0,0.20,how to heal from emotionally immature parents,"informational,commercial"
emotionally immature parents,types of emotionally immature parents,150,0,,emotionally immature parents,informational
emotionally immature parents,healing from emotionally immature parents,100,3,0.15,recovering from emotionally immature parents,informational
emotionally immature parents,emotionally immature parents quiz,90,0,0.40,emotionally immature parents quiz,informational
emotionally immature parents,children of emotionally immature parents pdf,90,0,,adult children of emotionally immature parents,"informational,transactional"
emotionally immature parents,growing up with emotionally immature parents,90,6,0.45,growing up with emotionally immature parents,informational
emotionally immature parents,emotionally immature parents signs,80,3,,emotionally immature parents,informational
emotionally immature parents,emotionally immature parents pdf,70,38,,adult children of emotionally immature parents,informational
emotionally immature parents,book about emotionally immature parents,60,1,,adult children of emotionally immature parents,"informational,commercial"
emotionally immature parents,recovering from emotionally immature parents pdf,60,4,1.00,recovering from emotionally immature parents pdf,"informational,commercial"
emotionally immature parents,adults of emotionally immature parents,60,2,0.50,adult children of emotionally immature parents,"informational,commercial,transactional"
emotionally immature parents,being raised by emotionally immature parents,50,9,0.35,raised by emotionally immature parents,informational
emotionally immature parents,setting boundaries with emotionally immature parents,50,1,,emotional immaturity,informational
emotionally immature parents,four types of emotionally immature parents,50,4,,emotionally immature parents,informational
emotionally immature parents,children of emotionally immature parents book,50,,,,"informational,commercial,transactional"
emotionally immature parents,can emotionally immature parents change,40,0,,can emotionally immature parents change,informational
emotionally immature parents,emotionally immature parents checklist,40,47,2.00,emotionally immature parents checklist,informational
emotionally immature parents,effects of emotionally immature parents,40,10,,effects of emotionally immature parents,informational
emotionally immature parents,raised by emotionally immature parents,40,5,0.50,being raised by emotionally immature parents,informational
emotionally immature parents,how to handle emotionally immature parents,30,9,0.50,how to deal with emotionally immature parents,informational
emotionally immature parents,characteristics of emotionally immature parents,30,,,,
emotionally immature parents,what are emotionally immature parents,30,1,,emotionally immature parents,informational
emotionally immature parents,traits of emotionally immature parents,30,4,,emotionally immature parents,informational
emotionally immature parents,emotionally immature parents latest,30,,,,
emotionally immature parents,emotionally immature parents types,30,0,,emotionally immature parents,informational
emotionally immature parents,examples of emotionally immature parents,20,,,,informational
emotionally immature parents,4 signs of emotionally immature parents,20,,,,informational
emotionally immature parents,"emotionally immature parents, nj",20,,,,informational
emotionally immature parents,how to recover from emotionally immature parents,20,,,,
emotionally immature parents,living with emotionally immature parents,20,1,,how to deal with emotionally immature parents,informational
emotionally immature parents,children with emotionally immature parents,20,,,,
emotionally immature parents,4 types of emotionally immature parents pdf,20,,,,
emotionally immature parents,adult children emotionally immature parents,20,5,,adult children of emotionally immature parents,"informational,commercial"
emotionally immature parents,adult child of emotionally immature parents pdf,20,,,,
emotionally immature parents,adults of emotionally immature parents pdf,20,0,,emotionally immature parents,informational
emotionally immature parents,book emotionally immature parents,20,4,0.40,adult children of emotionally immature parents,"informational,commercial"
emotionally immature parents,coping with emotionally immature parents,20,,,,
emotionally immature parents,adults with emotionally immature parents,20,2,0.25,adult children of emotionally immature parents,"informational,commercial"
emotionally immature parents,signs your parents are emotionally immature,20,,,,
emotionally immature parents,how to talk to emotionally immature parents,20,1,,how to deal with emotionally immature parents,informational
emotionally immature parents,books about emotionally immature parents,20,2,,children of emotionally immature parents,"informational,commercial"
emotionally immature parents,child of emotionally immature parents,20,,,,
emotionally immature parents,parents emotionally immature,10,,,,
emotionally immature parents,books on emotionally immature parents,10,,,,
emotionally immature parents,kids of emotionally immature parents,10,,,,informational
emotionally immature parents,adults raised by emotionally immature parents,10,,0.25,,
emotionally immature parents,emotionally immature parents workbook,10,,,,
emotionally immature parents,emotionally immature parents meaning,10,,,,
emotionally immature parents,driven parents emotionally immature,10,,,,
emotionally immature parents,how to respond to emotionally immature parents,10,,,,
emotionally immature parents,emotionally immature parents trauma therapy,10,,,,
emotionally immature parents,are my parents emotionally immature quiz,10,0,0.05,emotionally immature parents quiz,informational
emotionally immature parents,emotionally immature parents 4 types,10,,,,
emotionally immature parents,children of emotionally immature parents quotes,10,,,,
emotionally immature parents,parents who are emotionally immature,10,,,,
emotionally immature parents,adult children if emotionally immature parents,10,,,,
emotionally immature parents,emotionally+immature+parents,10,,,,
emotionally immature parents,adult child of emotionally immature parents,10,2,,adult children of emotionally immature parents,"informational,commercial"
emotionally immature parents,books for emotionally immature parents,10,,,,
emotionally immature parents,things emotionally immature parents say,10,,,,informational
emotionally immature parents,how to live with emotionally immature parents,10,,,,
emotionally immature parents,therapist for emotionally immature parents,10,,,,
emotionally immature parents,parents of emotionally immature parents,10,,0.50,,"informational,commercial"
emotionally immature parents,adult kids of emotionally immature parents,10,,,,
emotionally immature parents,boundaries with emotionally immature parents,10,,,,
emotionally immature parents,passive emotionally immature parents,10,,,,
emotionally immature parents,4 types of emotionally immature parents gibson,10,,,,
emotionally immature parents,are emotionally immature parents narcissists,10,,,,
emotionally immature parents,emotionally immature parents books,10,,,,
emotionally immature parents,how to cope with emotionally immature parents,10,,0.40,,
emotionally immature parents,self care for adults of emotionally immature parents,10,1,0.45,self care for adults of emotionally immature parents,"informational,commercial"
emotionally immature parents,dealing with emotionally immature parents book,10,,,,
emotionally immature parents,what causes emotionally immature parents,10,6,,what causes emotionally immature parents,informational
emotionally immature parents,lindsay gibson emotionally immature parents book,10,,,,
emotionally immature parents,what do emotionally immature parents look like,10,,,,
emotionally immature parents,adult children of emotionally immature parents.,10,,,,
emotionally immature parents,book for emotionally immature parents,10,,,,
emotionally immature parents,recovery from emotionally immature parents,10,,,,
emotionally immature parents,adult parents of emotionally immature parents,10,,,,informational
emotionally immature parents,book children of emotionally immature parents,10,,,,
emotionally immature parents,book about parents who are emotionally immature,10,,,,
emotionally immature parents,emotionally immature parents examples,10,,,,
emotionally immature parents,having emotionally immature parents,10,,,,
emotionally immature parents,are my parents emotionally immature,10,,,,
emotionally immature parents,the children of emotionally immature parents,10,,,,
emotionally immature parents,adult children with emotionally immature parents,10,,,,informational
emotionally immature parents,emotionally immature parents recovery steps,10,,,,
emotionally immature parents,emotionally immature parents boundaries,10,,,,
emotionally immature parents,emotionally immature parents therapy,10,,,,
emotionally immature parents,emotionally immature parents support groups,10,,,,
self-fulfilling prophecy,self fulfilling prophecy,19000,0,0.04,self fulfilling prophecy,informational
self-fulfilling prophecy,self-fulfilling prophecy,7000,0,0.02,self fulfilling prophecy,informational
self-fulfilling prophecy,self fulfilling prophecy meaning,1300,24,0.03,self fulfilling prophecy meaning,informational
self-fulfilling prophecy,what is self-fulfilling prophecy,1200,31,0.03,self fulfilling prophecy,informational
self-fulfilling prophecy,what is a self fulfilling prophecy,1100,34,0.03,self fulfilling prophecy meaning,informational
self-fulfilling prophecy,self fulfilling prophecy psychology,1000,34,0.08,self fulfilling prophecy psychology,informational
self-fulfilling prophecy,self fulfilling prophecy definition,900,0,0.02,self fulfilling prophecy psychology,informational
self-fulfilling prophecy,what is self fulfilling prophecy,800,0,0.03,self fulfilling prophecy,informational
self-fulfilling prophecy,self fulfilling prophecy psychology definition,800,40,,self fulfilling prophecy psychology,informational
self-fulfilling prophecy,self fulfilling prophecy examples,700,6,0.07,self fulfilling prophecy meaning,informational
self-fulfilling prophecy,self-fulfilling prophecy examples,500,5,0.09,self fulfilling prophecy,informational
self-fulfilling prophecy,self-fulfilling prophecy definition,450,31,0.02,self fulfilling prophecy psychology,informational
self-fulfilling prophecy,self-fulfilling prophecy psychology,350,21,,self fulfilling prophecy psychology,informational
self-fulfilling prophecy,self fulfilling prophecy example,300,4,,self fulfilling prophecy meaning,informational
self-fulfilling prophecy,self fulfilling prophecy ap psychology definition,250,0,,self fulfilling prophecy ap psychology definition,informational
self-fulfilling prophecy,self-fulfilling prophecy definition psychology,250,13,,self fulfilling prophecy psychology,informational
self-fulfilling prophecy,what is a self-fulfilling prophecy,200,31,0.03,self fulfilling prophecy,informational
self-fulfilling prophecy,self-fulfilling prophecy example,200,5,,self fulfilling prophecy,informational
self-fulfilling prophecy,define self fulfilling prophecy,150,30,0.03,self fulfilling prophecy,informational
self-fulfilling prophecy,self fulfilling prophecy definition psychology,150,24,,self fulfilling prophecy psychology,informational
self-fulfilling prophecy,self-fulfilling prophecy psychology definition,150,41,,self fulfilling prophecy psychology,informational
self-fulfilling prophecy,apa dictionary self-fulfilling prophecy,150,,,,informational
self-fulfilling prophecy,example of self fulfilling prophecy,150,4,,self fulfilling prophecy meaning,informational
self-fulfilling prophecy,what is the self fulfilling prophecy,150,30,0.03,self-fulfilling prophecy psychology,informational
self-fulfilling prophecy,a self-fulfilling prophecy,100,26,0.07,self fulfilling prophecy,informational
self-fulfilling prophecy,stereotype threat vs self fulfilling prophecy,100,,,,informational
self-fulfilling prophecy,examples of self fulfilling prophecy,100,6,0.07,self-fulfilling prophecy examples,informational
self-fulfilling prophecy,self fulfilling prophecy vs stereotype threat,100,0,,self fulfilling prophecy vs stereotype threat,informational
self-fulfilling prophecy,what is self fulfilling prophecy in psychology,90,13,1.60,self fulfilling prophecy psychology,informational
self-fulfilling prophecy,self-fulfilling prophecy sociology,90,16,,self fulfilling prophecy psychology,informational
self-fulfilling prophecy,the self fulfilling prophecy,70,22,,self fulfilling prophecy,informational
self-fulfilling prophecy,self fulfilling prophecy ap psych,70,0,,self fulfilling prophecy ap psychology definition,informational
self-fulfilling prophecy,self fulfilling prophecy synonym,60,0,,self fulfilling prophecy synonym,informational
self-fulfilling prophecy,define self-fulfilling prophecy,60,31,,self fulfilling prophecy,informational
self-fulfilling prophecy,what is a self-fulfilling prophecy?,50,31,,self-fulfilling prophecy examples,informational
self-fulfilling prophecy,self fulfilling prophecy definition examples,50,,,,
self-fulfilling prophecy,britannica self-fulfilling prophecy psychology,50,,,,
self-fulfilling prophecy,self-fulfilling prophecy merton 1948 definition,50,,,,informational
self-fulfilling prophecy,the self-fulfilling prophecy,50,0,,self fulfilling prophecy,informational
self-fulfilling prophecy,self fulfilling prophecy psychology example,50,6,,self fulfilling prophecy psychology,informational
self-fulfilling prophecy,self fulfilling prophecy simple definition,50,31,,self fulfilling prophecy psychology,informational
self-fulfilling prophecy,britannica self-fulfilling prophecy definition,50,,,,
self-fulfilling prophecy,a self fulfilling prophecy,50,26,0.07,self fulfilling prophecy,informational
self-fulfilling prophecy,self serving bias vs self fulfilling prophecy,50,0,,self serving bias vs self fulfilling prophecy,informational
self-fulfilling prophecy,what does self fulfilling prophecy mean,50,27,,self fulfilling prophecy,informational
self-fulfilling prophecy,pygmalion effect self-fulfilling prophecy,40,,,,informational
self-fulfilling prophecy,what is the self-fulfilling prophecy,40,4,0.60,self fulfilling prophecy psychology,informational
self-fulfilling prophecy,robert k. merton self-fulfilling prophecy 1948,40,,,,
self-fulfilling prophecy,self-fulfilling prophecy ap psychology definition,40,0,,self fulfilling prophecy ap psychology definition,informational
self-fulfilling prophecy,apa self-fulfilling prophecy definition,30,,,,
self-fulfilling prophecy,example of self fulfilling prophecy in psychology,30,8,,self fulfilling prophecy psychology,informational
self-fulfilling prophecy,self-fulfilling prophecy.,30,34,,self fulfilling prophecy,informational
self-fulfilling prophecy,self fulfilling prophecy sociology,30,16,,self fulfilling prophecy psychology,informational
self-fulfilling prophecy,self fulfilling prophecy ap psychology example,30,,,,
self-fulfilling prophecy,self-fulfilling prophecy diagram,30,,,,
self-fulfilling prophecy,self fulfilling prophecy mcat,30,0,,self fulfilling prophecy mcat,informational
self-fulfilling prophecy,example of a self fulfilling prophecy,30,4,,self-fulfilling prophecy examples,informational
self-fulfilling prophecy,self-fulfilling prophecy meaning,30,14,0.02,self fulfilling prophecy,informational
self-fulfilling prophecy,self fulfilling prophecy meme,30,0,,self fulfilling prophecy meme,informational
self-fulfilling prophecy,example of self-fulfilling prophecy,30,4,,self-fulfilling prophecy examples,informational
self-fulfilling prophecy,definition of self fulfilling prophecy,30,31,,self fulfilling prophecy psychology,informational
self-fulfilling prophecy,self fulfilling prophecy ap psych definition,30,,,,
self-fulfilling prophecy,what is a self fulfilling prophecy in psychology,30,12,,self fulfilling prophecy psychology,informational
self-fulfilling prophecy,self fulfilling prophecy wow,30,0,,self fulfilling prophecy wow,informational
self-fulfilling prophecy,psychology self fulfilling prophecy,30,24,,self fulfilling prophecy psychology,informational
self-fulfilling prophecy,self-fulfilling prophecy psychology evidence,30,,,,
self-fulfilling prophecy,whats a self fulfilling prophecy,20,,,,
self-fulfilling prophecy,self fulfilling prophecy 中文,20,0,,自我实现的预言,informational
self-fulfilling prophecy,self fulfilling prophecy ap psychology,20,0,,self fulfilling prophecy ap psych,informational
self-fulfilling prophecy,self fulfilling prophecy quotes,20,0,,self fulfilling prophecy quotes,informational
self-fulfilling prophecy,self-fulfilling prophecy in education,20,0,,self-fulfilling prophecy in education,informational
self-fulfilling prophecy,self fulfilling prophecy definition sociology,20,26,,self fulfilling prophecy psychology,informational
self-fulfilling prophecy,self fulfilling prophecy theory,20,28,,self fulfilling prophecy psychology,informational
self-fulfilling prophecy,self-fulfilling prophecy psychology example,20,6,,self fulfilling prophecy psychology,informational
self-fulfilling prophecy,self-fulfilling prophecy definition and examples,20,,,,
self-fulfilling prophecy,self-fulfilling prophecy psychology studies,20,,,,
self-fulfilling prophecy,merton 1948 self-fulfilling prophecy pdf,20,,,,
self-fulfilling prophecy,prophecy self fulfilling,20,,,,informational
self-fulfilling prophecy,self- fulfilling prophecy,20,30,,self-fulfilling prophecy,informational
self-fulfilling prophecy,4 stages of self-fulfilling prophecy,20,2,,self fulfilling prophecy examples,informational
self-fulfilling prophecy,pygmalion effect vs self-fulfilling prophecy,20,6,,pygmalion effect vs self-fulfilling prophecy,informational
self-fulfilling prophecy,self for fulfilling prophecy,20,,,,
self-fulfilling prophecy,definition of self-fulfilling prophecy,20,,,,informational
self-fulfilling prophecy,self fulfilling prophecy in education,20,0,,self-fulfilling prophecy in education,informational
self-fulfilling prophecy,self fulfilling prophecy vs self serving bias,20,,,,
self-fulfilling prophecy,negative+self+fulfilling+prophecy,20,,,,
self-fulfilling prophecy,self fulfilling prophecy vs confirmation bias,20,0,,self fulfilling prophecy vs confirmation bias,informational
self-fulfilling prophecy,what is a self fulfilling prophecy example,20,,,,informational
self-fulfilling prophecy,self-fulfilling prophecy merton 1948 pdf,20,,,,
self-fulfilling prophecy,self-fulfilling prophecy in psychology,20,,,,
self-fulfilling prophecy,self fulfilling prophecy tv tropes,20,,,,"navigational,informational"
self-fulfilling prophecy,examples of self-fulfilling prophecy,20,6,,self fulfilling prophecy,informational
self-fulfilling prophecy,self fulfilling prophecy in psychology,20,,,,informational
self-fulfilling prophecy,what is self-fulfilling prophecy in psychology,20,31,,self fulfilling prophecy psychology,informational
self-fulfilling prophecy,self-fulfilling prophecy evidence,20,,,,
self-fulfilling prophecy,apa self-fulfilling prophecy psychology,20,,,,
self-fulfilling prophecy,self-fulfilling prophecy examples in relationships,20,1,,self fulfilling prophecy relationships,informational
self-fulfilling prophecy,self-fulfilling prophecy:,20,34,,self fulfilling prophecy,informational
self-fulfilling prophecy,negative self fulfilling prophecy,20,1,,negative self-fulfilling prophecy,informational
self-fulfilling prophecy,examples of a self fulfilling prophecy,10,,,,
parasocial relationship,parasocial relationship,6600,0,0.02,parasocial meaning,informational
parasocial relationship,what is a parasocial relationship,3000,48,0.02,what is a parasocial relationship,informational
parasocial relationship,parasocial relationship meaning,1400,39,0.02,parasocial relationships,informational
parasocial relationship,parasocial relationship definition,1400,73,0.02,parasocial relationships,informational
parasocial relationship,whats a parasocial relationship,300,40,0.01,parasocial relationships,informational
parasocial relationship,parasocial relationship examples,200,22,0.02,examples of parasocial relationships,informational
parasocial relationship,what's a parasocial relationship,90,38,,parasocial relationships,informational
parasocial relationship,parasocial relationship definition psychology,80,,,,
parasocial relationship,what does parasocial relationship mean,80,33,,parasocial relationships,informational
parasocial relationship,parasocial relationship psychology,70,,,,
parasocial relationship,what is parasocial relationship,50,36,,parasocial relationships,informational
parasocial relationship,define parasocial relationship,40,43,,parasocial relationships,informational
parasocial relationship,parasocial relationship crisis,40,,,,
parasocial relationship,what is a parasocial relationship?,40,,,,
parasocial relationship,how to stop a parasocial relationship,30,2,,how to stop being parasocial,informational
parasocial relationship,parasocial meaning relationship,30,,,,informational
parasocial relationship,parasocial relationship with ai,30,,,,
parasocial relationship,parasocial relationship theory,30,49,,parasocial relationships,informational
parasocial relationship,definition of parasocial relationship,30,,,,
parasocial relationship,how to get over a parasocial relationship,20,2,,how to deal with parasocial relationships,informational
parasocial relationship,signs of parasocial relationship,20,,,,
parasocial relationship,signs of a parasocial relationship,20,16,,parasocial relationships as a coping mechanism,informational
parasocial relationship,parasocial relationship.,20,,,,
parasocial relationship,parasocial relationship disorder,20,,,,
parasocial relationship,parasocial relationship diagram,10,,,,
parasocial relationship,parasocial relationship meme,10,,,,
parasocial relationship,opposite of parasocial relationship,10,,,,
parasocial relationship,parasocial discord relationship,10,,,,
parasocial relationship,what's parasocial relationship,10,,,,
parasocial relationship,parasocial relationship with chatgpt,10,,,,
parasocial relationship,parasocial relationship with celebrities,10,,,,
parasocial relationship,what is a parasocial relationship definition,10,,,,
parasocial relationship,is a parasocial relationship bad,10,,,,
parasocial relationship,how to end a parasocial relationship,10,,,,
parasocial relationship,when was the term parasocial relationship coined,10,,,,
parasocial relationship,how to get rid of parasocial relationship,10,,,,
parasocial relationship,whats parasocial relationship,10,,,,
parasocial relationship,definition of a parasocial relationship,10,,,,
parasocial relationship,parasocial relationship with ai assistants,10,,,,
parasocial relationship,is parasocial relationship bad,10,,,,
parasocial relationship,parasocial relationship concept illustration,10,,,,
parasocial relationship,parasocial relationship social media,10,,,,informational
parasocial relationship,example of parasocial relationship,10,,,,
parasocial relationship,parasocial relationship ai,10,,,,
parasocial relationship,meaning of parasocial relationship,10,,,,
parasocial relationship,is parasocial relationship a mental illness,10,,,,
parasocial relationship,what does a parasocial relationship mean,10,,,,
parasocial relationship,parasocial relationship example,10,,,,informational
parasocial relationship,what is a parasocial relationship psychology,10,,,,
parasocial relationship,parasocial relationship concept,10,,,,
parasocial relationship,a parasocial relationship,10,,,,
parasocial relationship,how to get out of a parasocial relationship,10,1,,how to stop being parasocial,informational
parasocial relationship,parasocial relationship illustration,10,,,,"informational,commercial"
emotional maturity,emotional maturity,6500,0,0.04,emotional maturity,informational
emotional maturity,what is emotional maturity,1000,13,0.03,emotional maturity,informational
emotional maturity,emotional maturity meaning,800,28,0.03,emotional maturity,informational
emotional maturity,emotional maturity definition,700,0,0.03,emotional maturity,informational
emotional maturity,emotional maturity test,450,8,0.25,emotional intelligence,informational
emotional maturity,emotional maturity vs emotional intelligence,250,0,1.80,emotional maturity vs emotional intelligence,informational
emotional maturity,emotional intelligence vs emotional maturity,200,0,,emotional maturity vs emotional intelligence,informational
emotional maturity,define emotional maturity,200,13,0.03,emotional maturity,informational
emotional maturity,when do men reach emotional maturity,100,2,,emotionally mature meaning,informational
emotional maturity,signs of emotional maturity,100,16,0.05,emotional maturity,informational
emotional maturity,what does emotional maturity mean,100,4,0.08,emotionally mature meaning,informational
emotional maturity,definition of emotional maturity,100,13,0.03,emotional maturity,informational
emotional maturity,signs of emotional maturity in relationships,90,,,,
emotional maturity,emotional maturity in relationships,90,0,0.05,emotional maturity in relationships,informational
emotional maturity,signs of emotional maturity in men,90,,,,informational
emotional maturity,books on emotional maturity,90,0,0.30,books on emotional maturity,"informational,commercial"
emotional maturity,emotional maturity quotes,80,0,0.05,emotional maturity quotes,informational
emotional maturity,how to develop emotional maturity,80,8,0.07,emotional maturity,informational
emotional maturity,emotional maturity quiz,70,2,0.05,emotional maturity test,informational
emotional maturity,signs of emotional maturity in adults,70,,,,
emotional maturity,what does emotional maturity look like,60,6,0.04,emotional maturity,informational
emotional maturity,how to improve emotional maturity,60,1,,emotional maturity,informational
emotional maturity,emotional maturity in men,60,11,0.06,men emotional maturity,informational
emotional maturity,emotional maturity in a relationship,60,0,0.05,emotional maturity in relationships,informational
emotional maturity,emotional maturity definition psychology,60,,,,
emotional maturity,emotional maturity books,60,0,0.30,books on emotional maturity,"informational,commercial"
emotional maturity,signs of emotional maturity in a woman,50,12,,signs of emotional immaturity in a woman,informational
emotional maturity,signs of emotional maturity psychology,50,,,,
emotional maturity,king of cups tarot meaning emotional maturity,50,,,,
emotional maturity,developing emotional maturity,40,1,1.00,emotional maturity,informational
emotional maturity,signs of emotional maturity in men psychology,40,,,,
emotional maturity,emotional maturity vs intelligence,40,0,,emotional maturity vs emotional intelligence,informational
emotional maturity,emotional maturity age,40,0,0.90,emotionally mature meaning,informational
emotional maturity,examples of emotional maturity,40,26,,signs of emotional maturity,informational
emotional maturity,what is emotional maturity in a man,40,,,,
emotional maturity,what is emotional maturity?,40,12,,emotional maturity,informational
emotional maturity,stages of emotional maturity,40,8,,emotional maturity meaning,informational
emotional maturity,emotional intelligence vs maturity,40,0,,emotional maturity vs emotional intelligence,informational
emotional maturity,how to build emotional maturity,40,1,0.10,signs of emotional maturity,informational
emotional maturity,how to gain emotional maturity,40,8,0.15,emotional maturity,informational
emotional maturity,what is emotional maturity in a relationship,40,0,0.02,emotional maturity in relationships,informational
emotional maturity,emotional maturity examples,40,7,,emotional maturity,informational
emotional maturity,lack of emotional maturity,40,0,,emotional immaturity,informational
emotional maturity,emotional intelligence and emotional maturity,30,,,,
emotional maturity,apa dictionary emotional maturity definition,30,,,,informational
emotional maturity,at what age do men reach emotional maturity,30,,,,
emotional maturity,signs of emotional maturity in a man,30,,,,informational
emotional maturity,apa dictionary emotional maturity,30,,,,
emotional maturity,emotional maturity book,30,0,0.30,books on emotional maturity,"informational,commercial"
emotional maturity,emotional maturity signs,30,4,,emotional maturity,informational
emotional maturity,what age do men reach emotional maturity,30,,,,informational
emotional maturity,quotes about emotional maturity,30,,0.25,,
emotional maturity,emotional maturity test free,30,,0.05,,informational
emotional maturity,signs of emotional maturity in adults psychology,30,,,,informational
emotional maturity,when do women reach emotional maturity,30,3,,at what age does a man fully emotionally mature,informational
emotional maturity,emotional maturity synonym,30,0,,emotional maturity synonym,informational
emotional maturity,books about emotional maturity,20,0,0.30,books on emotional maturity,"informational,commercial"
emotional maturity,king of cups emotional maturity tarot,20,,,,
emotional maturity,powerful emotional maturity quotes,20,0,,emotional maturity quotes,informational
emotional maturity,signs of emotional maturity in teenagers,20,,,,
emotional maturity,emotional maturity definition by psychologists,20,,,,
emotional maturity,another word for emotional maturity,20,,,,
emotional maturity,best books on emotional maturity,20,,,,
emotional maturity,signs of emotional maturity in a partner,20,,,,
emotional maturity,emotional maturity age in men,20,,,,
emotional maturity,emotional maturity vs immaturity,20,,,,
emotional maturity,whats emotional maturity,20,,,,
emotional maturity,how to develop emotional maturity as an adult,20,,,,informational
emotional maturity,emotional maturity scale,20,0,,emotional maturity scale,informational
emotional maturity,low emotional maturity,20,,,,
emotional maturity,what is the definition of emotional maturity,20,,,,
emotional maturity,characteristics of emotional maturity,20,,,,informational
emotional maturity,emotional intelligence and maturity,20,,,,informational
emotional maturity,when do men reach emotional maturity age,20,,,,informational
emotional maturity,what's emotional maturity,20,1,,emotional maturity,informational
emotional maturity,what are signs of emotional maturity,20,,,,
emotional maturity,men emotional maturity,20,,0.15,,informational
emotional maturity,benefits of emotional maturity in leadership,20,,,,informational
emotional maturity,how to grow emotional maturity,20,,,,
emotional maturity,king of cups tarot emotional maturity,20,,,,
emotional maturity,what are the 4 types of emotional maturity,20,,,,informational
emotional maturity,adhd and emotional maturity,20,,,,
emotional maturity,men emotional maturity age,20,,,,
emotional maturity,how to increase emotional maturity,20,1,,signs of emotional maturity,informational
emotional maturity,signs of emotional maturity in women,20,,,,informational
emotional maturity,apa emotional maturity definition,20,,,,
emotional maturity,meaning of emotional maturity,20,,1.00,,informational
emotional maturity,factors influencing emotional maturity in men,20,,,,informational
emotional maturity,emotional maturity age men signs,20,,,,
emotional maturity,adhd emotional maturity,20,1,1.10,adhd and emotional immaturity,informational
emotional maturity,how to work on emotional maturity,20,11,,emotionally mature,informational
emotional maturity,emotional maturity means,20,,,,
emotional maturity,emotional maturity for men,20,,,,informational
emotional maturity,age of emotional maturity in men,20,,,,
emotional maturity,emotional maturity how to develop,10,,,,
emotional maturity,scientific studies emotional maturity age men,10,,,,
emotional maturity,quotes on emotional maturity,10,,,,
emotional maturity,emotional maturity images,10,0,,emotional maturity images,"informational,commercial"
emotional maturity,factors influencing emotional maturity,10,,,,
emotional maturity,emotional maturity quote,10,,,,
