phrase,position,url,domain,domain_rating,title,traffic
avoidant attachment,2,https://www.attachmentproject.com/blog/avoidant-attachment-style/,www.attachmentproject.com,74,Avoidant Attachment Style: Causes and Adult Symptoms,79443
avoidant attachment,4,https://www.reddit.com/r/emotionalintelligence/comments/1mgg78d/what_is_avoidant_attachment/,www.reddit.com,95,WHAT IS AVOIDANT ATTACHMENT?,11332
avoidant attachment,6,https://www.lukincenter.com/anxious-vs-avoidant-attachment/,www.lukincenter.com,46,Anxious vs. Avoidant Attachment: Signs & Differences,9078
avoidant attachment,7,https://www.psychologytoday.com/us/blog/its-never-about-sex/202602/avoidant-attachment-why-closeness-feels-threatening,www.psychologytoday.com,93,Avoidant Attachment: Why Closeness Feels Threatening,3626
avoidant attachment,8,https://www.webmd.com/parenting/what-is-avoidant-attachment,www.webmd.com,92,"Avoidant Attachment: Definition, Signs, Causes & Treatment",16768
avoidant attachment,9,https://university.personaldevelopmentschool.com/pages/the-da,university.personaldevelopmentschool.com,56,Dismissive Avoidant Attachment Style,7952
avoidant attachment,10,https://www.youtube.com/watch?v=KqJ7SGxw4j0,www.youtube.com,99,Avoidant Attachment 101,18
situationship,2,https://en.wikipedia.org/wiki/Situationship,en.wikipedia.org,97,Situationship,31164
situationship,4,https://empathi.com/blog/what-is-a-situationship/,empathi.com,43,"What Is a Situationship? Signs, Why It Hurts, When to Walk",7463
situationship,5,https://www.verywellmind.com/what-is-a-situationship-5216144,www.verywellmind.com,90,Situationship: How to Cope When Commitment is Unclear,3620
situationship,6,https://www.attachmentproject.com/love/situationships/,www.attachmentproject.com,74,Situationships: Why You're Stuck and How to Break Free,1817
situationship,7,https://www.reddit.com/r/datingoverfifty/comments/18kfmkl/what_exactly_is_a_situationship/,www.reddit.com,95,What exactly IS a situationship : r/datingoverfifty,462
situationship,8,https://dictionary.cambridge.org/us/dictionary/english/situationship,dictionary.cambridge.org,92,SITUATIONSHIP definition | Cambridge English Dictionary,501
situationship,10,https://www.calm.com/blog/what-is-a-situationship,www.calm.com,87,What is a situationship? Meaning and signs you're in one,399
situationship,11,https://www.urbandictionary.com/define.php?term=Situationship,www.urbandictionary.com,88,Situationship,534
situationship,12,https://www.purewow.com/wellness/what-is-a-situationship,www.purewow.com,81,What Is a Situationship? A Psychologist Explains,345
situationship,13,https://cookcounselingandconsulting.com/what-is-a-situationship/,cookcounselingandconsulting.com,28,Situationship Meaning: What is It?,1406
anxious attachment style,2,https://www.attachmentproject.com/blog/anxious-attachment/,www.attachmentproject.com,74,Anxious Attachment Style Guide: Causes & Symptoms,63642
anxious attachment style,4,https://health.clevelandclinic.org/anxious-attachment-style,health.clevelandclinic.org,92,What Is Anxious Attachment Style — and Do You Have It?,11557
anxious attachment style,6,https://nehs.transformationsnetwork.com/insights/what-is-anxious-attachment-style/,nehs.transformationsnetwork.com,39,Anxious Attachment Style | Mental Health | New England,3559
anxious attachment style,7,https://therapistsincharlotte.com/therapists-charlotte-blog/understanding-anxious-attachment-style-signs-challenges-and-growth/,therapistsincharlotte.com,26,Understanding Anxious Attachment Style: Signs and ...,995
anxious attachment style,8,https://www.lukincenter.com/anxious-vs-avoidant-attachment/,www.lukincenter.com,46,Anxious vs. Avoidant Attachment: Signs & Differences,9078
anxious attachment style,9,https://www.monimawellness.com/how-to-heal-an-anxious-attachment-style/,www.monimawellness.com,30,Healing an Anxious Attachment Style,1070
anxious attachment style,10,https://www.simplypsychology.org/anxious-attachment-style.html,www.simplypsychology.org,85,Anxious Attachment Style,553
anxious attachment style,11,https://www.reddit.com/r/emotionalintelligence/comments/1r3savu/for_people_with_an_anxious_preoccupied_attachment/,www.reddit.com,95,For people with an anxious / preoccupied attachment style,2101
anxious attachment style,12,https://therapygroupdc.com/therapist-dc-blog/anxious-attachment-101-what-it-is-how-it-shows-up-and-how-to-get-anxious-attachment-help/,therapygroupdc.com,52,"Anxious Attachment 101: What It Is, How It Shows Up, ...",2112
anxious attachment style,13,https://www.helpguide.org/relationships/social-connection/attachment-and-adult-relationships,www.helpguide.org,87,Attachment Styles and How They Affect Adult Relationships,76645
scapegoat,2,https://en.wikipedia.org/wiki/Scapegoat,en.wikipedia.org,97,Scapegoat,3192
scapegoat,4,https://www.merriam-webster.com/dictionary/scapegoat,www.merriam-webster.com,91,SCAPEGOAT Definition & Meaning,2899
scapegoat,5,https://www.verywellmind.com/what-does-it-mean-to-be-the-family-scapegoat-5187038,www.verywellmind.com,90,What Does It Mean to Be the Family Scapegoat?,1350
scapegoat,6,https://www.ebsco.com/research-starters/sports-and-leisure/scapegoat,www.ebsco.com,87,Scapegoat | Sports and Leisure | Research Starters,1115
scapegoat,8,https://emmaplunkett.art/art-blog/scapegoat/,emmaplunkett.art,10,How to stop being a scapegoat,678
scapegoat,9,https://sydneyjewishmuseum.com.au/jewish-culture/the-origins-of-the-scapegoat/,sydneyjewishmuseum.com.au,54,The origins of the 'scapegoat' | Jewish History & Culture,757
scapegoat,10,https://www.worldhappiness.foundation/en/blog/the-scapegoat-phenomenon-understanding-the-human-drive-to-find-someone-to-blame-in-times-of-crisis,www.worldhappiness.foundation,51,Scapegoating: What It Is and Why We Blame Others in ...,379
scapegoat,11,https://www.reddit.com/r/EstrangedAdultChild/comments/17k6zmd/why_would_someone_make_you_the_scapegoat_whats/,www.reddit.com,95,Why would someone make you the scapegoat,450
scapegoat,12,https://tealswan.com/resources/articles/how-to-stop-being-a-scapegoat-and-being-scapegoated-r362/,tealswan.com,58,How To Stop Being A Scapegoat and Being Scapegoated,273
scapegoat,13,https://medium.com/@mikdvs3/what-is-a-scapegoat-2055aaa7753e,medium.com,94,What is a Scapegoat?,253
codependency,2,https://www.samhsa.gov/find-help/helplines/national-helpline,www.samhsa.gov,91,"National Helpline for Mental Health, Drug, Alcohol Issues",3452066
codependency,4,https://www.psychologytoday.com/us/basics/codependency,www.psychologytoday.com,93,Codependency,14893
codependency,5,https://mhanational.org/resources/co-dependency/,mhanational.org,88,Co-Dependency,14612
codependency,6,https://en.wikipedia.org/wiki/Codependency,en.wikipedia.org,97,Codependency,4388
codependency,7,https://www.jmu.edu/counselingctr/self-help/relationships/codependency.shtml,www.jmu.edu,80,Codependency - Counseling Center,4914
codependency,8,https://www.headspace.com/articles/therapy-for-codependency,www.headspace.com,89,Therapy for codependency: Building boundaries,1633
codependency,9,https://pubmed.ncbi.nlm.nih.gov/1556208/,pubmed.ncbi.nlm.nih.gov,95,Codependency: a disorder separate from chemical ...,311
codependency,10,https://www.helpguide.org/relationships/social-connection/codependency,www.helpguide.org,87,"Signs, Causes, and Help for a Codependent Relationship",7405
codependency,11,https://lifelinepcs.com/heal-from-codependency-patterns-and-boundaries/,lifelinepcs.com,15,How to Heal From Codependency: 6 Steps,1086
codependency,12,https://www.therecoveryvillage.com/mental-health/codependency/codependency-statistics/,www.therecoveryvillage.com,76,Facts and Statistics on Codependency,358
unrequited love,2,https://empathi.com/blog/unrequited-love/,empathi.com,43,"Unrequited Love: What It Means, Why It Hurts, ...",4226
unrequited love,4,https://en.wikipedia.org/wiki/Unrequited_love,en.wikipedia.org,97,Unrequited love,3118
unrequited love,6,https://www.reddit.com/r/SeriousConversation/comments/1fu8i5o/unrequited_love/,www.reddit.com,95,Unrequited love. : r/SeriousConversation,1531
unrequited love,7,https://www.verywellmind.com/unrequited-love-4175362,www.verywellmind.com,90,Understanding Unrequited Love and How to Move On,1461
unrequited love,8,https://medium.com/heart-affairs/the-way-through-unrequited-love-97f95000188,medium.com,94,The Way Through Unrequited Love | Heart Affairs,964
unrequited love,9,https://www.ebsco.com/research-starters/psychology/unrequited-love/,www.ebsco.com,87,Unrequited love | Psychology | Research Starters,754
unrequited love,11,https://www.reddit.com/r/SeriousConversation/comments/1fu8i5o/unrequited_love/,www.reddit.com,95,Unrequited love. : r/SeriousConversation,1531
unrequited love,12,https://natashaadamo.com/unrequited-love/,natashaadamo.com,22,Unrequited Love: Why You Stay and How to Finally Let Go,526
unrequited love,13,https://psyche.co/ideas/why-it-can-be-sublime-to-love-someone-who-doesnt-love-you-back,psyche.co,75,Why it can be sublime to love someone who doesn't love ...,516
unrequited love,14,https://www.cosmopolitan.com/relationships/a42305495/unrequited-love/,www.cosmopolitan.com,89,What is Unrequited Love?,254
weaponized incompetence,3,https://www.reddit.com/r/relationship_advice/comments/1u4eizc/i_feel_sure_my_husband_26m_is_using_weaponized/,www.reddit.com,95,I feel sure my husband [26M] is using weaponized ...,5837
weaponized incompetence,4,https://www.quora.com/What-attitudes-about-housework-are-leading-men-to-weaponized-incompetence,www.quora.com,92,What attitudes about housework are leading men to ' ...,5198
weaponized incompetence,5,https://www.facebook.com/sheisapaigeturner/videos/this-is-what-weaponized-incompetence-looks-like-when-its-used-as-a-punishment-an/825833713408267/,www.facebook.com,100,This is what Weaponized incompetence looks like when it's ...,4151
weaponized incompetence,6,https://forums.funcom.com/t/living-settlements-weaponized-incompetence/274055,forums.funcom.com,71,Living settlements weaponized incompetence - Feedback,3350
weaponized incompetence,7,https://mysupportforums.org/relationships-and-communication/572328-weaponized-incompetence.html,mysupportforums.org,45,Weaponized Incompetence,2672
weaponized incompetence,8,https://www.marriage.com/advice/relationship/what-is-weaponized-incompetence/,www.marriage.com,75,What Is Weaponized Incompetence in Relationships,2129
weaponized incompetence,9,https://www.ictpsychology.com/weaponized-incompetence,www.ictpsychology.com,0,Weaponized Incompetence,1895
weaponized incompetence,10,https://www.charliehealth.com/post/weaponized-incompetence,www.charliehealth.com,71,What Weaponized Incompetence Looks Like,1395
weaponized incompetence,11,https://www.verywellmind.com/weaponized-incompetence-7553422,www.verywellmind.com,90,Why Weaponized Incompetence Hurts Your Relationship ...,1205
weaponized incompetence,12,https://thriveworks.com/help-with/relationships/weaponized-incompetence/,thriveworks.com,71,Weaponized Incompetence: What It Is and How to Stop It,985
catastrophizing,3,https://www.newyorkcitypsychotherapists.com/blog/stop-catastrophizing,www.newyorkcitypsychotherapists.com,19,How to Stop Catastrophizing,82
catastrophizing,4,https://www.flusterclux.com/health-anxiety-and-catastrophizing-every-symptom-how-to-stop/,www.flusterclux.com,42,Health Anxiety and Catastrophizing Every Symptom,
catastrophizing,5,https://www.grouporttherapy.com/blog/catastrophize,www.grouporttherapy.com,48,Catastrophizing: Understanding and Overcoming the ...,
catastrophizing,6,https://parentandteen.com/parenting-snack-catastrophizing/,parentandteen.com,62,Catastrophizing and Over-Empathizing,62
catastrophizing,7,https://nserc-crsng.canada.ca/en/catastrophizing-can-lead-heightened-pain-measured-cardiovascular-readings-concordia-research-shows,nserc-crsng.canada.ca,93,Catastrophizing can lead to heightened pain as measured by ...,
catastrophizing,8,https://www.globalcompassioncoalition.org/video/how-to-stop-catastrophizing-and-its-negative-influence-on-anxiety-and-depression/,www.globalcompassioncoalition.org,55,How to STOP Catastrophizing and Its Negative Influence ...,
catastrophizing,9,https://www.psychologytoday.com/us/basics/catastrophizing?page=9,www.psychologytoday.com,93,Catastrophizing,
catastrophizing,10,https://www.medicalnewstoday.com/articles/320844,www.medicalnewstoday.com,91,What is catastrophizing? 6 ways to stop catastrophic thinking,680
catastrophizing,11,https://www.sheppardpratt.org/inspire/story/controlling-catastrophizing-thoughts/,www.sheppardpratt.org,66,Controlling Catastrophizing Thoughts,180
catastrophizing,12,https://www.sane.org/information-and-resources/the-sane-blog/managing-symptoms/how-to-stop-catastrophising,www.sane.org,76,How to stop catastrophising - The SANE Blog,67
hypervigilance,2,https://health.clevelandclinic.org/hypervigilance,health.clevelandclinic.org,92,Always on Alert: Causes and Examples of Hypervigilance,9990
hypervigilance,4,https://en.wikipedia.org/wiki/Hypervigilance,en.wikipedia.org,97,Hypervigilance,1252
hypervigilance,5,https://www.ptsduk.org/hypervigilance-and-ptsd/,www.ptsduk.org,71,Hypervigilance and PTSD,1873
hypervigilance,6,https://pmc.ncbi.nlm.nih.gov/articles/PMC7263347/,pmc.ncbi.nlm.nih.gov,95,Keeping Your Guard Up: Hypervigilance Among Urban ... - PMC,585
hypervigilance,7,https://www.refreshpsychiatry.com/post/always-on-edge-understanding-hypervigilance-and-its-causes,www.refreshpsychiatry.com,29,👁️ Always on Edge? Understanding Hypervigilance and ...,71
hypervigilance,8,https://www.monimawellness.com/emotional-hypervigilance/,www.monimawellness.com,30,"Emotional Hypervigilance: Signs, Triggers & How to Cope",850
hypervigilance,9,https://www.webmd.com/mental-health/what-is-hypervigilance,www.webmd.com,92,Overly Alert? Hypervigilance and Your Health,68
hypervigilance,10,https://www.health.com/hypervigilance-7095960,www.health.com,87,"Hypervigilance Signs, Causes, and Coping Strategies",318
hypervigilance,11,https://www.verywellmind.com/hypervigilance-2797363,www.verywellmind.com,90,Hypervigilance in PTSD and Other Disorders,109
hypervigilance,12,https://www.rula.com/blog/stop-hypervigilance/,www.rula.com,74,6 coping strategies to help you stop being hypervigilant,73
cynicism,2,https://en.wikipedia.org/wiki/Cynicism_(philosophy),en.wikipedia.org,97,Cynicism (philosophy),3909
cynicism,5,https://www.ebsco.com/research-starters/social-sciences-and-humanities/cynicism,www.ebsco.com,87,Cynicism | Social Sciences and Humanities,605
cynicism,6,https://www.merriam-webster.com/dictionary/cynicism,www.merriam-webster.com,91,CYNICISM Definition & Meaning,409
cynicism,7,https://www.reddit.com/r/askphilosophy/comments/rbldzo/what_does_cynicism_actually_mean/,www.reddit.com,95,What does cynicism actually mean? : r/askphilosophy,393
cynicism,8,https://iep.utm.edu/cynics/,iep.utm.edu,81,Cynics | Internet Encyclopedia of Philosophy,139
cynicism,9,https://thewireboard.rewireinc.com/resources/blog/know-cynical-people-heres-root-cynicism,thewireboard.rewireinc.com,23,Know Any Cynical People? Here's the Root of Their Cynicism,231
cynicism,10,https://st.network/analysis/top/how-to-change-a-cynics-mind.html,st.network,22,What is cynicism and how to change a cynic's mind,72
cynicism,11,https://st.network/analysis/top/how-to-change-a-cynics-mind.html,st.network,22,What is cynicism and how to change a cynic's mind,72
cynicism,12,https://1000wordphilosophy.com/2023/07/26/cynicism/,1000wordphilosophy.com,52,Ancient Cynicism: Rejecting Civilization and Returning to ...,9
cynicism,13,https://en.wikipedia.org/wiki/Cynicism_(contemporary),en.wikipedia.org,97,Cynicism (contemporary),954
enmeshment,2,https://en.wikipedia.org/wiki/Enmeshment,en.wikipedia.org,97,Enmeshment,4453
enmeshment,4,https://www.attachmentproject.com/psychology/enmeshment/,www.attachmentproject.com,74,What is Enmeshment? Definition and Signs,4952
enmeshment,5,https://www.evolutiontohealing.com/what-is-enmeshment/,www.evolutiontohealing.com,29,What Is Enmeshment? Signs You Grew Up in an ...,2661
enmeshment,6,https://www.reddit.com/r/enmeshmenttrauma/comments/1epgcog/can_someone_please_explain_to_me_what_enmeshment/,www.reddit.com,95,"Can someone please explain to me what ""enmeshment ...",1855
enmeshment,7,https://drmargaretrutherford.com/when-a-parent-needs-too-much-what-is-enmeshment-and-how-does-it-hurt-a-child/,drmargaretrutherford.com,47,When A Parent Needs Too Much: How Enmeshment Hurts ...,270
enmeshment,8,https://www.verywellhealth.com/enmeshment-healing-steps-5223635,www.verywellhealth.com,90,Are You in an Enmeshed Relationship? Signs to Know,873
enmeshment,10,https://cptsdfoundation.org/2023/05/25/what-is-enmeshment/,cptsdfoundation.org,67,What is Enmeshment?,94
enmeshment,11,https://open.spotify.com/episode/0uGSWDxLVaZbZA5MYoK85s,open.spotify.com,95,15 - Still Talking About… Enmeshment,
enmeshment,12,https://www.facebook.com/tracymcmillanwrites/videos/todays-topic-enmeshment/628077431109133/,www.facebook.com,100,Why Enmeshment Is the Entithesis of Intimacy | Tracy McMillan,
enmeshment,13,https://kristendboice.com/podcastepisode166/,kristendboice.com,29,Episode 166-Enmeshment Trauma & Its Impact,
escapism,2,https://en.wikipedia.org/wiki/Escapism,en.wikipedia.org,97,Escapism,2474
escapism,4,https://www.merriam-webster.com/dictionary,www.merriam-webster.com,91,ESCAPISM Definition & Meaning,217845
escapism,5,https://losangelesmftherapist.com/post/why-do-we-escape-reality-and-when-does-it-become-a-problem-understanding-escapism-and-engaging-mindfully/,losangelesmftherapist.com,39,"Why Do We Escape Reality, and When Does It Become a ...",1023
escapism,6,https://medium.com/@liene.arnicane/understanding-escapism-recognizing-managing-and-redefining-02b3767884c7,medium.com,94,"Understanding Escapism: Recognizing, Managing, and ...",368
escapism,7,https://www.verywellhealth.com/escapism-7565008,www.verywellhealth.com,90,How to Find Balance With Distraction and Healthy Escapism,217
escapism,8,https://open.spotify.com/track,open.spotify.com,95,"Escapism. - song and lyrics by RAYE, 070 Shake",353469
escapism,9,https://www.google.com/goto?url=CAESfwHrOzAVzABQL9_1yTjfwbfGLgf-6rr7k2Fer1vk-Ze128u0aOLgy5QqMjHR3Oklu5tQDO-61aU-Fjsaf4zBEkyLRAxqyhN7cI8bKpbBZp5Qb139Fmvl5UsCye2-SMH1yAwEsN0pI67j02qg7PlO3kh1hv5IWz7Q_wgEROp-ylA,www.google.com,100,Is Escapism bad? : r/TrueAskReddit,
escapism,10,https://meadowsmalibu.com/escapism-when-its-healthy-when-it-harms/,meadowsmalibu.com,14,"Escapism: When It's Healthy, When It Harms",82
escapism,11,https://shorelinerecoverycenter.com/,shorelinerecoverycenter.com,26,What Is Escapism Addiction?,2137
escapism,12,https://mentalh2o.org/,mentalh2o.org,3,Escapism: What Is It and When Is It too Much? - Mental H2O Inc.,4
emotionally unavailable,1,https://www.psychologytoday.com/gb/blog/social-instincts/202508/why-you-keep-falling-for-emotionally-unavailable-people,www.psychologytoday.com,93,Why Some People Keep Ending Up With Emotionally ...,3139
emotionally unavailable,3,https://www.reddit.com/r/AskWomen/comments/70pkuh/ladies_who_had_emotionally_unavailable_parents/,www.reddit.com,95,Ladies who had emotionally unavailable parents: How did ...,1808
emotionally unavailable,4,https://blackhealthmatters.com/signs-youre-dating-an-emotionally-unavailable-man/,blackhealthmatters.com,60,Signs You're Dating an Emotionally Unavailable Man,1607
emotionally unavailable,5,https://www.facebook.com/groups/253114598436138/posts/2490934551320787/,www.facebook.com,100,Emotional unavailability as a form of self-protection,1286
emotionally unavailable,6,https://www.quora.com/I-am-in-love-with-an-emotionally-unavailable-guy-who-wants-to-have-a-physical-relationship-with-me-I-know-he-will-never-love-me-still-I-cant-seem-to-forget-him-What-should-I-truly-do,www.quora.com,92,I am in love with an emotionally unavailable guy who wants ...,926
emotionally unavailable,7,https://www.youtube.com/watch?v=44nvPtjpPls,www.youtube.com,99,Is He Emotionally Unavailable? Here's How To Tell...,823
emotionally unavailable,8,https://tinybuddha.com/topic/emotionally-unavailable-or-is-there-hope/page/5/,tinybuddha.com,77,Emotionally Unavailable or is there hope?,658
emotionally unavailable,9,https://kh.megawecare.com/good-health-by-yourself/wellbeing/partner-emotionally-unavailable,kh.megawecare.com,55,Is Your Partner an Emotionally Unavailable? - Mega We care,527
emotionally unavailable,10,https://natashaadamo.com/am-i-emotionally-unavailable/,natashaadamo.com,22,Am I Emotionally Unavailable? Take This 20-Question Self- ...,936
emotionally unavailable,11,https://www.quora.com/What-exactly-does-emotionally-unavailable-mean,www.quora.com,92,What exactly does 'emotionally unavailable' mean?,361
deflecting,3,https://dictionary.cambridge.org/zhs/%E8%AF%8D%E5%85%B8/%E8%8B%B1%E8%AF%AD/deflecting,dictionary.cambridge.org,92,DEFLECTING在剑桥英语词典中的解释及翻译,376
deflecting,4,https://www.aol.com/6-signs-someone-deflecting-respond-231000004.html,www.aol.com,91,"6 Signs Someone Is 'Deflecting' and How To Respond, ...",301
deflecting,5,https://www.dinosearch.com/dictionary/d/de/deflecting.php,www.dinosearch.com,58,DEFLECTING Definition - Kids Dictionary | Simple Meaning,241
deflecting,6,https://www.quora.com/Can-you-explain-the-meaning-of-deflecting-in-a-social-context,www.quora.com,92,Can you explain the meaning of deflecting in a social ...,173
deflecting,7,https://www.onelook.com/?loc=beta3&w=deflecting&related=1,www.onelook.com,76,"""deflecting"" synonyms, related words, and opposites",154
deflecting,8,https://www.reddit.com/r/Sekiro/comments/ga9u84/blocking_vs_deflecting/,www.reddit.com,95,Blocking vs Deflecting : r/Sekiro,123
deflecting,9,https://dictionary.cambridge.org/ru/%D1%81%D0%BB%D0%BE%D0%B2%D0%B0%D1%80%D1%8C/%D0%B0%D0%BD%D0%B3%D0%BB%D0%B8%D0%B9%D1%81%D0%BA%D0%B8%D0%B9/deflecting,dictionary.cambridge.org,92,Значение deflecting в английском - Cambridge Dictionary,99
deflecting,10,https://www.youtube.com/watch?v=qpLsvA0SBQY&vl=en,www.youtube.com,99,"Speaking Quietly, Rehearsing, Deflecting - Why They Fail",79
deflecting,11,https://www.wordreference.com/enes/deflecting?s=deflecting%20coil,www.wordreference.com,80,deflecting - English-Spanish Dictionary,63
deflecting,12,https://www.midtownpres.org/deflecting,www.midtownpres.org,5,Deflecting Us From Abundant Life,51
superiority complex,4,https://www.reddit.com/r/exmormon/comments/1kt8yqb/anyone_else_find_the_superiority_complex_annoying/,www.reddit.com,95,anyone else find the superiority complex annoying,339
superiority complex,5,https://www.youtube.com/shorts/7uXXGVYkD9k,www.youtube.com,99,Superiority complex  is a leadership killer #mindset #respect,121
superiority complex,6,https://www.quora.com/How-do-I-handle-unwanted-feelings-of-superiority,www.quora.com,92,How do I handle unwanted feelings of superiority?,35
superiority complex,8,https://www.osatelegraph.org/current-events/social-media-and-the-socially-aware-superiority-complex,www.osatelegraph.org,11,Social media and the Socially aware superiority complex﻿,4
superiority complex,9,https://dictionary.cambridge.org/ko/%EC%82%AC%EC%A0%84/%EC%98%81%EC%96%B4/superiority-complex,dictionary.cambridge.org,92,영어로 superiority complex의 뜻 - Cambridge Dictionary,1
superiority complex,10,https://www.tiktok.com/@gregorreynolds/video/7615684304881945874,www.tiktok.com,97,Understanding the Superiority Complex in Friends,0
superiority complex,11,https://www.reddit.com/r/todayilearned/comments/yi0k2y/til_a_superiority_complex_is_a_psychological/,www.reddit.com,95,TIL a superiority complex is a psychological defense ...,33
superiority complex,12,https://www.quora.com/What-causes-people-to-develop-superiority-complexes-even-though-everyone-has-different-strengths-weaknesses-and-lifestyles,www.quora.com,92,What causes people to develop superiority complexes ...,6
superiority complex,13,https://www.youtube.com/watch?v=9u0hizFTscc,www.youtube.com,99,The Narcissist's False Superiority Complex,3
superiority complex,14,https://www.healthline.com/health/mental-health/superiority-complex,www.healthline.com,92,"Superiority Complex: Understanding It, Traits, Treatment ...",211
external locus of control,2,https://www.psychologytoday.com/nz/blog/the-age-of-overindulgence/202309/external-locus-of-control-linked-to-childhood-overindulgence,www.psychologytoday.com,93,External Locus of Control Linked to Childhood ...,1287
external locus of control,4,https://www.linkedin.com/pulse/internal-vs-external-locus-control-psychologist-harsh-pandya-gcyqc,www.linkedin.com,99,Internal Vs External Locus - The Control,686
external locus of control,5,https://www.grouporttherapy.com/blog/locus-control-psychology,www.grouporttherapy.com,48,An Exploration of Locus of Control in Psychology,581
external locus of control,6,https://sk.sagepub.com/ency/edvol/statistics/chpt/internal-external-locus-control-scale,sk.sagepub.com,92,Sage Reference - Internal External Locus of Control Scale,366
external locus of control,7,https://link.springer.com/article/10.1007/s12646-016-0361-y,link.springer.com,93,Does Internal or External Locus of Control Have a Stronger ...,267
external locus of control,8,https://quizlet.com/explanations/questions/what-is-the-difference-between-internal-and-external-locus-of-control-c66a02d9-adee7f10-bc07-435c-9a14-249be09554a7,quizlet.com,85,What is the difference between internal and external locus o,195
external locus of control,9,https://pubmed.ncbi.nlm.nih.gov/865096/,pubmed.ncbi.nlm.nih.gov,95,Internal-external locus of control and information-seeking ...,142
external locus of control,10,https://psycnet.apa.org/record/1980-23663-001,psycnet.apa.org,92,The relationship between locus of control and psychotherapy,104
external locus of control,11,https://www.verywellmind.com/what-is-locus-of-control-2795434,www.verywellmind.com,90,Locus of Control and Your Life,940
external locus of control,12,https://study.com/academy/lesson/locus-of-control-definition-and-examples-of-internal-and-external.html,study.com,85,Internal & External Locus of Control | Definition & Examples,84
avoidance,2,https://silverliningcharlotte.com/why-emotional-avoidance-often-fuels-unhealthy-coping-patterns,silverliningcharlotte.com,7,Why Emotional Avoidance Fuels Unhealthy Coping Patterns,642
avoidance,4,https://mindfuli.com/how-to-spot-the-signs-of-avoidance/,mindfuli.com,11,How to Spot the Signs of Avoidance,342
avoidance,5,https://pcpsychology.com.au/blog/avoidance,pcpsychology.com.au,10,Are You Caught in an Avoidance Cycle?,250
avoidance,6,https://www.ahdictionary.com/word/search.html?q=avoidance,www.ahdictionary.com,72,American Heritage Dictionary Entry: avoidance,182
avoidance,7,https://www.psychologytoday.com/nz/blog/in-practice/201305/avoidance-coping,www.psychologytoday.com,93,Avoidance Coping,133
avoidance,8,https://dictionary.cambridge.org/pl/dictionary/english/avoidance,dictionary.cambridge.org,92,Znaczenie słowa avoidance w języku angielskim,97
avoidance,9,https://truesport.org/video/dr-kevin-chapman-behavioral-avoidance/,truesport.org,66,TrueSport Expert Series: Dr. Kevin Chapman on Behavioral ...,71
avoidance,11,https://www.sciencedirect.com/topics/computer-science/avoidance-strategy,www.sciencedirect.com,94,Avoidance Strategy - an overview,39
avoidance,12,https://www.sandstonecare.com/blog/avoidance-behavior/,www.sandstonecare.com,55,Avoidance Behavior | Why We Procrastinate & How to Stop,74
avoidance,13,https://www.psychologytoday.com/us/blog/in-practice/201303/why-avoidance-coping-is-the-most-important-factor-in-anxiety,www.psychologytoday.com,93,Why Avoidance Coping is the Most Important Factor in ...,21
daydreaming,2,https://en.wikipedia.org/wiki/Daydreaming,en.wikipedia.org,97,Daydreaming,1656
daydreaming,5,https://greatergood.berkeley.edu/article/item/what_daydreaming_does_to_your_mind,greatergood.berkeley.edu,92,What Daydreaming Does to Your Mind,371
daydreaming,6,https://www.reddit.com/r/ImmersiveDaydreaming/comments/1is9d02/what_do_you_guys_mean_by_daydreaming/,www.reddit.com,95,What do you guys mean by “daydreaming”,215
daydreaming,7,https://psyche.co/ideas/maladaptive-daydreaming-made-me-feel-trapped-in-my-own-mind,psyche.co,75,Maladaptive daydreaming made me feel trapped in my ...,369
daydreaming,9,https://study.com/academy/lesson/what-is-daydreaming-in-psychology-definition-disorder-quiz.html,study.com,85,"Daydreaming | Definition, Types & Examples - Lesson",353
daydreaming,10,https://www.facebook.com/groups/1848102485416311/posts/4035370263356178/,www.facebook.com,100,What is daydreaming?,338
daydreaming,11,https://www.youtube.com/watch?v=Qt-8WxxdTPQ&vl=en,www.youtube.com,99,Maladaptive Daydreaming vs Mind wandering – How To Tell ...,163
daydreaming,12,https://allaboutpsychology.substack.com/p/the-psychology-of-daydreaming,allaboutpsychology.substack.com,94,The Psychology of Daydreaming - by David Webb,267
daydreaming,13,https://www.sleepfoundation.org/mental-health/maladaptive-daydreaming,www.sleepfoundation.org,90,Maladaptive Daydreaming,615
daydreaming,14,https://www.attachmentproject.com/psychology/maladaptive-daydreaming/,www.attachmentproject.com,74,Maladaptive Daydreaming: What It Is and How to Stop It - AP,1742
decision paralysis,2,https://www.psychologytoday.com/sg/blog/social-instincts/202301/3-tips-to-tackle-decision-paralysis,www.psychologytoday.com,93,3 Tips to Tackle Decision Paralysis,1734
decision paralysis,5,https://www.linkedin.com/pulse/how-beat-decision-paralysis-without-losing-your-mind-momentum-lydia-zbaoe,www.linkedin.com,99,How to Beat Decision Paralysis (Without Losing Your Mind ...,448
decision paralysis,6,https://bestself.co/blogs/articles/decision-paralysis-why-you-freeze,bestself.co,69,Decision Paralysis: Why You Freeze and How to Break ...,359
decision paralysis,7,https://integrative-psych.org/resources/decision-paralysis-when-making-choices-becomes-a-mental-health-issue,integrative-psych.org,51,Decision Paralysis: When Making Choices Becomes a ...,287
decision paralysis,8,https://www.forbes.com/sites/forbescoachescouncil/2018/06/12/decision-making-at-a-standstill-curing-decision-paralysis/,www.forbes.com,94,Decision Making At A Standstill: Curing Decision Paralysis,230
decision paralysis,9,https://careerdesignstudio.buffalo.edu/videos/decision-paralysis-why-your-adhd-brain-cant-choose-a-direction/,careerdesignstudio.buffalo.edu,86,Decision Paralysis? Why Your ADHD Brain Can't Choose a ...,184
decision paralysis,10,https://anderson.ae/article/how-to-overcome-decision-paralysis-at-work,anderson.ae,27,How to Overcome Decision Paralysis at Work,147
decision paralysis,11,https://career.cornell.edu/videos/decision-paralysis-why-your-adhd-brain-cant-choose-a-direction/,career.cornell.edu,92,Decision Paralysis? Why Your ADHD Brain Can't Choose a ...,222
decision paralysis,12,https://procrastination.com/blog/9/decision-paralysis-overthinking-choices,procrastination.com,56,Decision Paralysis: How To Stop Overthinking Your Choices,111
decision paralysis,13,https://thedecisionlab.com/biases/choice-overload-bias,thedecisionlab.com,82,Choice Overload Bias,446
fear of abandonment,2,https://www.reddit.com/r/emotionalintelligence/comments/1j45a7l/how_to_heal_your_fear_of_abandonment/,www.reddit.com,95,How to Heal Your Fear of Abandonment,1889
fear of abandonment,4,https://www.verywellmind.com/fear-of-abandonment-2671741,www.verywellmind.com,90,Understanding Fear of Abandonment,2040
fear of abandonment,5,https://medium.com/invisible-illness/when-your-fear-is-not-always-about-abandonment-bc62371b2149,medium.com,94,When Your Fear Is Not Always about Abandonment,838
fear of abandonment,6,https://www.ummhealth.org/health-library/what-to-know-about-abandonment-trauma,www.ummhealth.org,77,What to Know About Abandonment Trauma,2426
fear of abandonment,7,https://arbourhospital.com/blog/understanding-the-fear-of-abandonment-in-bpd/,arbourhospital.com,21,Understanding the Fear of Abandonment in BPD,1082
fear of abandonment,8,https://www.crackliffe.com/words/2022/7/14/how-to-heal-fear-of-abandonment,www.crackliffe.com,27,How to Heal a Fear of Abandonment: 5 Steps That Actually ...,1045
fear of abandonment,9,https://www.youtube.com/watch?v=bUAq0L4pvmw,www.youtube.com,99,Conquering Abandonment Fears: Expert Tips,423
fear of abandonment,10,https://www.silverlakepsychology.com/blog/13-signs-that-you-might-be-struggling-from-abandonment-issues/,www.silverlakepsychology.com,33,13 Signs That You Might Be Struggling from Abandonment ...,1153
fear of abandonment,11,https://en.wikipedia.org/wiki/Abandonment_(emotional),en.wikipedia.org,97,Abandonment (emotional),1197
fear of abandonment,12,https://www.newportinstitute.com/resources/mental-health/fear-of-abandonment/,www.newportinstitute.com,65,Fear of Abandonment in Young Adults,515
mere exposure effect,5,https://chapterly.ai/blog/mere-exposure-effect,chapterly.ai,30,Mere Exposure Effect: Why Familiar Books Feel Better,94
mere exposure effect,6,https://shoptoothily.com/blogs/smileforward/mere-exposure-effect-familiarity,shoptoothily.com,0,The Mere Exposure Effect: Why Familiar Things Start Feeling ...,36
mere exposure effect,7,https://www.linkedin.com/pulse/issue-7-mere-exposure-effect-why-familiarity-builds-trust-mseleku-jk1nc,www.linkedin.com,99,Issue #7: The Mere Exposure Effect — Why Familiarity ...,15
mere exposure effect,8,https://iceberg-digital.co.uk/blogs/the-mere-exposure-effect-the-psychology-behind-people-liking-your-estate-agency,iceberg-digital.co.uk,34,The Mere Exposure Effect: The Psychology Behind People ...,5
mere exposure effect,9,https://choicehacking.com/2020/10/13/what-is-the-mere-exposure-effect/,choicehacking.com,39,What is the Mere Exposure Effect? Why Familiarity Creates ...,2
mere exposure effect,10,https://www.sciencedirect.com/science/article/pii/S1053810019301904,www.sciencedirect.com,94,Examining effects of preconscious mere exposure,1
mere exposure effect,11,https://bethanyworks.com/mere-exposure-effect-branding-psychology/,bethanyworks.com,51,What is the mere exposure effect in branding?,0
mere exposure effect,12,https://www.reddit.com/r/Polska/comments/1mckm2c/o_tym_jak_efekt_czystej_ekspozycji_przyczynia_si%C4%99/?tl=en,www.reddit.com,95,About how the mere-exposure effect contributes to ...,26
mere exposure effect,13,https://www.verywellmind.com/mere-exposure-effect-7368184,www.verywellmind.com,90,Mere Exposure Effect: How Familiarity Breeds Attraction,87
mere exposure effect,14,https://www.youtube.com/watch?v=ILDyGw27L2c,www.youtube.com,99,What is the mere exposure effect?,0
grey rocking,2,https://www.reddit.com/r/narcissisticparents/comments/1mp1v7u/how_did_you_train_yourself_to_be_a_grey_rock/,www.reddit.com,95,How did you train yourself to be a grey rock?,2080
grey rocking,4,https://www.ctvnews.ca/lifestyle/article/how-being-a-grey-rock-can-protect-you-against-narcissists/,www.ctvnews.ca,90,How being a 'grey rock' can protect you against narcissists,672
grey rocking,5,https://narcissistabusesupport.com/go-grey-rock-narcissist-social-media-grey-rock-technique/,narcissistabusesupport.com,50,Go Grey Rock On Narcissist On Social Media,3303
grey rocking,6,https://www.facebook.com/jomanmusic/posts/have-you-heard-of-the-grey-rock-methodbasically-its-a-way-to-disarm-manipulative/1644536957238941/,www.facebook.com,100,Have you heard of “the grey rock method ...,439
grey rocking,7,https://www.nzherald.co.nz/lifestyle/grey-rocking-is-a-way-to-deal-with-difficult-people-heres-how-it-works/4XRGSGIJ5ZCYPOLCE5XAZVQUKU/,www.nzherald.co.nz,87,'Grey rocking' is a way to deal with difficult people. Here's ...,344
grey rocking,8,https://www.quora.com/How-do-you-use-the-Grey-Rock-method-when-you-are-at-court-because-of-the-common-child-and-a-narcissist-is-attacking-you,www.quora.com,92,How to use the Grey Rock method when you are at court ...,415
grey rocking,9,https://www.reddit.com/r/raisedbynarcissists/comments/k3d7ss/any_one_elses_nmom_make_them_feel_super_guilty/,www.reddit.com,95,Any one else's nmom make them feel super guilty for grey ...,220
grey rocking,10,https://www.theguardian.com/science/2022/aug/31/grey-rocking-how-to-bore-a-toxic-narcissist-out-of-your-life,www.theguardian.com,93,'Grey rocking' – how to bore a toxic narcissist out of your life,185
grey rocking,11,https://www.ebsco.com/research-starters/health-and-medicine/grey-rock-method-grey-rocking,www.ebsco.com,87,Grey rock method (grey rocking) | Health and Medicine,1719
grey rocking,12,https://www.youtube.com/watch?v=owF71aOCxD0,www.youtube.com,99,Why Gray Rocking Doesn't Work #narcissist #narcissisticabuse ...,150
fear of failure,2,https://www.bozemancounselingcenter.com/blog/how-does-fear-of-failure-contribute-to-social-anxiety,www.bozemancounselingcenter.com,7,How Does Fear of Failure Contribute to Social Anxiety?,974
fear of failure,5,https://www.reddit.com/r/getdisciplined/comments/y80hx6/question_how_do_you_overcome_the_fear_of_failure/,www.reddit.com,95,[Question] How do you overcome the Fear of Failure,449
fear of failure,6,https://johndillett.com/f/5-signs-that-fear-of-failure-is-keeping-you-from-your-best-life,johndillett.com,0,5 Signs That Fear of Failure Is Keeping You from Your Best ...,399
fear of failure,7,https://www.paradox.io/blog/dompter-peur-echec,www.paradox.io,34,Fear of failure: how to turn it into an ally?,319
fear of failure,8,https://admin.kuleuven.be/cc/career-center-portal/youreca-career-center/well-being-for-young-researchers/mental-health-matters-a-podcast-series/episode-6-how-to-cope-with-perfectionism-and-the-fear-of-failure,admin.kuleuven.be,87,Episode 6: How to cope with perfectionism and the fear of ...,256
fear of failure,9,https://www.dw.com/en/how-to-overcome-the-fear-of-failure/video-38102458,www.dw.com,90,How to overcome the fear of failure,204
fear of failure,10,https://www.europeanproceedings.com/article/10.15405/epsbs.2019.02.74,www.europeanproceedings.com,54,Two Approaches To Fear Of Failure And Success,188
fear of failure,11,https://deanandmarciewhalen.com/overcome-the-fear-of-failure/,deanandmarciewhalen.com,0,Four Ways to Reframe and Overcome the Fear of Failure,131
fear of failure,12,https://www.betterup.com/blog/how-to-overcome-fear-of-failure,www.betterup.com,83,10 Steps To Overcome Fear Of Failure,222
fear of failure,13,https://www.facebook.com/MentalHealthMO/posts/the-fear-of-failure-also-known-as-atychiphobia-is-an-irrational-and-persistent-f/880988300741033/,www.facebook.com,100,What is atychiphobia and how to cope with fear of failure,183
the ick,2,https://www.reddit.com/r/AskGaybrosOver30/comments/1n7c3ax/whats_given_you_the_ick/,www.reddit.com,95,"What's Given You ""The Ick."" : r/AskGaybrosOver30",
the ick,4,https://community.whattoexpect.com/forums/hot-topics-1/topic/the-ick-174268791.html,community.whattoexpect.com,79,The Ick - Hot Topics | Forums,
the ick,5,https://podcasts.apple.com/us/podcast/the-ick-podcast/id1680175326,podcasts.apple.com,97,The Ick Podcast,7
the ick,6,https://www.instagram.com/reel/DSQniR0Eldn/?hl=en,www.instagram.com,100,Who will get The Ick? Comment “ICK” to find out! Watch A ...,
the ick,7,https://www.linkedin.com/posts/seangrealy_fastest-way-to-give-a-prospect-the-ick-activity-7343435278004469760-Kq3P,www.linkedin.com,99,fastest way to give a prospect the ick? | Sean Grealy 💰🪓,
the ick,8,https://open.spotify.com/track/5iNeVpHxcvgttO7JetUXfK,open.spotify.com,95,The Ick - song and lyrics by Trousdale,
the ick,9,https://www.quora.com/What-gave-you-the-ick?no_redirect=1,www.quora.com,92,What gave you the ick?,22
the ick,10,https://www.mumsnet.com/talk/am_i_being_unreasonable/4224138-what-have-you-the-ick,www.mumsnet.com,76,What have you the 'ick'?,
the ick,11,https://www.asexuality.org/en/topic/237927-getting-the-ick/,www.asexuality.org,72,"Getting the ""ick"". - Asexual Relationships",
the ick,12,https://www.urbandictionary.com/define.php?term=the+ICK,www.urbandictionary.com,88,the ICK,
fawn response,2,https://guidedinnature.com/2025/09/10/people-pleasing-fawn-response/,guidedinnature.com,4,The Fawn Response: How People Pleasing Impacts Your ...,82
fawn response,4,https://www.bhattpsychotherapy.com/post/people-pleasing-fawn-response-signs-how-to-stop-guide,www.bhattpsychotherapy.com,2,People-Pleasing & the Fawn Response: Signs & How to Stop,52
fawn response,5,https://www.psychologytoday.com/gb/blog/healing-oppression/202104/the-fawn-response-racism,www.psychologytoday.com,93,The Fawn Response to Racism,
fawn response,6,https://mentemira.com/fawn-response/,mentemira.com,7,Understanding the Fawn Response & People-Pleasing ...,27
fawn response,7,https://somatictherapyireland.com/the-fawn-response-when-your-survival-strategy-was-to-please/,somatictherapyireland.com,6,The Fawn Response: When Your Survival Strategy Was to ...,33
fawn response,8,https://theleadersjourney.us/podcast/episode/emotional-maturity/beyond-fight-flight-the-fawn-response-people-pleasing-and-peacekeeping/,theleadersjourney.us,28,The Fawn Response (People pleasing and Peacekeeping),
fawn response,9,https://www.foodjunkiespodcast.com/episodes/episode-249-clinicians-corner-understanding-the-fawn-response,www.foodjunkiespodcast.com,31,Understanding the Fawn Response in Trauma and Recovery,
fawn response,10,https://www.counselingphoenixscottsdale.com/the-fawn-response-and-boundaries-establishing-healthy-limits-in-complex-ptsd-healing/,www.counselingphoenixscottsdale.com,23,The Fawn Response & Boundaries: Trauma Therapy ...,3
fawn response,11,https://www.kaminiwood.com/fawn-trauma-response/,www.kaminiwood.com,40,What Is the Fawn Trauma Response?,254
fawn response,12,https://www.ptsduk.org/its-so-much-more-than-just-fight-or-flight/,www.ptsduk.org,71,Trauma: It's more than just 'fight or flight',1281
self-fulfilling prophecy,3,https://www.thoughtfulleader.com/human-behaviour/self-fulfilling-prophecy/,www.thoughtfulleader.com,40,How a Self Fulfilling Prophecy Will Make or Break Your Team,1842
self-fulfilling prophecy,4,https://www.collinsdictionary.com/us/dictionary/english/self-fulfilling-prophecy,www.collinsdictionary.com,86,Definition of 'self-fulfilling prophecy',520
self-fulfilling prophecy,5,https://www.reddit.com/r/tsitp/comments/1ru7d5s/selffulfilling_prophecy/,www.reddit.com,95,self-fulfilling prophecy : r/tsitp,132
self-fulfilling prophecy,6,https://psychology.iresearchnet.com/sports-psychology/body-image-and-self-esteem/self-fulfilling-prophecy-psychology/,psychology.iresearchnet.com,71,Self-Fulfilling Prophecy Psychology - Body Image And ...,27
self-fulfilling prophecy,7,https://www.linkedin.com/pulse/65-self-fulfilling-prophecy-you-trapped-your-own-beliefs-k-c-barr-scpie,www.linkedin.com,99,#65 Self-Fulfilling Prophecy: Are You Trapped by Your ...,5
self-fulfilling prophecy,8,http://www.interfaith.org/community/threads/21519/,www.interfaith.org,36,Religion as Self Fulfilling Prophecy,12
self-fulfilling prophecy,10,https://www.renascence.io/journal/self-fulfilling-prophecy-expectations-influencing-outcomes,www.renascence.io,69,Self-Fulfilling Prophecy: Expectations Influencing Outcomes,0
self-fulfilling prophecy,11,https://www.youtube.com/watch?v=yr-7iAcWqzo,www.youtube.com,99,How to Change Your Mindset | Use the Self Fulfilling Prophecy ...,0
self-fulfilling prophecy,12,https://www.quora.com/Beliefs-lead-to-a-condition-What-is-a-self-fulfilling-prophecy-How-does-it-relate-in-the-event-a-person-is-unaware-of-the-type-of-language-their-believe-was-formed-from,www.quora.com,92,Beliefs lead to a condition. What is a self fulfilling prophecy ...,0
self-fulfilling prophecy,13,https://ryanholiday.net/self-fulfilling-prophecy/,ryanholiday.net,74,Self-Fulfilling Prophecy,0
emotional maturity,3,https://www.psychologytoday.com/nz/blog/staying-sane-inside-insanity/202110/emotional-maturity-in-relationships,www.psychologytoday.com,93,Emotional Maturity in Relationships,1233
emotional maturity,4,https://newayscenter.com/emotional-maturity-trust-your-feelings/,newayscenter.com,31,Deepen Your Emotional Maturity & Trust Your Feelings When ...,518
emotional maturity,5,https://www.reddit.com/r/emotionalintelligence/comments/1lw65og/what_is_emotional_maturity/,www.reddit.com,95,What is emotional maturity? : r/emotionalintelligence,196
emotional maturity,6,https://www.linkedin.com/posts/nikkilangman1_emotional-maturity-isnt-about-staying-calm-activity-7330162816877846528-sRFc,www.linkedin.com,99,Emotional maturity isn't about staying calm. | Nikki Langman,91
emotional maturity,7,https://sriladevi.com/2026/05/18/why-emotional-maturity-is-so-rare/,sriladevi.com,6,Why Is Emotional Maturity So Rare?,38
emotional maturity,8,https://www.bolde.com/14-weird-behaviors-that-actually-signal-high-emotional-maturity/,www.bolde.com,56,14 Weird Behaviors That Actually Signal High Emotional ...,16
emotional maturity,9,https://www.quora.com/Is-emotional-maturity-something-that-is-innate-or-learned-through-experience,www.quora.com,92,Is emotional maturity something that is innate or learned ...,7
emotional maturity,10,https://www.youtube.com/shorts/diXF6Y1PV0I,www.youtube.com,99,What does emotional maturity actually sound like?,3
emotional maturity,11,https://tinybuddha.com/topic/what-hinders-and-what-supports-emotional-maturity/,tinybuddha.com,77,What Hinders and What Supports Emotional Maturity?,1
emotional maturity,12,https://www.antesajensen.com/blog/emotional-maturity-privilege,www.antesajensen.com,17,Let's talk about emotional maturity privilege.,1
emotional manipulation,3,https://www.searchlight.vc/dr-jozelle-miller/2024/05/28/emotional-manipulation-signs/,www.searchlight.vc,47,Emotional manipulation – What are the signs?,1512
emotional manipulation,4,https://mentalzon.com/en/post/4960/how-to-build-resilience-against-emotional-manipulation-tactics,mentalzon.com,38,How to Build Resilience Against Emotional Manipulation ...,741
emotional manipulation,5,https://timesofindia.indiatimes.com/relationships/5-signs-of-emotional-manipulation-in-relationships-as-per-mental-health-counselor/photostory/131862676.cms,timesofindia.indiatimes.com,92,"5 signs of emotional manipulation in relationships, as per ...",363
emotional manipulation,6,https://herheartdiary.com/emotional-manipulation-in-relationships/,herheartdiary.com,0,5 Signs of Emotional Manipulation in Relationships You ...,178
emotional manipulation,7,https://www.reddit.com/r/sociopath/comments/u3lloa/emotional_manipulation/,www.reddit.com,95,emotional manipulation? : r/sociopath,87
emotional manipulation,9,https://recovery.com/resources/what-is-gaslighting-a-guide-to-recognizing-and-healing-from-emotional-manipulation-matthew-glowiak/,recovery.com,75,What Is Gaslighting? A Guide to Recognizing and Healing ...,21
emotional manipulation,10,https://www.linkedin.com/posts/ratika_leadership-gcc-emotionalintelligence-activity-7369773693167702017-52Iw,www.linkedin.com,99,Overcoming Emotional Manipulation in Leadership,10
emotional manipulation,11,https://www.quora.com/What-is-the-definition-of-emotional-manipulation-How-does-it-work-on-people,www.quora.com,92,What is the definition of emotional manipulation? How ...,29
emotional manipulation,12,https://orangecoastpsychiatry.com/recognizing-the-signs-of-emotional-manipulation/,orangecoastpsychiatry.com,6,Recognizing the Signs of Emotional Manipulation,327
emotional manipulation,13,https://www.youtube.com/watch?v=JckyNZWwK-w,www.youtube.com,99,Emotional Manipulation: Why You Feel Trapped (And How to ...,1
people pleasing,3,https://www.psychologytoday.com/us/basics/people-pleasing,www.psychologytoday.com,93,People-Pleasing,1920
people pleasing,4,https://www.reddit.com/r/socialskills/comments/1e88y2m/what_exactly_is_people_pleasing_how_do_you_stop_it/,www.reddit.com,95,what exactly is people pleasing? how do you stop it?,3567
people pleasing,5,https://www.oprah.com/omagazine/how-to-stop-being-a-people-pleaser,www.oprah.com,85,How to Stop Being a People Pleaser,1405
people pleasing,6,https://werisetherapyandwellness.com/unlearning-people-pleasing/,werisetherapyandwellness.com,2,Unlearning People Pleasing,259
people pleasing,7,https://somawichita.com/people-pleasing-what-does-it-mean/,somawichita.com,49,Do You Struggle With People Pleasing?,778
people pleasing,8,https://www.jmu.edu/counselingctr/self-help/relationships/people-pleasing.shtml,www.jmu.edu,80,People Pleasing - Counseling Center,168
people pleasing,10,https://www.verywellmind.com/how-to-stop-being-a-people-pleaser-5184412,www.verywellmind.com,90,8 Ways to Stop Being a People-Pleaser,279
people pleasing,11,https://www.merriam-webster.com/dictionary/people%20pleaser,www.merriam-webster.com,91,PEOPLE PLEASER Definition & Meaning,535
people pleasing,12,https://nehs.transformationsnetwork.com/insights/understanding-the-psychology-of-people-pleasing/,nehs.transformationsnetwork.com,39,Understanding the Psychology of People Pleasing | MA,82
people pleasing,13,https://ashleyjanssen.com/8-signs-you-are-a-people-pleaser-and-how-to-stop/,ashleyjanssen.com,32,8 Signs You Are A People Pleaser (And How To Stop!),447
enmeshed family,3,https://www.psychologytoday.com/us/blog/conquering-codependency/202508/enmeshed-families-when-control-is-disguised-as-closeness,www.psychologytoday.com,93,Enmeshed Families: When Control Is Disguised as ...,1699
enmeshed family,4,https://findmytherapist.com/resources/relationships/enmeshed-family/,findmytherapist.com,40,What is an Enmeshed Family? Tips to End Enmeshment,757
enmeshed family,5,https://www.reddit.com/r/AdultChildren/comments/1deh079/what_does_family_enmeshment_look_like_in_your/,www.reddit.com,95,What does family enmeshment look like in your family?,577
enmeshed family,6,https://pasadenavilla.com/resources/blog/family-enmeshment/,pasadenavilla.com,31,What is Family Enmeshment?,939
enmeshed family,7,https://www.terricole.com/family-enmeshment/,www.terricole.com,57,"Family Enmeshment: Codependency, Self-Abandonment + ...",226
enmeshed family,8,https://www.dralisoncook.com/blog/the-enmeshed-family-and-6-signs-of-toxic-behavior,www.dralisoncook.com,47,The Enmeshed Family and 6 Signs of Toxic Behavior,219
enmeshed family,9,https://www.emorahealth.com/resources/enmeshed-family-what-it-is-how-it-affects-you-and-what-you-can-do-about-it,www.emorahealth.com,36,"Enmeshed Family: Signs, Effects, and How to Set Boundaries",104
enmeshed family,10,https://www.evolutiontohealing.com/what-is-enmeshment/,www.evolutiontohealing.com,29,What Is Enmeshment? Signs You Grew Up in an ...,2661
enmeshed family,11,https://familycenterhelps.org/coping-with-your-enmeshed-family/,familycenterhelps.org,16,Coping with Your Enmeshed Family,70
enmeshed family,12,https://missionprephealthcare.com/mental-health-resources/attachment-styles/family-enmeshment-trauma/,missionprephealthcare.com,45,What Is Family Enmeshment? Signs of ...,86
emotional numbness,2,https://health.clevelandclinic.org/why-you-feel-emotionally-numb,health.clevelandclinic.org,92,9 Causes of Emotional Numbness and What To Do,4004
emotional numbness,4,https://www.verywellmind.com/emotional-numbing-symptoms-2797372,www.verywellmind.com,90,"Emotional Numbness: Symptoms, Causes, and Treatment",795
emotional numbness,5,https://www.psychologytoday.com/us/blog/childhood-emotional-neglect/202511/10-telltale-signs-that-you-are-emotionally-numb,www.psychologytoday.com,93,10 Signs of Emotional Numbness,943
emotional numbness,7,https://www.anthemeap.com/sparc/emotional-wellness/mental-health/articles/emotional-numbness-how-to-recognize-and-treat-it,www.anthemeap.com,53,Emotional Numbness: How to Recognize and Treat It | Anthem,695
emotional numbness,8,https://www.unitypoint.org/news-and-articles/a-therapist-explains-why-we-shut-down-when-flooded-with-big-emotions,www.unitypoint.org,76,A Therapist Explains Why We Shut Down When Flooded ...,2138
emotional numbness,9,https://www.ptsduk.org/emotional-numbness/,www.ptsduk.org,71,Emotional numbness,1450
emotional numbness,10,https://www.youtube.com/watch?v=gHsKOSvAyLo,www.youtube.com,99,How to Process Emotional Numbness and Dissociation,1163
emotional numbness,11,https://animosanopsychiatry.com/blog/emotional-numbness-symptoms-underlying-causes-and-treatment-approaches/,animosanopsychiatry.com,33,"Emotional Numbness: Symptoms, Causes, and Treatment",244
emotional numbness,12,https://www.annabellepsychology.com/articles-and-guides/emotional-numbness-causes-and-support,www.annabellepsychology.com,38,"Emotional Numbness: Causes, Signs and How to Cope",185
emotional numbness,13,https://bespokepsychiatry.com/why-do-i-feel-emotionally-numb-understanding-emotional-numbness-feeling-numb-mental-health-support-emotional-numbness-causes-and-treatment/,bespokepsychiatry.com,3,Why Do I Feel Emotionally Numb?,546
childhood emotional neglect,2,https://psychwire.com/free-resources/q-and-a/1dv2b9p/emotional-neglect-and-its-impact,psychwire.com,65,Q&A with Jonice Webb on Childhood Emotional Neglect,1279
childhood emotional neglect,4,https://www.psychologytoday.com/us/blog/childhood-emotional-neglect/202303/5-triggers-for-adults-with-childhood-emotional-neglect,www.psychologytoday.com,93,5 Triggers for Adults Who Experienced Childhood ...,1581
childhood emotional neglect,5,https://www.therapeuticcounseling.org/post/childhood-emotional-neglect-the-trauma-of-what-wasn-t,www.therapeuticcounseling.org,16,Childhood Emotional Neglect: The Trauma of What Wasn't,1049
childhood emotional neglect,7,https://www.medicalnewstoday.com/articles/childhood-emotional-neglect,www.medicalnewstoday.com,91,"Childhood emotional neglect: Signs, effects, and how to heal",921
childhood emotional neglect,8,https://drjonicewebb.com/about-emotional-neglect/,drjonicewebb.com,53,About Emotional Neglect | Dr. Jonice ...,446
childhood emotional neglect,9,https://allofyoutherapy.net/blog/childhood-emotional-neglect-symptoms,allofyoutherapy.net,15,Symptoms of Childhood Emotional Neglect (Even If ...,416
childhood emotional neglect,10,https://blueknot.org.au/newsletters/understanding-emotional-neglect/,blueknot.org.au,73,Understanding emotional neglect,537
childhood emotional neglect,11,https://www.therootcounseling.com/post/childhoodneglect,www.therootcounseling.com,7,How Childhood Neglect Can Shape a Lifetime of Coping,134
childhood emotional neglect,12,https://www.reddit.com/r/CPTSD/comments/ykkrz1/why_is_childhood_emotional_neglect_so_traumatic/,www.reddit.com,95,Why is childhood emotional neglect so traumatic? : r/CPTSD,457
childhood emotional neglect,13,https://www.youtube.com/watch?v=KnqksJS78l0,www.youtube.com,99,How Childhood Emotional Neglect Shows Up in Adults,86
emotional exhaustion,2,https://kamalaya.com/symptoms-of-burnout/,kamalaya.com,58,Symptoms of burnout | Emotional exhaustion,2512
emotional exhaustion,5,https://tov.org.au/blog/emotional-exhaustion/,tov.org.au,13,"Emotional Exhaustion, and how to help - TOV",226
emotional exhaustion,6,https://growselfdaily.com/mental-burnout-and-emotional-exhaustion/,growselfdaily.com,2,Mental Burnout And Emotional Exhaustion: 7 Signs You're Stuck,129
emotional exhaustion,7,https://www.linkedin.com/pulse/emotional-exhaustion-burnout-heres-what-youre-really-carrying-p2c7e,www.linkedin.com,99,Emotional Exhaustion Is Not Burnout. Here's What You're ...,73
emotional exhaustion,8,https://www.sciencedirect.com/science/article/pii/S0022399917301769,www.sciencedirect.com,94,"The interplay between emotional exhaustion, common ...",42
emotional exhaustion,9,https://www.aconsciousrethink.com/53165/you-might-be-causing-the-mental-and-emotional-exhaustion-you-feel-by-engaging-in-these-9-behaviors/,www.aconsciousrethink.com,54,You Might Be Causing Your Own Mental And Emotional ...,24
emotional exhaustion,10,https://pubmed.ncbi.nlm.nih.gov/28727992/,pubmed.ncbi.nlm.nih.gov,95,How does emotional exhaustion influence work stress ...,14
emotional exhaustion,11,https://centerstone.org/our-resources/health-wellness/how-to-cope-with-emotional-exhaustion/,centerstone.org,71,How to Cope with Emotional Exhaustion,122
emotional exhaustion,12,https://ipractice.com/symptoms/emotional-exhaustion/,ipractice.com,28,Symptoms of emotional exhaustion | iPractice,130
emotional exhaustion,13,https://screening.mhanational.org/content/i-am-emotionally-exhausted/,screening.mhanational.org,88,I'm emotionally exhausted - MHA Screening,356
fear of rejection,2,https://www.psychologytoday.com/nz/blog/smashing-the-brainblocks/201812/how-conquer-the-fear-rejection,www.psychologytoday.com,93,How to Conquer the Fear of Rejection,524
fear of rejection,4,https://www.reddit.com/r/AskMen/comments/9bc8c2/how_does_one_overcome_a_fear_of_rejection_when_it/,www.reddit.com,95,How does one overcome a fear of rejection when it comes ...,302
fear of rejection,6,https://mentalzon.com/en/post/2818/why-am-i-afraid-of-rejection,mentalzon.com,38,Why Am I Afraid of Rejection?,215
fear of rejection,7,https://www.marinapearson.com/musings/fear-of-rejection,www.marinapearson.com,16,"""No"" Isn't a Dirty Word: Overcoming the Fear of Rejection",172
fear of rejection,8,https://www.centreofexcellence.com/overcoming-fear-of-rejection/,www.centreofexcellence.com,67,How to Overcome a Fear of Rejection: 6 Effective Steps,137
fear of rejection,9,https://www.quora.com/Is-the-fear-of-rejection-a-common-theme-in-your-life,www.quora.com,92,Is the fear of rejection a common theme in your life?,99
fear of rejection,10,https://medium.com/@jedediahmahrle/4-exercises-to-help-you-crush-your-fear-of-rejection-e9a71fa673e3,medium.com,94,4 Exercises to Help You Crush Your Fear of Rejection,88
fear of rejection,11,https://www.reddit.com/r/enfj/comments/1oitpp8/how_do_you_deal_with_your_fear_of_rejection_fear/,www.reddit.com,95,How do you deal with your fear of rejection ...,63
fear of rejection,12,https://www.reddit.com/r/enfj/comments/1oitpp8/how_do_you_deal_with_your_fear_of_rejection_fear/,www.reddit.com,95,How do you deal with your fear of rejection ...,63
fear of rejection,13,https://medium.com/@kaleem12352/overcoming-fear-of-rejection-an-extensive-guide-a34368f4e742,medium.com,94,Overcoming The Fear of Rejection: An Extensive Guide,45
fear of intimacy,2,https://albertellis.org/2014/04/dealing-with-your-partners-fear-of-intimacy/,albertellis.org,64,Dealing With Your Partner's Fear of Intimacy,854
fear of intimacy,4,https://www.reddit.com/r/Jung/comments/1be7mge/why_the_fuck_am_i_so_scared_of_intimacy_despite/,www.reddit.com,95,Why the fuck am I so scared of intimacy despite fantasising ...,688
fear of intimacy,6,https://www.verywellmind.com/fear-of-intimacy-2671818,www.verywellmind.com,90,"Fear of Intimacy: Signs, Causes, and Coping Strategies",542
fear of intimacy,7,https://www.calm.com/blog/fear-of-intimacy,www.calm.com,87,"What is fear of intimacy, and how do you work through it?",657
fear of intimacy,8,https://en.wikipedia.org/wiki/Fear_of_intimacy,en.wikipedia.org,97,Fear of intimacy,293
fear of intimacy,9,https://www.attachmentproject.com/psychology/fear-of-intimacy/,www.attachmentproject.com,74,"Fear of Intimacy: Signs, Causes & How to Overcome It",529
fear of intimacy,10,https://www.youtube.com/watch?v=O9INMnsoUxU,www.youtube.com,99,Understanding the Fear of Intimacy,125
fear of intimacy,11,https://www.youtube.com/watch?v=O9INMnsoUxU,www.youtube.com,99,Understanding the Fear of Intimacy,125
fear of intimacy,12,https://www.webmd.com/sex-relationships/signs-fear-intimacy,www.webmd.com,92,Fear of Intimacy: Signs To Look For,133
fear of intimacy,13,https://www.betterhelp.com/advice/relations/the-best-ways-to-cope-with-fear-of-sexual-intimacy/,www.betterhelp.com,83,The Best Ways To Cope With Fear Of Sexual Intimacy,240
savoring,2,https://en.wikipedia.org/wiki/Savoring,en.wikipedia.org,97,Savoring,88
savoring,4,https://www.mybestself101.org/blog/2021/5/18/an-introduction-to-savoring,www.mybestself101.org,32,An Introduction to Savoring,61
savoring,5,https://www.npr.org/2025/03/10/nx-s1-5321929/savoring-stress-family-science-happiness,www.npr.org,92,How the science of savoring can help you nurture your ...,53
savoring,6,https://studentaffairs.stanford.edu/focus-savoring-sweet-salty-and-bitter-past-year-present-and-future,studentaffairs.stanford.edu,92,"In Focus: Savoring the Sweet, Salty, AND Bitter of the Past ...",45
savoring,7,https://positivepsychology.com/savoring/,positivepsychology.com,86,Savoring in Positive Psychology: 21 Tools to Appreciate Life,67
savoring,8,https://www.merriam-webster.com/thesaurus/savoring,www.merriam-webster.com,91,SAVORING Synonyms: 61 Similar and Opposite Words,42
savoring,10,https://philabta.org/EBP/13264635,philabta.org,35,A Primer for Training Savoring Skills in Psychotherapy ...,17
savoring,11,https://www.reddit.com/r/Mindfulness/comments/15g8vzt/savoring_is_the_act_of_recognizing_appreciating/,www.reddit.com,95,"Savoring is the act of recognizing, appreciating, and ...",5
savoring,12,https://link.springer.com/article/10.1007/s10902-015-9625-9,link.springer.com,93,Savoring with Intent: Investigating Types of and Motives for ...,
savoring,13,https://christianscholars.com/savoring-students-and-their-stories/,christianscholars.com,49,Savoring Students and Their Stories,
self-disclosure,2,https://en.wikipedia.org/wiki/Self-disclosure,en.wikipedia.org,97,Self-disclosure,266
self-disclosure,4,https://www.ebsco.com/research-starters/health-and-medicine/self-disclosure,www.ebsco.com,87,Self-disclosure | Health and Medicine | Research Starters,241
self-disclosure,5,https://pmc.ncbi.nlm.nih.gov/articles/PMC6447712/,pmc.ncbi.nlm.nih.gov,95,Self-Disclosure Here and Now: Combining Retrospective ...,145
self-disclosure,6,https://www.verywellmind.com/how-does-self-disclosure-influence-relationships-4122387,www.verywellmind.com,90,How Self-Disclosure Impacts Relationships,75
self-disclosure,7,https://alswe.simmons.edu/article/the-art-of-self-disclosure/,alswe.simmons.edu,75,The Art of Self-Disclosure,102
self-disclosure,8,https://www.simplepractice.com/blog/self-disclosure-counseling/,www.simplepractice.com,80,Self-disclosure in counseling,86
self-disclosure,10,https://www.sciencedirect.com/topics/psychology/self-disclosure,www.sciencedirect.com,94,Self-Disclosure - an overview,108
self-disclosure,11,https://www.respecttoolkit.com/self-disclosure-guide,www.respecttoolkit.com,1,Self-Disclosure Guide - RESPECT Toolkit,70
self-disclosure,12,https://www.youtube.com/shorts/KPm7DJkoZlI,www.youtube.com,99,What Self-Disclosure IS and is Not,14
self-disclosure,13,https://www.tandfonline.com/doi/full/10.1080/01612840.2025.2484597,www.tandfonline.com,92,Full article: Self-Disclosure as a Therapeutic Tool,25
find yourself,2,https://www.netflix.com/title,www.netflix.com,92,Watch Find Yourself,595972
find yourself,3,https://en.wikipedia.org/wiki/Find_Yourself,en.wikipedia.org,97,Find Yourself,91
find yourself,4,https://www.google.com/goto?url=CAESmAEB6zswFS4H26sgRMV9F6IlgRVyT4AU3Kd4kP5iwex79fAkiglzZZqOkb3dZ3C8k7_OuhOnDT5_iEMwUQw6jyB3ldWeJGL2G8CZ3gvbjSfdYjivd8lURoAiD73vECmdmcltOxv6gezRA6vdO93iVzYRJW6ns53vM_TR9xRNZ9tdBkakhKLn3VPkXWQJBUAz4wOTiNKc3Ubw1w,www.google.com,100,Find Yourself - a recommendation and request for help to ...,49
find yourself,5,https://mydramalist.com/Shows,mydramalist.com,74,Find Yourself (2020),26955
find yourself,6,https://www.imdb.com/title,www.imdb.com,94,Find Yourself (TV Series 2020,1324477
find yourself,7,https://www.google.com/goto?url=CAESlQEB6zswFcyfspaVuS1-XbZ4S0n0dNboqlwsYufhEKundlmDJqgkz2MW4FmNM_hp3eUre6sqtd8f-Wi9s8UePVccHs6J_D1lFheYfmwr13usB62BUc-KGmgS43BJ9J0lOVDc7baECtyS_gPQI-yKSGn3YP1ULO9T7xG4z8XBO7Wo58zNjG-vwrpIIwCSeqvj15QvYiCaMg,www.google.com,100,What does it mean to 'find yourself'? Why is it hard for some ...,25
find yourself,8,https://open.spotify.com/track,open.spotify.com,95,Find Yourself - song and lyrics by Brad Paisley,353469
find yourself,9,https://thefangirlverdict.com/2020/03/25,thefangirlverdict.com,30,Review: Find Yourself [China],18
find yourself,10,https://reelyromantic.wordpress.com/2020/10/26,reelyromantic.wordpress.com,96,C-Drama Review: Find Yourself - Reely Romantic,14
find yourself,12,https://www.google.com/goto?url=CAESYwHrOzAVtXiygTUsKHZ7d8c2r_tssuus1mDwYPR2JeQaJlfqb06Zy1gRhIhDyXr6ab6ZoobfD0WjFf8VeAp8x7ATG5isfysuZCeSTod3pJeHDbNT2EJFM731rU9gFbFY1pu5Vw,www.google.com,100,Find Yourself,9
self-deprecation,3,https://en.wikipedia.org/wiki/Self-deprecation,en.wikipedia.org,97,Self-deprecation,595
self-deprecation,5,https://www.merriam-webster.com/dictionary/self-deprecating,www.merriam-webster.com,91,SELF-DEPRECATING Definition & Meaning,309
self-deprecation,6,https://www.additudemag.com/self-deprecation-how-to-stand-up-for-yourself-adhd/,www.additudemag.com,83,Self-Deprecation & ADHD: Learning How to Stand Up ...,149
self-deprecation,7,https://www.reddit.com/r/ENGLISH/comments/1tki9q3/is_it_self_deprecating_or_self_depreciating/,www.reddit.com,95,Is it self deprecating or self depreciating? : r/ENGLISH,119
self-deprecation,8,https://www.harmonybaywellness.com/blog/the-self-deprecation-spiral-understanding-its-effects-on-mental-health/,www.harmonybaywellness.com,25,The Self-Deprecation Spiral: Understanding its Effects on ...,246
self-deprecation,9,https://www.impossiblepsychservices.com.sg/our-resources/articles/2022/12/30/understanding-self-deprecation-meaning-signs-and-impact/,www.impossiblepsychservices.com.sg,26,"Understanding Self-deprecation: Meaning, Signs, & Impact",70
self-deprecation,10,https://www.talkspace.com/blog/self-deprecation-unhealthy/,www.talkspace.com,80,Self-Deprecation: Meaning and How to Stop It,29
self-deprecation,11,https://www.quora.com/What-are-the-differences-between-self-abasement-and-self-deprecation-Im-confused-reading-the-definition-of-both-words-because-its-virtually-the-same-so-I-wonder-if-there-was-any-differences-between-them,www.quora.com,92,What are the differences between 'self-abasement' and ' ...,53
self-deprecation,12,https://westonjolly.com/self-depreciating-how-to-stop-self-deprecating/,westonjolly.com,1,Self Depreciating: How to stop self-deprecating,57
self-deprecation,13,https://www.backstage.com/magazine/article/self-deprecation-tips-76258/,www.backstage.com,85,How to Overcome Self-Deprecation,67
planning fallacy,2,https://medium.com/@aviv.iphat/why-product-plans-fail-and-how-to-fix-them-63a31c402340,medium.com,94,The Planning Fallacy. (or why product plans tend to fail),494
planning fallacy,4,https://www.inc.com/robin-camarote/start-planning-more-realistically-feeling-more-accomplished.html,www.inc.com,91,How the Planning Fallacy Keeps You From Feeling ...,26
planning fallacy,5,https://singularity-app.com/blog/planning-fallacy/,singularity-app.com,29,Planning fallacy ⌛️ TIMEHACK - SingularityApp,6
planning fallacy,6,https://www.reddit.com/r/OperationsResearch/comments/1tr2jnc/the_planning_fallacy_why_your_estimates_are_wrong/,www.reddit.com,95,The planning fallacy: why your estimates are wrong and ...,1
planning fallacy,7,https://psycnet.apa.org/record/2017-56606-027,psycnet.apa.org,92,The planning fallacy.,0
planning fallacy,8,https://www.linkedin.com/posts/flyvbjerg_the-planning-fallacy-would-you-like-to-understand-activity-7315523849104609281-WWcP,www.linkedin.com,99,Prof. Bent Flyvbjerg's Post - THE PLANNING FALLACY,0
planning fallacy,9,https://personalmba.com/planning-fallacy/,personalmba.com,67,Planning Fallacy,0
planning fallacy,10,https://www.formpl.us/blog/what-is-the-planning-fallacy-what-survey-project-managers-should-know,www.formpl.us,70,What Is the Planning Fallacy? What Survey Project ...,0
planning fallacy,11,https://www.reddit.com/r/getdisciplined/comments/1tr2j5l/the_planning_fallacy_why_your_estimates_are_wrong/,www.reddit.com,95,The planning fallacy: why your estimates are wrong and ...,0
planning fallacy,12,https://monday.com/blog/project-management/planning-fallacy/,monday.com,91,The planning fallacy: What it is and how to beat it,10
staying up late,2,https://lifestylemedicine.stanford.edu/staying-up-late-mental-health/,lifestylemedicine.stanford.edu,92,How Staying Up Late Can Impact Mental Health,287
staying up late,5,https://en.wikipedia.org/wiki/Bedtime_procrastination,en.wikipedia.org,97,Bedtime procrastination,1941
staying up late,6,https://www.verywellhealth.com/,www.verywellhealth.com,90,9 Tips on How to Stay Up All Night,182868
staying up late,7,https://www.google.com/goto?url=CAESmAEB6zswFUn4-h6TFrNMjTokgdTmUa1e2zOJuuz_czauXES20nV9Pqi2r6QCiRU2ttMsa4TMYKxOF-nrPSTkzD7GV89hQFu-_qtfmwbBuWuuzaJKdw0SwDyUR4ao0FWIYnsiuTWpoRplhRv8YLkqGbht64HW4hVwvwWrVpTtkB7nD_OXWzX27Yrqa7and_9zGhRg9LsBu6vXfw,www.google.com,100,"I cannot stop staying up too late because it's my ""me"" time",
staying up late,8,https://www.sleepfoundation.org/sleep-hygiene/revenge-bedtime-procrastination,www.sleepfoundation.org,90,Revenge Bedtime Procrastination: Why You Self-Sabotage ...,1253
staying up late,9,https://intermountainhealthcare.org/blogs/article,intermountainhealthcare.org,80,Revenge bedtime procrastination: Why you stay up late ...,2725
staying up late,10,https://wellbeing.jhu.edu/blog/2024/11/05,wellbeing.jhu.edu,91,How to sleep well if you have to stay up late,15
staying up late,11,https://wellbeing.jhu.edu/blog/2024/11/05,wellbeing.jhu.edu,91,How to sleep well if you have to stay up late,15
staying up late,12,https://www.reachlink.com/Advice/Sleep,www.reachlink.com,63,Why You Stay Up Late Even When Exhausted,5
staying up late,13,https://drhyman.com/blogs/content,drhyman.com,75,Why You Stay Up So Late—and How to Stop,389
emotional invalidation,3,https://psychcentral.com/health/reasons-you-and-others-invalidate-your-emotional-experience,psychcentral.com,87,What Is Emotional Invalidation?,956
emotional invalidation,5,https://www.psychologytoday.com/us/blog/from-charm-to-harm/202205/recognizing-the-pain-of-emotional-invalidation,www.psychologytoday.com,93,Recognizing the Pain of Emotional Invalidation,140
emotional invalidation,6,https://www.reddit.com/r/CPTSD/comments/12ivi7g/confused_about_emotional_invalidation_and_what_is/,www.reddit.com,95,Confused about emotional invalidation and what is normal ...,930
emotional invalidation,7,https://www.urmc.rochester.edu/behavioral-health-partners/bhp-blog/december-2024/understanding-and-enhancing-your-emotional-state,www.urmc.rochester.edu,89,Overcoming Emotional Invalidation - URMC.Rochester.edu,435
emotional invalidation,8,https://counselingwellnesspgh.com/emotional-invalidation-cptsd-and-its-lasting-impact/,counselingwellnesspgh.com,41,"Emotional Invalidation, cPTSD, and Its Lasting Impact",108
emotional invalidation,9,https://www.terricole.com/emotional-invalidation/,www.terricole.com,57,Addressing Emotional Invalidation in Relationships,102
emotional invalidation,10,https://www.verywellmind.com/emotional-invalidation-425156,www.verywellmind.com,90,Emotional Invalidation During Childhood May Cause BPD,44
emotional invalidation,11,https://pmc.ncbi.nlm.nih.gov/articles/PMC9357853/,pmc.ncbi.nlm.nih.gov,95,Perceived Emotion Invalidation Predicts Daily Affect and ...,161
emotional invalidation,13,https://www.tiktok.com/@melrobbins/video/7547772058512444703,www.tiktok.com,97,Understanding Emotional Invalidation and Self-Validation,38
emotional invalidation,14,https://drjamielong.com/validation-5-things-not-to-say/,drjamielong.com,29,What is Invalidation? 5 Things You Shouldn't Say,488
running late,2,https://www.merriam-webster.com/dictionary/run%20late,www.merriam-webster.com,91,RUN LATE Definition & Meaning,127
running late,4,https://www.gymglish.com/en/gymglish/english-translation/running-late,www.gymglish.com,71,Running late - Definition & Meaning,50
running late,5,https://www.youtube.com/shorts/rW42DOdqgQA,www.youtube.com,99,Running late - what does it mean in English?,31
running late,6,https://www.reddit.com/r/AskReddit/comments/q7a8j3/what_does_running_late_mean_to_you/,www.reddit.com,95,What does running late mean to you? : r/AskReddit,24
running late,7,https://www.wordhippo.com/what-is/another-word-for/running_late.html,www.wordhippo.com,74,"What is another word for ""running late""?",20
running late,8,https://www.bbc.com/worklife/article/20170209-why-some-people-are-always-running-late,www.bbc.com,93,Why some people are always running late,157
running late,9,https://www.facebook.com/roadtogrammar/posts/running-late-is-an-idiom-that-simply-means-late-or-late-at-this-time-we-often-li/1335076081985029/,www.facebook.com,100,"Sorry, I'm running late because the traffic on the highway is ...",14
running late,11,https://www.instagram.com/runninglaterecs/,www.instagram.com,100,Running Late (@runninglaterecs),8
running late,12,https://www.runninglateclub.com/,www.runninglateclub.com,23,Running Late Club – runninglateclub,7
running late,13,https://www.youtube.com/watch?v=tuwt23dNHj0&vl=en-US,www.youtube.com,99,"How To Say It In English - ""I'm Running Late"", Lesson 11",5
controlling parents,2,https://www.reddit.com/r/raisedbynarcissists/comments/10kxlpp/found_an_article_online_called_signs_of/,www.reddit.com,95,"Found an article online called ""Signs of Controlling Parents ...",563
controlling parents,4,https://eggshelltherapy.com/paranoid-controlling-parents/,eggshelltherapy.com,47,Controlling Parents - The Wounds of Being Oppressed,434
controlling parents,6,https://www.thechelseapsychologyclinic.com/blog/emdr-trauma/over-controlling-parents-in-adulthood/,www.thechelseapsychologyclinic.com,48,Over-Controlling Parents in Adulthood,221
controlling parents,7,https://www.choosingtherapy.com/controlling-parents/,www.choosingtherapy.com,77,Controlling Parents: 21 Signs & How to Deal With Them,246
controlling parents,8,https://www.youtube.com/watch?v=kSKVIZKcxpw,www.youtube.com,99,Dealing with controlling parents,75
controlling parents,9,https://www.bbc.com/news/education-34140965,www.bbc.com,93,Controlling parents 'harm future mental health',52
controlling parents,11,https://www.medicinenet.com/what_are_the_signs_of_a_controlling_parent/article.htm,www.medicinenet.com,86,What Are the Signs of a Controlling Parent?,91
controlling parents,12,https://limetreecounseling.com/parent-still-tries-to-control-you/,limetreecounseling.com,17,When Your Parent Still Tries to Control You as an Adult,42
controlling parents,13,https://www.janelbreitenstein.com/2024/02/14/controlling-parent/,www.janelbreitenstein.com,19,"""Am I a controlling parent?"" - THE AWKWARD MOM",35
controlling parents,14,https://www.youtube.com/watch?v=n8mjwda9mhE,www.youtube.com,99,10 Signs Of Controlling Parents,21
feeling empty inside,2,https://www.samhsa.gov/,www.samhsa.gov,91,"National Helpline for Mental Health, Drug, Alcohol Issues",177670
feeling empty inside,4,https://therapygroupdc.com/therapist-dc-blog,therapygroupdc.com,52,Why Do I Feel Empty Inside? A Therapist Explains,2535
feeling empty inside,5,https://www.meetradial.com/blog,www.meetradial.com,36,Why Do I Feel Empty? Understanding the Causes and ...,356
feeling empty inside,6,https://www.verywellmind.com/i-feel-empty-5195295,www.verywellmind.com,90,What to Do If You Feel Empty Inside,455
feeling empty inside,7,https://digipsych.co/why-do-i-feel-so-empty,digipsych.co,1,Why do I feel so empty? Reasons With Solution,7
feeling empty inside,8,https://totalmentalwellnessfl.com/,totalmentalwellnessfl.com,4,"Why Do I Feel Empty Inside? Signs, Causes, and Solutions",84
feeling empty inside,9,https://helloinnerwell.com/reflections,helloinnerwell.com,45,Why Do I Feel Empty? Causes & Ways to Feel Whole,452
feeling empty inside,10,https://www.psychologytoday.com/blog/brick-brick,www.psychologytoday.com,93,Why We Feel Empty,10
feeling empty inside,11,https://www.google.com/goto?url=CAESlgEB6zswFfLmUktW008LqjxF5dXNcXeLnRgadekRoJFPmL_WKEsxmZtCsaM8uACDp0Uwqz1CRe8-viD8-X5Zj6QG_HwMI-QLJfum63PxnxCuRogchwds_6Kz9cmS1UNUCpI6fvNaSpKcT_qW5Fqsjh2UBdtMwsV-hxkCkf8fhovFb6fL9kBXRA81jcKPjjitB2LK-pw8Ez0,www.google.com,100,"okay, what exactly is ""being empty inside"" supposed to ...",
feeling empty inside,12,https://togethermag.eu/Personal,togethermag.eu,33,Fill the Void,
the endowment effect,2,https://en.wikipedia.org/wiki/Endowment_effect,en.wikipedia.org,97,Endowment effect,3662
the endowment effect,4,https://thedecisionlab.com/biases/endowment-effect,thedecisionlab.com,82,Endowment Effect,471
the endowment effect,5,https://www.aeaweb.org/articles?id=10.1257/jep.5.1.193,www.aeaweb.org,87,"The Endowment Effect, Loss Aversion, and Status Quo Bias",183
the endowment effect,6,https://www.investopedia.com/terms/e/endowment-effect.asp,www.investopedia.com,92,"Understanding the Endowment Effect: Causes, Examples, ...",206
the endowment effect,7,https://www.stlouisfed.org/publications/page-one-economics/2022/04/01/the-endowment-effect,www.stlouisfed.org,89,The Endowment Effect | St. Louis Fed,70
the endowment effect,8,https://pmc.ncbi.nlm.nih.gov/articles/PMC7983076/,pmc.ncbi.nlm.nih.gov,95,The Endowment Effect and Beliefs About the Market - PMC,149
the endowment effect,9,https://law.vanderbilt.edu/the-evolution-behind-the-endowment-effect/,law.vanderbilt.edu,88,The Evolution Behind the Endowment Effect,49
the endowment effect,10,https://www.behavioraleconomics.com/resources/mini-encyclopedia-of-be/endowment-effect/,www.behavioraleconomics.com,75,Endowment effect - BehavioralEconomics.com | The BE Hub,37
the endowment effect,11,https://thewolfgroup.com/blog/the-endowment-effect/,thewolfgroup.com,20,The Endowment Effect,9
the endowment effect,12,https://www.sciencedirect.com/science/article/pii/S1364661315000789,www.sciencedirect.com,94,Explanations of the endowment effect: an integrative review,7
feeling invisible,4,https://www.dralisoncook.com/blog/why-do-i-feel-invisible-in-my-relationships,www.dralisoncook.com,47,Why do I feel invisible in my relationships?,276
feeling invisible,5,https://www.reddit.com/r/socialskills/comments/11gj259/i_feel_invisible_in_life/,www.reddit.com,95,I feel invisible in life. : r/socialskills,334
feeling invisible,6,https://debrasmouse.com/7-reasons-why-you-feel-invisible-and-unimportant-how-to-change-that/,debrasmouse.com,31,7 Reasons Why You Feel Invisible and Unimportant,187
feeling invisible,7,https://jamiekernlima.com/feeling-invisible-overcoming-invisibility/,jamiekernlima.com,42,Feeling Invisible: How to Reclaim Your Presence,86
feeling invisible,8,https://www.youtube.com/watch?v=wA9_hTQ5I4Y,www.youtube.com,99,Why Do I feel Invisible,24
feeling invisible,9,https://completemindcareofpa.com/how-to-cope-with-feeling-invisible/,completemindcareofpa.com,12,How To Cope With Feeling Invisible,75
feeling invisible,10,https://www.psychologytoday.com/us/blog/a-funny-bone-to-pick/202307/what-to-do-if-you-feel-unheard-and-unseen,www.psychologytoday.com,93,What to Do If You Feel Unheard and Unseen,114
feeling invisible,11,https://www.reachlink.com/advice/loneliness/feeling-invisible/,www.reachlink.com,63,Feeling Invisible: What Chronic Erasure Does to Your Self- ...,28
feeling invisible,12,https://www.makingmoves.net/feeling-invisible/,www.makingmoves.net,33,No one listens to me! How to stop feeling invisible,97
feeling invisible,13,https://letsgrowleaders.com/2024/02/12/feel-invisible-what-to-say/,letsgrowleaders.com,53,Feeling Invisible? What to Say When You're ...,29
fragmented sleep,3,https://signaturehealthcare.org/blog,signaturehealthcare.org,27,What Is Sleep Fragmentation? How Broken Sleep Affects Us,239
fragmented sleep,4,https://ubiehealth.com/doctors-note,ubiehealth.com,66,Why Your Sleep is Fragmented: How to Get Continuous Rest,156683
fragmented sleep,6,https://pmc.ncbi.nlm.nih.gov/articles/PMC9740245,pmc.ncbi.nlm.nih.gov,95,Impact of Sleep Fragmentation on Cognition and Fatigue - PMC,56
fragmented sleep,7,https://www.sleepfoundation.org/sleep-deprivation,www.sleepfoundation.org,90,Interrupted Sleep: Causes & Helpful Tips,2950
fragmented sleep,8,https://thedawsonacademy.com/,thedawsonacademy.com,59,Sleep fragmentation: a leading factor of anxiety ...,440
fragmented sleep,9,https://breatheworks.com/,breatheworks.com,18,The Overlooked Consequence of Airway Restriction,84
fragmented sleep,10,https://sliiip.com/what-causes-fragmented-sleep,sliiip.com,32,What Causes Fragmented Sleep? A Sleep Doctor Explains,21
fragmented sleep,11,https://www.google.com/goto?url=CAESmQEB6zswFbSeIaQDbY3IFYnnQY3cfTaQqFAXwIJBDgIBBh_hDrGANAG9kFNFaakfApKPBTCRxo937vJ3qc4tgvA5ARFxL1T0Fn-wi_KHYr6jTNwI3mBUzA1PjGz0PpoZDq7pZO9XulScRW1N0rPGBGCjBgf8rN0QakK-uzctzMADITYCpoIpY-MvE5jd_7DLcXlyfEP3eawVtJM,www.google.com,100,Fragmented sleep every single night despite good ...,18
fragmented sleep,12,https://www.eightsleep.com/blog,www.eightsleep.com,74,Everything You Need to Know About Sleep Fragmentation,414
fragmented sleep,13,https://pmc.ncbi.nlm.nih.gov/articles/PMC10248856,pmc.ncbi.nlm.nih.gov,95,Mechanisms underlying fragmented sleep in aging - PMC - NIH,12
lack of accountability,2,https://www.reddit.com/r/emotionalintelligence/comments/1iujbya/why_is_accountability_so_hard_even_when_we_know/,www.reddit.com,95,"Why is accountability so hard, even when we know it's the ...",119
lack of accountability,4,https://redefiningcomms.com/blog/why-do-leaders-struggle-with-accountability/,redefiningcomms.com,37,Why leaders struggle with accountability,98
lack of accountability,5,https://medium.com/@marilyncornelius/3-signs-of-chronic-lack-of-accountability-654707096542,medium.com,94,3 Signs of Chronic Lack of Accountability,158
lack of accountability,6,https://flown.com/blog/deep-work/lack-of-accountability,flown.com,55,How leaders can end the lack of accountability,45
lack of accountability,7,https://donconnelly.com/what-happens-lack-accountability/,donconnelly.com,23,What Happens When You Lack Accountability?,86
lack of accountability,8,https://www.youtube.com/watch?v=hnEo9MxyRl0,www.youtube.com,99,Signs of a Lack of Accountability in You and Your Team,6
lack of accountability,9,https://westhollywoodcouples.com/5-reasons-its-so-hard-to-take-accountability-in-relationships/,westhollywoodcouples.com,4,5 Psychological Reasons People Avoid Accountability in ...,0
lack of accountability,10,https://www.growthsourcecoaching.com/why-you-struggle-with-accountability-and-how-to-actually-change.html,www.growthsourcecoaching.com,18,Why You Struggle with Accountability and How to Actually ...,54
lack of accountability,11,https://www.reelay.com/post/lack-of-accountability,www.reelay.com,33,How to Deal With Lack of Accountability In The Workplace,2
lack of accountability,12,https://www.quora.com/Why-do-people-have-problems-with-accountability,www.quora.com,92,Why do people have problems with accountability?,2
set boundaries,3,https://www.goodlifeproject.com/Articles,www.goodlifeproject.com,71,How to Set Boundaries (Without Feeling Bad),338
set boundaries,4,https://therapyinanutshell.com/setting-a-boundary,therapyinanutshell.com,50,Setting a Boundary vs. A Power Struggle,33
set boundaries,5,https://www.amazon.com/,www.amazon.com,96,"Set Boundaries, Find Peace: A Guide to Reclaiming ...",80645870
set boundaries,6,https://studentaffairs.stanford.edu/,studentaffairs.stanford.edu,92,"Trust, Safety, and Respect - The Importance of Boundaries",398
set boundaries,7,https://www.helpguide.org/,www.helpguide.org,87,Setting Healthy Boundaries in Relationships,11024
set boundaries,8,https://thriveglobal.com/articles,thriveglobal.com,84,Why Setting Boundaries Is Important (And Isn't Mean),54
set boundaries,9,https://www.wondermind.com/article,www.wondermind.com,69,What Even Are Boundaries and How Should You Set Them?,4821
set boundaries,10,https://www.google.com/goto?url=CAESogEB6zswFUGbnRO8LDr_on-u3QWWfuayaYCv2vpWNlZyBTEXHihdx2sMwZUycX4IhE6e0MGIGzX1wyzxcVpnwA8X65-nbcQhGQo9UdgQZJVLcYYdya3qLLNoGAC5IOWzSNUhfKclbOo7Mv3-VayIE6Cux5sVohA1H0fFE1pCnmOn0rpLRunDJ4pXrU5sHPvMkafHeyAbZ2Gy73VMDEuwsBpLUHM,www.google.com,100,"What is meant by ""set boundaries""? What does that mean ...",7
set boundaries,11,https://www.youloveandyoulearn.com/blog,www.youloveandyoulearn.com,37,What is a Boundary and How Do You Set One Effectively?,290
set boundaries,12,https://www.wondermind.com/article,www.wondermind.com,69,What Even Are Boundaries and How Should You Set Them?,4821
emotional suppression,2,https://pmc.ncbi.nlm.nih.gov/articles/PMC4141473,pmc.ncbi.nlm.nih.gov,95,The Social Costs of Emotional Suppression - PMC - NIH,191
emotional suppression,4,https://www.healthline.com/health/repressed-emotions,www.healthline.com,92,Repressed Emotions: Finding and Releasing Them,1028
emotional suppression,5,https://psychplus.com/blog,psychplus.com,36,What is Emotional Suppression?,675
emotional suppression,6,https://pmc.ncbi.nlm.nih.gov/articles/PMC12312699,pmc.ncbi.nlm.nih.gov,95,Emotion suppression and acute physiological responses to ...,40
emotional suppression,7,https://www.caldaclinic.com/News,www.caldaclinic.com,40,The Dangers of Emotional Suppression and Its Impact on ...,39
emotional suppression,8,https://www.reachlink.com/Advice/General,www.reachlink.com,63,Emotional Suppression Signs: How to Finally Heal,343
emotional suppression,9,https://en.wikipedia.org/wiki/Expressive_suppression,en.wikipedia.org,97,Expressive suppression,42
emotional suppression,10,https://centralvalleyfamilytherapy.com/,centralvalleyfamilytherapy.com,19,The Hidden Cost of Emotional Suppression,379
emotional suppression,11,https://www.google.com/goto?url=CAESpQEB6zswFVHvW5U9lwLq2aVaFvFVlj5HOs0kpmHNNzCNGaW8e5yvXhUKkAphw40qMxRJdRXKedGxWO7ZjYr8MQn9x8RPbmu-wyBhaVXB9KS72ddWxRfeerntEQWkiIq-NjTIKBHaqizZjaSRTbLxTZ10f0b5vbKMn9AMfJjinofvuerDbNfbroh18rx3DgBLOcfN61Swy_Ie40W-q-lMsEqsUI6fYf8,www.google.com,100,This is what emotional suppression will do to you.,13
emotional suppression,12,https://www.google.com/goto?url=CAESYwHrOzAVEWDT0xUfwfWu_G1wNZiMWC6r-o_ZvaS4_ruK04ar_HKIkTxwNebj2DFgbwGG_mPLFNn4weHQGCADmKSP0L4TKWMdv0hqoYo9fVPCx6w2Cg163aukh-zUpenPvAJYJQ,www.google.com,100,Emotional Suppression,10
forgive yourself,2,https://davidarobson.substack.com/p/how-can-you-forgive-yourself,davidarobson.substack.com,94,How to forgive yourself - by David Robson,2641
forgive yourself,5,https://www.reddit.com/r/selfimprovement/comments/uq7sig/how_do_i_forgive_myself/,www.reddit.com,95,How Do I Forgive Myself? : r/selfimprovement,1346
forgive yourself,6,https://greatergood.berkeley.edu/article/item/twelve_steps_to_self_forgiveness,greatergood.berkeley.edu,92,Twelve Steps to Self-Forgiveness,1006
forgive yourself,7,https://www.1517.org/articles/the-myth-of-forgiving-yourself,www.1517.org,61,The Myth of Forgiving Yourself,138
forgive yourself,9,https://www.drwaynedyer.com/blog/forgive-yourself/,www.drwaynedyer.com,70,Forgive Yourself - Wayne Dyer,69
forgive yourself,11,https://drmargaretrutherford.com/how-to-forgive-yourself-five-not-so-simple-but-important-steps/,drmargaretrutherford.com,47,How to Forgive Yourself: Five Ways to Try,441
forgive yourself,12,https://mike-robbins.com/forgive-yourself/,mike-robbins.com,53,How Do You Forgive Yourself?,26
forgive yourself,13,https://www.psychologytoday.com/us/blog/meditation-for-modern-life/202501/the-power-of-self-forgiveness,www.psychologytoday.com,93,The Power of Self-Forgiveness,636
forgive yourself,14,https://abbymedcalf.com/how-to-forgive-yourself-five-tips-to-let-go-of-guilt-shame-regret/,abbymedcalf.com,42,How to Forgive Yourself: Five Tips to Let Go of Guilt ...,135
forgive yourself,15,https://integrativepsych.co/new-blog/can-i-forgive-myself,integrativepsych.co,43,Self Forgiveness for the Perfectly Imperfect Human,14
segmented sleep,2,https://www.webmd.com/,www.webmd.com,92,What Is Segmented Sleep and Is It Healthy?,506040
segmented sleep,4,https://pmc.ncbi.nlm.nih.gov/articles/PMC10404514,pmc.ncbi.nlm.nih.gov,95,Have we lost sleep? A reconsideration of segmented ... - PMC,160
segmented sleep,5,https://en.wikipedia.org/wiki/Polyphasic_sleep,en.wikipedia.org,97,Polyphasic sleep,2478
segmented sleep,7,https://www.bbc.com/future/article,www.bbc.com,93,The forgotten medieval habit of 'two sleeps',12534
segmented sleep,8,https://www.sciencedirect.com/science/article/pii,www.sciencedirect.com,94,Biphasic sleep and human health: A theoretical paradigm ...,110669
segmented sleep,9,https://www.goodrx.com/well-being/segmented-sleep,www.goodrx.com,85,"What Is Segmented Sleep, and Is It Good or Bad for You?",32
segmented sleep,10,https://pmc.ncbi.nlm.nih.gov/articles/PMC4763365,pmc.ncbi.nlm.nih.gov,95,Segmented Sleep in Preindustrial Societies - PMC - NIH,24
segmented sleep,11,https://www.nationalgeographic.com/Science,www.nationalgeographic.com,91,Is sleeping through the night the 'right' way to sleep?,3977
segmented sleep,12,https://www.nationalgeographic.com/Science,www.nationalgeographic.com,91,Is sleeping through the night the 'right' way to sleep?,3977
segmented sleep,13,https://troublesleeping.co.uk/segmented-sleep,troublesleeping.co.uk,35,Segmented Sleep | Blog - Trouble Sleeping,10
trust yourself,2,https://rickhanson.com/trust-yourself/,rickhanson.com,66,"Trust Yourself - Rick Hanson, PhD",468
trust yourself,4,https://www.reddit.com/r/therapy/comments/1c7i5yw/how_the_hell_do_you_trust_yourself/,www.reddit.com,95,How the hell do you trust yourself? : r/therapy,912
trust yourself,5,https://vixanderton.com/blog/learn-to-trust-yourself,vixanderton.com,38,Learn To Trust Yourself,180
trust yourself,7,https://softperception.substack.com/p/a-guide-on-building-your-self-trust,softperception.substack.com,94,how to trust yourself when you have been taught not to,251
trust yourself,8,https://www.mindful.org/you-can-trust-yourself/,www.mindful.org,84,You Can Trust Yourself,190
trust yourself,9,https://1n5.org/trust-yourself-and-do-what-is-best-for-you/,1n5.org,46,"Trust yourself, and do what is best for you",16
trust yourself,10,https://www.quora.com/What-does-it-mean-when-we-say-%E2%80%9Ctrust-yourself%E2%80%9D,www.quora.com,92,What does it mean when we say “trust yourself”?,13
trust yourself,11,https://www.startwithyou.co/blog/how-much-do-you-trust-yourself/,www.startwithyou.co,22,How much do you trust yourself? Here's my take on it …,10
trust yourself,12,https://zenhabits.net/trusting/,zenhabits.net,80,Building Trust in Yourself,75
trust yourself,13,https://www.thegoodtrade.com/features/self-trust/,www.thegoodtrade.com,77,How To Trust Yourself,41
productive procrastination,2,https://www.psychologytoday.com/blog,www.psychologytoday.com,93,ADHD and Productive Procrastination,11898
productive procrastination,4,https://www.google.com/goto?url=CAESlgEB6zswFdYzQMG7ybQt3RLXUGDtTnOio-K2bzJp6o55_QBYY5UtZ_BcQUcfGE5fG_HkuSCG6l1dacM5LtG724rrwiLBW0Jyso5VosLVknJNtEKQpLdrN1diiwlQjVGTDSOcXAuGoM7_tkYdMml5bhZwoBORb_XINw7X_m5kcY_w8GXaSgogFoDzsplQ5f2OIb6QUxdOeSk,www.google.com,100,The Trap of Productive Procrastination : r/productivity,55
productive procrastination,5,https://stanforddaily.com/2025/05/27,stanforddaily.com,75,"Productive procrastination, or procrastinating productivity?",44
productive procrastination,6,https://pmc.ncbi.nlm.nih.gov/articles/PMC5551689,pmc.ncbi.nlm.nih.gov,95,Productive procrastination: academic procrastination style ...,35
productive procrastination,7,https://www.google.com/goto?url=CAESkAEB6zswFfh1EHOX3bueoLqJknu5GS8jdYVF8j7yBwNcn8OoMQz02taXLFXULNvuGvsj19ihyauSAwN707RkBbgKyKrXQR8OXeiXwkqk6p1MFEcKEcmO2uGP-Jcanz44NDcXtSUQZfrKZrn0xf6k17kbwzGBJ58i5rn_hoLs4agXFk0xW6Um8IBVEZ40MdxBsxg,www.google.com,100,How To Practice “Productive Procrastination” - Clive Thompson,28
productive procrastination,8,https://www.jesswass.com/blog,www.jesswass.com,25,You Might Be a Secret “Productive Procrastinator”,23
productive procrastination,9,https://spinsucks.com/,spinsucks.com,72,The Perfect Plan to Avoid Productive Procrastination,47
productive procrastination,10,https://drjud.com/Articles,drjud.com,60,Productive Procrastination: The Hidden Avoidance Habit,69
productive procrastination,11,https://www.yoganesadurai.com/blog,www.yoganesadurai.com,2,Are you a productive procrastinator?,12
productive procrastination,12,https://soundwriting.pugetsound.edu/universal,soundwriting.pugetsound.edu,73,SW Productive Procrastination,48
the drama triangle,2,https://mindremappingacademy.com/trauma-bonding-and-the-drama-triangle/,mindremappingacademy.com,32,Trauma Bonding and The Drama Triangle,221
the drama triangle,4,https://ta-course.com/drama-triangle-roles-breaking-the-toxic-cycle-2024-guide/,ta-course.com,5,Drama Triangle Roles: Breaking the Toxic Cycle (2024 ...,71
the drama triangle,5,https://www.linkedin.com/posts/ann-marie-miglionico-lcsw-student-ph-d-of-clinical-sexology-73486741_the-drama-triangle-is-a-psychological-and-activity-7386489212545650688-aL3d,www.linkedin.com,99,Understanding the Drama Triangle: A Model for ...,68
the drama triangle,6,https://newframetherapy.co.uk/how-to-escape-the-drama-triangle/,newframetherapy.co.uk,14,How to Escape the Drama Triangle | Counselling St Albans ...,45
the drama triangle,7,https://themindsjournal.com/the-drama-triangle-explained/,themindsjournal.com,62,Drama Triangle Explained: Which of These 3 Roles Are ...,36
the drama triangle,8,https://www.restoredminds.com/blog/is-the-drama-triangle-preventing-your-recovery,www.restoredminds.com,18,"Is The ""Drama Triangle"" Preventing Your Recovery?",29
the drama triangle,10,https://www.reddit.com/r/Codependency/comments/n0mfqi/karpman_drama_triangle_a_useful_illustration_of/,www.reddit.com,95,Karpman Drama Triangle-- a useful illustration of the ...,71
the drama triangle,11,https://www.forbes.com/sites/remyblumenfeld/2018/12/07/how-to-transform-your-relationships-by-getting-creative/,www.forbes.com,94,How To Escape The Dreaded Drama Triangle,66
the drama triangle,12,https://clarenormancoachingassociates.com/drama-triangle-winners-triangle/,clarenormancoachingassociates.com,31,Drama Triangle to Winner's Triangle,49
the drama triangle,13,https://tinybuddha.com/blog/how-to-step-out-of-the-drama-triangle-and-find-real-peace/,tinybuddha.com,77,How to Step Out of the Drama Triangle and Find Real Peace,29
comparing yourself to others,2,https://www.google.com/goto?url=CAESoAEB6zswFYN_XBKTUvUckwAo-k9Nldzit-52kvibKNIP4g0jl6n44u6EFJ9Cm_fWCZrdV506weZ0iKrXUYh5iy1GQSNICPgKeweZwBz7vweqG2YARbNevd55_x-bbB1GA6lFssHZU0H7M0_ZMDwkpHrqx6fQVYmktT2-ZRybXAXRoMnmj1nDFWLMflNg68JXRQt3C7fBgk9t-Zlg-QVm_2SW,www.google.com,100,how did you stop comparing yourself to others?,156
comparing yourself to others,4,https://www.healthline.com/health/mental-health,www.healthline.com,92,How I Learned to Stop Comparing Myself to Others,3391
comparing yourself to others,5,https://drmargaretrutherford.com/,drmargaretrutherford.com,47,"Five ""Aha"" Tips to Stop the Horrible Anxiety of Comparison",150
comparing yourself to others,6,https://acheronpsych.com/,acheronpsych.com,23,How to Stop Comparing Yourself to Others?,39
comparing yourself to others,7,https://albertellis.org/Category:,albertellis.org,64,The Dangers of Comparison,71
comparing yourself to others,8,https://zenhabits.net/,zenhabits.net,80,Life's Enough: Stop Comparing Yourself to Others,1542
comparing yourself to others,9,https://www.youngminds.org.uk/,www.youngminds.org.uk,84,Comparison: how to stop it bringing you down,815
comparing yourself to others,10,https://isss-blog.global.utexas.edu/2024/04,isss-blog.global.utexas.edu,91,How Can I Stop Comparing Myself to Others? - ISSS Blog,16
comparing yourself to others,11,https://medium.com/@rossstringer/how-to-stop-comparing-yourself-to-others-644b83a0bf5f,medium.com,94,How To Stop Comparing Yourself To Others,29
comparing yourself to others,12,https://psyche.co/guides/how-to-compare-yourself-with-others-fairly-and-respond-better,psyche.co,75,How to compare yourself with others fairly and respond better,19
the mere exposure effect,2,https://thedecisionlab.com/biases/mere-exposure-effect,thedecisionlab.com,82,Mere Exposure Effect - The Decision ...,230
the mere exposure effect,4,https://en.wikipedia.org/wiki/Mere-exposure_effect,en.wikipedia.org,97,Mere-exposure effect,289
the mere exposure effect,5,https://www.ebsco.com/research-starters/psychology/mere-exposure-effect,www.ebsco.com,87,Mere-exposure effect | Psychology | Research Starters,150
the mere exposure effect,6,https://pubmed.ncbi.nlm.nih.gov/29173140/,pubmed.ncbi.nlm.nih.gov,95,The Mere Exposure Instruction Effect,102
the mere exposure effect,7,https://www.simplypsychology.org/mere-exposure-effect.html,www.simplypsychology.org,85,Mere Exposure Effect in Psychology: Biases & Heuristics,93
the mere exposure effect,8,https://www.youtube.com/watch?v=L-2Vv4fTsyQ,www.youtube.com,99,The Mere Exposure Effect: The Science Behind Ads,4
the mere exposure effect,9,https://www.sciencedirect.com/science/article/pii/S0001691813001753,www.sciencedirect.com,94,The mere exposure effect for consumer products as a ...,29
the mere exposure effect,10,https://www.verywellmind.com/mere-exposure-effect-7368184,www.verywellmind.com,90,Mere Exposure Effect: How Familiarity Breeds Attraction,87
self-monitoring,3,https://en.wikipedia.org/wiki/Self-monitoring,en.wikipedia.org,97,Self-monitoring,265
self-monitoring,4,https://www.verywellmind.com/what-is-self-monitoring-5179838,www.verywellmind.com,90,How Self-Monitoring Can Help You Adapt Your Behavior,131
self-monitoring,5,https://paradigmpersonality.com/resources/self-monitoring-psychology-101/,paradigmpersonality.com,43,Self-monitoring Psychology 101: How to Find a Balance,122
self-monitoring,6,https://iris.peabody.vanderbilt.edu/module/sr/cresource/q2/p04/,iris.peabody.vanderbilt.edu,88,Page 4: Self-Monitoring - IRIS Center,152
self-monitoring,7,https://thedecisionlab.com/reference-guide/psychology/self-monitoring,thedecisionlab.com,82,Self-Monitoring,58
self-monitoring,8,https://metaoh.org/the-power-of-self-monitoring-a-path-to-personal-growth/,metaoh.org,13,The Power of Self-Monitoring: A Path to Personal Growth,14
self-monitoring,9,https://centralvalleyfamilytherapy.com/the-mental-toll-of-constant-self-monitoring/,centralvalleyfamilytherapy.com,19,The Mental Toll of Constant Self-Monitoring,4
self-monitoring,10,https://www.interventioncentral.org/self_management_self_monitoring,www.interventioncentral.org,63,Self-Monitoring,12
self-monitoring,11,https://link.springer.com/rwe/10.1007/978-1-4419-1005-9_1176,link.springer.com,93,Self-Monitoring | Springer Nature Link,7
feeling unloved,2,https://www.reddit.com/r/emotionalneglect/comments/z5hpro/how_can_i_stop_feeling_unlovable/,www.reddit.com,95,how can i stop feeling unlovable? : r/emotionalneglect,976
feeling unloved,4,https://drjonicewebb.com/5-ways-childhood-emotional-neglect-makes-you-feel-unloved-as-an-adult/,drjonicewebb.com,53,Childhood Emotional Neglect Makes Adults Feel Unloved,186
feeling unloved,5,https://www.psychologytoday.com/us/blog/darwins-subterranean-world/202205/the-psychology-of-feeling-unloved,www.psychologytoday.com,93,The Psychology of Feeling Unloved,59
feeling unloved,6,https://www.youtube.com/watch?v=KnF94fgsQec&vl=en,www.youtube.com,99,Why You Feel Unloved (Even When People Care About You),31
feeling unloved,7,https://www.quora.com/Why-do-I-always-feel-unloved-and-leftout-and-people-talking-about-me-for-no-reason-and-this-actually-happens-even-when-I-never-did-wrong-to-them-and-this-unloved-feeling-has-made-me-feel-doubting-my-existence,www.quora.com,92,Why do I always feel unloved and leftout and people ...,38
feeling unloved,8,https://www.facebook.com/tinybuddha/posts/feeling-unlovable-often-stems-from-not-being-loved-well-youre-not-too-much-or-no/1159995462836459/,www.facebook.com,100,Feeling unlovable often stems from not being loved well. ...,9
feeling unloved,9,https://neildbrown.com/podcast/i-always-felt-unloved/,neildbrown.com,17,I Always Felt Unloved,16
feeling unloved,10,https://oritkrug.com/i-feel-unloved/,oritkrug.com,15,I feel unloved in my relationship - What do I do?,110
feeling unloved,11,https://www.verywellmind.com/why-you-might-feel-unlovable-and-how-to-cope-5215404,www.verywellmind.com,90,"Why You Might Ask ""Am I Unlovable?"" and How to Cope",313
propinquity effect,2,https://en.wikipedia.org/wiki/Propinquity,en.wikipedia.org,97,Propinquity,136
propinquity effect,4,https://www.reddit.com/r/YouShouldKnow/comments/113xz54/ysk_about_propinquity_when_looking_for_romance/,www.reddit.com,95,YSK about propinquity when looking for romance ...,118
propinquity effect,5,https://speeches.byu.edu/talks/kevin-j-worthen/the-propinquity-effect/,speeches.byu.edu,86,The Propinquity Effect | Kevin J Worthen,11
propinquity effect,6,https://study.com/academy/lesson/video/mere-exposure-and-the-propinquity-effect-theory-examples.html,study.com,85,Video: Mere Exposure & Propinquity Effect | Theories & Examples,10
propinquity effect,7,https://www.youtube.com/watch?v=KZilqKgOJQg,www.youtube.com,99,What is the Propinquity Effect? (Easiest Explanation),7
propinquity effect,8,https://www.psychologytoday.com/us/blog/between-you-and-me/202203/the-role-of-familiarity-in-attraction,www.psychologytoday.com,93,The Role of Familiarity in Attraction,19
propinquity effect,9,https://pmc.ncbi.nlm.nih.gov/articles/PMC7120533/,pmc.ncbi.nlm.nih.gov,95,Propinquity - PMC - NIH,70
propinquity effect,10,https://sk.sagepub.com/ency/edvol/socialpsychology/chpt/propinquity,sk.sagepub.com,92,Propinquity - Encyclopedia of Social Psychology,51
propinquity effect,11,https://psychologyconcepts.com/propinquity-effect/,psychologyconcepts.com,35,Propinquity Effect | Psychology Concepts,3
fear of happiness,3,https://en.wikipedia.org/wiki/Aversion_to_happiness,en.wikipedia.org,97,Aversion to happiness,363
fear of happiness,4,https://www.healthline.com/health/cherophobia-causes-and-treatment,www.healthline.com,92,"Cherophobia: Symptoms, Causes and Treatments",1460
fear of happiness,5,https://www.goodrx.com/conditions/phobias/fear-of-happiness,www.goodrx.com,85,Do I Fear Happiness? 3 Signs of Cherophobia and ...,232
fear of happiness,6,https://positivepsychology.com/cherophobia/,positivepsychology.com,86,What Is Cherophobia? How to Overcome a Fear of ...,150
fear of happiness,7,https://www.psychologytoday.com/us/blog/codes-joy/201405/is-fear-happiness-real,www.psychologytoday.com,93,Is Fear of Happiness Real?,9
fear of happiness,8,https://www.reddit.com/r/psychology/comments/zqmx3r/people_with_unhappy_childhoods_are_more_likely_to/,www.reddit.com,95,People with unhappy childhoods are more likely to exhibit ...,6
fear of happiness,9,https://helloinnerwell.com/reflections/fear-of-happiness,helloinnerwell.com,45,Understanding the Fear of Happiness: Overcoming Joy ...,59
fear of happiness,10,https://www.reachlink.com/advice/anxiety/why-happiness-feels-like-a-threat-to-some-people/,www.reachlink.com,63,Why Happiness Feels Like a Threat to Some People,8
fear of happiness,11,https://www.researchgate.net/publication/378895155_Fear_of_Happiness_Description_Causes_and_Prevention,www.researchgate.net,93,"(PDF) Fear of Happiness: Description, Causes and ...",4
rebuild trust,2,https://www.mindfullymindingme.com/blog/couples-therapists-tips-for-how-to-rebuild-trust-after-it-has-been-broken,www.mindfullymindingme.com,9,Couples Therapist's Tips For How to Rebuild Trust,3641
rebuild trust,5,https://jillsavage.org/how-to-rebuild-trust-in-a-marriage/,jillsavage.org,45,How to Rebuild Trust in a Relationship When You've Been ...,868
rebuild trust,6,https://www.reddit.com/r/dating_advice/comments/16bbhvn/how_do_you_rebuild_trust_in_a_relationship_when/,www.reddit.com,95,How do you rebuild trust in a relationship when trust is ...,1210
rebuild trust,7,https://www.crisistextline.org/blog/2025/03/14/rebuilding-trust-in-a-relationship/,www.crisistextline.org,86,"Rebuilding Trust with a Friend, Partner, or Family Member",1037
rebuild trust,8,https://barbararainey.substack.com/p/six-tools-to-rebuild-trust-in-marriage,barbararainey.substack.com,94,Six Tools to Rebuild Trust in Marriage,888
rebuild trust,9,https://empathi.com/blog/how-to-rebuild-trust-after-lying/,empathi.com,43,How to Rebuild Trust After Lying: A Therapist's Roadmap,789
rebuild trust,10,https://www.youtube.com/watch?v=uOuOYE-CEz0,www.youtube.com,99,How To Rebuild Trust in a Relationship,155
rebuild trust,11,https://nurtureyournaturepc.com/latest-news/how-to-rebuild-trust-in-a-relationship-a-step-by-step-guide/,nurtureyournaturepc.com,42,How to Rebuild Trust in a Relationship: A Step-by-Step Guide,204
self-consciousness,3,https://en.wikipedia.org/wiki/Self-consciousness,en.wikipedia.org,97,Self-consciousness,331
self-consciousness,4,https://pmc.ncbi.nlm.nih.gov/articles/PMC6524719/,pmc.ncbi.nlm.nih.gov,95,Exploring Self-Consciousness From Self- and Other-Image ...,11
self-consciousness,5,https://plato.stanford.edu/entries/self-consciousness/,plato.stanford.edu,92,Self-Consciousness - Stanford Encyclopedia of Philosophy,19
self-consciousness,6,https://philosophy.stackexchange.com/questions/120939/whats-the-difference-if-any-between-self-and-consciousness,philosophy.stackexchange.com,91,"What's the difference (if any) between ""self"" and ...",9
self-consciousness,7,https://study.com/learn/lesson/self-conscious-emotions-examples.html,study.com,85,"Self-Conscious Emotions | Meaning, Characteristics & ...",93
self-consciousness,8,https://www.calm.com/blog/feel-less-self-conscious,www.calm.com,87,How to feel less self-conscious: 8 tips to help you thrive,119
self-consciousness,9,https://www.youtube.com/watch?v=gOBJXZKRuxE,www.youtube.com,99,Self-Conscious Meaning Self-Conscious Defined Self ...,21
self-consciousness,10,https://oecs.mit.edu/pub/qk3nm299,oecs.mit.edu,92,Self-Consciousness — OECS,62
stop people pleasing,2,https://www.reddit.com/r/IWantToLearn/comments/13srp06/iwtl_how_to_stop_being_a_people_pleaser/,www.reddit.com,95,IWTL how to stop being a people pleaser : r/IWantToLearn,2238
stop people pleasing,4,https://www.oprah.com/omagazine/how-to-stop-being-a-people-pleaser,www.oprah.com,85,How to Stop Being a People Pleaser,1405
stop people pleasing,5,https://www.amazon.com/Stop-People-Pleasing-Find-Power/dp/1668053543,www.amazon.com,96,"Stop People Pleasing: And Find Your Power: Magee, Hailey",32
stop people pleasing,7,https://www.psychologytoday.com/us/blog/your-emotional-meter/201803/how-i-learned-to-stop-being-a-people-pleaser,www.psychologytoday.com,93,How I Learned to Stop Being a People-Pleaser,465
stop people pleasing,8,https://www.youtube.com/watch?v=Zn5uxXlG8U0,www.youtube.com,99,How To Stop People Pleasing,58
stop people pleasing,9,https://greatergood.berkeley.edu/article/item/how_to_stop_being_a_people_pleaser,greatergood.berkeley.edu,92,How to Stop Being a People-Pleaser,152
stop people pleasing,10,https://www.reddit.com/r/DecidingToBeBetter/comments/1jb8e5x/how_do_you_stop_being_a_people_pleaser/,www.reddit.com,95,How do you stop being a people pleaser?,130
stop people pleasing,11,https://www.youtube.com/shorts/LgYBBNpcx_w,www.youtube.com,99,Stop People Pleasing - 3 Things You Need To Know,116
stop thinking,2,https://www.reddit.com/r/Mindfulness/comments/15izpzb/how_to_stop_the_mind_from_constantly_over/,www.reddit.com,95,How to stop the mind from constantly over thinking? Are ...,297
stop thinking,5,https://medium.com/personal-growth/9-ways-to-stop-thinking-and-end-your-problems-f6a9692a9591,medium.com,94,"9 Ways To “Stop Thinking, And End Your Problems”",47
stop thinking,6,https://www.shamashalidina.com/blog/how-to-stop-thinking/,www.shamashalidina.com,44,How to Stop Thinking So Much (a Kinder Way That Works),145
stop thinking,8,https://www.psychologytoday.com/us/blog/the-second-noble-truth/202007/8-ways-to-stop-thinking,www.psychologytoday.com,93,8 Ways to Stop Thinking,31
stop thinking,9,https://www.quora.com/How-do-I-stop-thinking-for-a-few-minutes-like-stop-all-the-voices-in-my-head,www.quora.com,92,"How to stop thinking for a few minutes, like stop all ...",13
stop thinking,10,https://www.healthline.com/health/how-to-stop-thinking-about-someone,www.healthline.com,92,12 Ways to Stop Thinking About Someone for Good,619
stop thinking,11,https://herenowmw.com/2024/07/29/stop-thinking-about-something/,herenowmw.com,7,How to Stop Thinking About Something: 5 Ways to Try,393
emotional wounds,2,https://cornercanyonhc.com/blog/types-of-emotional-wounds/,cornercanyonhc.com,18,Emotional Wounds: Types & How to Heal,135
emotional wounds,5,https://onestopforwriters.com/wounds,onestopforwriters.com,53,Emotional Wound Thesaurus,85
emotional wounds,6,https://www.oprah.com/inspiration/martha-beck-how-to-heal-emotional-wounds,www.oprah.com,85,Martha Beck: How to Heal Emotional Wounds,23
emotional wounds,8,https://southendpsych.com/childhood-emotional-wounds-how-they-affect-us-as-adults/,southendpsych.com,17,Childhood Emotional Wounds: How They Affect Us As Adults,49
emotional wounds,9,https://chenaltherapy.com/the-impact-of-emotional-wounds-in-our-lives/,chenaltherapy.com,39,The impact of emotional wounds in our lives,19
emotional wounds,10,https://floraandassociates.com/mental-health/from-surviving-to-thriving-steps-to-heal-emotional-wounds/,floraandassociates.com,11,From Surviving to Thriving: Steps to Heal Emotional Wounds,72
emotional wounds,11,https://www.psychologytoday.com/us/blog/traumatization-and-its-aftermath/202510/how-deep-is-the-wound,www.psychologytoday.com,93,Distinguishing Trauma from Emotional Wounds,15
phone distraction,2,https://pmc.ncbi.nlm.nih.gov/articles/PMC12110250/,pmc.ncbi.nlm.nih.gov,95,"“Phone in the Room, Mind on the Roam”: Investigating ... - PMC",75
phone distraction,5,https://www.nirandfar.com/hack-back-phone-distractions/,www.nirandfar.com,77,Smartphone Too Distracting? Here's How to Reclaim Your ...,38
phone distraction,6,https://www.cnn.com/2025/03/28/health/phone-distraction-study-wellness,www.cnn.com,93,Your phone may not be the problem when it comes to ...,12
phone distraction,7,https://www.nhtsa.gov/risky-driving/distracted-driving,www.nhtsa.gov,91,Distracted Driving Dangers and Statistics,8139
phone distraction,8,https://newspring.cc/articles/why-your-smartphone-is-ruining-your-life,newspring.cc,60,Smartphone addiction is real and it's a major distraction,3
phone distraction,9,https://www.nsc.org/road/safety-topics/distracted-driving/technology-solutions,www.nsc.org,87,Technology Can Reduce Cell Phone Distracted Driving,160
phone distraction,10,https://chriscordry.com/articles/how-to-distraction-proof-your-phone,chriscordry.com,1,How To Distraction-Proof Your Phone,2
phone distraction,11,https://childmind.org/article/kids-shouldnt-use-phones-during-homework/,childmind.org,85,How Phones Ruin Concentration,3554
the planning fallacy,2,https://en.wikipedia.org/wiki/Planning_fallacy,en.wikipedia.org,97,Planning fallacy,116
the planning fallacy,3,https://thedecisionlab.com/biases/planning-fallacy,thedecisionlab.com,82,Planning fallacy,139
the planning fallacy,5,https://www.sciencedirect.com/science/chapter/bookseries/pii/S0065260110430014,www.sciencedirect.com,94,"The Planning Fallacy: Cognitive, Motivational, and Social ...",26
the planning fallacy,6,https://www.scribbr.com/fallacies/planning-fallacy/,www.scribbr.com,79,What Is the Planning Fallacy? | Definition & Examples,30
the planning fallacy,7,https://www.cambridge.org/core/books/cambridge-handbook-of-project-behavior/rise-and-fall-of-the-planning-fallacy/82CFA1B345EDEEEDCE0B35848F9D0ADB,www.cambridge.org,92,The Rise and Fall of the Planning Fallacy (Chapter 1),9
the planning fallacy,9,https://spsp.org/news-center/character-context-blog/planning-fallacy-inside-view,spsp.org,72,The Planning Fallacy: An Inside View,28
the planning fallacy,10,https://www.memtime.com/blog/how-to-avoid-the-planning-fallacy,www.memtime.com,60,How to Avoid & Overcome the Planning Fallacy,20
fear of judgment,2,https://www.reddit.com/r/socialskills/comments/oxh89b/fear_of_judgement_is_ruining_my_life/,www.reddit.com,95,Fear of judgement is ruining my life : r/socialskills,161
fear of judgment,4,https://nesslabs.com/fear-of-judgement,nesslabs.com,75,Fear of judgement: why we are afraid of being judged,45
fear of judgment,5,https://jennarainey.com/overcoming-the-fear-of-judgment-tips-and-strategies-to-embrace-authentic-self-expression/,jennarainey.com,51,Overcoming the Fear of Judgment: Tips and Strategies to ...,44
fear of judgment,6,https://revivalrecoverycenter.com/overcoming-fear-of-judgment-tools-for-social-anxiety-recovery/,revivalrecoverycenter.com,1,Overcoming Fear of Judgment: Tools for Social Anxiety ...,11
fear of judgment,7,https://www.theguardian.com/lifeandstyle/2025/oct/03/crippling-fear-of-being-judged-how-overcome-this,www.theguardian.com,93,I have a crippling fear of being judged. How can I ...,39
fear of judgment,8,https://drglorialee.com/8-steps-to-overcome-the-fear-of-judgment/,drglorialee.com,16,8 Steps to Overcome the Fear of Judgment,7
fear of judgment,9,https://www.psychologytoday.com/us/blog/liberate-yourself/202409/people-are-judging-you-and-it-doesnt-matter,www.psychologytoday.com,93,People Are Judging You And It Doesn't Matter,73
fear of judgment,10,https://drmargaretrutherford.com/how-to-deal-with-the-fear-of-judgment/,drmargaretrutherford.com,47,How To Deal With The Fear Of Judgment,11
self-censorship,3,https://en.wikipedia.org/wiki/Self-censorship,en.wikipedia.org,97,Self-censorship,54
self-censorship,4,https://www.liberties.eu/en/stories/self-censorship/43569,www.liberties.eu,70,​What Is Self-Censorship? How Does It Kill Media Freedom?,20
self-censorship,5,https://www.merriam-webster.com/dictionary/self-censorship,www.merriam-webster.com,91,SELF-CENSORSHIP Definition & Meaning,15
self-censorship,6,https://firstamendment.mtsu.edu/post/self-censorship-and-the-spiral-of-silence-why-americans-are-less-likely-to-publicly-voice-their-opinions-on-political-issues/,firstamendment.mtsu.edu,79,Self-censorship and the 'spiral of silence': Why Americans are ...,16
self-censorship,7,https://www.reddit.com/r/Millennials/comments/1c6sfsh/whats_up_with_the_increase_in_self_censorship_on/,www.reddit.com,95,What's up with the increase in self censorship on individual ...,10
self-censorship,8,https://www.researchgate.net/publication/320714763_Self-Censorship_The_Conceptual_Framework,www.researchgate.net,93,(PDF) Self-Censorship: The Conceptual Framework,8
self-censorship,9,https://www.tandfonline.com/doi/full/10.1080/13510347.2025.2455127,www.tandfonline.com,92,Echoes of silence: how social influence fosters self ...,7
self-censorship,10,https://www.youtube.com/watch?v=yfLOtaL0KEc,www.youtube.com,99,America's mass spiral of self-censorship | The Dilemma Ep. 1,5
self-censorship,11,https://news.asu.edu/20251104-science-and-technology-when-speaking-out-feels-risky-asu-study-reveals-hidden-dynamics,news.asu.edu,90,ASU study reveals the hidden dynamics of self-censorship,5
vicarious embarrassment,2,https://en.wikipedia.org/wiki/Vicarious_embarrassment,en.wikipedia.org,97,Vicarious embarrassment,536
vicarious embarrassment,4,https://www.reddit.com/r/todayilearned/comments/1n1rrmi/til_that_people_who_experience_vicarioius/,www.reddit.com,95,"TIL that people who experience ""vicarioius embarassment ...",15
vicarious embarrassment,5,https://health.clevelandclinic.org/second-hand-embarrassment,health.clevelandclinic.org,92,How to Stop Second-Hand Embarrassment,82
vicarious embarrassment,6,https://www.mdpi.com/2076-0787/10/4/110,www.mdpi.com,92,A Psychological Perspective on Vicarious Embarrassment ...,10
vicarious embarrassment,7,https://www.refinery29.com/en-gb/2021/04/10400168/secondhand-embarrassment,www.refinery29.com,88,Why Does Secondhand Embarrassment Make Me Cringe?,17
vicarious embarrassment,8,https://pmc.ncbi.nlm.nih.gov/articles/PMC4769632/,pmc.ncbi.nlm.nih.gov,95,When your friends make you cringe: social closeness ... - PMC,6
vicarious embarrassment,9,https://www.choosingtherapy.com/second-hand-embarrassment/,www.choosingtherapy.com,77,Second-Hand Embarrassment: What It Is & How to Stop It,10
vicarious embarrassment,10,https://www.facebook.com/groups/Ethpolsocpsy/posts/3172986456192371/,www.facebook.com,100,"Why do we experience *Fremdschämen,* second-hand ...",4
vicarious embarrassment,11,https://forum.wordreference.com/threads/vicarious-embarrassment-second-hand-embarrassment.2509102/,forum.wordreference.com,80,Vicarious embarrassment / second-hand embarrassment,4
celebrating wins,2,https://feelmoreconnected.com/how-to-celebrate-small-wins/,feelmoreconnected.com,25,How To Celebrate Small Wins And Make Greater Progress,323
celebrating wins,4,https://www.psychologytoday.com/us/blog/empower-your-mind/202406/from-small-steps-to-big-wins-the-importance-of-celebrating,www.psychologytoday.com,93,From Small Steps to Big Wins: The Importance of Celebrating,30
celebrating wins,5,https://summer.harvard.edu/blog/why-celebrating-small-wins-matters/,summer.harvard.edu,93,Why Celebrating Small Wins Matters - Harvard Summer School,415
celebrating wins,7,https://hr.umn.edu/supervising/news/Small-Wins-Big-Impact-Recognizing-and-Celebrating-Progress-Work,hr.umn.edu,91,"Small Wins, Big Impact: Recognizing and Celebrating ...",50
celebrating wins,8,https://www.youtube.com/watch?v=LPK3LHOIZsE,www.youtube.com,99,The Power of Celebrating Your Wins with Jay Shetty and Mel ...,5
celebrating wins,9,https://www.snhu.edu/about-us/newsroom/community/celebrating-small-wins,www.snhu.edu,79,How Celebrating Small Wins Can Make a Big Difference,105
celebrating wins,10,https://therebelrousers.com/blog/epic-guide-celebrating-shit-small-wins,therebelrousers.com,32,The Epic Guide to Celebrating the Shit Out of Your Small Wins,34
celebrating wins,11,https://www.reddit.com/r/intj/comments/1cv3z9u/how_do_you_celebrate_small_wins/,www.reddit.com,95,How do you celebrate small wins? : r/intj,47
not asking for help,2,https://www.reddit.com/r/socialskills/comments/zxi27q/why_dont_some_people_ask_for_help_when_they_may/,www.reddit.com,95,Why don't some people ask for help when they may need it?,318
not asking for help,4,https://missionconnectionhealthcare.com/mental-health/social-interpersonal-symptoms/difficulty-accepting-help/,missionconnectionhealthcare.com,47,Refusal To Ask For Help In Adulthood: Causes And Coping,168
not asking for help,5,https://www.psychologytoday.com/us/blog/passion/202308/why-its-so-hard-to-ask-for-help,www.psychologytoday.com,93,Why It's So Hard to Ask for Help,113
not asking for help,6,https://esmarildad.medium.com/why-you-struggle-to-ask-for-help-a5dafe291871,esmarildad.medium.com,94,Why You Struggle To Ask For Help - Dr Esmarilda Dankaert,9
not asking for help,7,https://www.harleytherapy.co.uk/counselling/ask-for-help.htm,www.harleytherapy.co.uk,62,Never Ask for Help? 9 Real Reasons You Always Go It Alone,60
not asking for help,9,https://www.exploringtherapy.com/therapy-blog/why-is-it-so-hard-to-ask-for-help,www.exploringtherapy.com,29,Why is it so hard to ask for help?,73
not asking for help,10,https://mariettacounselingcenter.com/why-its-so-hard-to-ask-for-help-and-what-to-do-about-it/,mariettacounselingcenter.com,6,Why It's So Hard to Ask for Help and What to Do About It,13
self-verification,2,https://www.reddit.com/r/Mcat/comments/tebrs5/what_is_selfverification_ps_term/,www.reddit.com,95,What is Self-verification (P/S term) : r/Mcat,45
self-verification,4,https://en.wikipedia.org/wiki/Self-verification_theory,en.wikipedia.org,97,Self-verification theory,48
self-verification,5,https://psycnet.apa.org/record/2011-21802-002,psycnet.apa.org,92,Self-verification theory.,76
self-verification,6,https://ninercommons.charlotte.edu/record/2185/files/Glass_uncc_0694N_13298.pdf,ninercommons.charlotte.edu,79,the relationship between self-verification and emotion,5
self-verification,7,https://www.sciencedirect.com/science/article/pii/0022103181900433,www.sciencedirect.com,94,How we sustain our self-conceptions,0
self-verification,8,https://escholarship.org/uc/item/1k36p7ck,escholarship.org,86,Self-verification and the perceived reliability of uncertain ...,0
self-verification,9,https://www.simplypsychology.org/self-verification-theory.html,www.simplypsychology.org,85,Self-Verification Theory,32
self-verification,10,https://pmc.ncbi.nlm.nih.gov/articles/PMC2980617/,pmc.ncbi.nlm.nih.gov,95,Self-Verification Strivings in Children Holding Negative ... - PMC,3
break a habit,2,https://dictionary.cambridge.org/us/dictionary/english/break-a-habit,dictionary.cambridge.org,92,Meaning of break a habit in English - Cambridge Dictionary,26
break a habit,4,https://newsinhealth.nih.gov/2012/01/breaking-bad-habits,newsinhealth.nih.gov,95,Breaking Bad Habits,2210
break a habit,5,https://www.nyp.org/healthmatters/how-to-break-bad-habits,www.nyp.org,79,How to Break Bad Habits | Health Matters,381
break a habit,7,https://www.youtube.com/watch?v=wr6fQ4KpbRM,www.youtube.com,99,Why is it so hard to break a bad habit?,65
break a habit,8,https://add.org/break-bad-habits/,add.org,79,How to Break Bad Habits: A Realistic Guide for ADHDers,509
break a habit,9,https://health.osu.edu/health/mental-health/old-and-new-habit-tips,health.osu.edu,90,Expert tips for breaking old habits and creating new ones,41
break a habit,10,https://www.medicalnewstoday.com/articles/how-long-does-it-take-to-break-a-habit,www.medicalnewstoday.com,91,How to break a habit: Timeframe and tips for success,189
expecting the worst,2,https://www.headspace.com/articles/expecting-the-worst,www.headspace.com,89,What to expect when you're expecting the worst,12
expecting the worst,4,https://www.reddit.com/r/unpopularopinion/comments/1etti0f/expecting_the_worst_is_a_valid_way_to_live_life/,www.reddit.com,95,Expecting the worst is a valid way to live life,3
expecting the worst,6,https://www.laurakconnell.com/blog/expect-the-worst,www.laurakconnell.com,31,Why you expect the worst (and how to stop),5
expecting the worst,7,https://tifukelison.medium.com/expecting-the-worst-is-why-youre-stuck-6dcb3c727558,tifukelison.medium.com,94,Expecting the worst is why you're stuck - Tifu Kelison - Medium,5
expecting the worst,8,https://www.becalmwithtati.com/how-to-stop-expecting-the-worst/,www.becalmwithtati.com,26,How to Stop Expecting the Worst,9
expecting the worst,9,https://www.psychologytoday.com/us/blog/everyday-resilience/202603/when-it-feels-safer-to-expect-the-worst,www.psychologytoday.com,93,When It Feels Safer to Expect the Worst,1
expecting the worst,10,https://bookroo.com/quotes/expecting-the-worst,bookroo.com,58,Quotes about expecting the worst,3
going quiet,,,,,,
perfectionism paralysis,1,https://www.reddit.com/r/ADHD/comments/9q8508/anyone_had_luck_in_combating_perfectionism/,www.reddit.com,95,Anyone had luck in combating perfectionism paralysis?,48
perfectionism paralysis,3,https://www.globalleadersinstitute.org/blog-post/breaking-free-from-perfection-paralysis/,www.globalleadersinstitute.org,47,Breaking Free from Perfection Paralysis,38
perfectionism paralysis,4,https://www.psychologytoday.com/us/blog/what-the-wild-things-are/202404/the-3-ps-perfectionism-procrastination-and-paralysis,www.psychologytoday.com,93,"The 3 Ps: Perfectionism, Procrastination, and Paralysis",17
perfectionism paralysis,5,https://www.healthline.com/health/anxiety/7-steps-to-breaking-the-perfectionism-procrastination-paralysis-cycle,www.healthline.com,92,"Break the 'Perfectionism, Procrastination, Paralysis' Cycle ...",49
perfectionism paralysis,6,https://thiswayup.org.au/resources/from-perfectionism-to-flexible-thinking,thiswayup.org.au,71,From Perfectionism to Flexible Thinking,5
perfectionism paralysis,7,https://www.additudemag.com/how-to-get-over-perfectionism-in-writing-adhd/,www.additudemag.com,83,How to Get Over Perfectionism: ADHD and Writing Paralysis,6
perfectionism paralysis,8,https://www.linkedin.com/pulse/overcoming-perfection-paralysis-embrace-progress-over-ruth-bozeman-sbmme,www.linkedin.com,99,Overcoming Perfection Paralysis: Embrace Progress Over ...,8
perfectionism paralysis,9,https://www.dixonlifecoaching.com/post/2017/04/20/overcoming-perfectionism-paralysis-part-i,www.dixonlifecoaching.com,29,Overcoming ADHD Perfectionism Paralysis Part I: Writing,5
perfectionism paralysis,10,https://www.theheadplan.com/blogs/mindset-elevation/perfectionism-paralysis-let-go-of-the-need-to-get-it-all-right,www.theheadplan.com,39,Perfectionism Paralysis: Let Go of the Need to Get It All Right,2
canceling plans,3,https://www.reddit.com/r/AuDHDWomen/comments/1eskcek/why_is_it_not_ok_to_cancel_plans_last_minute/,www.reddit.com,95,Why is it not OK to cancel plans last minute?,407
canceling plans,5,https://www.self.com/story/canceling-plans,www.self.com,86,How to Cancel Plans Without Losing Friends and Feeling ...,139
canceling plans,6,https://www.calm.com/blog/how-to-cancel-plans-last-minute,www.calm.com,87,How to cancel plans last minute: 8 mindful tips for what to say,267
canceling plans,7,https://www.purewow.com/wellness/is-it-ok-to-cancel-plans,www.purewow.com,81,Is It OK to Cancel Plans? Experts Weigh In,11
canceling plans,8,https://www.facebook.com/verywell/posts/need-to-cancel-plans-last-minute-whether-its-with-friends-family-or-colleagues-t/1308245414664753/,www.facebook.com,100,Need to cancel plans last-minute? Whether it's with friends ...,52
canceling plans,9,https://www.quora.com/What-is-the-etiquette-for-cancelling-plans-Is-it-rude-to-cancel-plans-if-something-comes-up-and-you-cant-attend-even-if-it-was-last-minute,www.quora.com,92,What is the etiquette for cancelling plans? Is it rude to ...,28
canceling plans,10,https://www.courtneyopalkoetiquette.com/blog/feel-like-bailing-think-twice-before-cancelling-plans-at-the-last-minute,www.courtneyopalkoetiquette.com,3,Feel Like Bailing? Think Twice Before Cancelling Plans At ...,15
changing the subject,2,https://corbettmaths.com/2018/04/04/changing-the-subject/,corbettmaths.com,65,Changing the Subject Practice Questions,6
changing the subject,4,https://thirdspacelearning.com/gcse-maths/algebra/changing-the-subject-of-a-formula/,thirdspacelearning.com,64,Changing The Subject Of A Formula - GCSE Maths Guide,8
changing the subject,5,https://www.merriam-webster.com/dictionary/change%20the%20subject,www.merriam-webster.com,91,CHANGE THE SUBJECT Definition & Meaning,24
changing the subject,6,https://www.youtube.com/watch?v=8U9u_itcs7k,www.youtube.com,99,Changing the Subject - Corbettmaths,1
changing the subject,7,https://www.reddit.com/r/learnmath/comments/v2c5xa/algebra_changing_the_subject/,www.reddit.com,95,Algebra: Changing the subject : r/learnmath,1
changing the subject,8,http://www.drfrost.org/downloadables.php?rid=32,www.drfrost.org,50,Lesson Resources - Changing the Subject,1
changing the subject,9,https://edu.rsc.org/maths/changing-the-subject/2000159.article,edu.rsc.org,90,Changing the subject | Maths,1
changing the subject,10,https://mathspace.co/textbooks/syllabuses/Syllabus-812/topics/Topic-18101/subtopics/Subtopic-246401/,mathspace.co,50,1.04 Changing the subject of a formula | Year 11 Maths,2
conditional self worth,,,,,,
giving unsolicited advice,2,https://www.reddit.com/r/unpopularopinion/comments/15jf6rj/people_who_give_unsolicited_advice_dont_actually/,www.reddit.com,95,People who give unsolicited advice don't actually want to ...,125
giving unsolicited advice,4,https://www.psychologytoday.com/us/blog/heartstrings/202402/two-things-i-learned-about-giving-a-friend-unwanted-advice,www.psychologytoday.com,93,Two Things I Learned About Giving a Friend Unwanted ...,16
giving unsolicited advice,5,https://medium.com/change-your-mind/how-to-positively-deal-with-people-who-offer-unsolicited-advice-a77620e2abfa,medium.com,94,How to Positively Deal With People Who Offer Unsolicited ...,112
giving unsolicited advice,6,https://www.youtube.com/watch?v=U3Hs3XS0dtM,www.youtube.com,99,How To Stop Giving Unsolicited Advice,20
giving unsolicited advice,7,https://www.quora.com/What-motivates-some-people-to-give-unsolicited-advice-and-criticism-even-in-situations-where-it-is-not-necessary-or-welcome,www.quora.com,92,What motivates some people to give unsolicited advice and ...,25
giving unsolicited advice,8,https://www.verywellmind.com/whats-behind-different-types-of-unsolicited-advice-3144961,www.verywellmind.com,90,Why Unsolicited Advice Causes Stress,211
giving unsolicited advice,9,https://www.legsondreamscoaching.com/blog/unsolicitedadvice,www.legsondreamscoaching.com,2,The Trouble with Giving and Getting Unsolicited Advice,99
giving unsolicited advice,10,https://markmanson.net/how-to-give-advice,markmanson.net,78,How to Give Advice Without Being a Condescending Asshole,107
giving unsolicited advice,11,https://prairie-care.com/13-brilliant-phrases-to-respond-to-unsolicited-advice-according-to-mental-health-pros/,prairie-care.com,53,"13 Brilliant Phrases to Respond to Unsolicited Advice, ...",68
hot-cold empathy gap,3,https://en.wikipedia.org/wiki/Hot-cold_empathy_gap,en.wikipedia.org,97,Hot-cold empathy gap,75
hot-cold empathy gap,4,https://thedecisionlab.com/biases/empathy-gap,thedecisionlab.com,82,Empathy Gap,50
hot-cold empathy gap,5,https://www.reddit.com/r/psychology/comments/abn91j/the_hotcold_empathy_gap_its_hard_to_predict/,www.reddit.com,95,The Hot/Cold Empathy Gap: It's Hard to Predict Behavior ...,9
hot-cold empathy gap,6,https://www.andrew.cmu.edu/user/gl20/GeorgeLoewenstein/Papers_files/pdf/Hot:ColdIntraEmpathyGap.pdf,www.andrew.cmu.edu,91,"Loewenstein — ""Hot/Cold Intrapersonal Empathy Gaps"" (CMU ...",4
hot-cold empathy gap,7,https://pubmed.ncbi.nlm.nih.gov/16045419/,pubmed.ncbi.nlm.nih.gov,95,Hot-cold empathy gaps and medical decision making,18
hot-cold empathy gap,8,https://www.behavioraleconomics.com/resources/mini-encyclopedia-of-be/hot-cold-empathy-gap/,www.behavioraleconomics.com,75,(Hot-cold) Empathy gap,5
hot-cold empathy gap,9,https://parentingscience.com/empathy-gap/,parentingscience.com,72,The hot-cold empathy gap: Why even smart people make ...,4
hot-cold empathy gap,10,https://durmonski.com/psychology/overcome-hot-cold-empathy-gap/,durmonski.com,40,How to Overcome the Hot-Cold Empathy Gap,5
hot-cold empathy gap,11,https://www.youtube.com/watch?v=xjyfvVppAnY,www.youtube.com,99,Hot Cold Empathy Gap Explained: How to RESIST Bad Habit ...,1
late night working,3,https://www.reddit.com/r/raleigh/comments/1ohwqbn/places_to_work_at_downtown_at_night/,www.reddit.com,95,Places to work at downtown at night : r/raleigh,5
late night working,4,https://www.indeed.com/q-late-night-shift-jobs.html,www.indeed.com,92,"Late Night Shift Jobs, Employment",31
late night working,6,https://www.facebook.com/clearcreekranchmom/posts/the-benefits-of-late-night-work/1542852114294464/,www.facebook.com,100,The benefits of late night work.,3
late night working,8,https://www.amazon.com/Late-Night-Working-Background-Concentration/dp/B09XR23RNF,www.amazon.com,96,Late Night Working : Blake Thornbridge: Digital Music,2
late night working,9,https://www.boderia.io/insights/10-productivity-hacks-for-your-late-night-work-sessions,www.boderia.io,28,10 Productivity Hacks for Your Late-Night Work Sessions,4
late night working,10,https://modestbeauti.medium.com/the-pros-and-cons-of-late-night-work-a-guide-for-entrepreneurs-and-professionals-67fbfd66fade,modestbeauti.medium.com,94,The Pros and Cons of Late Night Work - Ashley Green,1
chasing unpaid invoices,,,,,,
working on weekends,2,https://www.reddit.com/r/AskReddit/comments/1etp8ue/people_who_work_on_weekends_how_does_it_feel/,www.reddit.com,95,"People who work on weekends, how does it feel?",40
working on weekends,4,https://www.dol.gov/general/topic/workhours/weekend,www.dol.gov,91,Weekend Work,42
working on weekends,5,https://www.quora.com/Do-people-like-to-work-on-weekends,www.quora.com,92,Do people like to work on weekends?,12
working on weekends,6,https://en.wikipedia.org/wiki/Workweek_and_weekend,en.wikipedia.org,97,Workweek and weekend,1519
working on weekends,7,https://uk.indeed.com/career-advice/career-development/working-on-weekends,uk.indeed.com,92,7 advantages of working on weekends (With extra tips),20
working on weekends,8,https://www.youtube.com/watch?v=pKFd0uKmIgo&vl=en,www.youtube.com,99,Should You Tell Your Employees Not To Work on the ...,4
working on weekends,9,https://boards.straightdope.com/t/whats-your-opinion-on-working-weekends-depending-on-your-current-and-past-employment/997007,boards.straightdope.com,76,What's your opinion on working weekends? Depending ...,1
working on weekends,10,https://www.youtube.com/watch?v=l5FxpcNpAtY,www.youtube.com,99,Should You Work Weekends? | Pros and Cons of Working on ...,7
working on weekends,11,https://www.forbes.com/sites/nicoleleinbachreyhle/2016/04/29/why-working-this-weekend-may-be-good-for-you/,www.forbes.com,94,Why Working This Weekend May Be Good For You,0
emotional home,2,https://candrews.medium.com/discovering-your-emotional-home-373208be4347,candrews.medium.com,94,Discovering your 'emotional home” | by Catherine Andrews,4
emotional home,4,https://www.psychologytoday.com/us/blog/the-healthy-journey/202306/how-to-renovate-your-emotional-home,www.psychologytoday.com,93,How to Renovate Your Emotional Home,3
emotional home,5,https://pdanorthamerica.org/emotional-home/,pdanorthamerica.org,51,Emotional Home,2
emotional home,6,https://www.reddit.com/r/TonyRobbins/comments/1hqskji/how_can_i_permanently_change_my_emotional_home/,www.reddit.com,95,How can I permanently change my emotional home?,2
emotional home,7,https://www.artofmortgagemarketing.com/e/your-emotional-home-the-real-secret-behind-your-success-or-failure-in-life-business/,www.artofmortgagemarketing.com,2,Your EMOTIONAL HOME: The REAL SECRET Behind Your ...,1
emotional home,9,https://northstarcounselingcenter.com/building-awareness-of-your-emotional-home-and-tips-for-renovating,northstarcounselingcenter.com,20,Building Awareness of Your Emotional Home and Tips For ...,1
emotional home,10,https://heatherbunch.com/blog/253,heatherbunch.com,22,Podcast Episode 253 - Where is Your Emotional Home,1
emotional home,11,https://www.headspace.com/content/advice/identifying-the-emotional-culture-of-your-home/8435,www.headspace.com,89,Identifying the Emotional Culture of Your Home - Advice,1
fear of missing,3,https://pmc.ncbi.nlm.nih.gov/articles/PMC8283615/,pmc.ncbi.nlm.nih.gov,95,"Fear of missing out: A brief overview of origin, theoretical ...",5362
fear of missing,4,https://en.wikipedia.org/wiki/Fear_of_missing_out,en.wikipedia.org,97,Fear of missing out,5734
fear of missing,6,https://www.helpguide.org/mental-health/wellbeing/fear-of-missing-out-fomo,www.helpguide.org,87,Fear of Missing Out (FOMO): What it is and How to Cope,2296
fear of missing,8,https://www.reddit.com/r/science/comments/1h9gjvx/fear_of_missing_out_or_fomo_isnt_just_about/,www.reddit.com,95,"Fear of missing out, or FOMO, isn't just about ...",151
fear of missing,9,https://www.ebsco.com/research-starters/psychology/fear-missing-out-fomo,www.ebsco.com,87,Fear of missing out (FoMO) | Psychology | Research Starters,470
loss of direction,3,https://esmarildad.medium.com/why-you-feel-lost-the-key-to-finding-direction-in-life-8e5de2332add,esmarildad.medium.com,94,Why You Feel Lost: The Key to Finding Direction in Life,55
loss of direction,4,https://www.psychologytoday.com/us/blog/social-instincts/202509/2-reasons-why-people-lose-direction-in-life,www.psychologytoday.com,93,2 Reasons Why People Lose Direction in Life,3
loss of direction,5,https://www.reddit.com/r/GetMotivated/comments/6721j3/discussion_is_there_anyone_else_out_there_who/,www.reddit.com,95,[Discussion] Is there anyone else out there who have no ...,87
loss of direction,6,https://pubmed.ncbi.nlm.nih.gov/24080204/,pubmed.ncbi.nlm.nih.gov,95,"Dromosagnosia, or why some people lose their sense of ...",1
loss of direction,7,https://www.transformingtribes.com/symptoms/loss-of-direction,www.transformingtribes.com,4,"Loss of Direction: Why You Feel Lost, Stuck or Without ...",1
loss of direction,8,https://hbr.org/2021/01/finding-direction-when-youre-feeling-lost,hbr.org,92,Finding Direction When You're Feeling Lost,35
loss of direction,9,https://www.wakeupcloud.com/no-direction-in-life/,www.wakeupcloud.com,33,When You Feel Like You Have No Direction in Life,39
loss of direction,10,https://greatergood.berkeley.edu/article/item/feeling_lost_here_are_four_steps_to_finding_your_path,greatergood.berkeley.edu,92,Feeling Lost? Here Are Four Steps to Finding Your Path,317
turn-taking,2,https://en.wikipedia.org/wiki/Turn-taking,en.wikipedia.org,97,Turn-taking,14
turn-taking,4,https://cstacademy.com/resources/articles/why-is-turn-taking-important-in-speech-and-language-development/,cstacademy.com,35,Why Turn-Taking Is Key to Speech Development at ...,6
turn-taking,5,https://royalsocietypublishing.org/rstb/article/378/1875/20210473/109211/Turn-taking-in-human-face-to-face-interaction-is,royalsocietypublishing.org,89,Turn-taking in human face-to-face interaction is multimodal ...,1
turn-taking,6,https://conversational-leadership.net/turn-taking-in-conversation/,conversational-leadership.net,49,Turn-taking in Conversation,3
turn-taking,7,https://dhhpathways.georgia.gov/tip-6-turn-taking,dhhpathways.georgia.gov,89,Tip #6: Turn-Taking | Pathways,4
turn-taking,8,https://www.thewatsoninstitute.org/watson-life-resources/situation/turn-taking-play-conversation/,www.thewatsoninstitute.org,43,Turn-Taking Teaching Strategies - Watson Institute,6
turn-taking,9,http://communikidsnj.com/simple-tips-to-encourage-turn-taking-and-why-its-an-important-skill/,communikidsnj.com,9,Simple Tips to Encourage Turn-Taking and Why It's an ...,0
turn-taking,10,https://emcawiki.net/Turn-taking,emcawiki.net,53,Turn-taking,0
avoiding phone calls,2,https://www.reddit.com/r/introvert/comments/eortu0/does_anyone_else_have_an_irrational_fear_of/,www.reddit.com,95,Does anyone else have an irrational fear of making phone ...,248
avoiding phone calls,4,https://www.treatmyocd.com/what-is-ocd/info/related-symptoms-conditions/phone-call-anxiety-6-things-it-could-mean,www.treatmyocd.com,71,Phone call anxiety: 6 things it could mean,79
avoiding phone calls,5,https://lifeskillsadvocate.com/blog/phone-anxiety/,lifeskillsadvocate.com,48,Phone Anxiety And ADHD: 9 Ways To Make The Call You ...,6
avoiding phone calls,7,https://socialanxietyalliance.org.uk/telephone-calls-and-social-anxiety/,socialanxietyalliance.org.uk,25,Telephone Calls and Social Anxiety,145
avoiding phone calls,8,https://www.verywellmind.com/afraid-making-phone-calls-tips-3024317,www.verywellmind.com,90,"Phone Anxiety: Definition, Symptoms, Treatment, Coping",262
avoiding phone calls,9,https://www.tevapharm.com/patients-and-caregivers/all-stories/dont-call-me-maybe-ways-to-tackle-phone-anxiety/,www.tevapharm.com,75,Phone Call Anxiety? How to Overcome Telephobia,352
avoiding phone calls,10,https://www.abby.com/blog/phone-phobia/,www.abby.com,50,Telephobia: Overcoming Your Phone Anxiety,14
compulsive overworking,,,,,,
deferred life plan,1,https://x.com/sama/status/1517223722905571329?lang=en,x.com,97,don't do the deferred life plan,4
deferred life plan,2,https://news.ycombinator.com/item?id=4040903,news.ycombinator.com,91,A Cautionary Word on the Deferred Life Plan,2
deferred life plan,3,https://arshihaider.com/the-deferred-life-plan/,arshihaider.com,20,The Deferred Life Plan,1
deferred life plan,4,https://khehy.com/deferred-life-plan,khehy.com,56,Saying goodbye to the “deferred life plan” | RadReads,1
deferred life plan,5,https://www.linkedin.com/pulse/you-living-deferred-life-plan-michael-knouse-3ks8c,www.linkedin.com,99,Are You Living the “Deferred Life Plan?”,1
deferred life plan,7,https://alexlevox.medium.com/why-you-should-stop-living-a-deferred-life-a49d3ff68961,alexlevox.medium.com,94,why you should stop living a deferred life | by Alex Levy,1
deferred life plan,8,https://residualthoughts.substack.com/p/the-deferred-life-plan,residualthoughts.substack.com,94,The Deferred Life Plan - by Joe Hovde - Residual Thoughts,0
deferred life plan,9,https://www.youtube.com/watch?v=3IGhVNAjjW4,www.youtube.com,99,Randy Komisar-A Cautionary Word on the Deferred Life Plan,0
deferred life plan,10,https://www.cpp.ca/no-medical-deferred-permanent-life-insurance/,www.cpp.ca,59,Deferred Life Insurance | Pre-existing Conditions,5
doing everything yourself,,,,,,
email avoidance,,,,,,
feeling responsible,,,,,,
harsh self criticism,2,https://missionconnectionhealthcare.com/mental-health/emotional-behavioral-symptoms/self-criticism/,missionconnectionhealthcare.com,47,Excessive Self-Criticism In Adults: Causes And Solutions,40
harsh self criticism,4,https://losangelesmftherapist.com/post/why-am-i-so-hard-on-myself-understanding-self-criticism-and-learning-to-quiet-your-inner-critic/,losangelesmftherapist.com,39,Why Am I So Hard On Myself? Understanding Self ...,108
harsh self criticism,5,https://cptsdfoundation.org/2024/02/01/the-antidote-for-self-criticism/,cptsdfoundation.org,67,The Antidote for Self-Criticism,1
harsh self criticism,6,https://pmc.ncbi.nlm.nih.gov/articles/PMC11916919/,pmc.ncbi.nlm.nih.gov,95,Breaking the vicious cycles of self-criticism: a qualitative study ...,64
harsh self criticism,7,https://www.facebook.com/selfcompassion/videos/self-criticism-is-often-an-automatic-response-hardwired-into-our-survival-system/1766380500941901/,www.facebook.com,100,"Self-criticism is often an automatic response, hardwired into our ...",16
harsh self criticism,8,https://www.evidencebasedmentoring.org/the-seeds-of-extreme-self-criticism-can-have-deadly-results/,www.evidencebasedmentoring.org,60,The Seeds of Extreme Self-Criticism Can Have Deadly ...,8
harsh self criticism,9,https://lindnercenterofhope.org/blog/how-to-stop-being-your-own-worst-critic-the-power-of-self-compassion-for-mental-health/,lindnercenterofhope.org,53,How to Stop Being Your Own Worst Critic,135
harsh self criticism,10,https://psychcentral.com/blog/imperfect/2020/02/how-i-transformed-my-self-criticism-into-self-love,psychcentral.com,87,How I Transformed my Self-Criticism into Self-Love,104
learning addiction,2,https://pmc.ncbi.nlm.nih.gov/articles/PMC4500887/,pmc.ncbi.nlm.nih.gov,95,Study Addiction – A New Area of Psychological Study - PMC,20
learning addiction,4,https://www.reddit.com/r/ADHD/comments/rl2ufk/addicted_to_learning/,www.reddit.com,95,Addicted to Learning? : r/ADHD,11
learning addiction,5,https://www.youtube.com/watch?v=RZ5LH634W8s,www.youtube.com,99,How an Addicted Brain Works,927
learning addiction,6,https://www.mentalhealth.com/library/learning-theory-of-addiction,www.mentalhealth.com,79,Learning Theory of Addiction and Recovery Implications,6
learning addiction,7,https://pmc.ncbi.nlm.nih.gov/articles/PMC3138832/,pmc.ncbi.nlm.nih.gov,95,Aberrant Learning and Memory in Addiction - PMC - NIH,0
learning addiction,9,https://basisonline.org/2023/03/17/seeing-addiction-as-a-learning-disorder-changes-everything/,basisonline.org,52,Seeing Addiction as a Learning Disorder Changes Everything,0
learning addiction,10,https://www.helpguide.org/mental-health/addiction/how-addiction-hijacks-the-brain,www.helpguide.org,87,Understanding Addiction: How Addiction Hijacks the Brain,313
learning addiction,11,https://psychiatryonline.org/doi/10.1176/foc.5.2.foc220,psychiatryonline.org,87,Addiction: A Disease of Learning and Memory | Focus,0
partners past,,,,,,
