slug,core,keyword,volume,status,matching_item
not-trusting-my-own-memory,gaslighting,gaslighting,232000,absent,
not-trusting-my-own-memory,gaslighting,gaslighting meaning,118000,absent,
not-trusting-my-own-memory,gaslighting,gaslighting definition,82000,absent,
not-trusting-my-own-memory,gaslighting,what is gaslighting,67000,absent,
not-trusting-my-own-memory,gaslighting,what does gaslighting mean,38000,absent,
not-trusting-my-own-memory,gaslighting,define gaslighting,16000,absent,
not-trusting-my-own-memory,gaslighting,gaslighting examples,16000,absent,
not-trusting-my-own-memory,gaslighting,definition of gaslighting,15000,absent,
not-trusting-my-own-memory,gaslighting,examples of gaslighting,8600,absent,
not-trusting-my-own-memory,gaslighting,what is gaslighting mean,5600,absent,
not-trusting-my-own-memory,gaslighting,example of gaslighting,4700,absent,
not-trusting-my-own-memory,gaslighting,10 examples of gaslighting,4500,absent,
not-trusting-my-own-memory,gaslighting,gaslighting def,4400,absent,
not-trusting-my-own-memory,gaslighting,gaslighting phrases,3900,absent,
not-trusting-my-own-memory,gaslighting,whats gaslighting,3300,absent,
not-trusting-my-own-memory,gaslighting,what is an example of gaslighting,2900,absent,
not-trusting-my-own-memory,gaslighting,gaslighting example,2800,absent,
not-trusting-my-own-memory,gaslighting,medical gaslighting,2600,absent,
not-trusting-my-own-memory,gaslighting,meaning of gaslighting,2500,absent,
not-trusting-my-own-memory,gaslighting,signs of gaslighting,2300,absent,
not-trusting-my-own-memory,gaslighting,gaslighting in a relationship,2100,absent,
not-trusting-my-own-memory,gaslighting,narcissist gaslighting,2100,absent,
not-trusting-my-own-memory,gaslighting,gaslighting mean,2000,absent,
not-trusting-my-own-memory,gaslighting,gaslighting in relationships,1800,absent,
not-trusting-my-own-memory,gaslighting,gaslighting origin,1800,absent,
not-trusting-my-own-memory,gaslighting,what is the definition of gaslighting,1700,absent,
not-trusting-my-own-memory,gaslighting,gaslighting quotes,1600,absent,
not-trusting-my-own-memory,gaslighting,gaslighting define,1500,absent,
not-trusting-my-own-memory,gaslighting,gaslighting meme,1500,absent,
not-trusting-my-own-memory,gaslighting,what does gaslighting someone mean,1500,absent,
not-trusting-my-own-memory,gaslighting,definition of gaslighting someone,1300,absent,
not-trusting-my-own-memory,gaslighting,why is it called gaslighting,1300,absent,
not-trusting-my-own-memory,gaslighting,gaslighting in spanish,1200,absent,
not-trusting-my-own-memory,gaslighting,how to recognize gaslighting,1200,absent,
not-trusting-my-own-memory,gaslighting,what is gaslighting someone,1200,absent,
not-trusting-my-own-memory,gaslighting,gaslighting in relationship,1100,absent,
not-trusting-my-own-memory,gaslighting,gaslighting movie,1100,absent,
not-trusting-my-own-memory,gaslighting,how to respond to gaslighting,1100,absent,
not-trusting-my-own-memory,gaslighting,define gaslighting someone,1000,absent,
not-trusting-my-own-memory,gaslighting,gaslighting definition and examples,1000,absent,
not-trusting-my-own-memory,gaslighting,the gaslighting of hannah petty,1000,absent,
not-trusting-my-own-memory,gaslighting,what is gaslighting example,1000,absent,
not-trusting-my-own-memory,gaslighting,what is gaslighting in a relationship,1000,absent,
not-trusting-my-own-memory,gaslighting,gaslighting synonym,900,absent,
not-trusting-my-own-memory,gaslighting,gaslighting defined,800,absent,
not-trusting-my-own-memory,gaslighting,gaslighting meaning in relationships,800,absent,
not-trusting-my-own-memory,gaslighting,meaning of gaslighting someone,800,absent,
not-trusting-my-own-memory,gaslighting,what does gaslighting mean in a relationship,800,absent,
not-trusting-my-own-memory,gaslighting,where does the term gaslighting come from,800,absent,
not-trusting-my-own-memory,gaslighting,gaslighting someone,700,absent,
not-trusting-my-own-memory,gaslighting,how to deal with gaslighting,700,absent,
not-trusting-my-own-memory,gaslighting,what's gaslighting,700,absent,
not-trusting-my-own-memory,gaslighting,definition gaslighting,600,absent,
not-trusting-my-own-memory,gaslighting,gaslighting meaning slang,600,absent,
not-trusting-my-own-memory,gaslighting,phrases to shut down gaslighting,600,absent,
not-trusting-my-own-memory,gaslighting,the gaslighting of hannah pettey,600,absent,
not-trusting-my-own-memory,gaslighting,the gaslighting of hannah petty where to watch,600,absent,
not-trusting-my-own-memory,gaslighting,where did the term gaslighting come from,600,absent,
not-trusting-my-own-memory,gaslighting,another word for gaslighting,500,absent,
not-trusting-my-own-memory,gaslighting,is gaslighting abuse,500,absent,
not-trusting-my-own-memory,gaslighting,what does the term gaslighting mean,500,absent,
not-trusting-my-own-memory,gaslighting,what is the meaning of gaslighting,500,absent,
not-trusting-my-own-memory,gaslighting,gaslighting of hannah pettey,450,absent,
not-trusting-my-own-memory,gaslighting,gaslighting and darvo in relationships arabic,400,absent,
not-trusting-my-own-memory,gaslighting,gaslighting at work,400,absent,
not-trusting-my-own-memory,gaslighting,gaslighting definition psychological manipulation,400,absent,
not-trusting-my-own-memory,gaslighting,gaslighting definition psychology,400,absent,
not-trusting-my-own-memory,gaslighting,gaslighting in a sentence,400,absent,
not-trusting-my-own-memory,gaslighting,long term effects of gaslighting,400,absent,
not-trusting-my-own-memory,gaslighting,synonyms of gaslighting,400,absent,
not-trusting-my-own-memory,gaslighting,whats gaslighting mean,400,absent,
not-trusting-my-own-memory,gaslighting,6 signs of narcissistic gaslighting in a relationship,300,absent,
not-trusting-my-own-memory,gaslighting,apa gaslighting definition,300,absent,
not-trusting-my-own-memory,gaslighting,examples of gaslighting in a relationship,300,absent,
not-trusting-my-own-memory,gaslighting,gaslighting examples in relationships,300,absent,
not-trusting-my-own-memory,gaslighting,gaslighting in the workplace,300,absent,
not-trusting-my-own-memory,gaslighting,gaslighting means,300,absent,
not-trusting-my-own-memory,gaslighting,gaslighting narcissist,300,absent,
not-trusting-my-own-memory,gaslighting,gaslighting someone meaning,300,absent,
not-trusting-my-own-memory,gaslighting,merriam-webster gaslighting definition,300,absent,
not-trusting-my-own-memory,gaslighting,que es gaslighting,300,absent,
not-trusting-my-own-memory,gaslighting,what is gaslighting a person,300,absent,
not-trusting-my-own-memory,gaslighting,what's gaslighting mean,300,absent,
not-trusting-my-own-memory,gaslighting,what's the definition of gaslighting,300,absent,
not-trusting-my-own-memory,gaslighting,explain gaslighting,250,absent,
not-trusting-my-own-memory,gaslighting,gaslighting vs manipulation,250,absent,
not-trusting-my-own-memory,gaslighting,gaslighting yourself,250,absent,
not-trusting-my-own-memory,gaslighting,narcissistic gaslighting,250,absent,
not-trusting-my-own-memory,gaslighting,origin of gaslighting,250,absent,
not-trusting-my-own-memory,gaslighting,self gaslighting,250,absent,
not-trusting-my-own-memory,gaslighting,synonym for gaslighting,250,absent,
not-trusting-my-own-memory,gaslighting,the definition of gaslighting,250,absent,
not-trusting-my-own-memory,gaslighting,what are the 4 types of gaslighting?,250,absent,
not-trusting-my-own-memory,gaslighting,what gaslighting means,250,absent,
not-trusting-my-own-memory,gaslighting,gaslighting is not real,200,absent,
not-trusting-my-own-memory,gaslighting,synonyms for gaslighting,200,absent,
not-trusting-my-own-memory,gaslighting,types of gaslighting,200,absent,
not-trusting-my-own-memory,gaslighting,what do gaslighting mean,200,absent,
the-explanation-i-give-myself,cognitive dissonance,cognitive dissonance,219000,absent,
the-explanation-i-give-myself,cognitive dissonance,what is cognitive dissonance,16000,absent,
the-explanation-i-give-myself,cognitive dissonance,cognitive dissonance definition,11000,absent,
the-explanation-i-give-myself,cognitive dissonance,cognitive dissonance theory,8900,absent,
the-explanation-i-give-myself,cognitive dissonance,cognitive dissonance examples,4100,absent,
the-explanation-i-give-myself,cognitive dissonance,cognitive dissonance meaning,3400,absent,
the-explanation-i-give-myself,cognitive dissonance,define cognitive dissonance,2600,absent,
the-explanation-i-give-myself,cognitive dissonance,cognitive dissonance example,2300,absent,
the-explanation-i-give-myself,cognitive dissonance,cognitive dissonance psychology definition,1200,absent,
the-explanation-i-give-myself,cognitive dissonance,examples of cognitive dissonance,1100,absent,
the-explanation-i-give-myself,cognitive dissonance,cognitive dissonance in relationships,1000,absent,
the-explanation-i-give-myself,cognitive dissonance,what is cognitive dissonance in psychology,1000,absent,
the-explanation-i-give-myself,cognitive dissonance,definition of cognitive dissonance,900,absent,
the-explanation-i-give-myself,cognitive dissonance,what does cognitive dissonance mean,900,absent,
the-explanation-i-give-myself,cognitive dissonance,apa dictionary cognitive dissonance definition,800,absent,
the-explanation-i-give-myself,cognitive dissonance,britannica cognitive dissonance definition,800,absent,
the-explanation-i-give-myself,cognitive dissonance,cognitive dissonance definition psychology,800,absent,
the-explanation-i-give-myself,cognitive dissonance,example of cognitive dissonance,800,absent,
the-explanation-i-give-myself,cognitive dissonance,cognitive behavioral dissonance,600,absent,
the-explanation-i-give-myself,cognitive dissonance,dissonance cognitive,600,absent,
the-explanation-i-give-myself,cognitive dissonance,what is cognitive dissonance theory,500,absent,
the-explanation-i-give-myself,cognitive dissonance,cognitive dissonance psychology,450,absent,
the-explanation-i-give-myself,cognitive dissonance,apa dictionary cognitive dissonance,400,absent,
the-explanation-i-give-myself,cognitive dissonance,“cognitive dissonance” “us” “uk”,400,absent,
the-explanation-i-give-myself,cognitive dissonance,cognitive dissonance ap psychology definition,350,absent,
the-explanation-i-give-myself,cognitive dissonance,apa cognitive dissonance definition,250,absent,
the-explanation-i-give-myself,cognitive dissonance,cognitive dissonance theory example,250,absent,
the-explanation-i-give-myself,cognitive dissonance,theory of cognitive dissonance,250,absent,
the-explanation-i-give-myself,cognitive dissonance,traumatic cognitive dissonance,250,absent,
the-explanation-i-give-myself,cognitive dissonance,cognitive dissonance experiment,200,absent,
the-explanation-i-give-myself,cognitive dissonance,cognitive dissonance podcast,200,absent,
the-explanation-i-give-myself,cognitive dissonance,cognitive dissonance simple definition,200,absent,
the-explanation-i-give-myself,cognitive dissonance,cognitive dissonance def,150,absent,
the-explanation-i-give-myself,cognitive dissonance,cognitive dissonance examples in real life,150,absent,
the-explanation-i-give-myself,cognitive dissonance,cognitive dissonance in politics,150,absent,
the-explanation-i-give-myself,cognitive dissonance,cognitive dissonance marketing,150,absent,
the-explanation-i-give-myself,cognitive dissonance,cognitive dissonance meme,150,absent,
the-explanation-i-give-myself,cognitive dissonance,explain cognitive dissonance,150,absent,
the-explanation-i-give-myself,cognitive dissonance,festinger cognitive dissonance,150,absent,
the-explanation-i-give-myself,cognitive dissonance,how to reduce cognitive dissonance,150,absent,
the-explanation-i-give-myself,cognitive dissonance,leon festinger cognitive dissonance,150,absent,
the-explanation-i-give-myself,cognitive dissonance,leon festinger cognitive dissonance theory,150,absent,
the-explanation-i-give-myself,cognitive dissonance,what causes cognitive dissonance,150,absent,
the-explanation-i-give-myself,cognitive dissonance,what is cognitive dissonance in simple terms,150,absent,
the-explanation-i-give-myself,cognitive dissonance,what is post purchase cognitive dissonance,150,absent,
the-explanation-i-give-myself,cognitive dissonance,what's cognitive dissonance,150,absent,
the-explanation-i-give-myself,cognitive dissonance,cognitive dissonance at work,100,absent,
the-explanation-i-give-myself,cognitive dissonance,cognitive dissonance causes,100,absent,
the-explanation-i-give-myself,cognitive dissonance,cognitive dissonance chart,100,absent,
the-explanation-i-give-myself,cognitive dissonance,cognitive dissonance definition and examples,100,absent,
the-explanation-i-give-myself,cognitive dissonance,cognitive dissonance explained,100,absent,
the-explanation-i-give-myself,cognitive dissonance,cognitive dissonance is,100,absent,
the-explanation-i-give-myself,cognitive dissonance,cognitive dissonance mcat,100,absent,
the-explanation-i-give-myself,cognitive dissonance,cognitive dissonance synonym,100,absent,
the-explanation-i-give-myself,cognitive dissonance,cognitive dissonance theory definition,100,absent,
the-explanation-i-give-myself,cognitive dissonance,cognitive dissonance theory leon festinger,100,absent,
the-explanation-i-give-myself,cognitive dissonance,meaning of cognitive dissonance,100,absent,
the-explanation-i-give-myself,cognitive dissonance,post purchase behavior and cognitive dissonance,100,absent,
the-explanation-i-give-myself,cognitive dissonance,types of cognitive dissonance,100,absent,
the-explanation-i-give-myself,cognitive dissonance,what is an example of cognitive dissonance,100,absent,
the-explanation-i-give-myself,cognitive dissonance,what is cognitive dissonance in marketing,100,absent,
the-explanation-i-give-myself,cognitive dissonance,cognitive dissonance -ai,90,absent,
the-explanation-i-give-myself,cognitive dissonance,cognitive dissonance and confirmation bias,90,absent,
the-explanation-i-give-myself,cognitive dissonance,cognitive dissonance ap psych,90,absent,
the-explanation-i-give-myself,cognitive dissonance,cognitive dissonance behavior,90,absent,
the-explanation-i-give-myself,cognitive dissonance,cognitive dissonance diagram,90,absent,
the-explanation-i-give-myself,cognitive dissonance,cognitive dissonance in a relationship,90,absent,
the-explanation-i-give-myself,cognitive dissonance,cognitive dissonance in a sentence,90,absent,
the-explanation-i-give-myself,cognitive dissonance,cognitive dissonance types,90,absent,
the-explanation-i-give-myself,cognitive dissonance,mother cognitive dissonance,90,absent,
the-explanation-i-give-myself,cognitive dissonance,opposite of cognitive dissonance,90,absent,
the-explanation-i-give-myself,cognitive dissonance,post purchase cognitive dissonance,90,absent,
the-explanation-i-give-myself,cognitive dissonance,post purchase cognitive dissonance meaning,90,absent,
the-explanation-i-give-myself,cognitive dissonance,what is the definition of cognitive dissonance,90,absent,
the-explanation-i-give-myself,cognitive dissonance,cognitive dissonance illustration,80,absent,
the-explanation-i-give-myself,cognitive dissonance,cognitive dissonance in marketing,80,absent,
the-explanation-i-give-myself,cognitive dissonance,cognitive dissonance in simple terms,80,absent,
the-explanation-i-give-myself,cognitive dissonance,cognitive dissonance leon festinger,80,absent,
the-explanation-i-give-myself,cognitive dissonance,cognitive dissonance reduction,80,absent,
the-explanation-i-give-myself,cognitive dissonance,cognitive dissonance theory examples,80,absent,
the-explanation-i-give-myself,cognitive dissonance,how to resolve cognitive dissonance,80,absent,
the-explanation-i-give-myself,cognitive dissonance,is cognitive dissonance,80,absent,
the-explanation-i-give-myself,cognitive dissonance,ways to reduce cognitive dissonance,80,absent,
the-explanation-i-give-myself,cognitive dissonance,whats cognitive dissonance,80,absent,
the-explanation-i-give-myself,cognitive dissonance,a theory of cognitive dissonance,70,absent,
the-explanation-i-give-myself,cognitive dissonance,apa dictionary of psychology cognitive dissonance,70,absent,
the-explanation-i-give-myself,cognitive dissonance,cognitive dissonance alcohol,70,absent,
the-explanation-i-give-myself,cognitive dissonance,cognitive dissonance and adhd,70,absent,
the-explanation-i-give-myself,cognitive dissonance,cognitive dissonance and narcissism,70,absent,
the-explanation-i-give-myself,cognitive dissonance,cognitive dissonance and self esteem,70,absent,
the-explanation-i-give-myself,cognitive dissonance,cognitive dissonance cartoon,70,absent,
the-explanation-i-give-myself,cognitive dissonance,cognitive dissonance definition examples,70,absent,
the-explanation-i-give-myself,cognitive dissonance,cognitive dissonance how to resolve,70,absent,
the-explanation-i-give-myself,cognitive dissonance,definition cognitive dissonance,70,absent,
the-explanation-i-give-myself,cognitive dissonance,how to fix cognitive dissonance,70,absent,
the-explanation-i-give-myself,cognitive dissonance,the cognitive dissonance,70,absent,
the-explanation-i-give-myself,cognitive dissonance,what are 7 signs of cognitive dissonance,70,absent,
cant-stop-thinking-about-someone,limerence,limerence,218000,answered,What is limerence?
cant-stop-thinking-about-someone,limerence,limerence meaning,92000,answered,What is limerence?
cant-stop-thinking-about-someone,limerence,what is limerence,17000,answered,What is limerence?
cant-stop-thinking-about-someone,limerence,limerence definition,11000,answered,What is limerence?
cant-stop-thinking-about-someone,limerence,limerence vs love,4300,partial,Is this just a crush?
cant-stop-thinking-about-someone,limerence,define limerence,2300,answered,What is limerence?
cant-stop-thinking-about-someone,limerence,what does limerence mean,2200,answered,What is limerence?
cant-stop-thinking-about-someone,limerence,how to stop limerence,1300,partial,What actually changes anything here?
cant-stop-thinking-about-someone,limerence,autistic limerence,1200,absent,
cant-stop-thinking-about-someone,limerence,definition of limerence,900,answered,What is limerence?
cant-stop-thinking-about-someone,limerence,limerence in friendships,800,absent,
cant-stop-thinking-about-someone,limerence,love vs limerence,800,partial,Is this just a crush?
cant-stop-thinking-about-someone,limerence,how long does limerence last,700,answered,How long does limerence last?
cant-stop-thinking-about-someone,limerence,limerence adhd,700,absent,
cant-stop-thinking-about-someone,limerence,limerence define,700,answered,What is limerence?
cant-stop-thinking-about-someone,limerence,how to beat limerence,600,partial,What actually changes anything here?
cant-stop-thinking-about-someone,limerence,how to get over limerence,600,partial,What actually changes anything here?
cant-stop-thinking-about-someone,limerence,limerence vs crush,600,answered,Is this just a crush?
cant-stop-thinking-about-someone,limerence,is limerence bad,450,partial,Is limerence a real diagnosis?
cant-stop-thinking-about-someone,limerence,limerence in a sentence,450,absent,
cant-stop-thinking-about-someone,limerence,limerence symptoms,400,partial,Is limerence a real diagnosis?
cant-stop-thinking-about-someone,limerence,stages of limerence,400,partial,Why do articles about this give exact stages and percentages?
cant-stop-thinking-about-someone,limerence,4 stages of limerence,350,partial,Why do articles about this give exact stages and percentages?
cant-stop-thinking-about-someone,limerence,adhd limerence,350,absent,
cant-stop-thinking-about-someone,limerence,limerence vs infatuation,350,partial,Is this just a crush?
cant-stop-thinking-about-someone,limerence,signs of limerence,350,partial,Am I obsessed with someone I barely know?
cant-stop-thinking-about-someone,limerence,what causes limerence,350,partial,Why did this start right after a hard year?
cant-stop-thinking-about-someone,limerence,can limerence turn into love,300,partial,What if the connection was real and circumstances made it impossible?
cant-stop-thinking-about-someone,limerence,how to get out of limerence,300,partial,What actually changes anything here?
cant-stop-thinking-about-someone,limerence,how to get rid of limerence,300,partial,What actually changes anything here?
cant-stop-thinking-about-someone,limerence,limerence definition psychology,300,answered,What is limerence?
cant-stop-thinking-about-someone,limerence,how to overcome limerence,250,partial,What actually changes anything here?
cant-stop-thinking-about-someone,limerence,limerence and adhd,250,absent,
cant-stop-thinking-about-someone,limerence,limerence book,250,absent,
cant-stop-thinking-about-someone,limerence,limerence def,250,answered,What is limerence?
cant-stop-thinking-about-someone,limerence,limerence ocd,250,absent,
cant-stop-thinking-about-someone,limerence,limerence reddit,250,absent,
cant-stop-thinking-about-someone,limerence,limerence synonym,250,answered,What is limerence?
cant-stop-thinking-about-someone,limerence,love and limerence,250,partial,Is this just a crush?
cant-stop-thinking-about-someone,limerence,platonic limerence,250,absent,
cant-stop-thinking-about-someone,limerence,synonyms of limerence,250,answered,What is limerence?
cant-stop-thinking-about-someone,limerence,what's limerence,250,answered,What is limerence?
cant-stop-thinking-about-someone,limerence,autistic limerence meaning,200,absent,
cant-stop-thinking-about-someone,limerence,crush vs limerence,200,answered,Is this just a crush?
cant-stop-thinking-about-someone,limerence,difference between love and limerence,200,partial,Is this just a crush?
cant-stop-thinking-about-someone,limerence,how to deal with limerence,200,partial,What actually changes anything here?
cant-stop-thinking-about-someone,limerence,how to stop limerence adhd,200,absent,
cant-stop-thinking-about-someone,limerence,is limerence a mental illness,200,partial,Is limerence a real diagnosis?
cant-stop-thinking-about-someone,limerence,limerence and ocd,200,absent,
cant-stop-thinking-about-someone,limerence,limerence bpd,200,absent,
cant-stop-thinking-about-someone,limerence,limerence hc dolores,200,absent,
cant-stop-thinking-about-someone,limerence,limerence stages,200,partial,Why do articles about this give exact stages and percentages?
cant-stop-thinking-about-someone,limerence,limerence test,200,answered,Is there a test for limerence?
cant-stop-thinking-about-someone,limerence,meaning of limerence,200,answered,What is limerence?
cant-stop-thinking-about-someone,limerence,what is limerence mean,200,answered,What is limerence?
cant-stop-thinking-about-someone,limerence,whats limerence,200,answered,What is limerence?
cant-stop-thinking-about-someone,limerence,bpd limerence,150,absent,
cant-stop-thinking-about-someone,limerence,how long can limerence last,150,answered,How long does limerence last?
cant-stop-thinking-about-someone,limerence,how to break limerence,150,partial,What actually changes anything here?
cant-stop-thinking-about-someone,limerence,infatuation vs limerence,150,answered,Is this just a crush?
cant-stop-thinking-about-someone,limerence,is limerence real,150,answered,Is limerence a real diagnosis?
cant-stop-thinking-about-someone,limerence,limerence art,150,absent,
cant-stop-thinking-about-someone,limerence,limerence autism,150,absent,
cant-stop-thinking-about-someone,limerence,limerence causes,150,partial,Why did this start right after a hard year?
cant-stop-thinking-about-someone,limerence,limerence cure,150,partial,What actually changes anything here?
cant-stop-thinking-about-someone,limerence,limerence definition simple,150,answered,What is limerence?
cant-stop-thinking-about-someone,limerence,limerence dopamine,150,partial,Does the brain imaging research prove anything here?
cant-stop-thinking-about-someone,limerence,limerence example,150,partial,Why can't I stop thinking about someone I barely know?
cant-stop-thinking-about-someone,limerence,limerence meaning psychology,150,answered,What is limerence?
cant-stop-thinking-about-someone,limerence,limerence psychology,150,partial,What is limerence?
cant-stop-thinking-about-someone,limerence,limerence quiz,150,partial,Is there a test for limerence?
cant-stop-thinking-about-someone,limerence,limerence tattoo,150,absent,
cant-stop-thinking-about-someone,limerence,limerence vs love quiz,150,partial,Is this just a crush?
cant-stop-thinking-about-someone,limerence,living with limerence,150,partial,What should I do this week?
cant-stop-thinking-about-someone,limerence,mutual limerence,150,partial,Can two people have the identical fixation for completely different reasons?
cant-stop-thinking-about-someone,limerence,reddit limerence,150,absent,
cant-stop-thinking-about-someone,limerence,sasha sanchez limerence,150,absent,
cant-stop-thinking-about-someone,limerence,signs limerence is ending,150,absent,
cant-stop-thinking-about-someone,limerence,what is the definition of limerence,150,answered,What is limerence?
cant-stop-thinking-about-someone,limerence,autism limerence,100,absent,
cant-stop-thinking-about-someone,limerence,how long does limerence last with no contact,100,answered,Does no contact fix this?
cant-stop-thinking-about-someone,limerence,how to avoid limerence,100,partial,What actually changes anything here?
cant-stop-thinking-about-someone,limerence,how to cure limerence,100,partial,What actually changes anything here?
cant-stop-thinking-about-someone,limerence,how to use limerence in a sentence,100,absent,
cant-stop-thinking-about-someone,limerence,is limerence a mental disorder,100,partial,Is limerence a real diagnosis?
cant-stop-thinking-about-someone,limerence,is limerence love,100,partial,Is this just a crush?
cant-stop-thinking-about-someone,limerence,limerence affair,100,partial,Can this happen while I am in a happy relationship?
cant-stop-thinking-about-someone,limerence,limerence and autism,100,absent,
cant-stop-thinking-about-someone,limerence,limerence disorder,100,partial,Is limerence a real diagnosis?
cant-stop-thinking-about-someone,limerence,limerence love,100,partial,Is this just a crush?
cant-stop-thinking-about-someone,limerence,limerence meaning simple,100,answered,What is limerence?
cant-stop-thinking-about-someone,limerence,limerence pronunciation,100,absent,
cant-stop-thinking-about-someone,limerence,limerence simple meaning,100,answered,What is limerence?
cant-stop-thinking-about-someone,limerence,limerence treatment,100,partial,What actually changes anything here?
cant-stop-thinking-about-someone,limerence,limerence vs love differences,100,partial,Is this just a crush?
cant-stop-thinking-about-someone,limerence,love or limerence,100,partial,Is this just a crush?
cant-stop-thinking-about-someone,limerence,ocd and limerence,100,absent,
cant-stop-thinking-about-someone,limerence,what is limerence in a relationship,100,partial,Can this happen while I am in a happy relationship?
avoidant-attachment,avoidant attachment,avoidant attachment,90000,absent,
avoidant-attachment,avoidant attachment,avoidant attachment style,85000,absent,
avoidant-attachment,avoidance,pathological demand avoidance,42000,absent,
avoidant-attachment,avoidant attachment,fearful avoidant attachment,27000,absent,
avoidant-attachment,avoidant attachment,anxious avoidant attachment,18000,absent,
avoidant-attachment,avoidance,psychology of self checkout avoidance,17000,absent,
avoidant-attachment,avoidant attachment,dismissive avoidant attachment,11000,absent,
avoidant-attachment,avoidant attachment,anxious avoidant attachment style,10000,absent,
avoidant-attachment,avoidance,avoidance,9200,absent,
avoidant-attachment,avoidance,demand avoidance,8500,absent,
avoidant-attachment,avoidant attachment,what is avoidant attachment,7000,absent,
avoidant-attachment,avoidant attachment,fearful avoidant attachment style,6400,absent,
avoidant-attachment,avoidance,avoidance behavior,4700,absent,
avoidant-attachment,avoidant attachment,dismissive avoidant attachment style,3600,absent,
avoidant-attachment,avoidant attachment,avoidant attachment meaning,3100,absent,
avoidant-attachment,avoidant attachment,avoidant attachment disorder,3000,absent,
avoidant-attachment,avoidant attachment,insecure avoidant attachment,2900,absent,
avoidant-attachment,avoidance,what is tax avoidance?,2900,absent,
avoidant-attachment,avoidance,uncertainty avoidance,2700,absent,
avoidant-attachment,avoidant attachment,what is an avoidant attachment style,2200,absent,
avoidant-attachment,avoidance,approach avoidance conflict,1700,absent,
avoidant-attachment,avoidance,conflict avoidance,1700,absent,
avoidant-attachment,avoidance,demand avoidance adhd,1700,absent,
avoidant-attachment,avoidant attachment,anxious vs avoidant attachment,1600,absent,
avoidant-attachment,avoidant attachment,avoidant attachment style in relationships,1600,absent,
avoidant-attachment,avoidant attachment,avoidant dismissive attachment style,1600,absent,
avoidant-attachment,avoidance,tax avoidance,1600,absent,
avoidant-attachment,avoidant attachment,avoidant attachment styles,1500,absent,
avoidant-attachment,avoidance,pathological demand avoidance in adults,1500,absent,
avoidant-attachment,avoidant attachment,what causes avoidant attachment,1500,absent,
avoidant-attachment,avoidant attachment,avoidant vs anxious attachment,1400,absent,
avoidant-attachment,avoidance,avoidance avoidance conflict,1300,absent,
avoidant-attachment,avoidant attachment,fearful avoidant disorganized attachment,1300,absent,
avoidant-attachment,avoidance,tax evasion vs tax avoidance,1300,absent,
avoidant-attachment,avoidance,mcilroy pga tour fine avoidance,1200,absent,
avoidant-attachment,avoidance,what is pathological demand avoidance,1200,absent,
avoidant-attachment,avoidance,tax avoidance vs evasion,1100,absent,
avoidant-attachment,avoidance,avoidance synonym,1000,absent,
avoidant-attachment,avoidant attachment,avoidant attachment style traits,1000,absent,
avoidant-attachment,avoidant attachment,avoidant dismissive attachment,1000,absent,
avoidant-attachment,avoidance,denial avoidance advocate health linkedin,1000,absent,
avoidant-attachment,avoidance,emotional avoidance,1000,absent,
avoidant-attachment,avoidant attachment,how to fix avoidant attachment,1000,absent,
avoidant-attachment,avoidance,irs audit avoidance tips,1000,absent,
avoidant-attachment,avoidant attachment,what is avoidant attachment style,1000,absent,
avoidant-attachment,avoidant attachment,anxious and avoidant attachment,900,absent,
avoidant-attachment,avoidant attachment,avoidant attachment issues,900,absent,
avoidant-attachment,avoidant attachment,types of avoidant attachment,900,absent,
avoidant-attachment,avoidant attachment,anxious attachment vs avoidant attachment,800,absent,
avoidant-attachment,avoidance,obstacle avoidance drone,800,absent,
avoidant-attachment,avoidance,pervasive demand avoidance,800,absent,
avoidant-attachment,avoidance,collision avoidance system,700,absent,
avoidant-attachment,avoidance,demand avoidance autism,700,absent,
avoidant-attachment,avoidance,experiential avoidance,700,absent,
avoidant-attachment,avoidance,risk avoidance,700,absent,
avoidant-attachment,avoidance,school avoidance,700,absent,
avoidant-attachment,avoidant attachment,what does avoidant attachment mean,700,absent,
avoidant-attachment,avoidant attachment,what is fearful avoidant attachment,700,absent,
avoidant-attachment,avoidance,adhd demand avoidance,600,absent,
avoidant-attachment,avoidance,avoidance coping,600,absent,
avoidant-attachment,avoidance,avoidance disorder,600,absent,
avoidant-attachment,avoidance,avoidance meaning,600,absent,
avoidant-attachment,avoidant attachment,avoidant anxious attachment,600,absent,
avoidant-attachment,avoidant attachment,how to heal avoidant attachment style,600,absent,
avoidant-attachment,avoidance,obstacle avoidance robot,600,absent,
avoidant-attachment,avoidance,pathological demand avoidance (pda),600,absent,
avoidant-attachment,avoidance,persistent demand avoidance,600,absent,
avoidant-attachment,avoidant attachment,signs of avoidant attachment,600,absent,
avoidant-attachment,avoidance,zone of avoidance,600,absent,
avoidant-attachment,avoidance,avoidance learning,500,absent,
avoidant-attachment,avoidant attachment,avoidant and anxious attachment,500,absent,
avoidant-attachment,avoidant attachment,avoidant attachment relationship,500,absent,
avoidant-attachment,avoidant attachment,avoidant attachment signs,500,absent,
avoidant-attachment,avoidant attachment,avoidant attachment vs anxious attachment,500,absent,
avoidant-attachment,avoidance,cost avoidance,500,absent,
avoidant-attachment,avoidance,cycle of avoidance,500,absent,
avoidant-attachment,avoidant attachment,dating dismissive avoidant attachment,500,absent,
avoidant-attachment,avoidance,pathological demand avoidance in children,500,absent,
avoidant-attachment,avoidance,task avoidance,500,absent,
avoidant-attachment,avoidance,what is demand avoidance,500,absent,
avoidant-attachment,avoidance,attachment avoidance,450,absent,
avoidant-attachment,avoidance,intimacy avoidance,450,absent,
avoidant-attachment,avoidance,ll97 penalty avoidance strategies,450,absent,
avoidant-attachment,avoidance,pathological demand avoidance treatment,450,absent,
avoidant-attachment,avoidant attachment,signs an avoidant attachment style likes you,450,absent,
avoidant-attachment,avoidant attachment,avoidant attachment in relationships,400,absent,
avoidant-attachment,avoidance,collision avoidance,400,absent,
avoidant-attachment,avoidance,dismissive avoidance,400,absent,
avoidant-attachment,avoidance,fatty liver disease alcohol avoidance,400,absent,
avoidant-attachment,avoidant attachment,fearful-avoidant / disorganized attachment style,400,absent,
avoidant-attachment,avoidance,food avoidance disorder,400,absent,
avoidant-attachment,avoidant attachment,how to deal with avoidant attachment,400,absent,
avoidant-attachment,avoidance,pathological avoidance disorder,400,absent,
avoidant-attachment,avoidance,pda pathological demand avoidance,400,absent,
avoidant-attachment,avoidance,wake turbulence avoidance,400,absent,
avoidant-attachment,avoidant attachment,what is anxious avoidant attachment,400,absent,
avoidant-attachment,avoidant attachment,what's avoidant attachment,400,absent,
avoidant-attachment,avoidant attachment,am i avoidant attachment,350,absent,
avoidant-attachment,avoidant attachment,avoidant attachment definition,350,absent,
avoidant-attachment,avoidant attachment,disorganized fearful avoidant attachment style,350,absent,
avoidant-attachment,avoidant attachment,fearful avoidant attachment style characteristics,350,absent,
avoidant-attachment,avoidance,pathological demand avoidance checklist,350,absent,
avoidant-attachment,avoidance,pda demand avoidance,350,absent,
avoidant-attachment,avoidance,shower avoidance syndrome,350,absent,
avoidant-attachment,avoidant attachment,anxious attachment style vs avoidant,300,absent,
avoidant-attachment,avoidant attachment,avoidant attachment test,300,absent,
avoidant-attachment,avoidant attachment,disorganized avoidant attachment,300,absent,
avoidant-attachment,avoidance,fear avoidance,300,absent,
avoidant-attachment,avoidance,for the avoidance of doubt,300,absent,
avoidant-attachment,avoidant attachment,how to deal with avoidant attachment partner,300,absent,
avoidant-attachment,avoidant attachment,opposite of avoidant attachment,300,absent,
avoidant-attachment,avoidance,tax avoidance vs tax evasion,300,absent,
avoidant-attachment,avoidance,adhd avoidance,250,absent,
avoidant-attachment,avoidance,approach avoidance conflict example,250,absent,
avoidant-attachment,avoidance,avoidance crossword clue,250,absent,
avoidant-attachment,avoidance,avoidance definition,250,absent,
avoidant-attachment,avoidance,avoidance of doubt,250,absent,
avoidant-attachment,avoidant attachment,avoidant attachment psychology definition,250,absent,
avoidant-attachment,avoidant attachment,avoidant attachment quiz,250,absent,
avoidant-attachment,avoidant attachment,avoidant attachment style characteristics,250,absent,
avoidant-attachment,avoidance,call avoidance,250,absent,
avoidant-attachment,avoidance,cost avoidance vs savings,250,absent,
avoidant-attachment,avoidance,cost savings vs cost avoidance,250,absent,
avoidant-attachment,avoidance,cycle of avoidance therapist aid,250,absent,
avoidant-attachment,avoidance,demand avoidance in adults,250,absent,
avoidant-attachment,avoidance,drones with obstacle avoidance,250,absent,
avoidant-attachment,avoidant attachment,fearful avoidant attachment signs,250,absent,
avoidant-attachment,avoidance,forklift collision avoidance system,250,absent,
avoidant-attachment,avoidant attachment,how to fix fearful avoidant attachment,250,absent,
avoidant-attachment,avoidant attachment,how to heal fearful avoidant attachment,250,absent,
avoidant-attachment,avoidant attachment,how to overcome avoidant attachment style,250,absent,
avoidant-attachment,avoidance,obstacle avoidance,250,absent,
avoidant-attachment,avoidance,pathological demand avoidance adhd,250,absent,
avoidant-attachment,avoidance,pathological demand avoidance autism,250,absent,
avoidant-attachment,avoidance,probate avoidance,250,absent,
avoidant-attachment,avoidance,risk avoidance definition,250,absent,
avoidant-attachment,avoidant attachment,what is a fearful avoidant attachment style,250,absent,
avoidant-attachment,avoidant attachment,what is an avoidant attachment,250,absent,
avoidant-attachment,avoidance,what is avoidance,250,absent,
avoidant-attachment,avoidance,what is avoidance behavior,250,absent,
avoidant-attachment,avoidant attachment,what is dismissive avoidant attachment,250,absent,
avoidant-attachment,avoidance,what is uncertainty avoidance,250,absent,
avoidant-attachment,avoidance,adhd task avoidance,200,absent,
avoidant-attachment,avoidant attachment,anxious and avoidant attachment relationship,200,absent,
avoidant-attachment,avoidant attachment,anxious attachment and avoidant attachment relationship,200,absent,
avoidant-attachment,avoidant attachment,anxious avoidant attachment style in relationships,200,absent,
avoidant-attachment,avoidance,autism demand avoidance,200,absent,
avoidant-attachment,avoidance,avoidance (tv series),200,absent,
avoidant-attachment,avoidance,avoidance attachment,200,absent,
avoidant-attachment,avoidant attachment,avoidant and anxious attachment relationship,200,absent,
avoidant-attachment,avoidant attachment,avoidant anxious attachment style,200,absent,
avoidant-attachment,avoidant attachment,avoidant attachment and anxious attachment,200,absent,
avoidant-attachment,avoidant attachment,avoidant attachment and anxious attachment relationship,200,absent,
avoidant-attachment,avoidant attachment,avoidant attachment in adults,200,absent,
avoidant-attachment,avoidant attachment,avoidant attachment personality,200,absent,
avoidant-attachment,avoidant attachment,avoidant attachment style dating,200,absent,
avoidant-attachment,avoidant attachment,avoidant attachment style quiz,200,absent,
avoidant-attachment,avoidant attachment,avoidant attachment symptoms,200,absent,
avoidant-attachment,avoidant attachment,avoidant fearful attachment,200,absent,
avoidant-attachment,avoidant attachment,characteristics of avoidant attachment,200,absent,
avoidant-attachment,avoidance,collision avoidance system mining,200,absent,
avoidant-attachment,avoidant attachment,dating fearful avoidant attachment,200,absent,
avoidant-attachment,avoidance,difference between tax evasion and tax avoidance,200,absent,
avoidant-attachment,avoidance,dji mini 4k obstacle avoidance,200,absent,
avoidant-attachment,avoidant attachment,fearful avoidant vs anxious attachment,200,absent,
avoidant-attachment,avoidance,for avoidance of doubt,200,absent,
avoidant-attachment,avoidant attachment,healing avoidant attachment,200,absent,
avoidant-attachment,avoidant attachment,how to fix avoidant attachment style,200,absent,
avoidant-attachment,avoidant attachment,how to get over avoidant attachment,200,absent,
avoidant-attachment,avoidant attachment,how to heal avoidant attachment,200,absent,
avoidant-attachment,avoidant attachment,how to stop being avoidant attachment,200,absent,
avoidant-attachment,avoidant attachment,is avoidant attachment real,200,absent,
avoidant-attachment,avoidance,is tax avoidance legal,200,absent,
avoidant-attachment,avoidance,linkedin detection avoidance tools 2025,200,absent,
avoidant-attachment,avoidance,ocd avoidance,200,absent,
avoidant-attachment,avoidance,pathological demand avoidance symptoms,200,absent,
avoidant-attachment,avoidance,pathological demand avoidance vs odd,200,absent,
avoidant-attachment,avoidance,school avoidance alliance,200,absent,
avoidant-attachment,avoidant attachment,secure avoidant attachment,200,absent,
avoidant-attachment,avoidant attachment,signs of avoidant attachment style,200,absent,
avoidant-attachment,avoidance,sun avoidance for cutaneous lupus,200,absent,
avoidant-attachment,avoidance,tax avoidance meaning,200,absent,
avoidant-attachment,avoidant attachment,what causes fearful avoidant attachment,200,absent,
avoidant-attachment,avoidant attachment,what is a dismissive avoidant attachment style,200,absent,
avoidant-attachment,avoidance,work avoidance,200,absent,
avoidant-attachment,avoidant attachment,adhd and avoidant attachment,150,absent,
avoidant-attachment,avoidant attachment,causes of avoidant attachment style,150,absent,
avoidant-attachment,avoidant attachment,fear avoidant attachment,150,absent,
avoidant-attachment,avoidant attachment,how to get rid of avoidant attachment,150,absent,
avoidant-attachment,avoidant attachment,how to stop avoidant attachment,150,absent,
avoidant-attachment,avoidant attachment,signs of avoidant attachment in relationships,150,absent,
coming-on-too-strong,love bombing,love bombing,94000,absent,
coming-on-too-strong,love bombing,what is love bombing,41000,absent,
coming-on-too-strong,love bombing,love bombing meaning,39000,absent,
coming-on-too-strong,love bombing,love bombing definition,10000,absent,
coming-on-too-strong,love bombing,love bombing examples,8000,absent,
coming-on-too-strong,love bombing,love bombing signs,7600,absent,
coming-on-too-strong,love bombing,what does love bombing mean,2600,absent,
coming-on-too-strong,love bombing,define love bombing,1300,absent,
coming-on-too-strong,love bombing,definition of love bombing,1100,absent,
coming-on-too-strong,love bombing,signs of love bombing,900,absent,
coming-on-too-strong,love bombing,whats love bombing,900,absent,
coming-on-too-strong,love bombing,que es love bombing ghosting,700,absent,
coming-on-too-strong,love bombing,examples of love bombing,600,absent,
coming-on-too-strong,love bombing,how long does love bombing last,600,absent,
coming-on-too-strong,love bombing,is love bombing bad,600,absent,
coming-on-too-strong,love bombing,narcissist love bombing,500,absent,
coming-on-too-strong,love bombing,que es love bombing,500,absent,
coming-on-too-strong,love bombing,what's love bombing,500,absent,
coming-on-too-strong,love bombing,love bombing cycle,450,absent,
coming-on-too-strong,love bombing,unintentional love bombing,400,absent,
coming-on-too-strong,love bombing,love bombing vs genuine interest,350,absent,
coming-on-too-strong,love bombing,what is love bombing mean,350,absent,
coming-on-too-strong,love bombing,is love bombing always bad,300,absent,
coming-on-too-strong,love bombing,love bombing in a sentence,300,absent,
coming-on-too-strong,love bombing,what does love bombing look like,300,absent,
coming-on-too-strong,love bombing,why is love bombing bad,300,absent,
coming-on-too-strong,love bombing,love bombing español,250,absent,
coming-on-too-strong,love bombing,the love bombing of gloria choi,250,absent,
coming-on-too-strong,love bombing,adhd love bombing,200,absent,
coming-on-too-strong,love bombing,am i love bombing,200,absent,
coming-on-too-strong,love bombing,how to stop love bombing,200,absent,
coming-on-too-strong,love bombing,love bombing psychology,200,absent,
coming-on-too-strong,love bombing,love bombing que es,200,absent,
coming-on-too-strong,love bombing,what is the definition of love bombing,200,absent,
coming-on-too-strong,love bombing,is love bombing a red flag,150,absent,
coming-on-too-strong,love bombing,is love bombing intentional,150,absent,
coming-on-too-strong,love bombing,love bombing in spanish,150,absent,
coming-on-too-strong,love bombing,love bombing then ghosting,150,absent,
coming-on-too-strong,love bombing,what is love bombing someone,150,absent,
coming-on-too-strong,love bombing,bpd love bombing,100,absent,
coming-on-too-strong,love bombing,cleveland clinic love bombing definition,100,absent,
coming-on-too-strong,love bombing,how to avoid love bombing,100,absent,
coming-on-too-strong,love bombing,love bombing in friendship,100,absent,
coming-on-too-strong,love bombing,love bombing manipulation,100,absent,
coming-on-too-strong,love bombing,love bombing narcissist,100,absent,
coming-on-too-strong,love bombing,love bombing vs genuine affection,100,absent,
coming-on-too-strong,love bombing,narcissist love bombing cycle,100,absent,
coming-on-too-strong,love bombing,narcissist love bombing examples,100,absent,
coming-on-too-strong,love bombing,signs of love bombing in relationships,100,absent,
coming-on-too-strong,love bombing,signs of love bombing over text,100,absent,
coming-on-too-strong,love bombing,what is love bombing examples,100,absent,
coming-on-too-strong,love bombing,can love bombing be unintentional,90,absent,
coming-on-too-strong,love bombing,how to deal with love bombing,90,absent,
coming-on-too-strong,love bombing,love bombing def,90,absent,
coming-on-too-strong,love bombing,love bombing en español,90,absent,
coming-on-too-strong,love bombing,love bombing means explained,90,absent,
coming-on-too-strong,love bombing,narcissistic love bombing,90,absent,
coming-on-too-strong,love bombing,what is love bombing in a relationship,90,absent,
coming-on-too-strong,love bombing,why is love bombing a red flag,90,absent,
coming-on-too-strong,love bombing,avoidant love bombing,80,absent,
coming-on-too-strong,love bombing,can love bombing be genuine,80,absent,
coming-on-too-strong,love bombing,example of love bombing,80,absent,
coming-on-too-strong,love bombing,is love bombing manipulation,80,absent,
coming-on-too-strong,love bombing,love bombing friendship,80,absent,
coming-on-too-strong,love bombing,love bombing reddit,80,absent,
coming-on-too-strong,love bombing,what is love bombing and why is it bad,80,absent,
coming-on-too-strong,love bombing,adhd and love bombing,70,absent,
coming-on-too-strong,love bombing,difference between love bombing and genuine interest,70,absent,
coming-on-too-strong,love bombing,love bombing after a fight,70,absent,
coming-on-too-strong,love bombing,love bombing definition psychology,70,absent,
coming-on-too-strong,love bombing,love bombing example,70,absent,
coming-on-too-strong,love bombing,love bombing in marriage,70,absent,
coming-on-too-strong,love bombing,love bombing or genuine,70,absent,
coming-on-too-strong,love bombing,love bombing quotes,70,absent,
coming-on-too-strong,love bombing,love bombing text examples,70,absent,
coming-on-too-strong,love bombing,love bombing then pulling away,70,absent,
coming-on-too-strong,love bombing,love bombing vs genuine,70,absent,
coming-on-too-strong,love bombing,meaning of love bombing,70,absent,
coming-on-too-strong,love bombing,qué es love bombing,70,absent,
coming-on-too-strong,love bombing,stages of love bombing,70,absent,
coming-on-too-strong,love bombing,am i love bombing without realizing it,60,absent,
coming-on-too-strong,love bombing,how long does love bombing usually last,60,absent,
coming-on-too-strong,love bombing,how to know if someone is love bombing you,60,absent,
coming-on-too-strong,love bombing,how to recognize love bombing,60,absent,
coming-on-too-strong,love bombing,how to tell if someone is love bombing you,60,absent,
coming-on-too-strong,love bombing,is it love bombing or genuine,60,absent,
coming-on-too-strong,love bombing,love bombing narcissist cycle,60,absent,
coming-on-too-strong,love bombing,love bombing nedir,60,absent,
coming-on-too-strong,love bombing,love bombing of gloria choi,60,absent,
coming-on-too-strong,love bombing,love bombing phrases,60,absent,
coming-on-too-strong,love bombing,love bombing red flags,60,absent,
coming-on-too-strong,love bombing,love bombing significado,60,absent,
coming-on-too-strong,love bombing,love bombing then breadcrumbing,60,absent,
coming-on-too-strong,love bombing,love bombing vs real love,60,absent,
coming-on-too-strong,love bombing,narcissistic love bombing cycle,60,absent,
coming-on-too-strong,love bombing,opposite of love bombing,60,absent,
doomscrolling,doomscrolling,doomscrolling,37000,absent,
doomscrolling,doomscrolling,doomscrolling meaning,6000,absent,
doomscrolling,doomscrolling,what is doomscrolling,4300,absent,
doomscrolling,doomscrolling,doomscrolling definition,2100,absent,
doomscrolling,doomscrolling,what does doomscrolling mean,1600,absent,
doomscrolling,doomscrolling,how to stop doomscrolling,900,absent,
doomscrolling,doomscrolling,define doomscrolling,450,absent,
doomscrolling,doomscrolling,doomscrolling meme,400,absent,
doomscrolling,doomscrolling,what is doomscrolling mean,400,absent,
doomscrolling,doomscrolling,what to do instead of doomscrolling,300,absent,
doomscrolling,doomscrolling,what's doomscrolling,300,absent,
doomscrolling,doomscrolling,apps to replace doomscrolling,200,absent,
doomscrolling,doomscrolling,is doomscrolling a sin,200,absent,
doomscrolling,doomscrolling,is doomscrolling bad,200,absent,
doomscrolling,doomscrolling,stop doomscrolling,200,absent,
doomscrolling,doomscrolling,apps to stop doomscrolling,150,absent,
doomscrolling,doomscrolling,definition of doomscrolling,150,absent,
doomscrolling,doomscrolling,doomscrolling examples,150,absent,
doomscrolling,doomscrolling,effects of doomscrolling,150,absent,
doomscrolling,doomscrolling,result of doomscrolling crossword clue,150,absent,
doomscrolling,doomscrolling,things to do instead of doomscrolling,150,absent,
doomscrolling,doomscrolling,what does doomscrolling do to your brain,150,absent,
doomscrolling,doomscrolling,doomscrolling perhaps crossword clue,100,absent,
doomscrolling,doomscrolling,doomscrolling vs mindless scrolling,100,absent,
doomscrolling,doomscrolling,mobile games anti-doomscrolling,100,absent,
doomscrolling,doomscrolling,whats doomscrolling,100,absent,
doomscrolling,doomscrolling,why is doomscrolling bad,100,absent,
doomscrolling,doomscrolling,does doomscrolling cause dementia,90,absent,
doomscrolling,doomscrolling,alternatives to doomscrolling,80,absent,
doomscrolling,doomscrolling,does doomscrolling cause brain damage,80,absent,
doomscrolling,doomscrolling,doomscrolling addiction,80,absent,
doomscrolling,doomscrolling,doomscrolling and mental health,80,absent,
doomscrolling,doomscrolling,doomscrolling effects,80,absent,
doomscrolling,doomscrolling,doomscrolling statistics,80,absent,
doomscrolling,doomscrolling,opposite of doomscrolling,80,absent,
doomscrolling,doomscrolling,result of doomscrolling perhaps crossword,80,absent,
doomscrolling,doomscrolling,doomscrolling anxiety teenagers studies,70,absent,
doomscrolling,doomscrolling,doomscrolling effects on brain,70,absent,
doomscrolling,doomscrolling,doomscrolling gif,70,absent,
doomscrolling,doomscrolling,how do i stop doomscrolling,70,absent,
doomscrolling,doomscrolling,how to stop doomscrolling adhd,70,absent,
doomscrolling,doomscrolling,negative effects of doomscrolling,70,absent,
doomscrolling,doomscrolling,person doomscrolling,70,absent,
doomscrolling,doomscrolling,why is doomscrolling addictive,70,absent,
doomscrolling,doomscrolling,app to stop doomscrolling,60,absent,
doomscrolling,doomscrolling,best apps to replace doomscrolling,60,absent,
doomscrolling,doomscrolling,does doomscrolling make you dumber,60,absent,
doomscrolling,doomscrolling,doomscrolling effects on mental health,60,absent,
doomscrolling,doomscrolling,doomscrolling memes,60,absent,
doomscrolling,doomscrolling,doomscrolling mental health effects,60,absent,
doomscrolling,doomscrolling,how to quit doomscrolling,60,absent,
doomscrolling,doomscrolling,is doomscrolling bad for you,60,absent,
doomscrolling,doomscrolling,merriam-webster doomscrolling definition,60,absent,
doomscrolling,doomscrolling,que es doomscrolling,60,absent,
doomscrolling,doomscrolling,why is it called doomscrolling,60,absent,
doomscrolling,doomscrolling,adhd and doomscrolling,50,absent,
doomscrolling,doomscrolling,adhd doomscrolling,50,absent,
doomscrolling,doomscrolling,doomscrolling image,50,absent,
doomscrolling,doomscrolling,doomscrolling in bed,50,absent,
doomscrolling,doomscrolling,doomscrolling rewires brain,50,absent,
doomscrolling,doomscrolling,effects of doomscrolling on mental health,50,absent,
doomscrolling,doomscrolling,free apps to replace doomscrolling,50,absent,
doomscrolling,doomscrolling,free apps to stop doomscrolling,50,absent,
doomscrolling,doomscrolling,how doomscrolling rewires your brain,50,absent,
doomscrolling,doomscrolling,how to avoid doomscrolling,50,absent,
doomscrolling,doomscrolling,stop doomscrolling app,50,absent,
doomscrolling,doomscrolling,tim cook doomscrolling,50,absent,
doomscrolling,doomscrolling,what is doomscrolling on social media,50,absent,
daydreaming,daydreaming,maladaptive daydreaming,82000,absent,
daydreaming,daydreaming,maladaptive daydreaming,82000,absent,
daydreaming,escapism,escapism,21000,absent,
daydreaming,daydreaming,daydreaming,9000,absent,
daydreaming,daydreaming,daydreaming while driving is an example of which type of distraction?,6200,absent,
daydreaming,escapism,escapism lyrics,4000,absent,
daydreaming,daydreaming,what is maladaptive daydreaming,3900,absent,
daydreaming,daydreaming,what is maladaptive daydreaming,3900,absent,
daydreaming,daydreaming,maladaptive daydreaming test,2600,absent,
daydreaming,daydreaming,maladaptive daydreaming test,2600,absent,
daydreaming,escapism,escapism definition,2200,absent,
daydreaming,daydreaming,how to stop maladaptive daydreaming,2000,absent,
daydreaming,daydreaming,how to stop maladaptive daydreaming,2000,absent,
daydreaming,daydreaming,what is daydreaming,2000,absent,
daydreaming,escapism,what is escapism,1800,absent,
daydreaming,escapism,raye escapism.,1700,absent,
daydreaming,daydreaming,maladaptive daydreaming disorder,1500,absent,
daydreaming,daydreaming,maladaptive daydreaming disorder,1500,absent,
daydreaming,escapism,escapism meaning,1300,absent,
daydreaming,daydreaming,is maladaptive daydreaming bad,1200,absent,
daydreaming,daydreaming,is maladaptive daydreaming bad,1200,absent,
daydreaming,daydreaming,daydreaming meaning,800,absent,
daydreaming,daydreaming,maladaptive daydreaming symptoms and diagnosis,800,absent,
daydreaming,daydreaming,maladaptive daydreaming symptoms and diagnosis,800,absent,
daydreaming,daydreaming,is daydreaming a sin,700,absent,
daydreaming,escapism,escapism raye,600,absent,
daydreaming,escapism,escapism song,600,absent,
daydreaming,daydreaming,maladaptive daydreaming symptoms,600,absent,
daydreaming,daydreaming,maladaptive daydreaming symptoms,600,absent,
daydreaming,daydreaming,prone to daydreaming nyt,600,absent,
daydreaming,daydreaming,daydreaming disorder,500,absent,
daydreaming,escapism,father of peace escapism.,500,absent,
daydreaming,daydreaming,is maladaptive daydreaming haram in islam,500,absent,
daydreaming,daydreaming,is maladaptive daydreaming haram in islam,500,absent,
daydreaming,daydreaming,maladaptive daydreaming vs normal daydreaming,500,absent,
daydreaming,daydreaming,maladaptive daydreaming vs normal daydreaming,500,absent,
daydreaming,daydreaming,how to stop daydreaming,450,absent,
daydreaming,daydreaming,maladaptive daydreaming treatment,450,absent,
daydreaming,daydreaming,maladaptive daydreaming treatment,450,absent,
daydreaming,daydreaming,maldaptive daydreaming,450,absent,
daydreaming,daydreaming,prone to daydreaming,450,absent,
daydreaming,daydreaming,daydreaming lyrics,400,absent,
daydreaming,daydreaming,daydreaming radiohead lyrics,400,absent,
daydreaming,escapism,escapism escape rooms,400,absent,
daydreaming,daydreaming,is daydreaming bad,350,absent,
daydreaming,daydreaming,maladaptive daydreaming definition,350,absent,
daydreaming,daydreaming,maladaptive daydreaming definition,350,absent,
daydreaming,escapism,define escapism,300,absent,
daydreaming,daydreaming,maladaptive daydreaming adhd,300,absent,
daydreaming,daydreaming,maladaptive daydreaming adhd,300,absent,
daydreaming,daydreaming,radiohead daydreaming,300,absent,
daydreaming,daydreaming,what causes maladaptive daydreaming,300,absent,
daydreaming,daydreaming,what causes maladaptive daydreaming,300,absent,
daydreaming,escapism,backyard escapism,250,absent,
daydreaming,escapism,escapism southington,250,absent,
daydreaming,daydreaming,is maladaptive daydreaming a mental illness,250,absent,
daydreaming,daydreaming,is maladaptive daydreaming a mental illness,250,absent,
daydreaming,daydreaming,maladaptive daydreaming meaning,250,absent,
daydreaming,daydreaming,maladaptive daydreaming meaning,250,absent,
daydreaming,daydreaming,sexual maladaptive daydreaming aegosexual,250,absent,
daydreaming,daydreaming,sexual maladaptive daydreaming aegosexual,250,absent,
daydreaming,escapism,what does escapism mean,250,absent,
daydreaming,daydreaming,adhd daydreaming,200,absent,
daydreaming,daydreaming,daydreaming head spa,200,absent,
daydreaming,daydreaming,daydreaming radiohead,200,absent,
daydreaming,escapism,escapism escape rooms reviews,200,absent,
daydreaming,escapism,escapism lyrics steven universe chords,200,absent,
daydreaming,escapism,escapism singer,200,absent,
daydreaming,escapism,escapism st george,200,absent,
daydreaming,daydreaming,immersive daydreaming,200,absent,
daydreaming,daydreaming,maladaptive daydreaming autism,200,absent,
daydreaming,daydreaming,maladaptive daydreaming autism,200,absent,
daydreaming,daydreaming,maladaptive daydreaming examples,200,absent,
daydreaming,daydreaming,maladaptive daydreaming examples,200,absent,
daydreaming,daydreaming,adaptive daydreaming,150,absent,
daydreaming,escapism,backyard escapism golf cart,150,absent,
daydreaming,daydreaming,daydreaming meme,150,absent,
daydreaming,daydreaming,daydreaming mila nude,150,absent,
daydreaming,daydreaming,define maladaptive daydreaming,150,absent,
daydreaming,daydreaming,define maladaptive daydreaming,150,absent,
daydreaming,daydreaming,do i have maladaptive daydreaming,150,absent,
daydreaming,daydreaming,do i have maladaptive daydreaming,150,absent,
daydreaming,escapism,escapism art,150,absent,
daydreaming,escapism,escapism games,150,absent,
daydreaming,escapism,escapism guitar tabs,150,absent,
daydreaming,escapism,escapism psychology,150,absent,
daydreaming,escapism,escapism synonym,150,absent,
daydreaming,escapism,escapism tabs,150,absent,
daydreaming,daydreaming,excessive daydreaming,150,absent,
daydreaming,daydreaming,is daydreaming a sign of adhd,150,absent,
daydreaming,daydreaming,is maladaptive daydreaming a disorder,150,absent,
daydreaming,daydreaming,is maladaptive daydreaming a disorder,150,absent,
daydreaming,daydreaming,is maladaptive daydreaming a sin,150,absent,
daydreaming,daydreaming,is maladaptive daydreaming a sin,150,absent,
daydreaming,daydreaming,is maladaptive daydreaming a symptom of adhd,150,absent,
daydreaming,daydreaming,is maladaptive daydreaming a symptom of adhd,150,absent,
daydreaming,daydreaming,maladaptive daydreaming and adhd,150,absent,
daydreaming,daydreaming,maladaptive daydreaming and adhd,150,absent,
daydreaming,daydreaming,maladaptive daydreaming causes,150,absent,
daydreaming,daydreaming,maladaptive daydreaming causes,150,absent,
daydreaming,daydreaming,maladaptive daydreaming disorder test,150,absent,
daydreaming,daydreaming,maladaptive daydreaming disorder test,150,absent,
daydreaming,daydreaming,maladaptive daydreaming quiz,150,absent,
daydreaming,daydreaming,maladaptive daydreaming quiz,150,absent,
daydreaming,daydreaming,maladaptive daydreaming scale,150,absent,
daydreaming,daydreaming,maladaptive daydreaming scale,150,absent,
daydreaming,daydreaming,maladaptive daydreaming symptoms causes treatment,150,absent,
daydreaming,daydreaming,maladaptive daydreaming symptoms causes treatment,150,absent,
daydreaming,daydreaming,what's maladaptive daydreaming,150,absent,
daydreaming,daydreaming,what's maladaptive daydreaming,150,absent,
daydreaming,daydreaming,adhd and maladaptive daydreaming,100,absent,
daydreaming,daydreaming,adhd and maladaptive daydreaming,100,absent,
daydreaming,daydreaming,adhd maladaptive daydreaming,100,absent,
daydreaming,daydreaming,adhd maladaptive daydreaming,100,absent,
daydreaming,daydreaming,can maladaptive daydreaming lead to schizophrenia,100,absent,
daydreaming,daydreaming,can maladaptive daydreaming lead to schizophrenia,100,absent,
daydreaming,daydreaming,daydreaming adhd,100,absent,
daydreaming,escapism,escapism chords,100,absent,
daydreaming,escapism,escapism def,100,absent,
daydreaming,escapism,escapism escape room,100,absent,
daydreaming,escapism,escapism harrisonburg,100,absent,
daydreaming,escapism,escapism portland,100,absent,
daydreaming,escapism,escapism room escape games,100,absent,
daydreaming,escapism,escapism steven universe,100,absent,
daydreaming,daydreaming,harry styles daydreaming,100,absent,
daydreaming,escapism,is escapism bad,100,absent,
daydreaming,daydreaming,is maladaptive daydreaming a mental disorder,100,absent,
daydreaming,daydreaming,is maladaptive daydreaming a mental disorder,100,absent,
daydreaming,daydreaming,maladaptive daydreaming and ocd,100,absent,
daydreaming,daydreaming,maladaptive daydreaming and ocd,100,absent,
daydreaming,daydreaming,maladaptive daydreaming how to stop,100,absent,
daydreaming,daydreaming,maladaptive daydreaming how to stop,100,absent,
daydreaming,daydreaming,ocd and maladaptive daydreaming,100,absent,
daydreaming,daydreaming,ocd and maladaptive daydreaming,100,absent,
daydreaming,daydreaming,princess polly daydreaming gingham set,100,absent,
daydreaming,daydreaming,prone to daydreaming crossword clue,100,absent,
daydreaming,daydreaming,symptoms of maladaptive daydreaming,100,absent,
daydreaming,daydreaming,symptoms of maladaptive daydreaming,100,absent,
daydreaming,daydreaming,what is maladaptive daydreaming a symptom of,100,absent,
daydreaming,daydreaming,what is maladaptive daydreaming a symptom of,100,absent,
daydreaming,daydreaming,why is maladaptive daydreaming bad,100,absent,
daydreaming,daydreaming,why is maladaptive daydreaming bad,100,absent,
daydreaming,daydreaming,adhd and daydreaming,90,absent,
daydreaming,daydreaming,daydreaming while driving,90,absent,
daydreaming,escapism,escapism southington reviews,90,absent,
daydreaming,escapism,escapism virginia beach,90,absent,
daydreaming,daydreaming,how common is maladaptive daydreaming,90,absent,
daydreaming,daydreaming,how common is maladaptive daydreaming,90,absent,
daydreaming,daydreaming,maladaptive daydreaming -ai,90,absent,
daydreaming,daydreaming,maladaptive daydreaming -ai,90,absent,
daydreaming,daydreaming,maladaptive daydreaming ocd,90,absent,
daydreaming,daydreaming,maladaptive daydreaming ocd,90,absent,
daydreaming,daydreaming,trubar daydreaming about donuts protein bar,90,absent,
daydreaming,daydreaming,what does maladaptive daydreaming mean,90,absent,
daydreaming,daydreaming,what does maladaptive daydreaming mean,90,absent,
daydreaming,daydreaming,constant daydreaming,80,absent,
daydreaming,daydreaming,daydreaming about donuts,80,absent,
daydreaming,escapism,escapism steven universe guitar tabs,80,absent,
daydreaming,escapism,forms of escapism,80,absent,
daydreaming,daydreaming,is daydreaming a mental illness,80,absent,
daydreaming,daydreaming,is daydreaming normal,80,absent,
daydreaming,daydreaming,is maladaptive daydreaming a sign of autism,80,absent,
daydreaming,daydreaming,is maladaptive daydreaming a sign of autism,80,absent,
daydreaming,daydreaming,julie daydreaming,80,absent,
daydreaming,daydreaming,maladaptive daydreaming and autism,80,absent,
daydreaming,daydreaming,maladaptive daydreaming and autism,80,absent,
daydreaming,daydreaming,maladaptive daydreaming test quiz,80,absent,
daydreaming,daydreaming,maladaptive daydreaming test quiz,80,absent,
daydreaming,daydreaming,maladaptive daydreaming vs daydreaming,80,absent,
daydreaming,daydreaming,maladaptive daydreaming vs daydreaming,80,absent,
daydreaming,daydreaming,maladative daydreaming,80,absent,
daydreaming,daydreaming,manipulative daydreaming,80,absent,
daydreaming,daydreaming,signs of maladaptive daydreaming,80,absent,
daydreaming,daydreaming,signs of maladaptive daydreaming,80,absent,
daydreaming,daydreaming,stop maladaptive daydreaming,80,absent,
daydreaming,daydreaming,stop maladaptive daydreaming,80,absent,
daydreaming,daydreaming,types of daydreaming,80,absent,
daydreaming,daydreaming,what does daydreaming mean,80,absent,
daydreaming,daydreaming,autism and maladaptive daydreaming,70,absent,
daydreaming,daydreaming,autism and maladaptive daydreaming,70,absent,
daydreaming,daydreaming,causes of maladaptive daydreaming,70,absent,
daydreaming,daydreaming,causes of maladaptive daydreaming,70,absent,
daydreaming,daydreaming,daydreaming lyrics radiohead,70,absent,
daydreaming,daydreaming,daydreaming song,70,absent,
daydreaming,daydreaming,daydreaming synonym,70,absent,
daydreaming,escapism,definition of escapism,70,absent,
daydreaming,daydreaming,is maladaptive daydreaming,70,absent,
daydreaming,daydreaming,is maladaptive daydreaming,70,absent,
daydreaming,maladaptive daydreaming,is maladaptive daydreaming normal,70,absent,
daydreaming,daydreaming,person daydreaming,70,absent,
daydreaming,daydreaming,prone to daydreaming nyt crossword,70,absent,
daydreaming,escapism,backyard escapism reviews,60,absent,
daydreaming,maladaptive daydreaming,can maladaptive daydreaming be cured,60,absent,
daydreaming,escapism,escapism addiction,60,absent,
daydreaming,escapism,escapism complex,60,absent,
daydreaming,escapism,escapism ukulele chords,60,absent,
daydreaming,escapism,escapism va beach,60,absent,
daydreaming,maladaptive daydreaming,how to treat maladaptive daydreaming,60,absent,
daydreaming,maladaptive daydreaming,is maladaptive daydreaming common,60,absent,
daydreaming,escapism,steven universe escapism,60,absent,
daydreaming,escapism,the warning escapism,60,absent,
daydreaming,escapism,whats escapism,60,absent,
daydreaming,maladaptive daydreaming,whats maladaptive daydreaming,60,absent,
daydreaming,escapism,when did escapism come out,60,absent,
daydreaming,escapism,backyard escapism golf cart reviews,50,absent,
daydreaming,maladaptive daydreaming,daydreaming maladaptive,50,absent,
daydreaming,maladaptive daydreaming,daydreaming vs maladaptive daydreaming,50,absent,
daydreaming,escapism,escapism chester address,50,absent,
daydreaming,escapism,escapism definition psychology,50,absent,
daydreaming,escapism,escapism escape rooms ct southington,50,absent,
daydreaming,escapism,escapism lyrics steven universe,50,absent,
daydreaming,escapism,escapism southington ct,50,absent,
daydreaming,escapism,escapism steven universe chords,50,absent,
daydreaming,maladaptive daydreaming,examples of maladaptive daydreaming,50,absent,
daydreaming,maladaptive daydreaming,how do i stop maladaptive daydreaming,50,absent,
daydreaming,maladaptive daydreaming,how to cure maladaptive daydreaming,50,absent,
daydreaming,maladaptive daydreaming,how to get rid of maladaptive daydreaming,50,absent,
daydreaming,maladaptive daydreaming,how to overcome maladaptive daydreaming,50,absent,
daydreaming,escapism,is escapism healthy,50,absent,
daydreaming,maladaptive daydreaming,maladaptive daydreaming music trigger study,50,absent,
daydreaming,maladaptive daydreaming,maladaptive daydreaming reddit,50,absent,
daydreaming,escapism,merriam-webster escapism definition,50,absent,
daydreaming,maladaptive daydreaming,ocd maladaptive daydreaming,50,absent,
daydreaming,escapism,unhealthy forms of escapism,50,absent,
relationships-that-never-become-relationships,situationship,situationship,82000,absent,
relationships-that-never-become-relationships,situationship,situationship meaning,24000,absent,
relationships-that-never-become-relationships,situationship,what is a situationship,18000,absent,
relationships-that-never-become-relationships,situationship,whats a situationship,4500,absent,
relationships-that-never-become-relationships,situationship,situationship definition,2400,absent,
relationships-that-never-become-relationships,situationship,define situationship,1600,absent,
relationships-that-never-become-relationships,situationship,situationship movie,1600,absent,
relationships-that-never-become-relationships,situationship,situationship vs friends with benefits,1600,absent,
relationships-that-never-become-relationships,situationship,what is situationship,1400,absent,
relationships-that-never-become-relationships,situationship,situationship webtoon,1100,absent,
relationships-that-never-become-relationships,situationship,what does situationship mean,1100,absent,
relationships-that-never-become-relationships,situationship,what's a situationship,1100,absent,
relationships-that-never-become-relationships,situationship,situationship vs relationship,900,absent,
relationships-that-never-become-relationships,situationship,situationship manhwa,800,absent,
relationships-that-never-become-relationships,situationship,what is a situationship mean,700,absent,
relationships-that-never-become-relationships,situationship,3 months situationship theory,450,absent,
relationships-that-never-become-relationships,situationship,situationship trend meaning,450,absent,
relationships-that-never-become-relationships,situationship,signs a situationship is not working,400,absent,
relationships-that-never-become-relationships,situationship,the situationship,400,absent,
relationships-that-never-become-relationships,situationship,definition of situationship,350,absent,
relationships-that-never-become-relationships,situationship,how to end a situationship,350,absent,
relationships-that-never-become-relationships,situationship,situationship meme,350,absent,
relationships-that-never-become-relationships,situationship,situationship manhwa teagan,300,absent,
relationships-that-never-become-relationships,situationship,situationship songs,300,absent,
relationships-that-never-become-relationships,situationship,how to get over a situationship,250,absent,
relationships-that-never-become-relationships,situationship,situationship movie cast,250,absent,
relationships-that-never-become-relationships,situationship,talking stage vs situationship,250,absent,
relationships-that-never-become-relationships,situationship,am i in a situationship,200,absent,
relationships-that-never-become-relationships,situationship,definition of a situationship,200,absent,
relationships-that-never-become-relationships,situationship,friends with benefits vs situationship,200,absent,
relationships-that-never-become-relationships,situationship,meaning of situationship,200,absent,
relationships-that-never-become-relationships,situationship,relationship vs situationship,200,absent,
relationships-that-never-become-relationships,situationship,signs of a situationship,200,absent,
relationships-that-never-become-relationships,situationship,situationship mod sims 4,200,absent,
relationships-that-never-become-relationships,situationship,situationship quotes,200,absent,
relationships-that-never-become-relationships,situationship,situationship rules,200,absent,
relationships-that-never-become-relationships,situationship,situationship vs talking stage,200,absent,
relationships-that-never-become-relationships,situationship,situationship webtoon read online,200,absent,
relationships-that-never-become-relationships,situationship,what does a situationship mean,200,absent,
relationships-that-never-become-relationships,situationship,a situationship,150,absent,
relationships-that-never-become-relationships,situationship,fwb vs situationship,150,absent,
relationships-that-never-become-relationships,situationship,how to get out of a situationship,150,absent,
relationships-that-never-become-relationships,situationship,is a situationship bad,150,absent,
relationships-that-never-become-relationships,situationship,situationship band,150,absent,
relationships-that-never-become-relationships,situationship,situationship book,150,absent,
relationships-that-never-become-relationships,situationship,situationship comic,150,absent,
relationships-that-never-become-relationships,situationship,situationship em wilson,150,absent,
relationships-that-never-become-relationships,situationship,situationship memes,150,absent,
relationships-that-never-become-relationships,situationship,situationship synonym,150,absent,
relationships-that-never-become-relationships,situationship,situationship urban dictionary,150,absent,
relationships-that-never-become-relationships,situationship,situationship vs dating,150,absent,
relationships-that-never-become-relationships,situationship,the situationship abby jimenez,150,absent,
relationships-that-never-become-relationships,situationship,what a situationship,150,absent,
relationships-that-never-become-relationships,situationship,what is a situationship in a relationship,150,absent,
relationships-that-never-become-relationships,situationship,what is a situationship relationship,150,absent,
relationships-that-never-become-relationships,situationship,what is situationship mean,150,absent,
relationships-that-never-become-relationships,situationship,what is the definition of a situationship,150,absent,
relationships-that-never-become-relationships,situationship,whats a situationship mean,150,absent,
relationships-that-never-become-relationships,situationship,am i in a situationship quiz,100,absent,
relationships-that-never-become-relationships,situationship,cambridge dictionary situationship definition,100,absent,
relationships-that-never-become-relationships,situationship,casual relationship vs situationship,100,absent,
relationships-that-never-become-relationships,situationship,dating vs situationship,100,absent,
relationships-that-never-become-relationships,situationship,define a situationship,100,absent,
relationships-that-never-become-relationships,situationship,ending a situationship,100,absent,
relationships-that-never-become-relationships,situationship,ex situationship,100,absent,
relationships-that-never-become-relationships,situationship,how to end a situationship over text,100,absent,
relationships-that-never-become-relationships,situationship,how to get over a situationship without closure,100,absent,
relationships-that-never-become-relationships,situationship,how to move on from a situationship,100,absent,
relationships-that-never-become-relationships,situationship,is a situationship a relationship,100,absent,
relationships-that-never-become-relationships,situationship,long distance situationship,100,absent,
relationships-that-never-become-relationships,situationship,my situationship,100,absent,
relationships-that-never-become-relationships,situationship,signs your situationship is turning into a relationship,100,absent,
relationships-that-never-become-relationships,situationship,situationship meaning in relationship,100,absent,
relationships-that-never-become-relationships,situationship,situationship means,100,absent,
relationships-that-never-become-relationships,situationship,situationship movie demi moore,100,absent,
relationships-that-never-become-relationships,situationship,situationship vs fwb,100,absent,
relationships-that-never-become-relationships,situationship,situationship webtoon free,100,absent,
relationships-that-never-become-relationships,situationship,summer situationship,100,absent,
relationships-that-never-become-relationships,situationship,toxic situationship,100,absent,
relationships-that-never-become-relationships,situationship,demi moore movies situationship,90,absent,
relationships-that-never-become-relationships,situationship,how to break off a situationship,90,absent,
relationships-that-never-become-relationships,situationship,how to get over situationship,90,absent,
relationships-that-never-become-relationships,situationship,merriam-webster situationship definition,90,absent,
relationships-that-never-become-relationships,situationship,national situationship day,90,absent,
relationships-that-never-become-relationships,situationship,situationship erklärung,90,absent,
relationships-that-never-become-relationships,situationship,situationship examples,90,absent,
relationships-that-never-become-relationships,situationship,situationship love,90,absent,
relationships-that-never-become-relationships,situationship,situationship manga,90,absent,
relationships-that-never-become-relationships,situationship,situationship vs exclusive,90,absent,
relationships-that-never-become-relationships,situationship,webtoon situationship,90,absent,
relationships-that-never-become-relationships,situationship,what is the definition of situationship,90,absent,
relationships-that-never-become-relationships,situationship,are you in a situationship,80,absent,
relationships-that-never-become-relationships,situationship,casual dating vs situationship,80,absent,
relationships-that-never-become-relationships,situationship,getting over a situationship,80,absent,
relationships-that-never-become-relationships,situationship,what defines a situationship,80,absent,
relationships-that-never-become-relationships,situationship,what is considered a situationship,80,absent,
anxious-attachment-style,anxious attachment style,anxious attachment style,76000,absent,
anxious-attachment-style,anxious attachment style,anxious avoidant attachment style,10000,absent,
anxious-attachment-style,anxious attachment style,anxious preoccupied attachment style,7100,absent,
anxious-attachment-style,anxious attachment style,anxious attachment style in relationships,1700,absent,
anxious-attachment-style,anxious attachment style,how to fix anxious attachment style,1400,absent,
anxious-attachment-style,anxious attachment style,what is anxious attachment style,1000,absent,
anxious-attachment-style,anxious attachment style,what is an anxious attachment style,800,absent,
anxious-attachment-style,anxious attachment style,how to heal an anxious attachment style,500,absent,
anxious-attachment-style,anxious attachment style,how to heal anxious attachment style,350,absent,
anxious-attachment-style,anxious attachment style,anxious attachment style symptoms,300,absent,
anxious-attachment-style,anxious attachment style,anxious attachment style vs avoidant,300,absent,
anxious-attachment-style,anxious attachment style,anxious ambivalent attachment style,200,absent,
anxious-attachment-style,anxious attachment style,anxious attachment style quiz,200,absent,
anxious-attachment-style,anxious attachment style,anxious avoidant attachment style in relationships,200,absent,
anxious-attachment-style,anxious attachment style,avoidant anxious attachment style,200,absent,
anxious-attachment-style,anxious attachment style,how to cure anxious attachment style,200,absent,
anxious-attachment-style,anxious attachment style,how to fix anxious attachment style in relationships,200,absent,
anxious-attachment-style,anxious attachment style,how to overcome anxious attachment style,200,absent,
anxious-attachment-style,anxious attachment style,how to work on anxious attachment style,200,absent,
anxious-attachment-style,anxious attachment style,what causes anxious attachment style,200,absent,
anxious-attachment-style,anxious attachment style,anxious attachment style book,150,absent,
anxious-attachment-style,anxious attachment style,anxious attachment style causes,150,absent,
anxious-attachment-style,anxious attachment style,anxious attachment style in friendships,150,absent,
anxious-attachment-style,anxious attachment style,anxious attachment style signs,150,absent,
anxious-attachment-style,anxious attachment style,anxious attachment style test,150,absent,
anxious-attachment-style,anxious attachment style,avoidant attachment style vs anxious,150,absent,
anxious-attachment-style,anxious attachment style,characteristics of anxious attachment style,150,absent,
anxious-attachment-style,anxious attachment style,healing anxious attachment style,150,absent,
anxious-attachment-style,anxious attachment style,how to fix an anxious attachment style,150,absent,
anxious-attachment-style,anxious attachment style,how to heal an anxious attachment style book,150,absent,
anxious-attachment-style,anxious attachment style,how to heal an anxious attachment style pdf,150,absent,
anxious-attachment-style,anxious attachment style,how to help anxious attachment style,150,absent,
anxious-attachment-style,anxious attachment style,signs of anxious attachment style,150,absent,
anxious-attachment-style,anxious attachment style,what causes an anxious attachment style,150,absent,
anxious-attachment-style,anxious attachment style,what is an anxious avoidant attachment style,150,absent,
anxious-attachment-style,anxious attachment style,anxious attachment style characteristics,100,absent,
anxious-attachment-style,anxious attachment style,anxious attachment style dating,100,absent,
anxious-attachment-style,anxious attachment style,anxious attachment style definition,100,absent,
anxious-attachment-style,anxious attachment style,anxious attachment style how to fix,100,absent,
anxious-attachment-style,anxious attachment style,anxious attachment style in men,100,absent,
anxious-attachment-style,anxious attachment style,anxious attachment style psychology,100,absent,
anxious-attachment-style,anxious attachment style,anxious attachment style traits,100,absent,
anxious-attachment-style,anxious attachment style,causes of anxious attachment style,100,absent,
anxious-attachment-style,anxious attachment style,how to break anxious attachment style,100,absent,
anxious-attachment-style,anxious attachment style,attachment style anxious preoccupied,90,absent,
anxious-attachment-style,anxious attachment style,avoidant and anxious attachment style,90,absent,
anxious-attachment-style,anxious attachment style,anxious attachment style meaning,80,absent,
anxious-attachment-style,anxious attachment style,anxious attachment style triggers,80,absent,
anxious-attachment-style,anxious attachment style,define anxious attachment style,80,absent,
anxious-attachment-style,anxious attachment style,how to change anxious attachment style,80,absent,
anxious-attachment-style,anxious attachment style,how to deal with an anxious attachment style,80,absent,
anxious-attachment-style,anxious attachment style,how to deal with anxious attachment style,80,absent,
anxious-attachment-style,anxious attachment style,prevalence of anxious attachment style in adults,80,absent,
anxious-attachment-style,anxious attachment style,signs of an anxious attachment style,80,absent,
anxious-attachment-style,anxious attachment style,types of anxious attachment style,80,absent,
anxious-attachment-style,anxious attachment style,what is an anxious preoccupied attachment style,80,absent,
anxious-attachment-style,anxious attachment style,what is anxious preoccupied attachment style,80,absent,
anxious-attachment-style,anxious attachment style,anxious and avoidant attachment style,70,absent,
anxious-attachment-style,anxious attachment style,anxious attachment style books,70,absent,
anxious-attachment-style,anxious attachment style,anxious attachment style examples,70,absent,
anxious-attachment-style,anxious attachment style,anxious attachment style how to heal,70,absent,
anxious-attachment-style,anxious attachment style,anxious attachment style in children,70,absent,
anxious-attachment-style,anxious attachment style,anxious fearful attachment style,70,absent,
anxious-attachment-style,anxious attachment style,anxious style attachment,70,absent,
anxious-attachment-style,anxious attachment style,anxious vs avoidant attachment style,70,absent,
anxious-attachment-style,anxious attachment style,attachment style anxious,70,absent,
anxious-attachment-style,anxious attachment style,books on anxious attachment style,70,absent,
anxious-attachment-style,anxious attachment style,how to fix my anxious attachment style,70,absent,
anxious-attachment-style,anxious attachment style,how to get over anxious attachment style,70,absent,
anxious-attachment-style,anxious attachment style,individuals with an anxious attachment style:,70,absent,
anxious-attachment-style,anxious attachment style,preoccupied anxious attachment style,70,absent,
anxious-attachment-style,anxious attachment style,what is a anxious attachment style,70,absent,
anxious-attachment-style,anxious attachment style,why do i have an anxious attachment style,70,absent,
anxious-attachment-style,anxious attachment style,anxious attachment style friendship,60,absent,
anxious-attachment-style,anxious attachment style,anxious attachment style healing,60,absent,
anxious-attachment-style,anxious attachment style,avoidant vs anxious attachment style,60,absent,
anxious-attachment-style,anxious attachment style,do i have an anxious attachment style,60,absent,
anxious-attachment-style,anxious attachment style,how to stop having an anxious attachment style,60,absent,
anxious-attachment-style,anxious attachment style,how to treat anxious attachment style,60,absent,
anxious-attachment-style,anxious attachment style,signs of anxious attachment style in adults,60,absent,
anxious-attachment-style,anxious attachment style,what does an anxious attachment style look like,60,absent,
anxious-attachment-style,anxious attachment style,anxious and preoccupied attachment style,50,absent,
anxious-attachment-style,anxious attachment style,anxious attachment style fear of abandonment,50,absent,
anxious-attachment-style,anxious attachment style,anxious attachment style help,50,absent,
anxious-attachment-style,anxious attachment style,anxious attachment style therapy,50,absent,
anxious-attachment-style,anxious attachment style,anxious resistant attachment style,50,absent,
anxious-attachment-style,anxious attachment style,fixing anxious attachment style,50,absent,
anxious-attachment-style,anxious attachment style,how to cope with anxious attachment style,50,absent,
anxious-attachment-style,anxious attachment style,how to fix anxious preoccupied attachment style,50,absent,
anxious-attachment-style,anxious attachment style,how to manage anxious attachment style,50,absent,
anxious-attachment-style,anxious attachment style,how to stop anxious attachment style,50,absent,
anxious-attachment-style,anxious attachment style,symptoms of anxious attachment style,50,absent,
anxious-attachment-style,anxious attachment style,tips for anxious attachment style,50,absent,
anxious-attachment-style,anxious attachment style,what is anxious avoidant attachment style,50,absent,
falling-for-the-idea-of-a-person,hopeless romantic,hopeless romantic,29000,absent,
falling-for-the-idea-of-a-person,hopeless romantic,hopeless romantic meaning,21000,absent,
falling-for-the-idea-of-a-person,hopeless romantic,what is a hopeless romantic,5200,absent,
falling-for-the-idea-of-a-person,hopeless romantic,what does hopeless romantic mean,1600,absent,
falling-for-the-idea-of-a-person,hopeless romantic,hopeless romantic definition,1200,absent,
falling-for-the-idea-of-a-person,hopeless romantic,whats a hopeless romantic,1100,absent,
falling-for-the-idea-of-a-person,hopeless romantic,define hopeless romantic,900,absent,
falling-for-the-idea-of-a-person,hopeless romantic,what does it mean to be a hopeless romantic,500,absent,
falling-for-the-idea-of-a-person,hopeless romantic,what is hopeless romantic,400,absent,
falling-for-the-idea-of-a-person,hopeless romantic,hopeless romantic mini dress,300,absent,
falling-for-the-idea-of-a-person,hopeless romantic,definition of hopeless romantic,250,absent,
falling-for-the-idea-of-a-person,hopeless romantic,opposite of hopeless romantic,250,absent,
falling-for-the-idea-of-a-person,hopeless romantic,what's a hopeless romantic,250,absent,
falling-for-the-idea-of-a-person,hopeless romantic,hopeless romantic quotes,200,absent,
falling-for-the-idea-of-a-person,hopeless romantic,what is a hopeless romantic man,200,absent,
falling-for-the-idea-of-a-person,hopeless romantic,hopeless romantic lyrics,150,absent,
falling-for-the-idea-of-a-person,hopeless romantic,hopeless romantic movie,150,absent,
falling-for-the-idea-of-a-person,hopeless romantic,hopeless romantic movies,150,absent,
falling-for-the-idea-of-a-person,hopeless romantic,what does a hopeless romantic mean,150,absent,
falling-for-the-idea-of-a-person,hopeless romantic,hopeless romantic books,100,absent,
falling-for-the-idea-of-a-person,hopeless romantic,hopeless romantic dti,100,absent,
falling-for-the-idea-of-a-person,hopeless romantic,hopeless romantic society,100,absent,
falling-for-the-idea-of-a-person,hopeless romantic,hopeless romantic tattoo,100,absent,
falling-for-the-idea-of-a-person,hopeless romantic,kwn hopeless romantic,100,absent,
falling-for-the-idea-of-a-person,hopeless romantic,meaning of hopeless romantic,100,absent,
falling-for-the-idea-of-a-person,hopeless romantic,what is a hopeless romantic woman,100,absent,
falling-for-the-idea-of-a-person,hopeless romantic,a hopeless romantic,80,absent,
falling-for-the-idea-of-a-person,hopeless romantic,a hopeless romantic meaning,80,absent,
falling-for-the-idea-of-a-person,hopeless romantic,hopeless romantic vs hopeful romantic,80,absent,
falling-for-the-idea-of-a-person,hopeless romantic,definition of a hopeless romantic,70,absent,
falling-for-the-idea-of-a-person,hopeless romantic,hopeless romantic characters,70,absent,
falling-for-the-idea-of-a-person,hopeless romantic,hopeless romantic def,70,absent,
falling-for-the-idea-of-a-person,hopeless romantic,hopeless romantic define,70,absent,
falling-for-the-idea-of-a-person,hopeless romantic,hopeless romantic hogwarts,70,absent,
falling-for-the-idea-of-a-person,hopeless romantic,hopeless romantic kwn,70,absent,
falling-for-the-idea-of-a-person,hopeless romantic,hopeless romantic outfit,70,absent,
falling-for-the-idea-of-a-person,hopeless romantic,hopeless romantic synonym,70,absent,
falling-for-the-idea-of-a-person,hopeless romantic,is being a hopeless romantic bad,70,absent,
falling-for-the-idea-of-a-person,hopeless romantic,what does being a hopeless romantic mean,70,absent,
falling-for-the-idea-of-a-person,hopeless romantic,what is a hopeless romantic mean,70,absent,
falling-for-the-idea-of-a-person,hopeless romantic,am i a hopeless romantic,60,absent,
falling-for-the-idea-of-a-person,hopeless romantic,i'm a hopeless romantic,60,absent,
falling-for-the-idea-of-a-person,hopeless romantic,wiz khalifa hopeless romantic,60,absent,
falling-for-the-idea-of-a-person,hopeless romantic,alex sampson hopeless romantic,50,absent,
falling-for-the-idea-of-a-person,hopeless romantic,am i a hopeless romantic quiz,50,absent,
falling-for-the-idea-of-a-person,hopeless romantic,hopeless romantic quiz,50,absent,
falling-for-the-idea-of-a-person,hopeless romantic,virgo hopeless romantic,50,absent,
falling-for-the-idea-of-a-person,hopeless romantic,what's a hopeless romantic person meaning,50,absent,
falling-for-the-idea-of-a-person,hopeless romantic,whats a hopeless romantic person,50,absent,
the-lesser-person-in-the-room,inferiority complex,inferiority complex,24000,absent,
the-lesser-person-in-the-room,inferiority complex,inferiority complex meaning,2200,absent,
the-lesser-person-in-the-room,inferiority complex,what is an inferiority complex,900,absent,
the-lesser-person-in-the-room,inferiority complex,define inferiority complex,600,absent,
the-lesser-person-in-the-room,inferiority complex,inferiority complex definition,600,absent,
the-lesser-person-in-the-room,inferiority complex,what is inferiority complex,350,absent,
the-lesser-person-in-the-room,inferiority complex,what does inferiority complex mean,200,absent,
the-lesser-person-in-the-room,inferiority complex,inferiority complex psychology definition,150,absent,
the-lesser-person-in-the-room,inferiority complex,inferiority complex symptoms,150,absent,
the-lesser-person-in-the-room,inferiority complex,superiority complex vs inferiority complex,150,absent,
the-lesser-person-in-the-room,inferiority complex,how to overcome inferiority complex,100,absent,
the-lesser-person-in-the-room,inferiority complex,inferiority complex vs superiority complex,100,absent,
the-lesser-person-in-the-room,inferiority complex,superiority inferiority complex,100,absent,
the-lesser-person-in-the-room,inferiority complex,what is a inferiority complex,100,absent,
the-lesser-person-in-the-room,inferiority complex,inferiority complex definition psychology,90,absent,
the-lesser-person-in-the-room,inferiority complex,inferiority complex psychology,90,absent,
the-lesser-person-in-the-room,inferiority complex,alfred adler inferiority complex,80,absent,
the-lesser-person-in-the-room,inferiority complex,signs of inferiority complex,80,absent,
the-lesser-person-in-the-room,inferiority complex,egomaniac with an inferiority complex,70,absent,
the-lesser-person-in-the-room,inferiority complex,what's an inferiority complex,70,absent,
the-lesser-person-in-the-room,inferiority complex,inferiority complex example,60,absent,
the-lesser-person-in-the-room,inferiority complex,inferiority complex test,60,absent,
the-lesser-person-in-the-room,inferiority complex,inferiority superiority complex,60,absent,
the-lesser-person-in-the-room,inferiority complex,inferiority vs superiority complex,60,absent,
the-lesser-person-in-the-room,inferiority complex,is inferiority complex a mental disorder,60,absent,
the-lesser-person-in-the-room,inferiority complex,adler inferiority complex,50,absent,
the-lesser-person-in-the-room,inferiority complex,definition of inferiority complex,50,absent,
the-lesser-person-in-the-room,inferiority complex,do i have an inferiority complex,50,absent,
the-lesser-person-in-the-room,inferiority complex,inferiority complex adler,50,absent,
the-lesser-person-in-the-room,inferiority complex,whats an inferiority complex,50,absent,
breadcrumbing,breadcrumbing,breadcrumbing,21000,absent,
breadcrumbing,breadcrumbing,breadcrumbing meaning,9200,absent,
breadcrumbing,breadcrumbing,what is breadcrumbing,4800,absent,
breadcrumbing,breadcrumbing,what does breadcrumbing mean,1000,absent,
breadcrumbing,breadcrumbing,breadcrumbing in dating,600,absent,
breadcrumbing,breadcrumbing,breadcrumbing definition,500,absent,
breadcrumbing,breadcrumbing,what is breadcrumbing in a relationship,450,absent,
breadcrumbing,breadcrumbing,breadcrumbing examples,400,absent,
breadcrumbing,breadcrumbing,breadcrumbing in a relationship,400,absent,
breadcrumbing,breadcrumbing,breadcrumbing someone,400,absent,
breadcrumbing,breadcrumbing,what is breadcrumbing in dating,400,absent,
breadcrumbing,breadcrumbing,define breadcrumbing,250,absent,
breadcrumbing,breadcrumbing,meaning of breadcrumbing,250,absent,
breadcrumbing,breadcrumbing,breadcrumbing dating,200,absent,
breadcrumbing,breadcrumbing,breadcrumbing meaning in relationship,200,absent,
breadcrumbing,breadcrumbing,breadcrumbing in relationships,150,absent,
breadcrumbing,breadcrumbing,breadcrumbing relationship,150,absent,
breadcrumbing,breadcrumbing,how to respond to breadcrumbing,150,absent,
breadcrumbing,breadcrumbing,signs of breadcrumbing,150,absent,
breadcrumbing,breadcrumbing,breadcrumbing friendship,100,absent,
breadcrumbing,breadcrumbing,breadcrumbing in marriage,100,absent,
breadcrumbing,breadcrumbing,breadcrumbing psychology,100,absent,
breadcrumbing,breadcrumbing,definition of breadcrumbing,100,absent,
breadcrumbing,breadcrumbing,narcissist breadcrumbing,100,absent,
breadcrumbing,breadcrumbing,what does breadcrumbing mean in dating,100,absent,
breadcrumbing,breadcrumbing,what's breadcrumbing,100,absent,
breadcrumbing,breadcrumbing,examples of breadcrumbing,90,absent,
breadcrumbing,breadcrumbing,what does breadcrumbing someone mean,90,absent,
breadcrumbing,breadcrumbing,avoidant breadcrumbing,80,absent,
breadcrumbing,breadcrumbing,narcissistic breadcrumbing,70,absent,
breadcrumbing,breadcrumbing,what is breadcrumbing in relationships,70,absent,
breadcrumbing,breadcrumbing,breadcrumbing manipulation,60,absent,
breadcrumbing,breadcrumbing,breadcrumbing meme,60,absent,
breadcrumbing,breadcrumbing,breadcrumbing signs,60,absent,
breadcrumbing,breadcrumbing,emotional breadcrumbing,60,absent,
breadcrumbing,breadcrumbing,how to deal with breadcrumbing,60,absent,
breadcrumbing,breadcrumbing,love bombing then breadcrumbing,60,absent,
breadcrumbing,breadcrumbing,whats breadcrumbing,60,absent,
breadcrumbing,breadcrumbing,breadcrumbing dating definition,50,absent,
breadcrumbing,breadcrumbing,breadcrumbing quotes,50,absent,
breadcrumbing,breadcrumbing,what is breadcrumbing someone,50,absent,
everyone-else-is-a-supporting-character,main character syndrome,main character syndrome,21000,answered,What is main character syndrome?
everyone-else-is-a-supporting-character,main character syndrome,what is main character syndrome,1500,answered,What is main character syndrome?
everyone-else-is-a-supporting-character,main character syndrome,main character syndrome meaning,600,answered,What does main character syndrome mean when people use it about somebody?
everyone-else-is-a-supporting-character,main character syndrome,is main character syndrome real,300,answered,Is main character syndrome real?
everyone-else-is-a-supporting-character,main character syndrome,main character syndrome meme,200,partial,Where did the phrase come from?
everyone-else-is-a-supporting-character,main character syndrome,main character syndrome symptoms,150,answered,What are the signs of main character syndrome?
everyone-else-is-a-supporting-character,main character syndrome,main character syndrome psychology,100,partial,Is main character syndrome a diagnosis?
everyone-else-is-a-supporting-character,main character syndrome,main character syndrome examples,90,partial,What are the signs of main character syndrome?
everyone-else-is-a-supporting-character,main character syndrome,main character syndrome definition,80,answered,What is main character syndrome?
everyone-else-is-a-supporting-character,main character syndrome,define main character syndrome,50,answered,What is main character syndrome?
everyone-else-is-a-supporting-character,main character syndrome,do i have main character syndrome,50,answered,Do I have this if I daydream about being important?
everyone-else-is-a-supporting-character,main character syndrome,how to get rid of main character syndrome,50,answered,How do I stop treating people like supporting characters?
the-one-my-family-blames,scapegoat,scapegoat,51000,absent,
the-one-my-family-blames,scapegoat,scapegoat definition,14000,absent,
the-one-my-family-blames,scapegoat,scapegoat meaning,4600,absent,
the-one-my-family-blames,scapegoat,scapegoat theory,3600,absent,
the-one-my-family-blames,scapegoat,what is a scapegoat,2800,absent,
the-one-my-family-blames,scapegoat,golden scapegoat hsr,2500,absent,
the-one-my-family-blames,scapegoat,golden scapegoat,1700,absent,
the-one-my-family-blames,scapegoat,the scapegoat,1500,absent,
the-one-my-family-blames,scapegoat,scapegoat child,1400,absent,
the-one-my-family-blames,scapegoat,scapegoat synonym,1100,absent,
the-one-my-family-blames,scapegoat,define scapegoat,900,absent,
the-one-my-family-blames,scapegoat,hsr golden scapegoat,800,absent,
the-one-my-family-blames,scapegoat,family scapegoat,700,absent,
the-one-my-family-blames,scapegoat,scapegoat yugioh,700,absent,
the-one-my-family-blames,scapegoat,what does scapegoat mean,700,absent,
the-one-my-family-blames,scapegoat,whats a scapegoat,700,absent,
the-one-my-family-blames,scapegoat,scapegoat theory psychology definition,600,absent,
the-one-my-family-blames,scapegoat,definition of scapegoat,500,absent,
the-one-my-family-blames,scapegoat,golden scapegoat 3.7,500,absent,
the-one-my-family-blames,scapegoat,what is scapegoat,500,absent,
the-one-my-family-blames,scapegoat,scapegoat examples,450,absent,
the-one-my-family-blames,scapegoat,when the scapegoat fights back,450,absent,
the-one-my-family-blames,scapegoat,ari aster scapegoat,400,absent,
the-one-my-family-blames,scapegoat,radiant scarwood golden scapegoat,350,absent,
the-one-my-family-blames,scapegoat,scapegoat in a sentence,350,absent,
the-one-my-family-blames,scapegoat,scapegoat origin,350,absent,
the-one-my-family-blames,scapegoat,golden scapegoat aedes elysiae,300,absent,
the-one-my-family-blames,scapegoat,scapegoat ari aster,300,absent,
the-one-my-family-blames,scapegoat,scapegoat def,300,absent,
the-one-my-family-blames,scapegoat,scapegoat movie,300,absent,
the-one-my-family-blames,scapegoat,aedes elysiae golden scapegoat,250,absent,
the-one-my-family-blames,scapegoat,chaves scapegoat,250,absent,
the-one-my-family-blames,scapegoat,honkai star rail golden scapegoat,250,absent,
the-one-my-family-blames,scapegoat,hsr golden scapegoat puzzles,250,absent,
the-one-my-family-blames,scapegoat,memortis shore golden scapegoat,250,absent,
the-one-my-family-blames,scapegoat,protech scapegoat,250,absent,
the-one-my-family-blames,scapegoat,scapegoat in the bible,250,absent,
the-one-my-family-blames,scapegoat,what is a scapegoat child,250,absent,
the-one-my-family-blames,scapegoat,golden scapegoat 3.6,200,absent,
the-one-my-family-blames,scapegoat,golden scapegoat radiant scarwood,200,absent,
the-one-my-family-blames,scapegoat,scapegoat antonym,200,absent,
the-one-my-family-blames,scapegoat,scapegoat meme love island,200,absent,
the-one-my-family-blames,scapegoat,scapegoat taproom,200,absent,
the-one-my-family-blames,scapegoat,the scapegoat movie,200,absent,
the-one-my-family-blames,scapegoat,universal matrix golden scapegoat,200,absent,
the-one-my-family-blames,scapegoat,yugioh scapegoat,200,absent,
the-one-my-family-blames,scapegoat,a scapegoat,150,absent,
the-one-my-family-blames,scapegoat,crust scapegoat,150,absent,
the-one-my-family-blames,scapegoat,family scapegoat abuse,150,absent,
the-one-my-family-blames,scapegoat,family scapegoat syndrome,150,absent,
the-one-my-family-blames,scapegoat,ferrari f1 team scapegoat,150,absent,
the-one-my-family-blames,scapegoat,golden scapegoat memortis shore,150,absent,
the-one-my-family-blames,scapegoat,golden scapegoat universal matrix,150,absent,
the-one-my-family-blames,scapegoat,hsr 3.7 golden scapegoat,150,absent,
the-one-my-family-blames,scapegoat,hsr golden scapegoat 3.6,150,absent,
the-one-my-family-blames,scapegoat,hsr golden scapegoat 3.7,150,absent,
the-one-my-family-blames,scapegoat,lightless chapel dawncloud golden scapegoat,150,absent,
the-one-my-family-blames,scapegoat,meaning of scapegoat,150,absent,
the-one-my-family-blames,scapegoat,origin of scapegoat,150,absent,
the-one-my-family-blames,scapegoat,scapegoat antonyms,150,absent,
the-one-my-family-blames,scapegoat,scapegoat child meaning,150,absent,
the-one-my-family-blames,scapegoat,scapegoat denver,150,absent,
the-one-my-family-blames,scapegoat,scapegoat tattoo,150,absent,
the-one-my-family-blames,scapegoat,scapegoat theory example,150,absent,
the-one-my-family-blames,scapegoat,signs you are the family scapegoat,150,absent,
the-one-my-family-blames,scapegoat,where did the term scapegoat come from,150,absent,
the-one-my-family-blames,scapegoat,where does the term scapegoat come from,150,absent,
the-one-my-family-blames,scapegoat,cast of the scapegoat 1959,100,absent,
the-one-my-family-blames,scapegoat,characteristics of family scapegoat,100,absent,
the-one-my-family-blames,scapegoat,characteristics of family scapegoat in adulthood,100,absent,
the-one-my-family-blames,scapegoat,golden child vs scapegoat,100,absent,
the-one-my-family-blames,scapegoat,harry potter fanfiction harry refuses to be a scapegoat,100,absent,
the-one-my-family-blames,scapegoat,nightmare echo golden scapegoat,100,absent,
the-one-my-family-blames,scapegoat,nightmares echo golden scapegoat,100,absent,
the-one-my-family-blames,scapegoat,scapegoat bible,100,absent,
the-one-my-family-blames,scapegoat,scapegoat etymology,100,absent,
the-one-my-family-blames,scapegoat,scapegoat example,100,absent,
the-one-my-family-blames,scapegoat,scapegoat in family,100,absent,
the-one-my-family-blames,scapegoat,scapegoat in spanish,100,absent,
the-one-my-family-blames,scapegoat,scapegoat movie ari aster,100,absent,
the-one-my-family-blames,scapegoat,scapegoat psychology,100,absent,
the-one-my-family-blames,scapegoat,scapegoat ritual,100,absent,
the-one-my-family-blames,scapegoat,scapegoat syndrome,100,absent,
the-one-my-family-blames,scapegoat,star rail golden scapegoat,100,absent,
the-one-my-family-blames,scapegoat,the scapegoat child,100,absent,
the-one-my-family-blames,scapegoat,3.7 golden scapegoat,90,absent,
the-one-my-family-blames,scapegoat,azazel scapegoat,90,absent,
the-one-my-family-blames,scapegoat,golden scapegoat hsr 3.7,90,absent,
the-one-my-family-blames,scapegoat,scapegoat family role,90,absent,
the-one-my-family-blames,scapegoat,scapegoat meme,90,absent,
the-one-my-family-blames,scapegoat,scapegoat of the family,90,absent,
the-one-my-family-blames,scapegoat,scapegoat quotes,90,absent,
the-one-my-family-blames,scapegoat,synonym for scapegoat,90,absent,
the-one-my-family-blames,scapegoat,what is the scapegoat,90,absent,
the-one-my-family-blames,scapegoat,scapegoat definition psychology,80,absent,
the-one-my-family-blames,scapegoat,scapegoat leland,80,absent,
the-one-my-family-blames,scapegoat,when the scapegoat becomes successful,80,absent,
the-one-my-family-blames,scapegoat,where does scapegoat come from,80,absent,
emotionally-unavailable,emotionally unavailable,emotionally unavailable,18000,absent,
emotionally-unavailable,emotionally unavailable,emotionally unavailable meaning,6800,absent,
emotionally-unavailable,emotionally unavailable,what does emotionally unavailable mean,3000,absent,
emotionally-unavailable,emotionally unavailable,what does it mean to be emotionally unavailable,2800,absent,
emotionally-unavailable,emotionally unavailable,emotionally unavailable men,1900,absent,
emotionally-unavailable,emotionally unavailable,signs an emotionally unavailable man is in love with you,700,absent,
emotionally-unavailable,emotionally unavailable,am i emotionally unavailable,600,absent,
emotionally-unavailable,emotionally unavailable,emotionally unavailable parents,600,absent,
emotionally-unavailable,emotionally unavailable,emotionally unavailable woman,600,absent,
emotionally-unavailable,emotionally unavailable,what is emotionally unavailable,500,absent,
emotionally-unavailable,emotionally unavailable,emotionally unavailable husband,350,absent,
emotionally-unavailable,emotionally unavailable,emotionally unavailable man,350,absent,
emotionally-unavailable,emotionally unavailable,why am i emotionally unavailable,350,absent,
emotionally-unavailable,emotionally unavailable,define emotionally unavailable,250,absent,
emotionally-unavailable,emotionally unavailable,emotionally unavailable signs,250,absent,
emotionally-unavailable,emotionally unavailable,how to turn the tables on an emotionally unavailable man,250,absent,
emotionally-unavailable,emotionally unavailable,being emotionally unavailable,200,absent,
emotionally-unavailable,emotionally unavailable,emotionally unavailable clothing,200,absent,
emotionally-unavailable,emotionally unavailable,emotionally unavailable mother,200,absent,
emotionally-unavailable,emotionally unavailable,what does being emotionally unavailable mean,200,absent,
emotionally-unavailable,emotionally unavailable,what to text an emotionally unavailable man,200,absent,
emotionally-unavailable,emotionally unavailable,why am i attracted to emotionally unavailable men,200,absent,
emotionally-unavailable,emotionally unavailable,why do i attract emotionally unavailable men,200,absent,
emotionally-unavailable,emotionally unavailable,am i emotionally unavailable quiz,150,absent,
emotionally-unavailable,emotionally unavailable,emotionally unavailable father,150,absent,
emotionally-unavailable,emotionally unavailable,emotionally unavailable men characteristics,150,absent,
emotionally-unavailable,emotionally unavailable,emotionally unavailable partner,150,absent,
emotionally-unavailable,emotionally unavailable,emotionally unavailable women,150,absent,
emotionally-unavailable,emotionally unavailable,how to stop being emotionally unavailable,150,absent,
emotionally-unavailable,emotionally unavailable,my husband is emotionally unavailable,150,absent,
emotionally-unavailable,emotionally unavailable,signs of an emotionally unavailable man,150,absent,
emotionally-unavailable,emotionally unavailable,signs someone is emotionally unavailable,150,absent,
emotionally-unavailable,emotionally unavailable,what is an emotionally unavailable man,150,absent,
emotionally-unavailable,emotionally unavailable,when to leave an emotionally unavailable husband,150,absent,
emotionally-unavailable,emotionally unavailable,emotionally unavailable definition,100,absent,
emotionally-unavailable,emotionally unavailable,emotionally unavailable parent,100,absent,
emotionally-unavailable,emotionally unavailable,how to deal with someone who is emotionally unavailable,100,absent,
emotionally-unavailable,emotionally unavailable,how to tell if someone is emotionally unavailable,100,absent,
emotionally-unavailable,emotionally unavailable,husband emotionally unavailable,100,absent,
emotionally-unavailable,emotionally unavailable,signs i am emotionally unavailable,100,absent,
emotionally-unavailable,emotionally unavailable,signs of an emotionally unavailable mother,100,absent,
emotionally-unavailable,emotionally unavailable,signs of emotionally unavailable man,100,absent,
emotionally-unavailable,emotionally unavailable,what does it mean when someone is emotionally unavailable,100,absent,
emotionally-unavailable,emotionally unavailable,what is being emotionally unavailable,100,absent,
emotionally-unavailable,emotionally unavailable,definition of emotionally unavailable,90,absent,
emotionally-unavailable,emotionally unavailable,how to deal with an emotionally unavailable partner,90,absent,
emotionally-unavailable,emotionally unavailable,husband is emotionally unavailable,90,absent,
emotionally-unavailable,emotionally unavailable,men who are emotionally unavailable,90,absent,
emotionally-unavailable,emotionally unavailable,signs an emotionally unavailable woman is in love with you,90,absent,
emotionally-unavailable,emotionally unavailable,signs of being emotionally unavailable,90,absent,
emotionally-unavailable,emotionally unavailable,what is emotionally unavailable mean,90,absent,
emotionally-unavailable,emotionally unavailable,when your partner is emotionally unavailable,90,absent,
emotionally-unavailable,emotionally unavailable,emotionally unavailable brand,80,absent,
emotionally-unavailable,emotionally unavailable,emotionally unavailable dad,80,absent,
emotionally-unavailable,emotionally unavailable,emotionally unavailable people,80,absent,
emotionally-unavailable,emotionally unavailable,how to be emotionally unavailable,80,absent,
emotionally-unavailable,emotionally unavailable,signs of an emotionally unavailable partner,80,absent,
emotionally-unavailable,emotionally unavailable,signs you are emotionally unavailable,80,absent,
emotionally-unavailable,emotionally unavailable,6 signs your partner is emotionally unavailable,70,absent,
emotionally-unavailable,emotionally unavailable,emotionally unavailable husband quiz,70,absent,
emotionally-unavailable,emotionally unavailable,emotionally unavailable meaning in relationship,70,absent,
emotionally-unavailable,emotionally unavailable,how to become emotionally unavailable,70,absent,
emotionally-unavailable,emotionally unavailable,how to deal with an emotionally unavailable man,70,absent,
emotionally-unavailable,emotionally unavailable,how to not be emotionally unavailable,70,absent,
emotionally-unavailable,emotionally unavailable,signs a man is emotionally unavailable,70,absent,
emotionally-unavailable,emotionally unavailable,why am i so emotionally unavailable,70,absent,
emotionally-unavailable,emotionally unavailable,emotionally unavailable clothing brand,60,absent,
emotionally-unavailable,emotionally unavailable,emotionally unavailable mens sale,60,absent,
emotionally-unavailable,emotionally unavailable,emotionally unavailable mom,60,absent,
emotionally-unavailable,emotionally unavailable,emotionally unavailable parents test,60,absent,
emotionally-unavailable,emotionally unavailable,emotionally unavailable shirt,60,absent,
emotionally-unavailable,emotionally unavailable,emotionally unavailable womens sale,60,absent,
emotionally-unavailable,emotionally unavailable,how to deal with emotionally unavailable partner,60,absent,
emotionally-unavailable,emotionally unavailable,how to know if someone is emotionally unavailable,60,absent,
emotionally-unavailable,emotionally unavailable,how to know if you're emotionally unavailable,60,absent,
emotionally-unavailable,emotionally unavailable,how to say goodbye to an emotionally unavailable man,60,absent,
emotionally-unavailable,emotionally unavailable,i am emotionally unavailable,60,absent,
emotionally-unavailable,emotionally unavailable,meaning of emotionally unavailable,60,absent,
emotionally-unavailable,emotionally unavailable,my boyfriend is emotionally unavailable,60,absent,
emotionally-unavailable,emotionally unavailable,signs you're emotionally unavailable,60,absent,
emotionally-unavailable,emotionally unavailable,what makes someone emotionally unavailable,60,absent,
emotionally-unavailable,emotionally unavailable,why are people emotionally unavailable,60,absent,
emotionally-unavailable,emotionally unavailable,why are some men emotionally unavailable,60,absent,
emotionally-unavailable,emotionally unavailable,adult traits from emotionally unavailable parents,50,absent,
emotionally-unavailable,emotionally unavailable,confessions of an emotionally unavailable man,50,absent,
emotionally-unavailable,emotionally unavailable,do emotionally unavailable men change,50,absent,
emotionally-unavailable,emotionally unavailable,emotionally unavailable boyfriend,50,absent,
emotionally-unavailable,emotionally unavailable,emotionally unavailable examples,50,absent,
emotionally-unavailable,emotionally unavailable,emotionally unavailable partner signs,50,absent,
emotionally-unavailable,emotionally unavailable,emotionally unavailable person,50,absent,
emotionally-unavailable,emotionally unavailable,growing up with emotionally unavailable parents,50,absent,
emotionally-unavailable,emotionally unavailable,how do i know if i'm emotionally unavailable,50,absent,
emotionally-unavailable,emotionally unavailable,how to deal with emotionally unavailable husband,50,absent,
emotionally-unavailable,emotionally unavailable,how to heal from emotionally unavailable parents,50,absent,
emotionally-unavailable,emotionally unavailable,i'm emotionally unavailable,50,absent,
emotionally-unavailable,emotionally unavailable,is he emotionally unavailable,50,absent,
emotionally-unavailable,emotionally unavailable,signs of an emotionally unavailable woman,50,absent,
emotionally-unavailable,emotionally unavailable,signs of emotionally unavailable men,50,absent,
emotionally-unavailable,emotionally unavailable,what makes a man emotionally unavailable,50,absent,
emotionally-unavailable,emotionally unavailable,why are men emotionally unavailable,50,absent,
thinking-about-my-partners-past,retroactive jealousy,retroactive jealousy,16000,absent,
thinking-about-my-partners-past,retroactive jealousy,what is retroactive jealousy,2000,absent,
thinking-about-my-partners-past,retroactive jealousy,retroactive jealousy meaning,1500,absent,
thinking-about-my-partners-past,retroactive jealousy,retroactive jealousy ocd,900,absent,
thinking-about-my-partners-past,retroactive jealousy,how to get over retroactive jealousy,400,absent,
thinking-about-my-partners-past,retroactive jealousy,how to deal with retroactive jealousy,300,absent,
thinking-about-my-partners-past,retroactive jealousy,retroactive jealousy meaning tagalog,250,absent,
thinking-about-my-partners-past,retroactive jealousy,how to stop retroactive jealousy,200,absent,
thinking-about-my-partners-past,retroactive jealousy,retroactive jealousy triggers,200,absent,
thinking-about-my-partners-past,retroactive jealousy,how to overcome retroactive jealousy,150,absent,
thinking-about-my-partners-past,retroactive jealousy,retroactive jealousy definition,150,absent,
thinking-about-my-partners-past,retroactive jealousy,retroactive jealousy disorder,150,absent,
thinking-about-my-partners-past,retroactive jealousy,retroactive jealousy ocd symptoms and treatment,150,absent,
thinking-about-my-partners-past,retroactive jealousy,is retroactive jealousy normal,100,absent,
thinking-about-my-partners-past,retroactive jealousy,retroactive jealousy how to overcome,100,absent,
thinking-about-my-partners-past,retroactive jealousy,what causes retroactive jealousy,100,absent,
thinking-about-my-partners-past,retroactive jealousy,what does retroactive jealousy mean,100,absent,
thinking-about-my-partners-past,retroactive jealousy,how to get rid of retroactive jealousy,90,absent,
thinking-about-my-partners-past,retroactive jealousy,ocd retroactive jealousy,90,absent,
thinking-about-my-partners-past,retroactive jealousy,retroactive jealousy coping strategies,90,absent,
thinking-about-my-partners-past,retroactive jealousy,retroactive jealousy is killing me,90,absent,
thinking-about-my-partners-past,retroactive jealousy,retroactive jealousy meaning in tagalog,90,absent,
thinking-about-my-partners-past,retroactive jealousy,retroactive jealousy treatment,90,absent,
thinking-about-my-partners-past,retroactive jealousy,how to fix retroactive jealousy,80,absent,
thinking-about-my-partners-past,retroactive jealousy,overcoming retroactive jealousy,80,absent,
thinking-about-my-partners-past,retroactive jealousy,what's retroactive jealousy,80,absent,
thinking-about-my-partners-past,retroactive jealousy,retroactive jealousy causes and how to overcome,70,absent,
thinking-about-my-partners-past,retroactive jealousy,whats retroactive jealousy,70,absent,
thinking-about-my-partners-past,retroactive jealousy,dealing with retroactive jealousy,60,absent,
thinking-about-my-partners-past,retroactive jealousy,define retroactive jealousy,60,absent,
thinking-about-my-partners-past,retroactive jealousy,how to deal with a partner with retroactive jealousy,60,absent,
thinking-about-my-partners-past,retroactive jealousy,is retroactive jealousy ocd,60,absent,
thinking-about-my-partners-past,retroactive jealousy,causes of retroactive jealousy,50,absent,
thinking-about-my-partners-past,retroactive jealousy,how to cope with retroactive jealousy,50,absent,
thinking-about-my-partners-past,retroactive jealousy,retroactive jealousy examples,50,absent,
warmest-to-the-people-i-like-least,reaction formation,reaction formation,16000,absent,
warmest-to-the-people-i-like-least,reaction formation,reaction formation psychology,3600,absent,
warmest-to-the-people-i-like-least,reaction formation,reaction formation defense mechanism,3400,absent,
warmest-to-the-people-i-like-least,reaction formation,reaction formation example,1000,absent,
warmest-to-the-people-i-like-least,reaction formation,what is reaction formation,900,absent,
warmest-to-the-people-i-like-least,reaction formation,reaction formation defense mechanism example,300,absent,
warmest-to-the-people-i-like-least,reaction formation,what is reaction formation in psychology,300,absent,
warmest-to-the-people-i-like-least,reaction formation,reaction formation psychology definition,250,absent,
warmest-to-the-people-i-like-least,reaction formation,example of reaction formation,200,absent,
warmest-to-the-people-i-like-least,reaction formation,reaction formation definition psychology,200,absent,
warmest-to-the-people-i-like-least,reaction formation,reaction formation examples,200,absent,
warmest-to-the-people-i-like-least,reaction formation,reaction formation psychology example,200,absent,
warmest-to-the-people-i-like-least,reaction formation,example of reaction formation defense mechanism,150,absent,
warmest-to-the-people-i-like-least,reaction formation,reaction formation definition,150,absent,
warmest-to-the-people-i-like-least,reaction formation,reaction formation vs sublimation,150,absent,
warmest-to-the-people-i-like-least,reaction formation,calculating a molar heat of reaction from formation enthalpies,100,absent,
warmest-to-the-people-i-like-least,reaction formation,examples of reaction formation,100,absent,
warmest-to-the-people-i-like-least,reaction formation,reaction formation ap psych,100,absent,
warmest-to-the-people-i-like-least,reaction formation,reaction formation meaning,100,absent,
warmest-to-the-people-i-like-least,reaction formation,standard formation reaction,100,absent,
warmest-to-the-people-i-like-least,reaction formation,what is reaction formation defense mechanism,100,absent,
warmest-to-the-people-i-like-least,reaction formation,defense mechanism reaction formation,90,absent,
warmest-to-the-people-i-like-least,reaction formation,define reaction formation,90,absent,
warmest-to-the-people-i-like-least,reaction formation,sublimation vs reaction formation,90,absent,
warmest-to-the-people-i-like-least,reaction formation,formation reaction,80,absent,
warmest-to-the-people-i-like-least,reaction formation,reaction formation ap psychology definition,80,absent,
warmest-to-the-people-i-like-least,reaction formation,reaction formation defense mechanism definition,80,absent,
warmest-to-the-people-i-like-least,reaction formation,reaction formation mcat,80,absent,
warmest-to-the-people-i-like-least,reaction formation,reaction formation psych,80,absent,
warmest-to-the-people-i-like-least,reaction formation,defense mechanism of reaction formation,70,absent,
warmest-to-the-people-i-like-least,reaction formation,peptide bond formation reaction,70,absent,
warmest-to-the-people-i-like-least,reaction formation,reaction formation in psychology,70,absent,
warmest-to-the-people-i-like-least,reaction formation,example of reaction formation in psychology,60,absent,
warmest-to-the-people-i-like-least,reaction formation,examples of reaction formation defense mechanism,60,absent,
warmest-to-the-people-i-like-least,reaction formation,reaction formation example psychology,60,absent,
warmest-to-the-people-i-like-least,reaction formation,reaction formation examples psychology,60,absent,
warmest-to-the-people-i-like-least,reaction formation,reaction formation vs projection,60,absent,
warmest-to-the-people-i-like-least,reaction formation,defense mechanisms reaction formation,50,absent,
warmest-to-the-people-i-like-least,reaction formation,define reaction formation in psychology,50,absent,
warmest-to-the-people-i-like-least,reaction formation,projection vs reaction formation,50,absent,
warmest-to-the-people-i-like-least,reaction formation,reaction formation defense mechanism examples,50,absent,
warmest-to-the-people-i-like-least,reaction formation,reaction formation defense mechanism psychology,50,absent,
warmest-to-the-people-i-like-least,reaction formation,reaction formation technique,50,absent,
cynicism,cynicism,cynicism,31000,answered,What is cynicism a symptom of?
cynicism,cynicism,cynicism definition,5000,partial,What is cynicism a symptom of?
cynicism,cynicism,cynicism meaning,3000,partial,What is cynicism a symptom of?
cynicism,cynicism,cynicism synonym,800,absent,
cynicism,cynicism,what is cynicism,500,answered,What is cynicism a symptom of?
cynicism,cynicism,cynicism is for losers,450,absent,
cynicism,cynicism,define cynicism,450,partial,What is cynicism a symptom of?
cynicism,cynicism,cynicism vs nihilism,250,absent,
cynicism,cynicism,cynicism vs pessimism,250,answered,What is the difference between cynicism and pessimism?
cynicism,cynicism,cynicism pronunciation,200,absent,
cynicism,cynicism,pessimism vs cynicism,200,answered,What is the difference between cynicism and pessimism?
cynicism,cynicism,cynicism def,150,partial,What is cynicism a symptom of?
cynicism,cynicism,definition of cynicism,150,partial,What is cynicism a symptom of?
cynicism,cynicism,nihilism vs cynicism,150,absent,
cynicism,cynicism,cynicism in a sentence,100,absent,
cynicism,cynicism,cynicism vs skepticism,100,partial,What is the actual difference between cynicism and being cautious?
cynicism,cynicism,how to combat cynicism,100,answered,How do I stop being so cynical?
cynicism,cynicism,legal cynicism,100,absent,
cynicism,cynicism,skepticism vs cynicism,100,partial,What is the actual difference between cynicism and being cautious?
cynicism,cynicism,cynicism philosophy,90,partial,Is this the same as the ancient Greek philosophy of Cynicism?
cynicism,cynicism,cynicism definition lord of the flies,80,absent,
cynicism,cynicism,cynicism vs stoicism,80,absent,
cynicism,cynicism,pessimism vs cynicism vs nihilism,70,partial,What is the difference between cynicism and pessimism?
cynicism,cynicism,diogenes cynicism,60,partial,Is this the same as the ancient Greek philosophy of Cynicism?
cynicism,cynicism,political cynicism,60,partial,Why do I distrust institutions and authority figures so much?
cynicism,cynicism,cyber cynicism tattoo,50,absent,
cynicism,cynicism,cynicism quotes,50,absent,
cynicism,cynicism,how to pronounce cynicism,50,absent,
cynicism,cynicism,quotes about cynicism,50,absent,
how-to-set-boundaries,assertiveness,assertiveness,9600,absent,
how-to-set-boundaries,assertiveness,assertiveness training,2100,absent,
how-to-set-boundaries,assertiveness,assertiveness definition,1600,absent,
how-to-set-boundaries,assertiveness,what is assertiveness,1600,absent,
how-to-set-boundaries,assertiveness,assertiveness meaning,1100,absent,
how-to-set-boundaries,assertiveness,assertiveness synonym,300,absent,
how-to-set-boundaries,assertiveness,nlp model for assertiveness detection in text,300,absent,
how-to-set-boundaries,assertiveness,assertiveness skills,250,absent,
how-to-set-boundaries,assertiveness,assertiveness training for power struggles,250,absent,
how-to-set-boundaries,assertiveness,what does assertiveness mean,250,absent,
how-to-set-boundaries,assertiveness,assertiveness examples,200,absent,
how-to-set-boundaries,assertiveness,assertiveness training course,200,absent,
how-to-set-boundaries,assertiveness,define assertiveness,200,absent,
how-to-set-boundaries,assertiveness,definition of assertiveness,150,absent,
how-to-set-boundaries,assertiveness,yiddish for audacity and assertiveness,150,absent,
how-to-set-boundaries,assertiveness,aggressiveness vs assertiveness,100,absent,
how-to-set-boundaries,assertiveness,assertiveness in the workplace,100,absent,
how-to-set-boundaries,assertiveness,assertiveness training exercises,100,absent,
how-to-set-boundaries,assertiveness,assertiveness training near me,100,absent,
how-to-set-boundaries,assertiveness,assertiveness training programs,100,absent,
how-to-set-boundaries,assertiveness,lack of assertiveness,100,absent,
how-to-set-boundaries,assertiveness,nhs assertiveness saying no boundaries,100,absent,
how-to-set-boundaries,assertiveness,what is assertiveness training,90,absent,
how-to-set-boundaries,assertiveness,assertiveness training workshop,80,absent,
how-to-set-boundaries,assertiveness,assertiveness in communication,70,absent,
how-to-set-boundaries,assertiveness,assertiveness skills training,70,absent,
how-to-set-boundaries,assertiveness,assertiveness test,70,absent,
how-to-set-boundaries,assertiveness,assertiveness training techniques,70,absent,
how-to-set-boundaries,assertiveness,assertiveness worksheets,70,absent,
how-to-set-boundaries,assertiveness,books on assertiveness,70,absent,
how-to-set-boundaries,assertiveness,power of assertiveness,70,absent,
how-to-set-boundaries,assertiveness,assertiveness definition psychology,60,absent,
how-to-set-boundaries,assertiveness,assertiveness training worksheets,60,absent,
how-to-set-boundaries,assertiveness,assertiveness vs aggressiveness,60,absent,
how-to-set-boundaries,assertiveness,assertiveness workbook,60,absent,
how-to-set-boundaries,assertiveness,examples of assertiveness,60,absent,
how-to-set-boundaries,assertiveness,the assertiveness workbook,60,absent,
how-to-set-boundaries,assertiveness,what is a assertiveness,60,absent,
how-to-set-boundaries,assertiveness,assertiveness issues near me,50,absent,
how-to-set-boundaries,assertiveness,assertiveness techniques,50,absent,
how-to-set-boundaries,assertiveness,assertiveness therapist aid,50,absent,
how-to-set-boundaries,assertiveness,assertiveness training online,50,absent,
how-to-set-boundaries,assertiveness,lack of assertiveness meaning,50,absent,
how-to-set-boundaries,assertiveness,whats assertiveness,50,absent,
